[Licensing::Module] Trying to connect to existing licensing client channel...
[Licensing::IpcConnector] Successfully connected to: "LicenseClient-Vetlik" at "2026-06-13T13:20:22.853094Z"
Built from '6000.3/staging' branch; Version is '6000.3.8f1 (1c7db571dde0) revision 1867189'; Using compiler version '194234433'; Build Type 'Release'
OS: 'Windows 11  (10.0.26200) Professional' Language: 'uk' Physical Memory: 32189 MB
BatchMode: 1, IsHumanControllingUs: 0, StartBugReporterOnCrash: 0, Is64bit: 1
System  architecture: x64
Process architecture: x64
Date: 2026-06-13T13:20:22Z

COMMAND LINE ARGUMENTS:
C:\Program Files\Unity\Hub\Editor\6000.3.8f1\Editor\Unity.exe
-adb2
-batchMode
-noUpm
-name
AssetImportWorker3
-projectPath
D:/3 курс_2 семестр_Чайковський/Крос-платформне програмування/fixed_games/lab6/labs_gamedev
-logFile
Logs/AssetImportWorker3.log
-srvPort
60729
-licensingIpc
LicenseClient-Vetlik
-job-worker-count
10
-background-job-worker-count
8
-gc-helper-count
1
-name
AssetImport
Successfully changed project path to: D:/3 курс_2 семестр_Чайковський/Крос-платформне програмування/fixed_games/lab6/labs_gamedev
D:/3 курс_2 семестр_Чайковський/Крос-платформне програмування/fixed_games/lab6/labs_gamedev
[UnityMemory] Configuration Parameters - Can be set up in boot.config
    "memorysetup-temp-allocator-size-nav-mesh-worker=65536"
    "memorysetup-temp-allocator-size-audio-worker=65536"
    "memorysetup-temp-allocator-size-gfx=262144"
    "memorysetup-allocator-temp-initial-block-size-main=262144"
    "memorysetup-allocator-temp-initial-block-size-worker=262144"
    "memorysetup-temp-allocator-size-background-worker=32768"
    "memorysetup-temp-allocator-size-job-worker=262144"
    "memorysetup-temp-allocator-size-preload-manager=33554432"
    "memorysetup-temp-allocator-size-gi-baking-worker=262144"
    "memorysetup-temp-allocator-size-gi-baking-worker=262144"
    "memorysetup-temp-allocator-size-gi-baking-worker=262144"
    "memorysetup-temp-allocator-size-gi-baking-worker=262144"
    "memorysetup-temp-allocator-size-gi-baking-worker=262144"
    "memorysetup-bucket-allocator-granularity=16"
    "memorysetup-bucket-allocator-bucket-count=8"
    "memorysetup-bucket-allocator-block-size=33554432"
    "memorysetup-bucket-allocator-block-count=8"
    "memorysetup-main-allocator-block-size=16777216"
    "memorysetup-thread-allocator-block-size=16777216"
    "memorysetup-gfx-main-allocator-block-size=16777216"
    "memorysetup-gfx-thread-allocator-block-size=16777216"
    "memorysetup-cache-allocator-block-size=4194304"
    "memorysetup-typetree-allocator-block-size=2097152"
    "memorysetup-profiler-bucket-allocator-granularity=16"
    "memorysetup-profiler-bucket-allocator-bucket-count=8"
    "memorysetup-profiler-bucket-allocator-block-size=33554432"
    "memorysetup-profiler-bucket-allocator-block-count=8"
    "memorysetup-profiler-allocator-block-size=16777216"
    "memorysetup-profiler-editor-allocator-block-size=1048576"
    "memorysetup-temp-allocator-size-main=16777216"
    "memorysetup-job-temp-allocator-block-size=2097152"
    "memorysetup-job-temp-allocator-block-size-background=1048576"
    "memorysetup-job-temp-allocator-reduction-small-platforms=262144"
    "memorysetup-temp-allocator-size-cloud-worker=32768"
Player connection [46932]  Target information:

Player connection [46932]  * "[IP] 192.168.56.1 [Port] 0 [Flags] 2 [Guid] 2358050753 [EditorId] 2358050753 [Version] 1048832 [Id] WindowsEditor(7,DESKTOP-0FQ05EC) [Debug] 1 [PackageName] WindowsEditor [ProjectName] Editor" 

Player connection [46932]  * "[IP] 172.31.64.1 [Port] 0 [Flags] 2 [Guid] 2358050753 [EditorId] 2358050753 [Version] 1048832 [Id] WindowsEditor(7,DESKTOP-0FQ05EC) [Debug] 1 [PackageName] WindowsEditor [ProjectName] Editor" 

Player connection [46932]  * "[IP] 192.168.0.110 [Port] 0 [Flags] 2 [Guid] 2358050753 [EditorId] 2358050753 [Version] 1048832 [Id] WindowsEditor(7,DESKTOP-0FQ05EC) [Debug] 1 [PackageName] WindowsEditor [ProjectName] Editor" 

Player connection [46932] Host joined multi-casting on [225.0.0.222:54997]...
Player connection [46932] Host joined alternative multi-casting on [225.0.0.222:34997]...
JobSystem: Creating JobQueue using job-worker-count value 10
Input System module state changed to: Initialized.
[Physics::Module] Initialized fallback backend.
[Physics::Module] Id: 0xdecafbad
Library Redirect Path: Library/
[Physics::Module] Selected backend.
[Physics::Module] Name: PhysX
[Physics::Module] Id: 0xf2b8ea05
[Physics::Module] SDK Version: 4.1.2
[Physics::Module] Integration Version: 1.0.0
[Physics::Module] Threading Mode: Multi-Threaded
Refreshing native plugins compatible for Editor in 17.00 ms, found 4 plugins.
Preloading 0 native plugins for Editor in 0.00 ms.
Initialize engine version: 6000.3.8f1 (1c7db571dde0)
[Subsystems] Discovering subsystems at path C:/Program Files/Unity/Hub/Editor/6000.3.8f1/Editor/Data/Resources/UnitySubsystems
[Subsystems] Discovering subsystems at path D:/3 курс_2 семестр_Чайковський/Крос-платформне програмування/fixed_games/lab6/labs_gamedev/Assets
GfxDevice: creating device client; kGfxThreadingModeNonThreaded
Direct3D:
    Version:  Direct3D 11.0 [level 11.1]
    Renderer: Intel(R) Arc(TM) Graphics (ID=0x7d55)
    Vendor:   Intel
    VRAM:     18347 MB
    Driver:   32.0.101.8132
Shader 'Universal Render Pipeline/Lit': fallback shader 'Hidden/Universal Render Pipeline/FallbackError' not found
Shader 'Universal Render Pipeline/VR/SpatialMapping/Occlusion': fallback shader 'Hidden/Universal Render Pipeline/FallbackError' not found
Shader 'Universal Render Pipeline/VR/SpatialMapping/Wireframe': fallback shader 'Hidden/Universal Render Pipeline/FallbackError' not found
Shader 'Universal Render Pipeline/Particles/Unlit': fallback shader 'Hidden/Universal Render Pipeline/FallbackError' not found
Shader 'Universal Render Pipeline/Simple Lit': fallback shader 'Hidden/Universal Render Pipeline/FallbackError' not found
Shader 'Universal Render Pipeline/Nature/SpeedTree7': fallback shader 'Hidden/Universal Render Pipeline/FallbackError' not found
Shader 'Universal Render Pipeline/Nature/SpeedTree7': dependency 'BillboardShader' shader 'Universal Render Pipeline/Nature/SpeedTree7 Billboard' not found
Shader 'Hidden/Universal Render Pipeline/StencilDeferred': fallback shader 'Hidden/Universal Render Pipeline/FallbackError' not found
Shader 'Hidden/Universal Render Pipeline/ClusterDeferred': fallback shader 'Hidden/Universal Render Pipeline/FallbackError' not found
Shader 'Hidden/Universal Render Pipeline/FallbackError': fallback shader 'Hidden/Core/FallbackError' not found
Shader 'Universal Render Pipeline/Particles/Simple Lit': fallback shader 'Universal Render Pipeline/Particles/Unlit' not found
Shader 'Universal Render Pipeline/Particles/Lit': fallback shader 'Universal Render Pipeline/Particles/Simple Lit' not found
Shader 'Universal Render Pipeline/Nature/SpeedTree7 Billboard': fallback shader 'Hidden/Universal Render Pipeline/FallbackError' not found
Shader 'Universal Render Pipeline/Complex Lit': fallback shader 'Hidden/Universal Render Pipeline/FallbackError' not found
Shader 'Universal Render Pipeline/Nature/SpeedTree8': fallback shader 'Hidden/Universal Render Pipeline/FallbackError' not found
Shader 'Hidden/Universal Render Pipeline/Terrain/Lit (Add Pass)': fallback shader 'Hidden/Universal Render Pipeline/FallbackError' not found
Shader 'TextMeshPro/Distance Field Overlay': fallback shader 'TextMeshPro/Mobile/Distance Field' not found
Shader 'Universal Render Pipeline/Baked Lit': fallback shader 'Universal Render Pipeline/Unlit' not found
Shader 'TextMeshPro/Distance Field SSD': fallback shader 'TextMeshPro/Mobile/Distance Field' not found
Shader 'TextMeshPro/Distance Field': fallback shader 'TextMeshPro/Mobile/Distance Field' not found
Shader 'Universal Render Pipeline/Unlit': fallback shader 'Hidden/Universal Render Pipeline/FallbackError' not found
Initialize mono
Mono path[0] = 'C:/Program Files/Unity/Hub/Editor/6000.3.8f1/Editor/Data/Managed'
Mono path[1] = 'C:/Program Files/Unity/Hub/Editor/6000.3.8f1/Editor/Data/MonoBleedingEdge/lib/mono/unityjit-win32'
Mono config path = 'C:/Program Files/Unity/Hub/Editor/6000.3.8f1/Editor/Data/MonoBleedingEdge/etc'
Using monoOptions --debugger-agent=transport=dt_socket,embedding=1,server=y,suspend=n,address=127.0.0.1:56840
Begin MonoManager ReloadAssembly
Registering precompiled unity dll's ...
Register platform support module: C:/Program Files/Unity/Hub/Editor/6000.3.8f1/Editor/Data/PlaybackEngines/WindowsStandaloneSupport/UnityEditor.WindowsStandalone.Extensions.dll
Registered in 0.003879 seconds.
- Loaded All Assemblies, in  0.963 seconds
Native extension for WindowsStandalone target not found
ScheduleIndexationOnStartup MainProcess:False IndexOnStartup:True
Mono: successfully reloaded assembly
- Finished resetting the current domain, in  0.812 seconds
Domain Reload Profiling: 1771ms
	BeginReloadAssembly (363ms)
		ExecutionOrderSort (0ms)
		DisableScriptedObjects (0ms)
		BackupInstance (0ms)
		ReleaseScriptingObjects (0ms)
		CreateAndSetChildDomain (1ms)
	RebuildCommonClasses (87ms)
	RebuildNativeTypeToScriptingClass (32ms)
	initialDomainReloadingComplete (99ms)
	LoadAllAssembliesAndSetupDomain (378ms)
		LoadAssemblies (357ms)
		RebuildTransferFunctionScriptingTraits (0ms)
		AnalyzeDomain (370ms)
			TypeCache.Refresh (368ms)
				TypeCache.ScanAssembly (344ms)
			BuildScriptInfoCaches (0ms)
			ResolveRequiredComponents (0ms)
	FinalizeReload (813ms)
		ReleaseScriptCaches (0ms)
		RebuildScriptCaches (0ms)
		SetupLoadedEditorAssemblies (754ms)
			LogAssemblyErrors (0ms)
			InitializePlatformSupportModulesInManaged (63ms)
			SetLoadedEditorAssemblies (5ms)
			BeforeProcessingInitializeOnLoad (153ms)
			ProcessInitializeOnLoadAttributes (376ms)
			ProcessInitializeOnLoadMethodAttributes (157ms)
			AfterProcessingInitializeOnLoad (0ms)
			EditorAssembliesLoaded (0ms)
		ExecutionOrderSort2 (0ms)
		AwakeInstancesAfterBackupRestoration (0ms)
========================================================================
Worker process is ready to serve import requests
Import Worker Mode flag is 0x00
Begin MonoManager ReloadAssembly
[Licensing::Module] Licensing is not yet initialized.
[Licensing::Client] Handshaking with LicensingClient:
  Version:                 1.17.4+4293ba1
  Session Id:              f67e76ccfdfe4a1999470c00a68e038a
  Correlation Id:          04bed74e7ec85f4ac415e3263256bf27
  External correlation Id: 5319988113695374917
  Machine Id:              XF9qbCF8jYGah7fdRYj1Jhek+PE=
[Licensing::Module] Successfully connected to LicensingClient on channel: "LicenseClient-Vetlik" (connect: 0.00s, validation: 0.00s, handshake: 4.03s)
[Licensing::IpcConnector] Successfully connected to: "LicenseClient-Vetlik-notifications" at "2026-06-13T13:20:26.8871425Z"
[Licensing::Module] Licensing Background thread has ended after 4.03s
[Licensing::Module] Licensing is initialized (took 0.06s).
[Licensing::Client] Successfully resolved entitlement details
[Licensing::Module] License group:
  Id: F4-6GGE-9CKT-UPYG-SP8W-XXXX
  Product: Unity Personal
  Type: ULF
  Expiration: Unlimited
[Licensing::Module] License group:
  Id: 7972560156196-UnityPersXXXX
  Product: Unity Personal
  Type: Assigned
  Expiration: Unlimited
Symbol file LoadedFromMemory is not a mono symbol file
- Loaded All Assemblies, in  1.922 seconds
Refreshing native plugins compatible for Editor in 6.82 ms, found 4 plugins.
Native extension for WindowsStandalone target not found
Refreshing native plugins compatible for Editor in 8.46 ms, found 4 plugins.
Package Manager log level set to [2]
[Package Manager] Failed to launch server process. Reason: Unity was launched with the -noUpm command-line argument
[Package Manager] Unable to send message (not connected to server process).
[Package Manager] Cannot connect to Unity Package Manager local server
ScheduleIndexationOnStartup MainProcess:False IndexOnStartup:True
Mono: successfully reloaded assembly
- Finished resetting the current domain, in  4.200 seconds
Domain Reload Profiling: 6116ms
	BeginReloadAssembly (434ms)
		ExecutionOrderSort (0ms)
		DisableScriptedObjects (11ms)
		BackupInstance (0ms)
		ReleaseScriptingObjects (0ms)
		CreateAndSetChildDomain (70ms)
	RebuildCommonClasses (73ms)
	RebuildNativeTypeToScriptingClass (22ms)
	initialDomainReloadingComplete (81ms)
	LoadAllAssembliesAndSetupDomain (1305ms)
		LoadAssemblies (868ms)
		RebuildTransferFunctionScriptingTraits (0ms)
		AnalyzeDomain (639ms)
			TypeCache.Refresh (397ms)
				TypeCache.ScanAssembly (364ms)
			BuildScriptInfoCaches (215ms)
			ResolveRequiredComponents (19ms)
	FinalizeReload (4201ms)
		ReleaseScriptCaches (0ms)
		RebuildScriptCaches (0ms)
		SetupLoadedEditorAssemblies (3996ms)
			LogAssemblyErrors (0ms)
			InitializePlatformSupportModulesInManaged (5ms)
			SetLoadedEditorAssemblies (11ms)
			BeforeProcessingInitializeOnLoad (292ms)
			ProcessInitializeOnLoadAttributes (693ms)
			ProcessInitializeOnLoadMethodAttributes (2989ms)
			AfterProcessingInitializeOnLoad (5ms)
			EditorAssembliesLoaded (1ms)
		ExecutionOrderSort2 (0ms)
		AwakeInstancesAfterBackupRestoration (8ms)
WARNING: Shader Unsupported: 'Hidden/Universal Render Pipeline/Terrain/Lit (Base Pass)' - All subshaders removed
WARNING: Shader Did you use #pragma only_renderers and omit this platform?
WARNING: Shader If subshaders removal was intentional, you may have forgotten turning Fallback off?
WARNING: Shader Unsupported: 'Hidden/Universal Render Pipeline/Terrain/Lit (Base Pass)' - All subshaders removed
WARNING: Shader Did you use #pragma only_renderers and omit this platform?
WARNING: Shader If subshaders removal was intentional, you may have forgotten turning Fallback off?
WARNING: Shader Unsupported: 'Universal Render Pipeline/Terrain/Lit' - All subshaders removed
WARNING: Shader Did you use #pragma only_renderers and omit this platform?
WARNING: Shader If subshaders removal was intentional, you may have forgotten turning Fallback off?
WARNING: Shader Unsupported: 'Universal Render Pipeline/Terrain/Lit' - All subshaders removed
WARNING: Shader Did you use #pragma only_renderers and omit this platform?
WARNING: Shader If subshaders removal was intentional, you may have forgotten turning Fallback off?
Launched and connected shader compiler UnityShaderCompiler.exe after 0.02 seconds
Refreshing native plugins compatible for Editor in 5.88 ms, found 4 plugins.
Preloading 0 native plugins for Editor in 0.00 ms.
Unloading 45 Unused Serialized files (Serialized files now loaded: 0)
Unloading 8166 unused Assets / (7.9 MB). Loaded Objects now: 8787.
Memory consumption went from 157.5 MB to 149.6 MB.
Total: 19.119200 ms (FindLiveObjects: 0.854800 ms CreateObjectMapping: 1.125000 ms MarkObjects: 13.169500 ms  DeleteObjects: 3.968300 ms)

========================================================================
Received Import Request.
  Time since last request: 262541.749046 seconds.
  path: Assets/Animations/Elves/Elf_3_Walking.anim
  artifactKey: Guid(6229a257ecf9349419708ea10708f1f7) Importer(2089858483,b0f066a214c2f5e87bad3c948f4d605d)
Start importing Assets/Animations/Elves/Elf_3_Walking.anim using Guid(6229a257ecf9349419708ea10708f1f7) Importer(2089858483,b0f066a214c2f5e87bad3c948f4d605d) (ScriptedImporter) -> (artifact id: '2a773dfacaec8a08d3ccb5dba8e0ae80') in 0.141919 seconds
Number of updated asset objects reloaded before import = 0Number of asset objects unloaded after import = 1

========================================================================
Received Import Request.
  Time since last request: 0.000036 seconds.
  path: Assets/Animations/Santa/Santa_Walking.anim
  artifactKey: Guid(50c79730a0b1d174d8ae22961140f596) Importer(2089858483,b0f066a214c2f5e87bad3c948f4d605d)
Start importing Assets/Animations/Santa/Santa_Walking.anim using Guid(50c79730a0b1d174d8ae22961140f596) Importer(2089858483,b0f066a214c2f5e87bad3c948f4d605d) (ScriptedImporter) -> (artifact id: 'cc319a0e9e65a7f8e3e10fbd4d530815') in 0.0202958 seconds
Number of updated asset objects reloaded before import = 0Number of asset objects unloaded after import = 1

========================================================================
Received Import Request.
  Time since last request: 0.000090 seconds.
  path: Assets/Prefabs/Block Segments/Winter Segment 6.prefab
  artifactKey: Guid(19d8207aae18f8e4b80e02cd98ba6462) Importer(2089858483,b0f066a214c2f5e87bad3c948f4d605d)
Start importing Assets/Prefabs/Block Segments/Winter Segment 6.prefab using Guid(19d8207aae18f8e4b80e02cd98ba6462) Importer(2089858483,b0f066a214c2f5e87bad3c948f4d605d) (ScriptedImporter) -> (artifact id: '0588382e5fb2ded1489200a29d6a8c30') in 0.0807844 seconds
Number of updated asset objects reloaded before import = 0Number of asset objects unloaded after import = 203

========================================================================
Received Import Request.
  Time since last request: 0.000026 seconds.
  path: Assets/Prefabs/Block Segments/Segment 5.prefab
  artifactKey: Guid(aac749b30a9f7ca4f968716bb9351508) Importer(2089858483,b0f066a214c2f5e87bad3c948f4d605d)
Start importing Assets/Prefabs/Block Segments/Segment 5.prefab using Guid(aac749b30a9f7ca4f968716bb9351508) Importer(2089858483,b0f066a214c2f5e87bad3c948f4d605d) (ScriptedImporter) -> (artifact id: '41e045787d7532b788d4ae3004c00daf') in 0.0322656 seconds
Number of updated asset objects reloaded before import = 0Number of asset objects unloaded after import = 250

========================================================================
Received Import Request.
  Time since last request: 0.000041 seconds.
  path: Assets/Prefabs/Block Segments/Winter Segment 8.prefab
  artifactKey: Guid(2d75512dae7277147b891e9c2f856750) Importer(2089858483,b0f066a214c2f5e87bad3c948f4d605d)
Start importing Assets/Prefabs/Block Segments/Winter Segment 8.prefab using Guid(2d75512dae7277147b891e9c2f856750) Importer(2089858483,b0f066a214c2f5e87bad3c948f4d605d) (ScriptedImporter) -> (artifact id: '7a5420bb2c9f49939d699bd490be8815') in 0.0301148 seconds
Number of updated asset objects reloaded before import = 0Number of asset objects unloaded after import = 427

========================================================================
Received Import Request.
  Time since last request: 0.000037 seconds.
  path: Assets/Animations/Temple_People/_Girl.controller
  artifactKey: Guid(3a1d0844ba55c5548babc62486f6975f) Importer(2089858483,b0f066a214c2f5e87bad3c948f4d605d)
Start importing Assets/Animations/Temple_People/_Girl.controller using Guid(3a1d0844ba55c5548babc62486f6975f) Importer(2089858483,b0f066a214c2f5e87bad3c948f4d605d) (ScriptedImporter) -> (artifact id: 'c2c138238369c5d4b25ef31b846b870a') in 0.0223219 seconds
Number of updated asset objects reloaded before import = 0Number of asset objects unloaded after import = 4

========================================================================
Received Import Request.
  Time since last request: 0.000091 seconds.
  path: Assets/Prefabs/Blocks/Block_02.prefab
  artifactKey: Guid(d487c194c50e50943af5d39f37dcf066) Importer(2089858483,b0f066a214c2f5e87bad3c948f4d605d)
Start importing Assets/Prefabs/Blocks/Block_02.prefab using Guid(d487c194c50e50943af5d39f37dcf066) Importer(2089858483,b0f066a214c2f5e87bad3c948f4d605d) (ScriptedImporter) -> (artifact id: '3f3f17a0c0ff1cbeb06851e28b7dff00') in 0.022771 seconds
Number of updated asset objects reloaded before import = 0Number of asset objects unloaded after import = 12

========================================================================
Received Import Request.
  Time since last request: 0.000029 seconds.
  path: Assets/Prefabs/Block Segments/Segment 7.prefab
  artifactKey: Guid(7a70847b7eb0a934b91f2e97291d6030) Importer(2089858483,b0f066a214c2f5e87bad3c948f4d605d)
Start importing Assets/Prefabs/Block Segments/Segment 7.prefab using Guid(7a70847b7eb0a934b91f2e97291d6030) Importer(2089858483,b0f066a214c2f5e87bad3c948f4d605d) (ScriptedImporter) -> (artifact id: '04716f52722a2f070c1af075b268b10b') in 0.026119 seconds
Number of updated asset objects reloaded before import = 0Number of asset objects unloaded after import = 248

========================================================================
Received Import Request.
  Time since last request: 0.000055 seconds.
  path: Assets/Animations/Ninjas Knight/ninjaBoy.png
  artifactKey: Guid(ccf828c32ac4c1c49a3a0fd007f6c537) Importer(2089858483,b0f066a214c2f5e87bad3c948f4d605d)
Start importing Assets/Animations/Ninjas Knight/ninjaBoy.png using Guid(ccf828c32ac4c1c49a3a0fd007f6c537) Importer(2089858483,b0f066a214c2f5e87bad3c948f4d605d) (ScriptedImporter) -> (artifact id: 'cefb1ed9807301b385aa6968b1f95abb') in 0.0772086 seconds
Number of updated asset objects reloaded before import = 0Number of asset objects unloaded after import = 12

========================================================================
Received Import Request.
  Time since last request: 0.000023 seconds.
  path: Assets/Animations/Ninjas Knight/_Knight.controller
  artifactKey: Guid(60edcdab922b0ea4d9021d444f894bbb) Importer(2089858483,b0f066a214c2f5e87bad3c948f4d605d)
Start importing Assets/Animations/Ninjas Knight/_Knight.controller using Guid(60edcdab922b0ea4d9021d444f894bbb) Importer(2089858483,b0f066a214c2f5e87bad3c948f4d605d) (ScriptedImporter) -> (artifact id: '863ea060c70f4cd7f9fd824a0e891166') in 0.0165485 seconds
Number of updated asset objects reloaded before import = 0Number of asset objects unloaded after import = 4

========================================================================
Received Import Request.
  Time since last request: 0.000036 seconds.
  path: Assets/Animations/Temple_People/Boy_Walking.anim
  artifactKey: Guid(343657885338c3c4a881b740a9b15767) Importer(2089858483,b0f066a214c2f5e87bad3c948f4d605d)
Start importing Assets/Animations/Temple_People/Boy_Walking.anim using Guid(343657885338c3c4a881b740a9b15767) Importer(2089858483,b0f066a214c2f5e87bad3c948f4d605d) (ScriptedImporter) -> (artifact id: 'd73c4ccc1d77d3aeefb3d1a397c73332') in 0.014922 seconds
Number of updated asset objects reloaded before import = 0Number of asset objects unloaded after import = 1

========================================================================
Received Import Request.
  Time since last request: 0.000025 seconds.
  path: Assets/Prefabs/Block Segments/Zombie Segment 5.prefab
  artifactKey: Guid(e5fc707ba2e54a64193f65b8ed794a7e) Importer(2089858483,b0f066a214c2f5e87bad3c948f4d605d)
Start importing Assets/Prefabs/Block Segments/Zombie Segment 5.prefab using Guid(e5fc707ba2e54a64193f65b8ed794a7e) Importer(2089858483,b0f066a214c2f5e87bad3c948f4d605d) (ScriptedImporter) -> (artifact id: '7e6adb037b12dd2964f19761e8b46cfc') in 0.0261535 seconds
Number of updated asset objects reloaded before import = 0Number of asset objects unloaded after import = 299

========================================================================
Received Import Request.
  Time since last request: 0.000024 seconds.
  path: Assets/Animations/Elves/_Elf_1.controller
  artifactKey: Guid(49529084f5a11ab428b16518989afe66) Importer(2089858483,b0f066a214c2f5e87bad3c948f4d605d)
Start importing Assets/Animations/Elves/_Elf_1.controller using Guid(49529084f5a11ab428b16518989afe66) Importer(2089858483,b0f066a214c2f5e87bad3c948f4d605d) (ScriptedImporter) -> (artifact id: 'e75dbc97ebf1bea29fe1bc275ae98772') in 0.0163741 seconds
Number of updated asset objects reloaded before import = 0Number of asset objects unloaded after import = 4

========================================================================
Received Import Request.
  Time since last request: 0.000061 seconds.
  path: Assets/Animations/Zombie/Female_Walking.anim
  artifactKey: Guid(fb58bec3df8adfe47b1e8e2232221fbb) Importer(2089858483,b0f066a214c2f5e87bad3c948f4d605d)
Start importing Assets/Animations/Zombie/Female_Walking.anim using Guid(fb58bec3df8adfe47b1e8e2232221fbb) Importer(2089858483,b0f066a214c2f5e87bad3c948f4d605d) (ScriptedImporter) -> (artifact id: '8fd7b98a18debeec59f90cab23d46f91') in 0.018473 seconds
Number of updated asset objects reloaded before import = 0Number of asset objects unloaded after import = 1

========================================================================
Received Import Request.
  Time since last request: 0.000036 seconds.
  path: Assets/Animations/Player/Flip.anim
  artifactKey: Guid(2311f4b2b4e9f954ab817200ac15a552) Importer(2089858483,b0f066a214c2f5e87bad3c948f4d605d)
Start importing Assets/Animations/Player/Flip.anim using Guid(2311f4b2b4e9f954ab817200ac15a552) Importer(2089858483,b0f066a214c2f5e87bad3c948f4d605d) (ScriptedImporter) -> (artifact id: '62f369a26ba84d0824c40a8fa5278cc8') in 0.0189706 seconds
Number of updated asset objects reloaded before import = 0Number of asset objects unloaded after import = 1

========================================================================
Received Import Request.
  Time since last request: 0.000047 seconds.
  path: Assets/Prefabs/Block Segments/Winter Segment 2.prefab
  artifactKey: Guid(6d2452c1f4146a24d9e77314c48b87dc) Importer(2089858483,b0f066a214c2f5e87bad3c948f4d605d)
Start importing Assets/Prefabs/Block Segments/Winter Segment 2.prefab using Guid(6d2452c1f4146a24d9e77314c48b87dc) Importer(2089858483,b0f066a214c2f5e87bad3c948f4d605d) (ScriptedImporter) -> (artifact id: 'bbcc687ea7ed8995ac0836522b69efd5') in 0.0201555 seconds
Number of updated asset objects reloaded before import = 0Number of asset objects unloaded after import = 179

========================================================================
Received Import Request.
  Time since last request: 2.264680 seconds.
  path: Assets/Prefabs/Blocks/Block_08.prefab
  artifactKey: Guid(bfc51ead08860a543b896e281be94077) Importer(2089858483,b0f066a214c2f5e87bad3c948f4d605d)
Start importing Assets/Prefabs/Blocks/Block_08.prefab using Guid(bfc51ead08860a543b896e281be94077) Importer(2089858483,b0f066a214c2f5e87bad3c948f4d605d) (ScriptedImporter) -> (artifact id: '2caba0be0381b220bdd4d0972f9675a2') in 0.0391678 seconds
Number of updated asset objects reloaded before import = 0Number of asset objects unloaded after import = 12

========================================================================
Received Import Request.
  Time since last request: 0.000038 seconds.
  path: Assets/Projects/MegaSuperChallengeShot/Scripts/ScoreManager.cs
  artifactKey: Guid(b7cd290248964cacb9cf21fb9d094863) Importer(2089858483,b0f066a214c2f5e87bad3c948f4d605d)
Start importing Assets/Projects/MegaSuperChallengeShot/Scripts/ScoreManager.cs using Guid(b7cd290248964cacb9cf21fb9d094863) Importer(2089858483,b0f066a214c2f5e87bad3c948f4d605d) (ScriptedImporter) -> (artifact id: 'e4111ef5d00aa08025d69af8cafa11a1') in 0.0276267 seconds
Number of updated asset objects reloaded before import = 0Number of asset objects unloaded after import = 0

========================================================================
Received Import Request.
  Time since last request: 0.000358 seconds.
  path: Assets/Prefabs/Characters/Ninja_Boy.prefab
  artifactKey: Guid(11d40210f11280746a39bddaba282c35) Importer(2089858483,b0f066a214c2f5e87bad3c948f4d605d)
Start importing Assets/Prefabs/Characters/Ninja_Boy.prefab using Guid(11d40210f11280746a39bddaba282c35) Importer(2089858483,b0f066a214c2f5e87bad3c948f4d605d) (ScriptedImporter) -> (artifact id: '178fb063fad3f4ad621facbea9c8fc55') in 0.1435854 seconds
Number of updated asset objects reloaded before import = 0Number of asset objects unloaded after import = 23

========================================================================
Received Import Request.
  Time since last request: 0.000063 seconds.
  path: Assets/Scripts/Components/Spawn/RandomSpawner.cs
  artifactKey: Guid(eb3a5ef539ee04eb7999564eeafdbe0f) Importer(2089858483,b0f066a214c2f5e87bad3c948f4d605d)
Start importing Assets/Scripts/Components/Spawn/RandomSpawner.cs using Guid(eb3a5ef539ee04eb7999564eeafdbe0f) Importer(2089858483,b0f066a214c2f5e87bad3c948f4d605d) (ScriptedImporter) -> (artifact id: '4b02f4676ae52795f4e13f28760d53a8') in 0.0341094 seconds
Number of updated asset objects reloaded before import = 0Number of asset objects unloaded after import = 0

========================================================================
Received Import Request.
  Time since last request: 0.000234 seconds.
  path: Assets/Prefabs/Blocks/Block_09.prefab
  artifactKey: Guid(b1b3fb6a35e261a43a2cb9d8646f2b89) Importer(2089858483,b0f066a214c2f5e87bad3c948f4d605d)
Start importing Assets/Prefabs/Blocks/Block_09.prefab using Guid(b1b3fb6a35e261a43a2cb9d8646f2b89) Importer(2089858483,b0f066a214c2f5e87bad3c948f4d605d) (ScriptedImporter) -> (artifact id: '2a0689e445c563176d7ee47aac94012a') in 0.033859 seconds
Number of updated asset objects reloaded before import = 0Number of asset objects unloaded after import = 12

========================================================================
Received Import Request.
  Time since last request: 0.000047 seconds.
  path: Assets/Scripts/Components/Movement/RigidbodyJumper.cs
  artifactKey: Guid(03f06041f21aa4aa8b02b21cc3a2aa78) Importer(2089858483,b0f066a214c2f5e87bad3c948f4d605d)
Start importing Assets/Scripts/Components/Movement/RigidbodyJumper.cs using Guid(03f06041f21aa4aa8b02b21cc3a2aa78) Importer(2089858483,b0f066a214c2f5e87bad3c948f4d605d) (ScriptedImporter) -> (artifact id: '730fb8aa8faf2d4acee8ceada3527169') in 0.0255179 seconds
Number of updated asset objects reloaded before import = 0Number of asset objects unloaded after import = 0

========================================================================
Received Import Request.
  Time since last request: 0.000237 seconds.
  path: Assets/Sprites/Maps/zombieMapLocked.png
  artifactKey: Guid(1d1fd14315f1b4a4d84d4da12a85cbdd) Importer(2089858483,b0f066a214c2f5e87bad3c948f4d605d)
Start importing Assets/Sprites/Maps/zombieMapLocked.png using Guid(1d1fd14315f1b4a4d84d4da12a85cbdd) Importer(2089858483,b0f066a214c2f5e87bad3c948f4d605d) (ScriptedImporter) -> (artifact id: 'f21edf6d65264a8bf5b7edd6d468a4a9') in 0.0795901 seconds
Number of updated asset objects reloaded before import = 0Number of asset objects unloaded after import = 3

========================================================================
Received Import Request.
  Time since last request: 0.000049 seconds.
  path: Assets/TextMesh Pro/Shaders/TMP_SDF-Mobile Overlay.shader
  artifactKey: Guid(a02a7d8c237544f1962732b55a9aebf1) Importer(2089858483,b0f066a214c2f5e87bad3c948f4d605d)
Start importing Assets/TextMesh Pro/Shaders/TMP_SDF-Mobile Overlay.shader using Guid(a02a7d8c237544f1962732b55a9aebf1) Importer(2089858483,b0f066a214c2f5e87bad3c948f4d605d) (ScriptedImporter) -> (artifact id: '4936dba9d400f1ce8365abacd9eba2aa') in 0.0351797 seconds
Number of updated asset objects reloaded before import = 0Number of asset objects unloaded after import = 1

========================================================================
Received Import Request.
  Time since last request: 0.000242 seconds.
  path: Assets/Prefabs/Characters/Dog.prefab
  artifactKey: Guid(c55fe35112341a843823d7c5993f5bfe) Importer(2089858483,b0f066a214c2f5e87bad3c948f4d605d)
Start importing Assets/Prefabs/Characters/Dog.prefab using Guid(c55fe35112341a843823d7c5993f5bfe) Importer(2089858483,b0f066a214c2f5e87bad3c948f4d605d) (ScriptedImporter) -> (artifact id: 'a83fe0ae3f08685f9ab3d10dde4022e2') in 0.0555292 seconds
Number of updated asset objects reloaded before import = 0Number of asset objects unloaded after import = 23

========================================================================
Received Import Request.
  Time since last request: 0.000050 seconds.
  path: Assets/Scripts/Components/Movement/Rotator.cs
  artifactKey: Guid(e26ab2f823bff4f18a5d27ce2f01eed0) Importer(2089858483,b0f066a214c2f5e87bad3c948f4d605d)
Start importing Assets/Scripts/Components/Movement/Rotator.cs using Guid(e26ab2f823bff4f18a5d27ce2f01eed0) Importer(2089858483,b0f066a214c2f5e87bad3c948f4d605d) (ScriptedImporter) -> (artifact id: '34bf112145db592a793e940c49894f8e') in 0.0209287 seconds
Number of updated asset objects reloaded before import = 0Number of asset objects unloaded after import = 0

========================================================================
Received Import Request.
  Time since last request: 0.000134 seconds.
  path: Assets/Sprites/icons/icon_72.png
  artifactKey: Guid(de2fec4ca595fba4f9d23bc6dc5821f5) Importer(2089858483,b0f066a214c2f5e87bad3c948f4d605d)
Start importing Assets/Sprites/icons/icon_72.png using Guid(de2fec4ca595fba4f9d23bc6dc5821f5) Importer(2089858483,b0f066a214c2f5e87bad3c948f4d605d) (ScriptedImporter) -> (artifact id: '686594903fea5bbc235b6ba29e2e430b') in 0.0329818 seconds
Number of updated asset objects reloaded before import = 0Number of asset objects unloaded after import = 3

========================================================================
Received Import Request.
  Time since last request: 0.000043 seconds.
  path: Assets/Scripts/Components/README.md
  artifactKey: Guid(81519eb073db24a45a9df1ff18dc3475) Importer(2089858483,b0f066a214c2f5e87bad3c948f4d605d)
Start importing Assets/Scripts/Components/README.md using Guid(81519eb073db24a45a9df1ff18dc3475) Importer(2089858483,b0f066a214c2f5e87bad3c948f4d605d) (ScriptedImporter) -> (artifact id: '2cdf8eb0b99451a280139ac638cc1a31') in 0.0284254 seconds
Number of updated asset objects reloaded before import = 0Number of asset objects unloaded after import = 1

========================================================================
Received Import Request.
  Time since last request: 0.000144 seconds.
  path: Assets/Scripts/Components/Interaction/TriggerZone.cs
  artifactKey: Guid(4c14a8d939a4047c3b54011ede23c497) Importer(2089858483,b0f066a214c2f5e87bad3c948f4d605d)
Start importing Assets/Scripts/Components/Interaction/TriggerZone.cs using Guid(4c14a8d939a4047c3b54011ede23c497) Importer(2089858483,b0f066a214c2f5e87bad3c948f4d605d) (ScriptedImporter) -> (artifact id: '7922f7d107da830b944eefdeaa1ce18d') in 0.0224839 seconds
Number of updated asset objects reloaded before import = 0Number of asset objects unloaded after import = 0

========================================================================
Received Import Request.
  Time since last request: 0.000200 seconds.
  path: Assets/TextMesh Pro/Shaders/SDFFunctions.hlsl
  artifactKey: Guid(96de908384869cd409c75efa351d5edf) Importer(2089858483,b0f066a214c2f5e87bad3c948f4d605d)
Start importing Assets/TextMesh Pro/Shaders/SDFFunctions.hlsl using Guid(96de908384869cd409c75efa351d5edf) Importer(2089858483,b0f066a214c2f5e87bad3c948f4d605d) (ScriptedImporter) -> (artifact id: '9cd9dcb660d04f377adf6499c187ccbc') in 0.0236551 seconds
Number of updated asset objects reloaded before import = 0Number of asset objects unloaded after import = 1

========================================================================
Received Import Request.
  Time since last request: 0.000136 seconds.
  path: Assets/Scripts/Components/Interaction/Collector.cs
  artifactKey: Guid(a004aac6e296e46efb4ffe18354796d7) Importer(2089858483,b0f066a214c2f5e87bad3c948f4d605d)
Start importing Assets/Scripts/Components/Interaction/Collector.cs using Guid(a004aac6e296e46efb4ffe18354796d7) Importer(2089858483,b0f066a214c2f5e87bad3c948f4d605d) (ScriptedImporter) -> (artifact id: '1cb1a5ea88a68a09be0703b6c8d1ea96') in 0.0244733 seconds
Number of updated asset objects reloaded before import = 0Number of asset objects unloaded after import = 0

========================================================================
Received Import Request.
  Time since last request: 0.000166 seconds.
  path: Assets/Prefabs/Characters/Santa.prefab
  artifactKey: Guid(5eab5a485bea0ec4f90f014770042bf0) Importer(2089858483,b0f066a214c2f5e87bad3c948f4d605d)
Start importing Assets/Prefabs/Characters/Santa.prefab using Guid(5eab5a485bea0ec4f90f014770042bf0) Importer(2089858483,b0f066a214c2f5e87bad3c948f4d605d) (ScriptedImporter) -> (artifact id: '7c2f6b2adf1c91dc512a196364a0376a') in 0.0436463 seconds
Number of updated asset objects reloaded before import = 0Number of asset objects unloaded after import = 23

========================================================================
Received Import Request.
  Time since last request: 0.000035 seconds.
  path: Assets/Sprites/icons/icon_32.png
  artifactKey: Guid(7082c186275458e4280e00578f661c84) Importer(2089858483,b0f066a214c2f5e87bad3c948f4d605d)
Start importing Assets/Sprites/icons/icon_32.png using Guid(7082c186275458e4280e00578f661c84) Importer(2089858483,b0f066a214c2f5e87bad3c948f4d605d) (ScriptedImporter) -> (artifact id: '1073079dd65b890d958bba92dac0a36b') in 0.0354673 seconds
Number of updated asset objects reloaded before import = 0Number of asset objects unloaded after import = 3

========================================================================
Received Import Request.
  Time since last request: 0.000044 seconds.
  path: Assets/Sprites/Maps/zombieMap.png
  artifactKey: Guid(83a5abbb9d529574095ff7430e5bd250) Importer(2089858483,b0f066a214c2f5e87bad3c948f4d605d)
Start importing Assets/Sprites/Maps/zombieMap.png using Guid(83a5abbb9d529574095ff7430e5bd250) Importer(2089858483,b0f066a214c2f5e87bad3c948f4d605d) (ScriptedImporter) -> (artifact id: 'de3c018cf3454b5dfac82c38682afc14') in 0.0425694 seconds
Number of updated asset objects reloaded before import = 0Number of asset objects unloaded after import = 3

========================================================================
Received Import Request.
  Time since last request: 0.000052 seconds.
  path: Assets/Prefabs/Characters/Female_Zombie.prefab
  artifactKey: Guid(e7925b8d978bae44692bb681e51fc0ff) Importer(2089858483,b0f066a214c2f5e87bad3c948f4d605d)
Start importing Assets/Prefabs/Characters/Female_Zombie.prefab using Guid(e7925b8d978bae44692bb681e51fc0ff) Importer(2089858483,b0f066a214c2f5e87bad3c948f4d605d) (ScriptedImporter) -> (artifact id: 'eaef4c1ce48d09b52922432657c29801') in 0.116685 seconds
Number of updated asset objects reloaded before import = 0Number of asset objects unloaded after import = 23

========================================================================
Received Import Request.
  Time since last request: 0.000037 seconds.
  path: Assets/Sprites/Maps/winterMapLocked.png
  artifactKey: Guid(eccefcd11214e884b8be7b5267a528b4) Importer(2089858483,b0f066a214c2f5e87bad3c948f4d605d)
Start importing Assets/Sprites/Maps/winterMapLocked.png using Guid(eccefcd11214e884b8be7b5267a528b4) Importer(2089858483,b0f066a214c2f5e87bad3c948f4d605d) (ScriptedImporter) -> (artifact id: '918f05364ac776ccc5c09aecb12c848d') in 0.04017 seconds
Number of updated asset objects reloaded before import = 0Number of asset objects unloaded after import = 3

========================================================================
Received Import Request.
  Time since last request: 0.000036 seconds.
  path: Assets/Sprites/Knight Files/Read Me.txt
  artifactKey: Guid(009128724b2d6bf40b5ac7db6460b9f0) Importer(2089858483,b0f066a214c2f5e87bad3c948f4d605d)
Start importing Assets/Sprites/Knight Files/Read Me.txt using Guid(009128724b2d6bf40b5ac7db6460b9f0) Importer(2089858483,b0f066a214c2f5e87bad3c948f4d605d) (ScriptedImporter) -> (artifact id: 'f23b05e953e316a7422655368d1585e1') in 0.0190561 seconds
Number of updated asset objects reloaded before import = 0Number of asset objects unloaded after import = 1

========================================================================
Received Import Request.
  Time since last request: 0.000047 seconds.
  path: Assets/Sprites/icons/icon_144.png
  artifactKey: Guid(d80a43ff79bd2da47b12b106c1e44cc4) Importer(2089858483,b0f066a214c2f5e87bad3c948f4d605d)
Start importing Assets/Sprites/icons/icon_144.png using Guid(d80a43ff79bd2da47b12b106c1e44cc4) Importer(2089858483,b0f066a214c2f5e87bad3c948f4d605d) (ScriptedImporter) -> (artifact id: 'c6d7115b9d3f4ce3c200ce7185f1e08a') in 0.0305011 seconds
Number of updated asset objects reloaded before import = 0Number of asset objects unloaded after import = 3

========================================================================
Received Import Request.
  Time since last request: 0.000084 seconds.
  path: Assets/Projects/GravityDash/kenney_new-platformer-pack-1.1/License.txt
  artifactKey: Guid(8c239b7b660da4439b522a43b7492c0f) Importer(2089858483,b0f066a214c2f5e87bad3c948f4d605d)
Start importing Assets/Projects/GravityDash/kenney_new-platformer-pack-1.1/License.txt using Guid(8c239b7b660da4439b522a43b7492c0f) Importer(2089858483,b0f066a214c2f5e87bad3c948f4d605d) (ScriptedImporter) -> (artifact id: 'b361eb45526137bfcb5153fb4daf96f9') in 0.0340538 seconds
Number of updated asset objects reloaded before import = 0Number of asset objects unloaded after import = 1

========================================================================
Received Import Request.
  Time since last request: 0.000063 seconds.
  path: Assets/Sprites/Knight Files/Body Parts/Right Arm.png
  artifactKey: Guid(034d324c158efbb49993409265a738d9) Importer(2089858483,b0f066a214c2f5e87bad3c948f4d605d)
Start importing Assets/Sprites/Knight Files/Body Parts/Right Arm.png using Guid(034d324c158efbb49993409265a738d9) Importer(2089858483,b0f066a214c2f5e87bad3c948f4d605d) (ScriptedImporter) -> (artifact id: '79f4d2bb1464c36969133a13af8e6fb2') in 0.0492136 seconds
Number of updated asset objects reloaded before import = 0Number of asset objects unloaded after import = 3

========================================================================
Received Import Request.
  Time since last request: 0.000069 seconds.
  path: Assets/Projects/GravityDash/kenney_ui-pack/Visit Patreon.url
  artifactKey: Guid(62237b13dcdb34e7aa2bebd208cf1566) Importer(2089858483,b0f066a214c2f5e87bad3c948f4d605d)
Start importing Assets/Projects/GravityDash/kenney_ui-pack/Visit Patreon.url using Guid(62237b13dcdb34e7aa2bebd208cf1566) Importer(2089858483,b0f066a214c2f5e87bad3c948f4d605d) (ScriptedImporter) -> (artifact id: '7717b9281a26cc36a2dc7c9aea685275') in 0.0281082 seconds
Number of updated asset objects reloaded before import = 0Number of asset objects unloaded after import = 1

========================================================================
Received Import Request.
  Time since last request: 0.000199 seconds.
  path: Assets/Projects/GravityDash/kenney_ui-pack/Preview.png
  artifactKey: Guid(3885b9d95f7194c659a260e042f318ca) Importer(2089858483,b0f066a214c2f5e87bad3c948f4d605d)
Start importing Assets/Projects/GravityDash/kenney_ui-pack/Preview.png using Guid(3885b9d95f7194c659a260e042f318ca) Importer(2089858483,b0f066a214c2f5e87bad3c948f4d605d) (ScriptedImporter) -> (artifact id: '8dfb291ddd043c0d5e9c52e720c7ebda') in 0.0460761 seconds
Number of updated asset objects reloaded before import = 0Number of asset objects unloaded after import = 3

========================================================================
Received Import Request.
  Time since last request: 0.000079 seconds.
  path: Assets/Scripts/Components/Movement/LookAtMouse.cs
  artifactKey: Guid(159da2e54020740b39334cc130fd4869) Importer(2089858483,b0f066a214c2f5e87bad3c948f4d605d)
Start importing Assets/Scripts/Components/Movement/LookAtMouse.cs using Guid(159da2e54020740b39334cc130fd4869) Importer(2089858483,b0f066a214c2f5e87bad3c948f4d605d) (ScriptedImporter) -> (artifact id: '3add40d09ac72b3e6690b213da405e36') in 0.0226026 seconds
Number of updated asset objects reloaded before import = 0Number of asset objects unloaded after import = 0

========================================================================
Received Import Request.
  Time since last request: 0.000219 seconds.
  path: Assets/TextMesh Pro/Sprites/EmojiOne.json
  artifactKey: Guid(8f05276190cf498a8153f6cbe761d4e6) Importer(2089858483,b0f066a214c2f5e87bad3c948f4d605d)
Start importing Assets/TextMesh Pro/Sprites/EmojiOne.json using Guid(8f05276190cf498a8153f6cbe761d4e6) Importer(2089858483,b0f066a214c2f5e87bad3c948f4d605d) (ScriptedImporter) -> (artifact id: 'a22f2cdf5279cf60627815c09ad37132') in 0.0302346 seconds
Number of updated asset objects reloaded before import = 0Number of asset objects unloaded after import = 1

========================================================================
Received Import Request.
  Time since last request: 0.000054 seconds.
  path: Assets/TextMesh Pro/Sprites/EmojiOne.png
  artifactKey: Guid(dffef66376be4fa480fb02b19edbe903) Importer(2089858483,b0f066a214c2f5e87bad3c948f4d605d)
Start importing Assets/TextMesh Pro/Sprites/EmojiOne.png using Guid(dffef66376be4fa480fb02b19edbe903) Importer(2089858483,b0f066a214c2f5e87bad3c948f4d605d) (ScriptedImporter) -> (artifact id: '115b8e958c037015c7d26f3e8d72a964') in 0.030339 seconds
Number of updated asset objects reloaded before import = 0Number of asset objects unloaded after import = 1

========================================================================
Received Import Request.
  Time since last request: 1.172892 seconds.
  path: Assets/Sprites/Knight Files/Effect & FireBalls/dashwind_05.png
  artifactKey: Guid(8cb1161cd4b52534ba2ec2922764d061) Importer(2089858483,b0f066a214c2f5e87bad3c948f4d605d)
Start importing Assets/Sprites/Knight Files/Effect & FireBalls/dashwind_05.png using Guid(8cb1161cd4b52534ba2ec2922764d061) Importer(2089858483,b0f066a214c2f5e87bad3c948f4d605d) (ScriptedImporter) -> (artifact id: '04c33f1158979f747514d7beb7226081') in 0.0168762 seconds
Number of updated asset objects reloaded before import = 0Number of asset objects unloaded after import = 3

========================================================================
Received Import Request.
  Time since last request: 0.000023 seconds.
  path: Assets/Sprites/Knight Files/Knight PNG/Knight_block_01.png
  artifactKey: Guid(5cfc8e09a9a6be647958e6f33e5337d6) Importer(2089858483,b0f066a214c2f5e87bad3c948f4d605d)
Start importing Assets/Sprites/Knight Files/Knight PNG/Knight_block_01.png using Guid(5cfc8e09a9a6be647958e6f33e5337d6) Importer(2089858483,b0f066a214c2f5e87bad3c948f4d605d) (ScriptedImporter) -> (artifact id: '3c80b50ab836465bb9b8d0b66070930a') in 0.0148454 seconds
Number of updated asset objects reloaded before import = 0Number of asset objects unloaded after import = 3

========================================================================
Received Import Request.
  Time since last request: 0.000021 seconds.
  path: Assets/Projects/GravityDash/kenney_new-platformer-pack-1.1/Spritesheets/spritesheet-enemies-default.xml
  artifactKey: Guid(d0fcc967113804714971e9f587d0f6da) Importer(2089858483,b0f066a214c2f5e87bad3c948f4d605d)
Start importing Assets/Projects/GravityDash/kenney_new-platformer-pack-1.1/Spritesheets/spritesheet-enemies-default.xml using Guid(d0fcc967113804714971e9f587d0f6da) Importer(2089858483,b0f066a214c2f5e87bad3c948f4d605d) (ScriptedImporter) -> (artifact id: '4bd8a46cdeacbacdf2d91234856b98c8') in 0.0107204 seconds
Number of updated asset objects reloaded before import = 0Number of asset objects unloaded after import = 1

========================================================================
Received Import Request.
  Time since last request: 0.000046 seconds.
  path: Assets/TextMesh Pro/Resources/Fonts & Materials/LiberationSans SDF - Outline.mat
  artifactKey: Guid(79459efec17a4d00a321bdcc27bbc385) Importer(2089858483,b0f066a214c2f5e87bad3c948f4d605d)
Start importing Assets/TextMesh Pro/Resources/Fonts & Materials/LiberationSans SDF - Outline.mat using Guid(79459efec17a4d00a321bdcc27bbc385) Importer(2089858483,b0f066a214c2f5e87bad3c948f4d605d) (ScriptedImporter) -> (artifact id: '6d1404c770a75b2f45b8833de0e35f70') in 0.0281439 seconds
Number of updated asset objects reloaded before import = 0Number of asset objects unloaded after import = 2

========================================================================
Received Import Request.
  Time since last request: 0.000027 seconds.
  path: Assets/Sprites/Knight Files/Knight PNG/Knight_die_04.png
  artifactKey: Guid(20eaf3352119b4a498d894619016f686) Importer(2089858483,b0f066a214c2f5e87bad3c948f4d605d)
Start importing Assets/Sprites/Knight Files/Knight PNG/Knight_die_04.png using Guid(20eaf3352119b4a498d894619016f686) Importer(2089858483,b0f066a214c2f5e87bad3c948f4d605d) (ScriptedImporter) -> (artifact id: 'b611ac1eef6f9c015fd4f81dd3b47766') in 0.0157336 seconds
Number of updated asset objects reloaded before import = 0Number of asset objects unloaded after import = 3

========================================================================
Received Import Request.
  Time since last request: 0.000022 seconds.
  path: Assets/Sprites/Cainos/Pixel Art Platformer - Village Props/Prefab/PF Village Props - Crate Small.prefab
  artifactKey: Guid(ab9278aa8a6f856468c48e893720a765) Importer(2089858483,b0f066a214c2f5e87bad3c948f4d605d)
Start importing Assets/Sprites/Cainos/Pixel Art Platformer - Village Props/Prefab/PF Village Props - Crate Small.prefab using Guid(ab9278aa8a6f856468c48e893720a765) Importer(2089858483,b0f066a214c2f5e87bad3c948f4d605d) (ScriptedImporter) -> (artifact id: 'ae4ffbdd9d9efb96772aee96ff15c2bc') in 0.0398215 seconds
Number of updated asset objects reloaded before import = 0Number of asset objects unloaded after import = 10

========================================================================
Received Import Request.
  Time since last request: 0.000023 seconds.
  path: Assets/Projects/MegaSuperChallengeShot/Graphics/Cute_Birds(4 in 1)Mini/Demo.unity
  artifactKey: Guid(43eb74c63e2f33e4aa0341cdfac65a0f) Importer(2089858483,b0f066a214c2f5e87bad3c948f4d605d)
Start importing Assets/Projects/MegaSuperChallengeShot/Graphics/Cute_Birds(4 in 1)Mini/Demo.unity using Guid(43eb74c63e2f33e4aa0341cdfac65a0f) Importer(2089858483,b0f066a214c2f5e87bad3c948f4d605d) (ScriptedImporter) -> (artifact id: '410a2aca363b2133f4cbb71cbcaea6cc') in 0.0158114 seconds
Number of updated asset objects reloaded before import = 0Number of asset objects unloaded after import = 1

========================================================================
Received Import Request.
  Time since last request: 0.000092 seconds.
  path: Assets/Sprites/Cainos/Pixel Art Platformer - Village Props/Prefab/PF Village Props - Chair.prefab
  artifactKey: Guid(bb67ae3035abce24aa87122c96acac22) Importer(2089858483,b0f066a214c2f5e87bad3c948f4d605d)
Start importing Assets/Sprites/Cainos/Pixel Art Platformer - Village Props/Prefab/PF Village Props - Chair.prefab using Guid(bb67ae3035abce24aa87122c96acac22) Importer(2089858483,b0f066a214c2f5e87bad3c948f4d605d) (ScriptedImporter) -> (artifact id: '48e8c9352caf99a0e4822f1cf862e7a7') in 0.0247679 seconds
Number of updated asset objects reloaded before import = 0Number of asset objects unloaded after import = 10

========================================================================
Received Import Request.
  Time since last request: 0.000023 seconds.
  path: Assets/Sprites/Knight Files/Knight PNG/Knight_idle_01.png
  artifactKey: Guid(84ce2f114ad12bd4ebafc77060220324) Importer(2089858483,b0f066a214c2f5e87bad3c948f4d605d)
Start importing Assets/Sprites/Knight Files/Knight PNG/Knight_idle_01.png using Guid(84ce2f114ad12bd4ebafc77060220324) Importer(2089858483,b0f066a214c2f5e87bad3c948f4d605d) (ScriptedImporter) -> (artifact id: '6518bd6306afba02c763726f5ecb1326') in 0.0181696 seconds
Number of updated asset objects reloaded before import = 0Number of asset objects unloaded after import = 3

========================================================================
Received Import Request.
  Time since last request: 0.000021 seconds.
  path: Assets/Sprites/Knight Files/Effect & FireBalls/fireball_03.png
  artifactKey: Guid(f2700661ee7c30b4aa6e91848f4d4a30) Importer(2089858483,b0f066a214c2f5e87bad3c948f4d605d)
Start importing Assets/Sprites/Knight Files/Effect & FireBalls/fireball_03.png using Guid(f2700661ee7c30b4aa6e91848f4d4a30) Importer(2089858483,b0f066a214c2f5e87bad3c948f4d605d) (ScriptedImporter) -> (artifact id: '4bcc5e83243ad220222089a29eb242e0') in 0.0166726 seconds
Number of updated asset objects reloaded before import = 0Number of asset objects unloaded after import = 3

========================================================================
Received Import Request.
  Time since last request: 0.000031 seconds.
  path: Assets/Sprites/Knight Files/Knight PNG/Knight_strike_02.png
  artifactKey: Guid(921dcf3f9d644d449a7f5bfb01f2dcfb) Importer(2089858483,b0f066a214c2f5e87bad3c948f4d605d)
Start importing Assets/Sprites/Knight Files/Knight PNG/Knight_strike_02.png using Guid(921dcf3f9d644d449a7f5bfb01f2dcfb) Importer(2089858483,b0f066a214c2f5e87bad3c948f4d605d) (ScriptedImporter) -> (artifact id: '6f0cdcf3f661fcd8c8a7729d0b738907') in 0.0191 seconds
Number of updated asset objects reloaded before import = 0Number of asset objects unloaded after import = 3

========================================================================
Received Import Request.
  Time since last request: 0.000023 seconds.
  path: Assets/Projects/GravityDash/kenney_ui-pack/Sounds/switch-b.ogg
  artifactKey: Guid(92cafcab3150a4696adbc0dedd2fef30) Importer(2089858483,b0f066a214c2f5e87bad3c948f4d605d)
Start importing Assets/Projects/GravityDash/kenney_ui-pack/Sounds/switch-b.ogg using Guid(92cafcab3150a4696adbc0dedd2fef30) Importer(2089858483,b0f066a214c2f5e87bad3c948f4d605d) (ScriptedImporter) -> (artifact id: 'a0981d8780e80a28a3e2ad2596a6d7b6') in 0.0341245 seconds
Number of updated asset objects reloaded before import = 0Number of asset objects unloaded after import = 1

========================================================================
Received Import Request.
  Time since last request: 0.000031 seconds.
  path: Assets/Sprites/Knight Files/Knight PNG/Knight_walk_02.png
  artifactKey: Guid(c9c8166c52da6634eb2eaee5eb18d77a) Importer(2089858483,b0f066a214c2f5e87bad3c948f4d605d)
Start importing Assets/Sprites/Knight Files/Knight PNG/Knight_walk_02.png using Guid(c9c8166c52da6634eb2eaee5eb18d77a) Importer(2089858483,b0f066a214c2f5e87bad3c948f4d605d) (ScriptedImporter) -> (artifact id: 'aee94aacbc41a76107f3f56e6c9b9e7b') in 0.0190473 seconds
Number of updated asset objects reloaded before import = 0Number of asset objects unloaded after import = 3

========================================================================
Received Import Request.
  Time since last request: 0.000023 seconds.
  path: Assets/Projects/GravityDash/kenney_ui-pack/Sounds/tap-a.ogg
  artifactKey: Guid(501b6139165de4d8d8ad08cc354a0c9a) Importer(2089858483,b0f066a214c2f5e87bad3c948f4d605d)
Start importing Assets/Projects/GravityDash/kenney_ui-pack/Sounds/tap-a.ogg using Guid(501b6139165de4d8d8ad08cc354a0c9a) Importer(2089858483,b0f066a214c2f5e87bad3c948f4d605d) (ScriptedImporter) -> (artifact id: '0344ffd83a2ac52e91cf388ed0c050a1') in 0.0324196 seconds
Number of updated asset objects reloaded before import = 0Number of asset objects unloaded after import = 1

========================================================================
Received Import Request.
  Time since last request: 0.000107 seconds.
  path: Assets/Projects/GravityDash/kenney_new-platformer-pack-1.1/Spritesheets/spritesheet-tiles-default.png
  artifactKey: Guid(d9f7edd2d9b0542aaa49a9fd4092a23c) Importer(2089858483,b0f066a214c2f5e87bad3c948f4d605d)
Start importing Assets/Projects/GravityDash/kenney_new-platformer-pack-1.1/Spritesheets/spritesheet-tiles-default.png using Guid(d9f7edd2d9b0542aaa49a9fd4092a23c) Importer(2089858483,b0f066a214c2f5e87bad3c948f4d605d) (ScriptedImporter) -> (artifact id: 'b6fa73e76f5ccefbcffe0f274a6b9206') in 0.2497472 seconds
Number of updated asset objects reloaded before import = 0Number of asset objects unloaded after import = 316

========================================================================
Received Import Request.
  Time since last request: 0.000036 seconds.
  path: Assets/Projects/MegaSuperChallengeShot/Graphics/Cute_Birds(4 in 1)Mini/Documentation (Birds 4 in 1).txt
  artifactKey: Guid(7edff94f1c9e8d840b9de2065cff884a) Importer(2089858483,b0f066a214c2f5e87bad3c948f4d605d)
Start importing Assets/Projects/MegaSuperChallengeShot/Graphics/Cute_Birds(4 in 1)Mini/Documentation (Birds 4 in 1).txt using Guid(7edff94f1c9e8d840b9de2065cff884a) Importer(2089858483,b0f066a214c2f5e87bad3c948f4d605d) (ScriptedImporter) -> (artifact id: '500b408d1215da95df66d72decde7ece') in 0.0126304 seconds
Number of updated asset objects reloaded before import = 0Number of asset objects unloaded after import = 1

========================================================================
Received Import Request.
  Time since last request: 0.000163 seconds.
  path: Assets/Sprites/Knight Files/Effect & FireBalls/explosion_05.png
  artifactKey: Guid(82e10937dee60ac49aab93107e008888) Importer(2089858483,b0f066a214c2f5e87bad3c948f4d605d)
Start importing Assets/Sprites/Knight Files/Effect & FireBalls/explosion_05.png using Guid(82e10937dee60ac49aab93107e008888) Importer(2089858483,b0f066a214c2f5e87bad3c948f4d605d) (ScriptedImporter) -> (artifact id: 'c83313dd9684fbe683dc2cf0b5f38997') in 0.0180137 seconds
Number of updated asset objects reloaded before import = 0Number of asset objects unloaded after import = 3

========================================================================
Received Import Request.
  Time since last request: 0.000021 seconds.
  path: Assets/Projects/GravityDash/kenney_new-platformer-pack-1.1/Spritesheets/spritesheet-tiles-double.png
  artifactKey: Guid(c33ef8096217b45928bebbc6c8c4808d) Importer(2089858483,b0f066a214c2f5e87bad3c948f4d605d)
Start importing Assets/Projects/GravityDash/kenney_new-platformer-pack-1.1/Spritesheets/spritesheet-tiles-double.png using Guid(c33ef8096217b45928bebbc6c8c4808d) Importer(2089858483,b0f066a214c2f5e87bad3c948f4d605d) (ScriptedImporter) -> (artifact id: 'ed9a98973ee12978d00dbd71dedd4f44') in 0.2512754 seconds
Number of updated asset objects reloaded before import = 0Number of asset objects unloaded after import = 316

========================================================================
Received Import Request.
  Time since last request: 2.026007 seconds.
  path: Assets/Sprites/Cainos/Pixel Art Platformer - Village Props/Prefab/PF Village Props - Grass 01.prefab
  artifactKey: Guid(70e4f80265d902443a6249697d613d81) Importer(2089858483,b0f066a214c2f5e87bad3c948f4d605d)
Start importing Assets/Sprites/Cainos/Pixel Art Platformer - Village Props/Prefab/PF Village Props - Grass 01.prefab using Guid(70e4f80265d902443a6249697d613d81) Importer(2089858483,b0f066a214c2f5e87bad3c948f4d605d) (ScriptedImporter) -> (artifact id: '4f5859df458ff060e3b37960566773a1') in 0.0189387 seconds
Number of updated asset objects reloaded before import = 0Number of asset objects unloaded after import = 8

========================================================================
Received Import Request.
  Time since last request: 0.000021 seconds.
  path: Assets/Projects/GravityDash/kenney_new-platformer-pack-1.1/Vector/Enemies/fly_rest.svg
  artifactKey: Guid(7d2c25181d5274386be070833a0a8e5c) Importer(2089858483,b0f066a214c2f5e87bad3c948f4d605d)
Start importing Assets/Projects/GravityDash/kenney_new-platformer-pack-1.1/Vector/Enemies/fly_rest.svg using Guid(7d2c25181d5274386be070833a0a8e5c) Importer(2089858483,b0f066a214c2f5e87bad3c948f4d605d) (ScriptedImporter) -> (artifact id: '4663cfd63fcd201658a8d8f84dd42a11') in 0.0370504 seconds
Number of updated asset objects reloaded before import = 0Number of asset objects unloaded after import = 2

========================================================================
Received Import Request.
  Time since last request: 0.000037 seconds.
  path: Assets/Projects/GravityDash/kenney_new-platformer-pack-1.1/Vector/Characters/character_beige_walk_b.svg
  artifactKey: Guid(5f4a818812f5c42b8b9e4b643c874ff5) Importer(2089858483,b0f066a214c2f5e87bad3c948f4d605d)
Start importing Assets/Projects/GravityDash/kenney_new-platformer-pack-1.1/Vector/Characters/character_beige_walk_b.svg using Guid(5f4a818812f5c42b8b9e4b643c874ff5) Importer(2089858483,b0f066a214c2f5e87bad3c948f4d605d) (ScriptedImporter) -> (artifact id: 'f537997e94974ddc86a8bf209dd50f21') in 0.0162193 seconds
Number of updated asset objects reloaded before import = 0Number of asset objects unloaded after import = 2

========================================================================
Received Import Request.
  Time since last request: 0.000023 seconds.
  path: Assets/Sprites/Cainos/Pixel Art Platformer - Village Props/Prefab/PF Village Props - Gravestone 01.prefab
  artifactKey: Guid(050d9e84d8de61d41ac16ebab39e64a2) Importer(2089858483,b0f066a214c2f5e87bad3c948f4d605d)
Start importing Assets/Sprites/Cainos/Pixel Art Platformer - Village Props/Prefab/PF Village Props - Gravestone 01.prefab using Guid(050d9e84d8de61d41ac16ebab39e64a2) Importer(2089858483,b0f066a214c2f5e87bad3c948f4d605d) (ScriptedImporter) -> (artifact id: '639e208ab463947507dc5cc52d35c897') in 0.0171525 seconds
Number of updated asset objects reloaded before import = 0Number of asset objects unloaded after import = 8

========================================================================
Received Import Request.
  Time since last request: 0.000025 seconds.
  path: Assets/Sprites/Cainos/Pixel Art Platformer - Village Props/Prefab/TX Village Props - Kettle.prefab
  artifactKey: Guid(5dad1464d7a3246408607532834aec13) Importer(2089858483,b0f066a214c2f5e87bad3c948f4d605d)
Start importing Assets/Sprites/Cainos/Pixel Art Platformer - Village Props/Prefab/TX Village Props - Kettle.prefab using Guid(5dad1464d7a3246408607532834aec13) Importer(2089858483,b0f066a214c2f5e87bad3c948f4d605d) (ScriptedImporter) -> (artifact id: 'b3c5cec9eb02be2012c985d75893ef03') in 0.0257774 seconds
Number of updated asset objects reloaded before import = 0Number of asset objects unloaded after import = 8

========================================================================
Received Import Request.
  Time since last request: 0.000026 seconds.
  path: Assets/Projects/GravityDash/kenney_new-platformer-pack-1.1/Vector/Characters/character_beige_front.svg
  artifactKey: Guid(fd992167b4eec4c1c8bd77c28703fa08) Importer(2089858483,b0f066a214c2f5e87bad3c948f4d605d)
Start importing Assets/Projects/GravityDash/kenney_new-platformer-pack-1.1/Vector/Characters/character_beige_front.svg using Guid(fd992167b4eec4c1c8bd77c28703fa08) Importer(2089858483,b0f066a214c2f5e87bad3c948f4d605d) (ScriptedImporter) -> (artifact id: 'f91fb951cd56f61e770480af65b56709') in 0.0224427 seconds
Number of updated asset objects reloaded before import = 0Number of asset objects unloaded after import = 2

========================================================================
Received Import Request.
  Time since last request: 0.000021 seconds.
  path: Assets/Projects/GravityDash/kenney_new-platformer-pack-1.1/Vector/Characters/character_beige_idle.svg
  artifactKey: Guid(bd505bb843d394b3abae9f2d46cf3d2e) Importer(2089858483,b0f066a214c2f5e87bad3c948f4d605d)
Start importing Assets/Projects/GravityDash/kenney_new-platformer-pack-1.1/Vector/Characters/character_beige_idle.svg using Guid(bd505bb843d394b3abae9f2d46cf3d2e) Importer(2089858483,b0f066a214c2f5e87bad3c948f4d605d) (ScriptedImporter) -> (artifact id: '463d0cfc2a6b9193e007c48fe78e448e') in 0.0246335 seconds
Number of updated asset objects reloaded before import = 0Number of asset objects unloaded after import = 2

========================================================================
Received Import Request.
  Time since last request: 0.000024 seconds.
  path: Assets/Sprites/Cainos/Pixel Art Platformer - Village Props/Prefab/PF Village Props - Pot 03.prefab
  artifactKey: Guid(4d0ea86cf0ef88c4fa3ae46ee54d15d1) Importer(2089858483,b0f066a214c2f5e87bad3c948f4d605d)
Start importing Assets/Sprites/Cainos/Pixel Art Platformer - Village Props/Prefab/PF Village Props - Pot 03.prefab using Guid(4d0ea86cf0ef88c4fa3ae46ee54d15d1) Importer(2089858483,b0f066a214c2f5e87bad3c948f4d605d) (ScriptedImporter) -> (artifact id: '4e048ec295e454defdf88c0e3d54f293') in 0.0236426 seconds
Number of updated asset objects reloaded before import = 0Number of asset objects unloaded after import = 10

========================================================================
Received Import Request.
  Time since last request: 0.000024 seconds.
  path: Assets/Sprites/Cainos/Pixel Art Platformer - Village Props/Tileset Palette/TP Ground.prefab
  artifactKey: Guid(027db5ce1ff2f4142b49c3de3b59625a) Importer(2089858483,b0f066a214c2f5e87bad3c948f4d605d)
Start importing Assets/Sprites/Cainos/Pixel Art Platformer - Village Props/Tileset Palette/TP Ground.prefab using Guid(027db5ce1ff2f4142b49c3de3b59625a) Importer(2089858483,b0f066a214c2f5e87bad3c948f4d605d) (ScriptedImporter) -> (artifact id: '21d8d379ad59f12f9b9777a62e7e136a') in 0.042808 seconds
Number of updated asset objects reloaded before import = 0Number of asset objects unloaded after import = 10

========================================================================
Received Import Request.
  Time since last request: 0.000032 seconds.
  path: Assets/Sprites/Cainos/Pixel Art Platformer - Village Props/Prefab/PF Village Props - Spear.prefab
  artifactKey: Guid(b5866d78fe6dce549a3dcd007f7eaca5) Importer(2089858483,b0f066a214c2f5e87bad3c948f4d605d)
Start importing Assets/Sprites/Cainos/Pixel Art Platformer - Village Props/Prefab/PF Village Props - Spear.prefab using Guid(b5866d78fe6dce549a3dcd007f7eaca5) Importer(2089858483,b0f066a214c2f5e87bad3c948f4d605d) (ScriptedImporter) -> (artifact id: '5715f8827db725fd75b091a28af7bed3') in 0.0244674 seconds
Number of updated asset objects reloaded before import = 0Number of asset objects unloaded after import = 8

========================================================================
Received Import Request.
  Time since last request: 0.000046 seconds.
  path: Assets/Projects/GravityDash/kenney_new-platformer-pack-1.1/Vector/Backgrounds/background_fade_hills.svg
  artifactKey: Guid(e1e7e8fb066364e578d9a0f21be5c5fc) Importer(2089858483,b0f066a214c2f5e87bad3c948f4d605d)
Start importing Assets/Projects/GravityDash/kenney_new-platformer-pack-1.1/Vector/Backgrounds/background_fade_hills.svg using Guid(e1e7e8fb066364e578d9a0f21be5c5fc) Importer(2089858483,b0f066a214c2f5e87bad3c948f4d605d) (ScriptedImporter) -> (artifact id: 'f0bae9072ed0412d21d60e4fd522acee') in 0.0302283 seconds
Number of updated asset objects reloaded before import = 0Number of asset objects unloaded after import = 1

========================================================================
Received Import Request.
  Time since last request: 0.000484 seconds.
  path: Assets/Projects/GravityDash/kenney_new-platformer-pack-1.1/Vector/Enemies/slime_spike_walk_a.svg
  artifactKey: Guid(3ca0359c908d74222a638886241cadc7) Importer(2089858483,b0f066a214c2f5e87bad3c948f4d605d)
Start importing Assets/Projects/GravityDash/kenney_new-platformer-pack-1.1/Vector/Enemies/slime_spike_walk_a.svg using Guid(3ca0359c908d74222a638886241cadc7) Importer(2089858483,b0f066a214c2f5e87bad3c948f4d605d) (ScriptedImporter) -> (artifact id: '7911e10772295db3ccf3352fb889fa3f') in 0.0204382 seconds
Number of updated asset objects reloaded before import = 0Number of asset objects unloaded after import = 2

========================================================================
Received Import Request.
  Time since last request: 0.000388 seconds.
  path: Assets/Sprites/Cainos/Pixel Art Platformer - Village Props/Prefab/PF Village Props - Obstacle Platform X40.prefab
  artifactKey: Guid(19c814d7a6d59b74686e74ddb900f806) Importer(2089858483,b0f066a214c2f5e87bad3c948f4d605d)
Start importing Assets/Sprites/Cainos/Pixel Art Platformer - Village Props/Prefab/PF Village Props - Obstacle Platform X40.prefab using Guid(19c814d7a6d59b74686e74ddb900f806) Importer(2089858483,b0f066a214c2f5e87bad3c948f4d605d) (ScriptedImporter) -> (artifact id: '79f5a360323f67a2f6c09331813878b0') in 0.0229445 seconds
Number of updated asset objects reloaded before import = 0Number of asset objects unloaded after import = 9

========================================================================
Received Import Request.
  Time since last request: 0.000027 seconds.
  path: Assets/Sprites/Cainos/Pixel Art Platformer - Village Props/Prefab/PF Village Props - White Bottle.prefab
  artifactKey: Guid(af37d6137b6748f4dbfe059a86aad627) Importer(2089858483,b0f066a214c2f5e87bad3c948f4d605d)
Start importing Assets/Sprites/Cainos/Pixel Art Platformer - Village Props/Prefab/PF Village Props - White Bottle.prefab using Guid(af37d6137b6748f4dbfe059a86aad627) Importer(2089858483,b0f066a214c2f5e87bad3c948f4d605d) (ScriptedImporter) -> (artifact id: '00356d21b7dcf89ca1d651ac3727392a') in 0.0243386 seconds
Number of updated asset objects reloaded before import = 0Number of asset objects unloaded after import = 8

========================================================================
Received Import Request.
  Time since last request: 0.000029 seconds.
  path: Assets/Projects/GravityDash/kenney_new-platformer-pack-1.1/Vector/Enemies/barnacle_attack_rest.svg
  artifactKey: Guid(435342e26b42f4bc3a2d0682646fcd29) Importer(2089858483,b0f066a214c2f5e87bad3c948f4d605d)
Start importing Assets/Projects/GravityDash/kenney_new-platformer-pack-1.1/Vector/Enemies/barnacle_attack_rest.svg using Guid(435342e26b42f4bc3a2d0682646fcd29) Importer(2089858483,b0f066a214c2f5e87bad3c948f4d605d) (ScriptedImporter) -> (artifact id: '6df6151078f40d4d7436de2acdc02286') in 0.0185115 seconds
Number of updated asset objects reloaded before import = 0Number of asset objects unloaded after import = 1

========================================================================
Received Import Request.
  Time since last request: 0.000045 seconds.
  path: Assets/Sprites/Cainos/Pixel Art Platformer - Village Props/Prefab/PF Village Props - Stairs X32.prefab
  artifactKey: Guid(16a652d6d18817e4e8c0a8a7fd59d143) Importer(2089858483,b0f066a214c2f5e87bad3c948f4d605d)
Start importing Assets/Sprites/Cainos/Pixel Art Platformer - Village Props/Prefab/PF Village Props - Stairs X32.prefab using Guid(16a652d6d18817e4e8c0a8a7fd59d143) Importer(2089858483,b0f066a214c2f5e87bad3c948f4d605d) (ScriptedImporter) -> (artifact id: '80e40dd3df41ed387b39c421b0a83d0e') in 0.0400238 seconds
Number of updated asset objects reloaded before import = 0Number of asset objects unloaded after import = 11

========================================================================
Received Import Request.
  Time since last request: 0.000052 seconds.
  path: Assets/Sprites/Cainos/Pixel Art Platformer - Village Props/Prefab/PF Village Props - Platform 01 L X1.prefab
  artifactKey: Guid(35ff5f2cc18840a4ca4ecf97ed2779c2) Importer(2089858483,b0f066a214c2f5e87bad3c948f4d605d)
Start importing Assets/Sprites/Cainos/Pixel Art Platformer - Village Props/Prefab/PF Village Props - Platform 01 L X1.prefab using Guid(35ff5f2cc18840a4ca4ecf97ed2779c2) Importer(2089858483,b0f066a214c2f5e87bad3c948f4d605d) (ScriptedImporter) -> (artifact id: '5a7f9a5a7f81512e11501a445857387b') in 0.0299953 seconds
Number of updated asset objects reloaded before import = 0Number of asset objects unloaded after import = 10

========================================================================
Received Import Request.
  Time since last request: 0.000052 seconds.
  path: Assets/Sprites/Cainos/Pixel Art Platformer - Village Props/Prefab/PF Village Props - Platform 02 X2.prefab
  artifactKey: Guid(a1f406e4f35f14141ad484be5b60197b) Importer(2089858483,b0f066a214c2f5e87bad3c948f4d605d)
Start importing Assets/Sprites/Cainos/Pixel Art Platformer - Village Props/Prefab/PF Village Props - Platform 02 X2.prefab using Guid(a1f406e4f35f14141ad484be5b60197b) Importer(2089858483,b0f066a214c2f5e87bad3c948f4d605d) (ScriptedImporter) -> (artifact id: '0e7a9cb2a0419361d5e9e7981322e128') in 0.0300884 seconds
Number of updated asset objects reloaded before import = 0Number of asset objects unloaded after import = 16

========================================================================
Received Import Request.
  Time since last request: 0.000036 seconds.
  path: Assets/Sprites/Cainos/Pixel Art Platformer - Village Props/Prefab/PF Village Props - Obstacle Platform X16.prefab
  artifactKey: Guid(419378b134eda754c9a1e3bbae048765) Importer(2089858483,b0f066a214c2f5e87bad3c948f4d605d)
Start importing Assets/Sprites/Cainos/Pixel Art Platformer - Village Props/Prefab/PF Village Props - Obstacle Platform X16.prefab using Guid(419378b134eda754c9a1e3bbae048765) Importer(2089858483,b0f066a214c2f5e87bad3c948f4d605d) (ScriptedImporter) -> (artifact id: '6121e96554d5dea6e9c581ca8ea12b8a') in 0.0286182 seconds
Number of updated asset objects reloaded before import = 0Number of asset objects unloaded after import = 9

========================================================================
Received Import Request.
  Time since last request: 0.000022 seconds.
  path: Assets/Sprites/Cainos/Pixel Art Platformer - Village Props/Prefab/PF Village Props - Wheelbarrow.prefab
  artifactKey: Guid(4c09aa47d6e0e954f899cb8efe5a6816) Importer(2089858483,b0f066a214c2f5e87bad3c948f4d605d)
Start importing Assets/Sprites/Cainos/Pixel Art Platformer - Village Props/Prefab/PF Village Props - Wheelbarrow.prefab using Guid(4c09aa47d6e0e954f899cb8efe5a6816) Importer(2089858483,b0f066a214c2f5e87bad3c948f4d605d) (ScriptedImporter) -> (artifact id: 'fd2d88b21d4e8c794deb4108c3fd8753') in 0.0196704 seconds
Number of updated asset objects reloaded before import = 0Number of asset objects unloaded after import = 19

========================================================================
Received Import Request.
  Time since last request: 0.000033 seconds.
  path: Assets/Projects/GravityDash/kenney_new-platformer-pack-1.1/Vector/Characters/character_purple_hit.svg
  artifactKey: Guid(9583c4b6197074a4ba9feba331f08f2c) Importer(2089858483,b0f066a214c2f5e87bad3c948f4d605d)
Start importing Assets/Projects/GravityDash/kenney_new-platformer-pack-1.1/Vector/Characters/character_purple_hit.svg using Guid(9583c4b6197074a4ba9feba331f08f2c) Importer(2089858483,b0f066a214c2f5e87bad3c948f4d605d) (ScriptedImporter) -> (artifact id: '243436c471f00e687ce51ddd51f0e87c') in 0.0214252 seconds
Number of updated asset objects reloaded before import = 0Number of asset objects unloaded after import = 2

========================================================================
Received Import Request.
  Time since last request: 0.000023 seconds.
  path: Assets/Projects/GravityDash/kenney_new-platformer-pack-1.1/Vector/Enemies/slime_fire_flat.svg
  artifactKey: Guid(79b35e678edfb4e6789262f4863bc44e) Importer(2089858483,b0f066a214c2f5e87bad3c948f4d605d)
Start importing Assets/Projects/GravityDash/kenney_new-platformer-pack-1.1/Vector/Enemies/slime_fire_flat.svg using Guid(79b35e678edfb4e6789262f4863bc44e) Importer(2089858483,b0f066a214c2f5e87bad3c948f4d605d) (ScriptedImporter) -> (artifact id: '79f2721977618b2bbde3d35af8365c71') in 0.0208595 seconds
Number of updated asset objects reloaded before import = 0Number of asset objects unloaded after import = 2

========================================================================
Received Import Request.
  Time since last request: 0.000022 seconds.
  path: Assets/Sprites/Cainos/Third Party/Lucid Editor/License.txt
  artifactKey: Guid(00866a6e9303e234a98e8ea3dfb1d6e5) Importer(2089858483,b0f066a214c2f5e87bad3c948f4d605d)
Start importing Assets/Sprites/Cainos/Third Party/Lucid Editor/License.txt using Guid(00866a6e9303e234a98e8ea3dfb1d6e5) Importer(2089858483,b0f066a214c2f5e87bad3c948f4d605d) (ScriptedImporter) -> (artifact id: 'fe8b146fafe9a145b23e292f29c48540') in 0.012506 seconds
Number of updated asset objects reloaded before import = 0Number of asset objects unloaded after import = 1

========================================================================
Received Import Request.
  Time since last request: 0.000029 seconds.
  path: Assets/Projects/GravityDash/kenney_new-platformer-pack-1.1/Vector/Enemies/slime_normal_flat.svg
  artifactKey: Guid(dc8d9068b04764d558001d8432d42346) Importer(2089858483,b0f066a214c2f5e87bad3c948f4d605d)
Start importing Assets/Projects/GravityDash/kenney_new-platformer-pack-1.1/Vector/Enemies/slime_normal_flat.svg using Guid(dc8d9068b04764d558001d8432d42346) Importer(2089858483,b0f066a214c2f5e87bad3c948f4d605d) (ScriptedImporter) -> (artifact id: '3f9e860a8971cc8c48930e939b275d3c') in 0.016068 seconds
Number of updated asset objects reloaded before import = 0Number of asset objects unloaded after import = 1

========================================================================
Received Import Request.
  Time since last request: 0.000042 seconds.
  path: Assets/Sprites/Cainos/Pixel Art Platformer - Village Props/Prefab/PF Village Props - Gunny Bag 01.prefab
  artifactKey: Guid(c223d1574bec3184c97d31eaf1406178) Importer(2089858483,b0f066a214c2f5e87bad3c948f4d605d)
Start importing Assets/Sprites/Cainos/Pixel Art Platformer - Village Props/Prefab/PF Village Props - Gunny Bag 01.prefab using Guid(c223d1574bec3184c97d31eaf1406178) Importer(2089858483,b0f066a214c2f5e87bad3c948f4d605d) (ScriptedImporter) -> (artifact id: '59316029d300489e0653808101538afe') in 0.0204405 seconds
Number of updated asset objects reloaded before import = 0Number of asset objects unloaded after import = 8

========================================================================
Received Import Request.
  Time since last request: 0.000030 seconds.
  path: Assets/Projects/GravityDash/kenney_new-platformer-pack-1.1/Vector/Enemies/slime_spike_walk_b.svg
  artifactKey: Guid(27c6b9965c222461d9df75de4d58c4ae) Importer(2089858483,b0f066a214c2f5e87bad3c948f4d605d)
Start importing Assets/Projects/GravityDash/kenney_new-platformer-pack-1.1/Vector/Enemies/slime_spike_walk_b.svg using Guid(27c6b9965c222461d9df75de4d58c4ae) Importer(2089858483,b0f066a214c2f5e87bad3c948f4d605d) (ScriptedImporter) -> (artifact id: '2ffcee2a0280a44e2cfc542992fbb0a1') in 0.0204967 seconds
Number of updated asset objects reloaded before import = 0Number of asset objects unloaded after import = 2

========================================================================
Received Import Request.
  Time since last request: 0.000036 seconds.
  path: Assets/Projects/GravityDash/kenney_new-platformer-pack-1.1/Vector/Enemies/ladybug_walk_a.svg
  artifactKey: Guid(381cc4c941a174e58b71e520cac51169) Importer(2089858483,b0f066a214c2f5e87bad3c948f4d605d)
Start importing Assets/Projects/GravityDash/kenney_new-platformer-pack-1.1/Vector/Enemies/ladybug_walk_a.svg using Guid(381cc4c941a174e58b71e520cac51169) Importer(2089858483,b0f066a214c2f5e87bad3c948f4d605d) (ScriptedImporter) -> (artifact id: '34a80cdb62f667f4636f834d5099d51d') in 0.017884 seconds
Number of updated asset objects reloaded before import = 0Number of asset objects unloaded after import = 1

========================================================================
Received Import Request.
  Time since last request: 0.000070 seconds.
  path: Assets/Sprites/Cainos/Pixel Art Platformer - Village Props/Scene/SC Demo Scene - Village Props.unity
  artifactKey: Guid(104b0d14871d44f4881963af94f49350) Importer(2089858483,b0f066a214c2f5e87bad3c948f4d605d)
Start importing Assets/Sprites/Cainos/Pixel Art Platformer - Village Props/Scene/SC Demo Scene - Village Props.unity using Guid(104b0d14871d44f4881963af94f49350) Importer(2089858483,b0f066a214c2f5e87bad3c948f4d605d) (ScriptedImporter) -> (artifact id: '639633597a334c709b9faf081feb4a6c') in 0.0338023 seconds
Number of updated asset objects reloaded before import = 0Number of asset objects unloaded after import = 1

========================================================================
Received Import Request.
  Time since last request: 0.000124 seconds.
  path: Assets/Projects/GravityDash/kenney_new-platformer-pack-1.1/Vector/Characters/character_pink_climb_a.svg
  artifactKey: Guid(f82d80f99e8704291847a72c607a2c69) Importer(2089858483,b0f066a214c2f5e87bad3c948f4d605d)
Start importing Assets/Projects/GravityDash/kenney_new-platformer-pack-1.1/Vector/Characters/character_pink_climb_a.svg using Guid(f82d80f99e8704291847a72c607a2c69) Importer(2089858483,b0f066a214c2f5e87bad3c948f4d605d) (ScriptedImporter) -> (artifact id: '31fdd38b03a75969d0369e9cb7d1371b') in 0.0198652 seconds
Number of updated asset objects reloaded before import = 0Number of asset objects unloaded after import = 2

========================================================================
Received Import Request.
  Time since last request: 0.000026 seconds.
  path: Assets/Projects/GravityDash/kenney_new-platformer-pack-1.1/Vector/Enemies/saw_a.svg
  artifactKey: Guid(42cdea89743064cb9b7df97bc8a8c096) Importer(2089858483,b0f066a214c2f5e87bad3c948f4d605d)
Start importing Assets/Projects/GravityDash/kenney_new-platformer-pack-1.1/Vector/Enemies/saw_a.svg using Guid(42cdea89743064cb9b7df97bc8a8c096) Importer(2089858483,b0f066a214c2f5e87bad3c948f4d605d) (ScriptedImporter) -> (artifact id: '9c35ab9805b1da73cbd3d26f03b6c221') in 0.0186938 seconds
Number of updated asset objects reloaded before import = 0Number of asset objects unloaded after import = 1

========================================================================
Received Import Request.
  Time since last request: 0.000105 seconds.
  path: Assets/Sprites/Cainos/Pixel Art Platformer - Village Props/Prefab/PF Village Props - Road Sign 02.prefab
  artifactKey: Guid(05d871b9365825b4ca356e1345739ee2) Importer(2089858483,b0f066a214c2f5e87bad3c948f4d605d)
Start importing Assets/Sprites/Cainos/Pixel Art Platformer - Village Props/Prefab/PF Village Props - Road Sign 02.prefab using Guid(05d871b9365825b4ca356e1345739ee2) Importer(2089858483,b0f066a214c2f5e87bad3c948f4d605d) (ScriptedImporter) -> (artifact id: '525e7430d940cd6dde6c04ca2efb2c67') in 0.0229311 seconds
Number of updated asset objects reloaded before import = 0Number of asset objects unloaded after import = 16

========================================================================
Received Import Request.
  Time since last request: 0.000029 seconds.
  path: Assets/Sprites/Cainos/Pixel Art Platformer - Village Props/Prefab/PF Village Props - Grass 05.prefab
  artifactKey: Guid(72a905bcc22e3e443be6f48bfb173c00) Importer(2089858483,b0f066a214c2f5e87bad3c948f4d605d)
Start importing Assets/Sprites/Cainos/Pixel Art Platformer - Village Props/Prefab/PF Village Props - Grass 05.prefab using Guid(72a905bcc22e3e443be6f48bfb173c00) Importer(2089858483,b0f066a214c2f5e87bad3c948f4d605d) (ScriptedImporter) -> (artifact id: 'c6eab63d70a1764625ef58e6dc573862') in 0.0215631 seconds
Number of updated asset objects reloaded before import = 0Number of asset objects unloaded after import = 8

========================================================================
Received Import Request.
  Time since last request: 0.000060 seconds.
  path: Assets/Sprites/Cainos/Pixel Art Platformer - Village Props/Prefab/PF Village Props - Wood Logs.prefab
  artifactKey: Guid(d0bde9a42898be64ab7372c560194d8d) Importer(2089858483,b0f066a214c2f5e87bad3c948f4d605d)
Start importing Assets/Sprites/Cainos/Pixel Art Platformer - Village Props/Prefab/PF Village Props - Wood Logs.prefab using Guid(d0bde9a42898be64ab7372c560194d8d) Importer(2089858483,b0f066a214c2f5e87bad3c948f4d605d) (ScriptedImporter) -> (artifact id: 'ae92cca0f8d49bdeff4ca2a3fed1a84e') in 0.0211679 seconds
Number of updated asset objects reloaded before import = 0Number of asset objects unloaded after import = 8

========================================================================
Received Import Request.
  Time since last request: 0.000044 seconds.
  path: Assets/Projects/GravityDash/kenney_new-platformer-pack-1.1/Vector/Backgrounds/background_color_trees.svg
  artifactKey: Guid(ed5aaa3b0a55c4f2b80131400d8ddfbf) Importer(2089858483,b0f066a214c2f5e87bad3c948f4d605d)
Start importing Assets/Projects/GravityDash/kenney_new-platformer-pack-1.1/Vector/Backgrounds/background_color_trees.svg using Guid(ed5aaa3b0a55c4f2b80131400d8ddfbf) Importer(2089858483,b0f066a214c2f5e87bad3c948f4d605d) (ScriptedImporter) -> (artifact id: 'f45652075bb5bb5e9003f939b1bee10e') in 0.0190473 seconds
Number of updated asset objects reloaded before import = 0Number of asset objects unloaded after import = 1

========================================================================
Received Import Request.
  Time since last request: 0.000155 seconds.
  path: Assets/Sprites/Cainos/Pixel Art Platformer - Village Props/Prefab/PF Village Props - Grass 09.prefab
  artifactKey: Guid(0cadafc44435d2649b8aa171d49f61d6) Importer(2089858483,b0f066a214c2f5e87bad3c948f4d605d)
Start importing Assets/Sprites/Cainos/Pixel Art Platformer - Village Props/Prefab/PF Village Props - Grass 09.prefab using Guid(0cadafc44435d2649b8aa171d49f61d6) Importer(2089858483,b0f066a214c2f5e87bad3c948f4d605d) (ScriptedImporter) -> (artifact id: '2f91b1b3479cbd3a3afe2e7ebe4e8b54') in 0.0212686 seconds
Number of updated asset objects reloaded before import = 0Number of asset objects unloaded after import = 8

========================================================================
Received Import Request.
  Time since last request: 0.000023 seconds.
  path: Assets/Projects/GravityDash/kenney_new-platformer-pack-1.1/Vector/Enemies/slime_normal_walk_b.svg
  artifactKey: Guid(5ee63c7d3329b447a852c3f8d2480e51) Importer(2089858483,b0f066a214c2f5e87bad3c948f4d605d)
Start importing Assets/Projects/GravityDash/kenney_new-platformer-pack-1.1/Vector/Enemies/slime_normal_walk_b.svg using Guid(5ee63c7d3329b447a852c3f8d2480e51) Importer(2089858483,b0f066a214c2f5e87bad3c948f4d605d) (ScriptedImporter) -> (artifact id: 'ff69a0f3d8ec83f179290feb2e0ee4ad') in 0.0216263 seconds
Number of updated asset objects reloaded before import = 0Number of asset objects unloaded after import = 1

========================================================================
Received Import Request.
  Time since last request: 0.000061 seconds.
  path: Assets/Projects/GravityDash/kenney_new-platformer-pack-1.1/Vector/Characters/character_purple_front.svg
  artifactKey: Guid(9a56efefb0189419381349bb7e0877b6) Importer(2089858483,b0f066a214c2f5e87bad3c948f4d605d)
Start importing Assets/Projects/GravityDash/kenney_new-platformer-pack-1.1/Vector/Characters/character_purple_front.svg using Guid(9a56efefb0189419381349bb7e0877b6) Importer(2089858483,b0f066a214c2f5e87bad3c948f4d605d) (ScriptedImporter) -> (artifact id: 'aa0945ae27306eccd965587da1a97611') in 0.0193311 seconds
Number of updated asset objects reloaded before import = 0Number of asset objects unloaded after import = 2

========================================================================
Received Import Request.
  Time since last request: 0.000023 seconds.
  path: Assets/Projects/GravityDash/kenney_new-platformer-pack-1.1/Vector/Backgrounds/background_color_desert.svg
  artifactKey: Guid(0979909d2e93744b79c8e37dc51583bb) Importer(2089858483,b0f066a214c2f5e87bad3c948f4d605d)
Start importing Assets/Projects/GravityDash/kenney_new-platformer-pack-1.1/Vector/Backgrounds/background_color_desert.svg using Guid(0979909d2e93744b79c8e37dc51583bb) Importer(2089858483,b0f066a214c2f5e87bad3c948f4d605d) (ScriptedImporter) -> (artifact id: 'a73f141bc72a8fba0ff8aae1d197b6e9') in 0.0207593 seconds
Number of updated asset objects reloaded before import = 0Number of asset objects unloaded after import = 1

========================================================================
Received Import Request.
  Time since last request: 0.000117 seconds.
  path: Assets/Projects/GravityDash/kenney_new-platformer-pack-1.1/Vector/Enemies/barnacle_attack_a.svg
  artifactKey: Guid(0a62977eec2e749609ddf589c2b01d19) Importer(2089858483,b0f066a214c2f5e87bad3c948f4d605d)
Start importing Assets/Projects/GravityDash/kenney_new-platformer-pack-1.1/Vector/Enemies/barnacle_attack_a.svg using Guid(0a62977eec2e749609ddf589c2b01d19) Importer(2089858483,b0f066a214c2f5e87bad3c948f4d605d) (ScriptedImporter) -> (artifact id: 'b0f988455cf7df0d927c4b56fae0258f') in 0.0185558 seconds
Number of updated asset objects reloaded before import = 0Number of asset objects unloaded after import = 1

========================================================================
Received Import Request.
  Time since last request: 0.000035 seconds.
  path: Assets/Projects/GravityDash/kenney_new-platformer-pack-1.1/Vector/Characters/character_green_climb_b.svg
  artifactKey: Guid(e02d57b5288a94aba846e9e15d1ae911) Importer(2089858483,b0f066a214c2f5e87bad3c948f4d605d)
Start importing Assets/Projects/GravityDash/kenney_new-platformer-pack-1.1/Vector/Characters/character_green_climb_b.svg using Guid(e02d57b5288a94aba846e9e15d1ae911) Importer(2089858483,b0f066a214c2f5e87bad3c948f4d605d) (ScriptedImporter) -> (artifact id: 'c0cbd7a1ff1b5987b4418af961421167') in 0.0220761 seconds
Number of updated asset objects reloaded before import = 0Number of asset objects unloaded after import = 2

========================================================================
Received Import Request.
  Time since last request: 0.000039 seconds.
  path: Assets/Sprites/Cainos/Pixel Art Platformer - Village Props/Prefab/PF Village Props - Sunflower 01.prefab
  artifactKey: Guid(295bb10ead83a4d44b8a1398a7f16c99) Importer(2089858483,b0f066a214c2f5e87bad3c948f4d605d)
Start importing Assets/Sprites/Cainos/Pixel Art Platformer - Village Props/Prefab/PF Village Props - Sunflower 01.prefab using Guid(295bb10ead83a4d44b8a1398a7f16c99) Importer(2089858483,b0f066a214c2f5e87bad3c948f4d605d) (ScriptedImporter) -> (artifact id: 'c755895daef90d6b68fe490d424021d1') in 0.0236783 seconds
Number of updated asset objects reloaded before import = 0Number of asset objects unloaded after import = 8

========================================================================
Received Import Request.
  Time since last request: 0.000025 seconds.
  path: Assets/Sprites/Cainos/Pixel Art Platformer - Village Props/Prefab/PF Village Props - Grass 06.prefab
  artifactKey: Guid(ed925410cd097664ea4b9e3e758f02a4) Importer(2089858483,b0f066a214c2f5e87bad3c948f4d605d)
Start importing Assets/Sprites/Cainos/Pixel Art Platformer - Village Props/Prefab/PF Village Props - Grass 06.prefab using Guid(ed925410cd097664ea4b9e3e758f02a4) Importer(2089858483,b0f066a214c2f5e87bad3c948f4d605d) (ScriptedImporter) -> (artifact id: '9cfec255e986e2e136c3b162ddbbb59a') in 0.0217914 seconds
Number of updated asset objects reloaded before import = 0Number of asset objects unloaded after import = 8

========================================================================
Received Import Request.
  Time since last request: 0.000028 seconds.
  path: Assets/Sprites/Cainos/Pixel Art Platformer - Village Props/Prefab/PF Village Props - Pot 01.prefab
  artifactKey: Guid(78c0f168d9274124eaeedea139301a44) Importer(2089858483,b0f066a214c2f5e87bad3c948f4d605d)
Start importing Assets/Sprites/Cainos/Pixel Art Platformer - Village Props/Prefab/PF Village Props - Pot 01.prefab using Guid(78c0f168d9274124eaeedea139301a44) Importer(2089858483,b0f066a214c2f5e87bad3c948f4d605d) (ScriptedImporter) -> (artifact id: '47b8434b44471527f21f7f3ae01cb035') in 0.0259078 seconds
Number of updated asset objects reloaded before import = 0Number of asset objects unloaded after import = 10

========================================================================
Received Import Request.
  Time since last request: 0.000026 seconds.
  path: Assets/Projects/GravityDash/kenney_new-platformer-pack-1.1/Vector/Characters/character_yellow_hit.svg
  artifactKey: Guid(3ab7f9abd258b4621921d1b9cc702831) Importer(2089858483,b0f066a214c2f5e87bad3c948f4d605d)
Start importing Assets/Projects/GravityDash/kenney_new-platformer-pack-1.1/Vector/Characters/character_yellow_hit.svg using Guid(3ab7f9abd258b4621921d1b9cc702831) Importer(2089858483,b0f066a214c2f5e87bad3c948f4d605d) (ScriptedImporter) -> (artifact id: '67da6a8bc009fc2fb99e547071a998ae') in 0.0250711 seconds
Number of updated asset objects reloaded before import = 0Number of asset objects unloaded after import = 2

========================================================================
Received Import Request.
  Time since last request: 0.000063 seconds.
  path: Assets/Sprites/Cainos/Pixel Art Platformer - Village Props/Prefab/PF Village Props - Gravestone 02.prefab
  artifactKey: Guid(f39426a001c71d84999be2ee63c7d322) Importer(2089858483,b0f066a214c2f5e87bad3c948f4d605d)
Start importing Assets/Sprites/Cainos/Pixel Art Platformer - Village Props/Prefab/PF Village Props - Gravestone 02.prefab using Guid(f39426a001c71d84999be2ee63c7d322) Importer(2089858483,b0f066a214c2f5e87bad3c948f4d605d) (ScriptedImporter) -> (artifact id: 'cf88fd12af2183006302f3ccfef59256') in 0.0218266 seconds
Number of updated asset objects reloaded before import = 0Number of asset objects unloaded after import = 8

========================================================================
Received Import Request.
  Time since last request: 0.000035 seconds.
  path: Assets/Sprites/Cainos/Pixel Art Platformer - Village Props/Prefab/PF Village Props - Well.prefab
  artifactKey: Guid(d39672cc18ccd9545840277c51264e6f) Importer(2089858483,b0f066a214c2f5e87bad3c948f4d605d)
Start importing Assets/Sprites/Cainos/Pixel Art Platformer - Village Props/Prefab/PF Village Props - Well.prefab using Guid(d39672cc18ccd9545840277c51264e6f) Importer(2089858483,b0f066a214c2f5e87bad3c948f4d605d) (ScriptedImporter) -> (artifact id: '494ae37c0417b320794dc583bc3b7ace') in 0.0202795 seconds
Number of updated asset objects reloaded before import = 0Number of asset objects unloaded after import = 8

========================================================================
Received Import Request.
  Time since last request: 1.423803 seconds.
  path: Assets/Projects/GravityDash/kenney_new-platformer-pack-1.1/Vector/Tiles/block_coin_active.svg
  artifactKey: Guid(c42ce70dc7b204ad78b541e8261d1998) Importer(2089858483,b0f066a214c2f5e87bad3c948f4d605d)
Start importing Assets/Projects/GravityDash/kenney_new-platformer-pack-1.1/Vector/Tiles/block_coin_active.svg using Guid(c42ce70dc7b204ad78b541e8261d1998) Importer(2089858483,b0f066a214c2f5e87bad3c948f4d605d) (ScriptedImporter) -> (artifact id: 'a10c44c8107b76bf880dea108b921dde') in 0.0192242 seconds
Number of updated asset objects reloaded before import = 0Number of asset objects unloaded after import = 1

========================================================================
Received Import Request.
  Time since last request: 0.000040 seconds.
  path: Assets/Projects/GravityDash/kenney_new-platformer-pack-1.1/Vector/Tiles/star.svg
  artifactKey: Guid(ce78a353e473b4e8b99166c1cf563cd2) Importer(2089858483,b0f066a214c2f5e87bad3c948f4d605d)
Start importing Assets/Projects/GravityDash/kenney_new-platformer-pack-1.1/Vector/Tiles/star.svg using Guid(ce78a353e473b4e8b99166c1cf563cd2) Importer(2089858483,b0f066a214c2f5e87bad3c948f4d605d) (ScriptedImporter) -> (artifact id: 'c7582c7648c81bdafa06656e02d2acff') in 0.0252406 seconds
Number of updated asset objects reloaded before import = 0Number of asset objects unloaded after import = 2

========================================================================
Received Import Request.
  Time since last request: 0.000027 seconds.
  path: Assets/Projects/GravityDash/kenney_new-platformer-pack-1.1/Vector/Tiles/gem_yellow.svg
  artifactKey: Guid(456592822fbd747e49cff66981d4e6d3) Importer(2089858483,b0f066a214c2f5e87bad3c948f4d605d)
Start importing Assets/Projects/GravityDash/kenney_new-platformer-pack-1.1/Vector/Tiles/gem_yellow.svg using Guid(456592822fbd747e49cff66981d4e6d3) Importer(2089858483,b0f066a214c2f5e87bad3c948f4d605d) (ScriptedImporter) -> (artifact id: '3385a4e39239039a79dcfe34214d8d12') in 0.0163908 seconds
Number of updated asset objects reloaded before import = 0Number of asset objects unloaded after import = 2

========================================================================
Received Import Request.
  Time since last request: 0.000058 seconds.
  path: Assets/Projects/GravityDash/kenney_new-platformer-pack-1.1/Vector/Tiles/gem_green.svg
  artifactKey: Guid(06f53ffe924f147f39d8e7b66abaef49) Importer(2089858483,b0f066a214c2f5e87bad3c948f4d605d)
Start importing Assets/Projects/GravityDash/kenney_new-platformer-pack-1.1/Vector/Tiles/gem_green.svg using Guid(06f53ffe924f147f39d8e7b66abaef49) Importer(2089858483,b0f066a214c2f5e87bad3c948f4d605d) (ScriptedImporter) -> (artifact id: '7f53143052cce8719db5d63ee1e4edf4') in 0.0149695 seconds
Number of updated asset objects reloaded before import = 0Number of asset objects unloaded after import = 2

========================================================================
Received Import Request.
  Time since last request: 0.000020 seconds.
  path: Assets/Projects/GravityDash/kenney_new-platformer-pack-1.1/Vector/Tiles/terrain_purple_block_center.svg
  artifactKey: Guid(798bfab99dfd549728c3b3e530dd3b76) Importer(2089858483,b0f066a214c2f5e87bad3c948f4d605d)
Start importing Assets/Projects/GravityDash/kenney_new-platformer-pack-1.1/Vector/Tiles/terrain_purple_block_center.svg using Guid(798bfab99dfd549728c3b3e530dd3b76) Importer(2089858483,b0f066a214c2f5e87bad3c948f4d605d) (ScriptedImporter) -> (artifact id: '70db6bcdb870e2c681b5cd3a9a836fc1') in 0.0143624 seconds
Number of updated asset objects reloaded before import = 0Number of asset objects unloaded after import = 1

========================================================================
Received Import Request.
  Time since last request: 0.000020 seconds.
  path: Assets/Projects/GravityDash/kenney_new-platformer-pack-1.1/Vector/Tiles/flag_blue_a.svg
  artifactKey: Guid(4bf431e53792b42a284de6178ffad046) Importer(2089858483,b0f066a214c2f5e87bad3c948f4d605d)
Start importing Assets/Projects/GravityDash/kenney_new-platformer-pack-1.1/Vector/Tiles/flag_blue_a.svg using Guid(4bf431e53792b42a284de6178ffad046) Importer(2089858483,b0f066a214c2f5e87bad3c948f4d605d) (ScriptedImporter) -> (artifact id: '4efaeea56fa30ce869ba8e890d06ebb6') in 0.0177803 seconds
Number of updated asset objects reloaded before import = 0Number of asset objects unloaded after import = 2

========================================================================
Received Import Request.
  Time since last request: 0.000022 seconds.
  path: Assets/Projects/GravityDash/kenney_new-platformer-pack-1.1/Vector/Tiles/block_exclamation_active.svg
  artifactKey: Guid(ecbfc253ec9f647afa322203001f693b) Importer(2089858483,b0f066a214c2f5e87bad3c948f4d605d)
Start importing Assets/Projects/GravityDash/kenney_new-platformer-pack-1.1/Vector/Tiles/block_exclamation_active.svg using Guid(ecbfc253ec9f647afa322203001f693b) Importer(2089858483,b0f066a214c2f5e87bad3c948f4d605d) (ScriptedImporter) -> (artifact id: '7d919ab623e5a247741fc8afc01060bf') in 0.0206281 seconds
Number of updated asset objects reloaded before import = 0Number of asset objects unloaded after import = 1

========================================================================
Received Import Request.
  Time since last request: 0.000105 seconds.
  path: Assets/Projects/GravityDash/kenney_new-platformer-pack-1.1/Vector/Tiles/hud_character_9.svg
  artifactKey: Guid(e688350c723a845728bfa346fcf10397) Importer(2089858483,b0f066a214c2f5e87bad3c948f4d605d)
Start importing Assets/Projects/GravityDash/kenney_new-platformer-pack-1.1/Vector/Tiles/hud_character_9.svg using Guid(e688350c723a845728bfa346fcf10397) Importer(2089858483,b0f066a214c2f5e87bad3c948f4d605d) (ScriptedImporter) -> (artifact id: '0630af1847c22165f2466923b380e1a4') in 0.0165915 seconds
Number of updated asset objects reloaded before import = 0Number of asset objects unloaded after import = 1

========================================================================
Received Import Request.
  Time since last request: 0.000052 seconds.
  path: Assets/Projects/GravityDash/kenney_new-platformer-pack-1.1/Vector/Tiles/hud_player_pink.svg
  artifactKey: Guid(8623538a2ff054dea84495b07eff6f91) Importer(2089858483,b0f066a214c2f5e87bad3c948f4d605d)
Start importing Assets/Projects/GravityDash/kenney_new-platformer-pack-1.1/Vector/Tiles/hud_player_pink.svg using Guid(8623538a2ff054dea84495b07eff6f91) Importer(2089858483,b0f066a214c2f5e87bad3c948f4d605d) (ScriptedImporter) -> (artifact id: 'bd2a01c9c12b801f51268c7a0b743d26') in 0.015558 seconds
Number of updated asset objects reloaded before import = 0Number of asset objects unloaded after import = 1

========================================================================
Received Import Request.
  Time since last request: 0.000070 seconds.
  path: Assets/Projects/GravityDash/kenney_new-platformer-pack-1.1/Vector/Tiles/terrain_purple_vertical_middle.svg
  artifactKey: Guid(35de7c7131cf140b384dfc8f7dc27fdd) Importer(2089858483,b0f066a214c2f5e87bad3c948f4d605d)
Start importing Assets/Projects/GravityDash/kenney_new-platformer-pack-1.1/Vector/Tiles/terrain_purple_vertical_middle.svg using Guid(35de7c7131cf140b384dfc8f7dc27fdd) Importer(2089858483,b0f066a214c2f5e87bad3c948f4d605d) (ScriptedImporter) -> (artifact id: '1186137711295973a2d3b97aab50b4e3') in 0.0172467 seconds
Number of updated asset objects reloaded before import = 0Number of asset objects unloaded after import = 1

========================================================================
Received Import Request.
  Time since last request: 0.000229 seconds.
  path: Assets/Projects/GravityDash/kenney_new-platformer-pack-1.1/Vector/Tiles/bricks_brown.svg
  artifactKey: Guid(ecc59ba6ffa2d4255b927e7278ab0ce0) Importer(2089858483,b0f066a214c2f5e87bad3c948f4d605d)
Start importing Assets/Projects/GravityDash/kenney_new-platformer-pack-1.1/Vector/Tiles/bricks_brown.svg using Guid(ecc59ba6ffa2d4255b927e7278ab0ce0) Importer(2089858483,b0f066a214c2f5e87bad3c948f4d605d) (ScriptedImporter) -> (artifact id: 'bf8d6d9048be29f3a16108f774b6d49d') in 0.0186274 seconds
Number of updated asset objects reloaded before import = 0Number of asset objects unloaded after import = 1

========================================================================
Received Import Request.
  Time since last request: 0.000028 seconds.
  path: Assets/Projects/GravityDash/kenney_new-platformer-pack-1.1/Vector/Tiles/terrain_purple_vertical_bottom.svg
  artifactKey: Guid(fb5ff27b64d234b6ca21fe01cf67593c) Importer(2089858483,b0f066a214c2f5e87bad3c948f4d605d)
Start importing Assets/Projects/GravityDash/kenney_new-platformer-pack-1.1/Vector/Tiles/terrain_purple_vertical_bottom.svg using Guid(fb5ff27b64d234b6ca21fe01cf67593c) Importer(2089858483,b0f066a214c2f5e87bad3c948f4d605d) (ScriptedImporter) -> (artifact id: 'ff28f60ab182ad450e729c9c1a86054b') in 0.0160373 seconds
Number of updated asset objects reloaded before import = 0Number of asset objects unloaded after import = 1

========================================================================
Received Import Request.
  Time since last request: 0.000072 seconds.
  path: Assets/Projects/GravityDash/kenney_new-platformer-pack-1.1/Vector/Tiles/switch_green_pressed.svg
  artifactKey: Guid(ea5f721c8cb59421baebfaff86921bba) Importer(2089858483,b0f066a214c2f5e87bad3c948f4d605d)
Start importing Assets/Projects/GravityDash/kenney_new-platformer-pack-1.1/Vector/Tiles/switch_green_pressed.svg using Guid(ea5f721c8cb59421baebfaff86921bba) Importer(2089858483,b0f066a214c2f5e87bad3c948f4d605d) (ScriptedImporter) -> (artifact id: 'a75e0debab3f94b2e6ed2bd09dd2e505') in 0.0164447 seconds
Number of updated asset objects reloaded before import = 0Number of asset objects unloaded after import = 1

========================================================================
Received Import Request.
  Time since last request: 0.000121 seconds.
  path: Assets/Projects/GravityDash/kenney_new-platformer-pack-1.1/Vector/Tiles/key_yellow.svg
  artifactKey: Guid(c8c60435f666e41f5a6f0d27571afa40) Importer(2089858483,b0f066a214c2f5e87bad3c948f4d605d)
Start importing Assets/Projects/GravityDash/kenney_new-platformer-pack-1.1/Vector/Tiles/key_yellow.svg using Guid(c8c60435f666e41f5a6f0d27571afa40) Importer(2089858483,b0f066a214c2f5e87bad3c948f4d605d) (ScriptedImporter) -> (artifact id: '78851db72c56a969d0bd48553030cafa') in 0.0162114 seconds
Number of updated asset objects reloaded before import = 0Number of asset objects unloaded after import = 2

========================================================================
Received Import Request.
  Time since last request: 0.000023 seconds.
  path: Assets/Projects/GravityDash/kenney_new-platformer-pack-1.1/Vector/Tiles/terrain_dirt_horizontal_overhang_left.svg
  artifactKey: Guid(dc050850ae3944ab39074e0fe6216aaf) Importer(2089858483,b0f066a214c2f5e87bad3c948f4d605d)
Start importing Assets/Projects/GravityDash/kenney_new-platformer-pack-1.1/Vector/Tiles/terrain_dirt_horizontal_overhang_left.svg using Guid(dc050850ae3944ab39074e0fe6216aaf) Importer(2089858483,b0f066a214c2f5e87bad3c948f4d605d) (ScriptedImporter) -> (artifact id: 'd5cce27d6cfa4ae7ec0c6f9131f95729') in 0.0157856 seconds
Number of updated asset objects reloaded before import = 0Number of asset objects unloaded after import = 1

========================================================================
Received Import Request.
  Time since last request: 0.000038 seconds.
  path: Assets/Projects/GravityDash/kenney_new-platformer-pack-1.1/Vector/Tiles/terrain_purple_block_left.svg
  artifactKey: Guid(443d60f5682994018a4cc47c73bc1c42) Importer(2089858483,b0f066a214c2f5e87bad3c948f4d605d)
Start importing Assets/Projects/GravityDash/kenney_new-platformer-pack-1.1/Vector/Tiles/terrain_purple_block_left.svg using Guid(443d60f5682994018a4cc47c73bc1c42) Importer(2089858483,b0f066a214c2f5e87bad3c948f4d605d) (ScriptedImporter) -> (artifact id: '3147bc780a5066d30e53cf6b2379b1d4') in 0.0158611 seconds
Number of updated asset objects reloaded before import = 0Number of asset objects unloaded after import = 1

========================================================================
Received Import Request.
  Time since last request: 0.000029 seconds.
  path: Assets/Projects/GravityDash/kenney_new-platformer-pack-1.1/Vector/Tiles/terrain_purple_cloud_right.svg
  artifactKey: Guid(57269f2365c764cb999b4b2f3d240e9b) Importer(2089858483,b0f066a214c2f5e87bad3c948f4d605d)
Start importing Assets/Projects/GravityDash/kenney_new-platformer-pack-1.1/Vector/Tiles/terrain_purple_cloud_right.svg using Guid(57269f2365c764cb999b4b2f3d240e9b) Importer(2089858483,b0f066a214c2f5e87bad3c948f4d605d) (ScriptedImporter) -> (artifact id: '105f4082f20c7e11783d059e8a988088') in 0.0162876 seconds
Number of updated asset objects reloaded before import = 0Number of asset objects unloaded after import = 1

========================================================================
Received Import Request.
  Time since last request: 0.000027 seconds.
  path: Assets/Projects/GravityDash/kenney_new-platformer-pack-1.1/Vector/Tiles/terrain_dirt_vertical_bottom.svg
  artifactKey: Guid(da77d9272c193405c90be56cbe4b3f41) Importer(2089858483,b0f066a214c2f5e87bad3c948f4d605d)
Start importing Assets/Projects/GravityDash/kenney_new-platformer-pack-1.1/Vector/Tiles/terrain_dirt_vertical_bottom.svg using Guid(da77d9272c193405c90be56cbe4b3f41) Importer(2089858483,b0f066a214c2f5e87bad3c948f4d605d) (ScriptedImporter) -> (artifact id: 'd58d67776b0f17ae461fc0dd8d481ac2') in 0.0167773 seconds
Number of updated asset objects reloaded before import = 0Number of asset objects unloaded after import = 1

========================================================================
Received Import Request.
  Time since last request: 0.000096 seconds.
  path: Assets/Projects/GravityDash/kenney_new-platformer-pack-1.1/Vector/Tiles/terrain_grass_cloud_left.svg
  artifactKey: Guid(ca6b590fbf35b468e870b5bf881c68e5) Importer(2089858483,b0f066a214c2f5e87bad3c948f4d605d)
Start importing Assets/Projects/GravityDash/kenney_new-platformer-pack-1.1/Vector/Tiles/terrain_grass_cloud_left.svg using Guid(ca6b590fbf35b468e870b5bf881c68e5) Importer(2089858483,b0f066a214c2f5e87bad3c948f4d605d) (ScriptedImporter) -> (artifact id: 'e907c02e347df964131631e30fe9fddb') in 0.0155719 seconds
Number of updated asset objects reloaded before import = 0Number of asset objects unloaded after import = 1

========================================================================
Received Import Request.
  Time since last request: 0.000104 seconds.
  path: Assets/Projects/GravityDash/kenney_new-platformer-pack-1.1/Vector/Tiles/door_open_top.svg
  artifactKey: Guid(0a3fc5a4af0b04efdafb2fff3af45eab) Importer(2089858483,b0f066a214c2f5e87bad3c948f4d605d)
Start importing Assets/Projects/GravityDash/kenney_new-platformer-pack-1.1/Vector/Tiles/door_open_top.svg using Guid(0a3fc5a4af0b04efdafb2fff3af45eab) Importer(2089858483,b0f066a214c2f5e87bad3c948f4d605d) (ScriptedImporter) -> (artifact id: 'f9ce61248ec4da088f820c17e9e0d14c') in 0.0168591 seconds
Number of updated asset objects reloaded before import = 0Number of asset objects unloaded after import = 1

========================================================================
Received Import Request.
  Time since last request: 0.000086 seconds.
  path: Assets/Projects/GravityDash/kenney_new-platformer-pack-1.1/Vector/Tiles/terrain_grass_horizontal_middle.svg
  artifactKey: Guid(388e944ed431b4ce9876d83fe65d0c11) Importer(2089858483,b0f066a214c2f5e87bad3c948f4d605d)
Start importing Assets/Projects/GravityDash/kenney_new-platformer-pack-1.1/Vector/Tiles/terrain_grass_horizontal_middle.svg using Guid(388e944ed431b4ce9876d83fe65d0c11) Importer(2089858483,b0f066a214c2f5e87bad3c948f4d605d) (ScriptedImporter) -> (artifact id: '477004ecb5e543273d38de6181e272f5') in 0.0167439 seconds
Number of updated asset objects reloaded before import = 0Number of asset objects unloaded after import = 1

========================================================================
Received Import Request.
  Time since last request: 0.000044 seconds.
  path: Assets/Projects/GravityDash/kenney_new-platformer-pack-1.1/Vector/Tiles/terrain_grass_cloud_right.svg
  artifactKey: Guid(b73d8c16811f3445281d2929a484b863) Importer(2089858483,b0f066a214c2f5e87bad3c948f4d605d)
Start importing Assets/Projects/GravityDash/kenney_new-platformer-pack-1.1/Vector/Tiles/terrain_grass_cloud_right.svg using Guid(b73d8c16811f3445281d2929a484b863) Importer(2089858483,b0f066a214c2f5e87bad3c948f4d605d) (ScriptedImporter) -> (artifact id: '667d419db3b22775d0548e69546ae5ca') in 0.0201669 seconds
Number of updated asset objects reloaded before import = 0Number of asset objects unloaded after import = 1

========================================================================
Received Import Request.
  Time since last request: 0.000070 seconds.
  path: Assets/Projects/GravityDash/kenney_new-platformer-pack-1.1/Vector/Tiles/terrain_purple_block_bottom_right.svg
  artifactKey: Guid(6178de35b7c6f4b38a212442d16630e6) Importer(2089858483,b0f066a214c2f5e87bad3c948f4d605d)
Start importing Assets/Projects/GravityDash/kenney_new-platformer-pack-1.1/Vector/Tiles/terrain_purple_block_bottom_right.svg using Guid(6178de35b7c6f4b38a212442d16630e6) Importer(2089858483,b0f066a214c2f5e87bad3c948f4d605d) (ScriptedImporter) -> (artifact id: '0a0615f14f145bdb89ca104451f14897') in 0.0161823 seconds
Number of updated asset objects reloaded before import = 0Number of asset objects unloaded after import = 1

========================================================================
Received Import Request.
  Time since last request: 0.000161 seconds.
  path: Assets/Projects/GravityDash/kenney_new-platformer-pack-1.1/Vector/Tiles/terrain_grass_horizontal_left.svg
  artifactKey: Guid(99e481be8a47040be86c07579197b477) Importer(2089858483,b0f066a214c2f5e87bad3c948f4d605d)
Start importing Assets/Projects/GravityDash/kenney_new-platformer-pack-1.1/Vector/Tiles/terrain_grass_horizontal_left.svg using Guid(99e481be8a47040be86c07579197b477) Importer(2089858483,b0f066a214c2f5e87bad3c948f4d605d) (ScriptedImporter) -> (artifact id: 'a2169dd7274d8dd4811d8726ff9db6c7') in 0.0193989 seconds
Number of updated asset objects reloaded before import = 0Number of asset objects unloaded after import = 1

========================================================================
Received Import Request.
  Time since last request: 0.000072 seconds.
  path: Assets/Projects/GravityDash/kenney_new-platformer-pack-1.1/Vector/Tiles/flag_green_b.svg
  artifactKey: Guid(e9d5f176c1d8d4f92b958aaa14df8471) Importer(2089858483,b0f066a214c2f5e87bad3c948f4d605d)
Start importing Assets/Projects/GravityDash/kenney_new-platformer-pack-1.1/Vector/Tiles/flag_green_b.svg using Guid(e9d5f176c1d8d4f92b958aaa14df8471) Importer(2089858483,b0f066a214c2f5e87bad3c948f4d605d) (ScriptedImporter) -> (artifact id: 'e2f493dc0aac05c46db90d197431ff52') in 0.018668 seconds
Number of updated asset objects reloaded before import = 0Number of asset objects unloaded after import = 2

========================================================================
Received Import Request.
  Time since last request: 0.000034 seconds.
  path: Assets/Projects/GravityDash/kenney_new-platformer-pack-1.1/Vector/Tiles/terrain_grass_block_right.svg
  artifactKey: Guid(d1defd8877f474f29968fa18e2e3aa51) Importer(2089858483,b0f066a214c2f5e87bad3c948f4d605d)
Start importing Assets/Projects/GravityDash/kenney_new-platformer-pack-1.1/Vector/Tiles/terrain_grass_block_right.svg using Guid(d1defd8877f474f29968fa18e2e3aa51) Importer(2089858483,b0f066a214c2f5e87bad3c948f4d605d) (ScriptedImporter) -> (artifact id: 'c783f0c1054abb5e9a1222b05b2254df') in 0.0153759 seconds
Number of updated asset objects reloaded before import = 0Number of asset objects unloaded after import = 1

========================================================================
Received Import Request.
  Time since last request: 0.000075 seconds.
  path: Assets/Projects/GravityDash/kenney_new-platformer-pack-1.1/Vector/Tiles/switch_red.svg
  artifactKey: Guid(34a143541f4c146868bfb223ae65ff2f) Importer(2089858483,b0f066a214c2f5e87bad3c948f4d605d)
Start importing Assets/Projects/GravityDash/kenney_new-platformer-pack-1.1/Vector/Tiles/switch_red.svg using Guid(34a143541f4c146868bfb223ae65ff2f) Importer(2089858483,b0f066a214c2f5e87bad3c948f4d605d) (ScriptedImporter) -> (artifact id: 'b26569647c6b30c5ef01186ddf2c0726') in 0.0183519 seconds
Number of updated asset objects reloaded before import = 0Number of asset objects unloaded after import = 1

========================================================================
Received Import Request.
  Time since last request: 0.000028 seconds.
  path: Assets/Projects/GravityDash/kenney_new-platformer-pack-1.1/Vector/Tiles/hud_player_helmet_pink.svg
  artifactKey: Guid(ca07008a4a7124dc49a0cd3aca194fdb) Importer(2089858483,b0f066a214c2f5e87bad3c948f4d605d)
Start importing Assets/Projects/GravityDash/kenney_new-platformer-pack-1.1/Vector/Tiles/hud_player_helmet_pink.svg using Guid(ca07008a4a7124dc49a0cd3aca194fdb) Importer(2089858483,b0f066a214c2f5e87bad3c948f4d605d) (ScriptedImporter) -> (artifact id: '0ddcd5de7cad2058479bfd5caf87124b') in 0.0186831 seconds
Number of updated asset objects reloaded before import = 0Number of asset objects unloaded after import = 1

========================================================================
Received Import Request.
  Time since last request: 0.000186 seconds.
  path: Assets/Projects/GravityDash/kenney_new-platformer-pack-1.1/Vector/Tiles/terrain_dirt_cloud_background.svg
  artifactKey: Guid(17e14dbc572e44ea884d7e871c54a447) Importer(2089858483,b0f066a214c2f5e87bad3c948f4d605d)
Start importing Assets/Projects/GravityDash/kenney_new-platformer-pack-1.1/Vector/Tiles/terrain_dirt_cloud_background.svg using Guid(17e14dbc572e44ea884d7e871c54a447) Importer(2089858483,b0f066a214c2f5e87bad3c948f4d605d) (ScriptedImporter) -> (artifact id: 'af26fa280827b2bc8c030cb4d6df33a4') in 0.0160668 seconds
Number of updated asset objects reloaded before import = 0Number of asset objects unloaded after import = 1

========================================================================
Received Import Request.
  Time since last request: 0.000022 seconds.
  path: Assets/Projects/GravityDash/kenney_new-platformer-pack-1.1/Vector/Tiles/lock_green.svg
  artifactKey: Guid(c5c9a92c8a51b4cf4ad0cfa397de9c05) Importer(2089858483,b0f066a214c2f5e87bad3c948f4d605d)
Start importing Assets/Projects/GravityDash/kenney_new-platformer-pack-1.1/Vector/Tiles/lock_green.svg using Guid(c5c9a92c8a51b4cf4ad0cfa397de9c05) Importer(2089858483,b0f066a214c2f5e87bad3c948f4d605d) (ScriptedImporter) -> (artifact id: '5aea49bacb2b04a4ddf0567f8898b5df') in 0.0192684 seconds
Number of updated asset objects reloaded before import = 0Number of asset objects unloaded after import = 1

========================================================================
Received Import Request.
  Time since last request: 0.000095 seconds.
  path: Assets/Projects/GravityDash/kenney_new-platformer-pack-1.1/Vector/Tiles/terrain_dirt_ramp_long_c.svg
  artifactKey: Guid(f27499115f33c45c29b714f8a8e42a1b) Importer(2089858483,b0f066a214c2f5e87bad3c948f4d605d)
Start importing Assets/Projects/GravityDash/kenney_new-platformer-pack-1.1/Vector/Tiles/terrain_dirt_ramp_long_c.svg using Guid(f27499115f33c45c29b714f8a8e42a1b) Importer(2089858483,b0f066a214c2f5e87bad3c948f4d605d) (ScriptedImporter) -> (artifact id: '80a9e3794361bc157f1b33844178772d') in 0.0176451 seconds
Number of updated asset objects reloaded before import = 0Number of asset objects unloaded after import = 1

========================================================================
Received Import Request.
  Time since last request: 0.000119 seconds.
  path: Assets/Projects/GravityDash/kenney_new-platformer-pack-1.1/Vector/Tiles/terrain_grass_cloud.svg
  artifactKey: Guid(80004434d7f364e25b5e8636b9c44779) Importer(2089858483,b0f066a214c2f5e87bad3c948f4d605d)
Start importing Assets/Projects/GravityDash/kenney_new-platformer-pack-1.1/Vector/Tiles/terrain_grass_cloud.svg using Guid(80004434d7f364e25b5e8636b9c44779) Importer(2089858483,b0f066a214c2f5e87bad3c948f4d605d) (ScriptedImporter) -> (artifact id: 'c8830be03d8e1568e0066be60cee16aa') in 0.0177017 seconds
Number of updated asset objects reloaded before import = 0Number of asset objects unloaded after import = 1

========================================================================
Received Import Request.
  Time since last request: 0.000055 seconds.
  path: Assets/Projects/GravityDash/kenney_new-platformer-pack-1.1/Vector/Tiles/terrain_purple_cloud_middle.svg
  artifactKey: Guid(e4c8fd7c8391443148476d373d510fb1) Importer(2089858483,b0f066a214c2f5e87bad3c948f4d605d)
Start importing Assets/Projects/GravityDash/kenney_new-platformer-pack-1.1/Vector/Tiles/terrain_purple_cloud_middle.svg using Guid(e4c8fd7c8391443148476d373d510fb1) Importer(2089858483,b0f066a214c2f5e87bad3c948f4d605d) (ScriptedImporter) -> (artifact id: '05f87ac2f0e99f970eb43c4e594ce56a') in 0.0183739 seconds
Number of updated asset objects reloaded before import = 0Number of asset objects unloaded after import = 1

========================================================================
Received Import Request.
  Time since last request: 0.000095 seconds.
  path: Assets/Projects/GravityDash/kenney_new-platformer-pack-1.1/Vector/Tiles/lava_top_low.svg
  artifactKey: Guid(6d94e8889780f4b4bb08d35c8cbb4cef) Importer(2089858483,b0f066a214c2f5e87bad3c948f4d605d)
Start importing Assets/Projects/GravityDash/kenney_new-platformer-pack-1.1/Vector/Tiles/lava_top_low.svg using Guid(6d94e8889780f4b4bb08d35c8cbb4cef) Importer(2089858483,b0f066a214c2f5e87bad3c948f4d605d) (ScriptedImporter) -> (artifact id: '395cc7c009b3337d7638da19041cc3ec') in 0.0219249 seconds
Number of updated asset objects reloaded before import = 0Number of asset objects unloaded after import = 1

========================================================================
Received Import Request.
  Time since last request: 0.000168 seconds.
  path: Assets/Projects/GravityDash/kenney_new-platformer-pack-1.1/Vector/Tiles/flag_yellow_b.svg
  artifactKey: Guid(bb7a7c1e424584818afeeec4305665b2) Importer(2089858483,b0f066a214c2f5e87bad3c948f4d605d)
Start importing Assets/Projects/GravityDash/kenney_new-platformer-pack-1.1/Vector/Tiles/flag_yellow_b.svg using Guid(bb7a7c1e424584818afeeec4305665b2) Importer(2089858483,b0f066a214c2f5e87bad3c948f4d605d) (ScriptedImporter) -> (artifact id: '55f78ecae3f92f338987172a4826e5dd') in 0.0220955 seconds
Number of updated asset objects reloaded before import = 0Number of asset objects unloaded after import = 2

========================================================================
Received Import Request.
  Time since last request: 0.000032 seconds.
  path: Assets/Projects/GravityDash/kenney_new-platformer-pack-1.1/Vector/Tiles/block_empty_warning.svg
  artifactKey: Guid(ca3c6bbe5fc564421844395ecc099f7d) Importer(2089858483,b0f066a214c2f5e87bad3c948f4d605d)
Start importing Assets/Projects/GravityDash/kenney_new-platformer-pack-1.1/Vector/Tiles/block_empty_warning.svg using Guid(ca3c6bbe5fc564421844395ecc099f7d) Importer(2089858483,b0f066a214c2f5e87bad3c948f4d605d) (ScriptedImporter) -> (artifact id: '48d0b122e58e174f79fe89d02fc36020') in 0.0197194 seconds
Number of updated asset objects reloaded before import = 0Number of asset objects unloaded after import = 1

========================================================================
Received Import Request.
  Time since last request: 0.000079 seconds.
  path: Assets/Projects/GravityDash/kenney_new-platformer-pack-1.1/Vector/Tiles/block_strong_coin_active.svg
  artifactKey: Guid(b028e913780d84d45af4c2d353a83695) Importer(2089858483,b0f066a214c2f5e87bad3c948f4d605d)
Start importing Assets/Projects/GravityDash/kenney_new-platformer-pack-1.1/Vector/Tiles/block_strong_coin_active.svg using Guid(b028e913780d84d45af4c2d353a83695) Importer(2089858483,b0f066a214c2f5e87bad3c948f4d605d) (ScriptedImporter) -> (artifact id: '7ed65a1c72ae91054c9f3923422f3c8e') in 0.0182082 seconds
Number of updated asset objects reloaded before import = 0Number of asset objects unloaded after import = 1

========================================================================
Received Import Request.
  Time since last request: 0.000118 seconds.
  path: Assets/Projects/GravityDash/kenney_new-platformer-pack-1.1/Vector/Tiles/lever.svg
  artifactKey: Guid(9d04075f79a054882ab7a7cbbb813c2d) Importer(2089858483,b0f066a214c2f5e87bad3c948f4d605d)
Start importing Assets/Projects/GravityDash/kenney_new-platformer-pack-1.1/Vector/Tiles/lever.svg using Guid(9d04075f79a054882ab7a7cbbb813c2d) Importer(2089858483,b0f066a214c2f5e87bad3c948f4d605d) (ScriptedImporter) -> (artifact id: 'd7b539670167c28e313e3b2f23732644') in 0.0197342 seconds
Number of updated asset objects reloaded before import = 0Number of asset objects unloaded after import = 2

========================================================================
Received Import Request.
  Time since last request: 0.000027 seconds.
  path: Assets/Projects/GravityDash/kenney_new-platformer-pack-1.1/Vector/Tiles/flag_off.svg
  artifactKey: Guid(f5c57356667714ce89b7b5a8bdb57e45) Importer(2089858483,b0f066a214c2f5e87bad3c948f4d605d)
Start importing Assets/Projects/GravityDash/kenney_new-platformer-pack-1.1/Vector/Tiles/flag_off.svg using Guid(f5c57356667714ce89b7b5a8bdb57e45) Importer(2089858483,b0f066a214c2f5e87bad3c948f4d605d) (ScriptedImporter) -> (artifact id: 'b100e1b8dcec5242a9d9e4a970e707f6') in 0.0198733 seconds
Number of updated asset objects reloaded before import = 0Number of asset objects unloaded after import = 1

========================================================================
Received Import Request.
  Time since last request: 0.000065 seconds.
  path: Assets/Projects/GravityDash/kenney_new-platformer-pack-1.1/Vector/Tiles/ladder_top.svg
  artifactKey: Guid(da77d418a40c9465bb11c864e8da555d) Importer(2089858483,b0f066a214c2f5e87bad3c948f4d605d)
Start importing Assets/Projects/GravityDash/kenney_new-platformer-pack-1.1/Vector/Tiles/ladder_top.svg using Guid(da77d418a40c9465bb11c864e8da555d) Importer(2089858483,b0f066a214c2f5e87bad3c948f4d605d) (ScriptedImporter) -> (artifact id: 'da0119d4b8abf345b5583fe5b7209119') in 0.0186295 seconds
Number of updated asset objects reloaded before import = 0Number of asset objects unloaded after import = 1

========================================================================
Received Import Request.
  Time since last request: 0.000071 seconds.
  path: Assets/Projects/GravityDash/kenney_new-platformer-pack-1.1/Vector/Tiles/heart.svg
  artifactKey: Guid(d80e64406fa0f45e9a0308b8e89543a8) Importer(2089858483,b0f066a214c2f5e87bad3c948f4d605d)
Start importing Assets/Projects/GravityDash/kenney_new-platformer-pack-1.1/Vector/Tiles/heart.svg using Guid(d80e64406fa0f45e9a0308b8e89543a8) Importer(2089858483,b0f066a214c2f5e87bad3c948f4d605d) (ScriptedImporter) -> (artifact id: 'd56d8a4610fdde4653749995f9c1f2e4') in 0.0191346 seconds
Number of updated asset objects reloaded before import = 0Number of asset objects unloaded after import = 1

========================================================================
Received Import Request.
  Time since last request: 0.000091 seconds.
  path: Assets/Projects/GravityDash/kenney_new-platformer-pack-1.1/Vector/Tiles/block_strong_empty.svg
  artifactKey: Guid(81845e6efdf744cd495a3ec86492a897) Importer(2089858483,b0f066a214c2f5e87bad3c948f4d605d)
Start importing Assets/Projects/GravityDash/kenney_new-platformer-pack-1.1/Vector/Tiles/block_strong_empty.svg using Guid(81845e6efdf744cd495a3ec86492a897) Importer(2089858483,b0f066a214c2f5e87bad3c948f4d605d) (ScriptedImporter) -> (artifact id: '8c1f7ddd88f93bf0d772c0b438870d10') in 0.0179192 seconds
Number of updated asset objects reloaded before import = 0Number of asset objects unloaded after import = 1

========================================================================
Received Import Request.
  Time since last request: 0.000125 seconds.
  path: Assets/Projects/GravityDash/kenney_new-platformer-pack-1.1/Vector/Tiles/hud_key_yellow.svg
  artifactKey: Guid(9429cf47461564411b38bb019f221a60) Importer(2089858483,b0f066a214c2f5e87bad3c948f4d605d)
Start importing Assets/Projects/GravityDash/kenney_new-platformer-pack-1.1/Vector/Tiles/hud_key_yellow.svg using Guid(9429cf47461564411b38bb019f221a60) Importer(2089858483,b0f066a214c2f5e87bad3c948f4d605d) (ScriptedImporter) -> (artifact id: '506b829d4ad2a2db9c3f51a009d84021') in 0.0237992 seconds
Number of updated asset objects reloaded before import = 0Number of asset objects unloaded after import = 2

========================================================================
Received Import Request.
  Time since last request: 0.000025 seconds.
  path: Assets/Projects/GravityDash/kenney_new-platformer-pack-1.1/Vector/Tiles/hud_player_helmet_green.svg
  artifactKey: Guid(8ff34a68cb0dd431fb18b081ca2f72ea) Importer(2089858483,b0f066a214c2f5e87bad3c948f4d605d)
Start importing Assets/Projects/GravityDash/kenney_new-platformer-pack-1.1/Vector/Tiles/hud_player_helmet_green.svg using Guid(8ff34a68cb0dd431fb18b081ca2f72ea) Importer(2089858483,b0f066a214c2f5e87bad3c948f4d605d) (ScriptedImporter) -> (artifact id: '1fb41c60be4263871118b3a2da8e3295') in 0.0207185 seconds
Number of updated asset objects reloaded before import = 0Number of asset objects unloaded after import = 1

========================================================================
Received Import Request.
  Time since last request: 0.000141 seconds.
  path: Assets/Projects/GravityDash/kenney_new-platformer-pack-1.1/Vector/Tiles/lever_right.svg
  artifactKey: Guid(1ebcf0a7de26f4f6aac954862468cc5d) Importer(2089858483,b0f066a214c2f5e87bad3c948f4d605d)
Start importing Assets/Projects/GravityDash/kenney_new-platformer-pack-1.1/Vector/Tiles/lever_right.svg using Guid(1ebcf0a7de26f4f6aac954862468cc5d) Importer(2089858483,b0f066a214c2f5e87bad3c948f4d605d) (ScriptedImporter) -> (artifact id: '9c3510fcbfdf73fd2576b6d1feff2694') in 0.0186879 seconds
Number of updated asset objects reloaded before import = 0Number of asset objects unloaded after import = 2

========================================================================
Received Import Request.
  Time since last request: 1.761480 seconds.
  path: Assets/Projects/GravityDash/kenney_new-platformer-pack-1.1/Vector/Tiles/terrain_sand_block_bottom_right.svg
  artifactKey: Guid(d4deda8b7f9a541e3bde987252e3321c) Importer(2089858483,b0f066a214c2f5e87bad3c948f4d605d)
Start importing Assets/Projects/GravityDash/kenney_new-platformer-pack-1.1/Vector/Tiles/terrain_sand_block_bottom_right.svg using Guid(d4deda8b7f9a541e3bde987252e3321c) Importer(2089858483,b0f066a214c2f5e87bad3c948f4d605d) (ScriptedImporter) -> (artifact id: '99fc679746f5ca34e3487b9b3ab39ae3') in 0.0406894 seconds
Number of updated asset objects reloaded before import = 0Number of asset objects unloaded after import = 1

========================================================================
Received Import Request.
  Time since last request: 0.000217 seconds.
  path: Assets/Projects/GravityDash/kenney_ui-pack/Vector/Blue/arrow_decorative_n.svg
  artifactKey: Guid(d9dad2c5afd68479b8e3f5494eda8a2a) Importer(2089858483,b0f066a214c2f5e87bad3c948f4d605d)
Start importing Assets/Projects/GravityDash/kenney_ui-pack/Vector/Blue/arrow_decorative_n.svg using Guid(d9dad2c5afd68479b8e3f5494eda8a2a) Importer(2089858483,b0f066a214c2f5e87bad3c948f4d605d) (ScriptedImporter) -> (artifact id: '98021f5408dc368afd7fe34699a4a6cd') in 0.0396621 seconds
Number of updated asset objects reloaded before import = 0Number of asset objects unloaded after import = 1

========================================================================
Received Import Request.
  Time since last request: 0.000035 seconds.
  path: Assets/Projects/GravityDash/kenney_new-platformer-pack-1.1/Vector/Tiles/terrain_stone_block_bottom_right.svg
  artifactKey: Guid(298820c93c085465ca4c6f894ad7ed2f) Importer(2089858483,b0f066a214c2f5e87bad3c948f4d605d)
Start importing Assets/Projects/GravityDash/kenney_new-platformer-pack-1.1/Vector/Tiles/terrain_stone_block_bottom_right.svg using Guid(298820c93c085465ca4c6f894ad7ed2f) Importer(2089858483,b0f066a214c2f5e87bad3c948f4d605d) (ScriptedImporter) -> (artifact id: 'd27562f78e137cdaadf2ce3b5879bcad') in 0.0385286 seconds
Number of updated asset objects reloaded before import = 0Number of asset objects unloaded after import = 1

========================================================================
Received Import Request.
  Time since last request: 0.000346 seconds.
  path: Assets/Projects/GravityDash/kenney_ui-pack/Vector/Blue/button_rectangle_depth_border.svg
  artifactKey: Guid(f81c5f2d656e74dfb9a3422d6116b561) Importer(2089858483,b0f066a214c2f5e87bad3c948f4d605d)
Start importing Assets/Projects/GravityDash/kenney_ui-pack/Vector/Blue/button_rectangle_depth_border.svg using Guid(f81c5f2d656e74dfb9a3422d6116b561) Importer(2089858483,b0f066a214c2f5e87bad3c948f4d605d) (ScriptedImporter) -> (artifact id: 'd4b39170cf765091898b208b80ecc5f2') in 0.0416715 seconds
Number of updated asset objects reloaded before import = 0Number of asset objects unloaded after import = 1

========================================================================
Received Import Request.
  Time since last request: 0.000122 seconds.
  path: Assets/Projects/GravityDash/kenney_ui-pack/Vector/Blue/slide_vertical_grey.svg
  artifactKey: Guid(3261da6d136934ea1b3ac9ee910d57c7) Importer(2089858483,b0f066a214c2f5e87bad3c948f4d605d)
Start importing Assets/Projects/GravityDash/kenney_ui-pack/Vector/Blue/slide_vertical_grey.svg using Guid(3261da6d136934ea1b3ac9ee910d57c7) Importer(2089858483,b0f066a214c2f5e87bad3c948f4d605d) (ScriptedImporter) -> (artifact id: '074236e5804d8a78817fef50f2d9f875') in 0.0316542 seconds
Number of updated asset objects reloaded before import = 0Number of asset objects unloaded after import = 1

========================================================================
Received Import Request.
  Time since last request: 0.000203 seconds.
  path: Assets/Projects/GravityDash/kenney_ui-pack/Vector/Green/icon_cross.svg
  artifactKey: Guid(b78019cf7fae4408a9cb6ab4706dd007) Importer(2089858483,b0f066a214c2f5e87bad3c948f4d605d)
Start importing Assets/Projects/GravityDash/kenney_ui-pack/Vector/Green/icon_cross.svg using Guid(b78019cf7fae4408a9cb6ab4706dd007) Importer(2089858483,b0f066a214c2f5e87bad3c948f4d605d) (ScriptedImporter) -> (artifact id: '9af6627994c727bb34c8fb02bcd72dde') in 0.031225 seconds
Number of updated asset objects reloaded before import = 0Number of asset objects unloaded after import = 1

========================================================================
Received Import Request.
  Time since last request: 0.000128 seconds.
  path: Assets/Projects/GravityDash/kenney_ui-pack/Vector/Grey/button_round_border.svg
  artifactKey: Guid(7b1ebe97812014a10b835223c68877e0) Importer(2089858483,b0f066a214c2f5e87bad3c948f4d605d)
Start importing Assets/Projects/GravityDash/kenney_ui-pack/Vector/Grey/button_round_border.svg using Guid(7b1ebe97812014a10b835223c68877e0) Importer(2089858483,b0f066a214c2f5e87bad3c948f4d605d) (ScriptedImporter) -> (artifact id: 'e2e0d11fbf24afc32795825f2dd0134f') in 0.0290695 seconds
Number of updated asset objects reloaded before import = 0Number of asset objects unloaded after import = 1

========================================================================
Received Import Request.
  Time since last request: 0.000111 seconds.
  path: Assets/Projects/GravityDash/kenney_ui-pack/Vector/Green/arrow_basic_e.svg
  artifactKey: Guid(e37227cf960a740808451aaddb75ed91) Importer(2089858483,b0f066a214c2f5e87bad3c948f4d605d)
Start importing Assets/Projects/GravityDash/kenney_ui-pack/Vector/Green/arrow_basic_e.svg using Guid(e37227cf960a740808451aaddb75ed91) Importer(2089858483,b0f066a214c2f5e87bad3c948f4d605d) (ScriptedImporter) -> (artifact id: '156b7b1c4689e851020472058e7a3f6d') in 0.0313381 seconds
Number of updated asset objects reloaded before import = 0Number of asset objects unloaded after import = 1

========================================================================
Received Import Request.
  Time since last request: 0.000131 seconds.
  path: Assets/Projects/GravityDash/kenney_new-platformer-pack-1.1/Vector/Tiles/terrain_snow_horizontal_middle.svg
  artifactKey: Guid(09181cb7939e449f6a160ec7ec667e71) Importer(2089858483,b0f066a214c2f5e87bad3c948f4d605d)
Start importing Assets/Projects/GravityDash/kenney_new-platformer-pack-1.1/Vector/Tiles/terrain_snow_horizontal_middle.svg using Guid(09181cb7939e449f6a160ec7ec667e71) Importer(2089858483,b0f066a214c2f5e87bad3c948f4d605d) (ScriptedImporter) -> (artifact id: '456c6db5201b778c5ce1ea20eaf82e57') in 0.0267526 seconds
Number of updated asset objects reloaded before import = 0Number of asset objects unloaded after import = 1

========================================================================
Received Import Request.
  Time since last request: 0.000173 seconds.
  path: Assets/Projects/GravityDash/kenney_ui-pack/Vector/Blue/button_square_gradient.svg
  artifactKey: Guid(c1b7668a350c547a8a7df984dc5a3e8c) Importer(2089858483,b0f066a214c2f5e87bad3c948f4d605d)
Start importing Assets/Projects/GravityDash/kenney_ui-pack/Vector/Blue/button_square_gradient.svg using Guid(c1b7668a350c547a8a7df984dc5a3e8c) Importer(2089858483,b0f066a214c2f5e87bad3c948f4d605d) (ScriptedImporter) -> (artifact id: '680ec09023fd03a3371786aec7fc8df6') in 0.0328522 seconds
Number of updated asset objects reloaded before import = 0Number of asset objects unloaded after import = 2

========================================================================
Received Import Request.
  Time since last request: 0.000036 seconds.
  path: Assets/Projects/GravityDash/kenney_ui-pack/Vector/Green/button_square_depth_gloss.svg
  artifactKey: Guid(39d4d6d9c7f1e4849b3e45d7ffb19738) Importer(2089858483,b0f066a214c2f5e87bad3c948f4d605d)
Start importing Assets/Projects/GravityDash/kenney_ui-pack/Vector/Green/button_square_depth_gloss.svg using Guid(39d4d6d9c7f1e4849b3e45d7ffb19738) Importer(2089858483,b0f066a214c2f5e87bad3c948f4d605d) (ScriptedImporter) -> (artifact id: '077f36c807d515be5aee594142d7166e') in 0.0265489 seconds
Number of updated asset objects reloaded before import = 0Number of asset objects unloaded after import = 1

========================================================================
Received Import Request.
  Time since last request: 0.000181 seconds.
  path: Assets/Projects/GravityDash/kenney_new-platformer-pack-1.1/Vector/Tiles/terrain_stone_cloud_background.svg
  artifactKey: Guid(61c8e3bd85b754603aa7d725589c2ff4) Importer(2089858483,b0f066a214c2f5e87bad3c948f4d605d)
Start importing Assets/Projects/GravityDash/kenney_new-platformer-pack-1.1/Vector/Tiles/terrain_stone_cloud_background.svg using Guid(61c8e3bd85b754603aa7d725589c2ff4) Importer(2089858483,b0f066a214c2f5e87bad3c948f4d605d) (ScriptedImporter) -> (artifact id: 'ef2571fdd6780880413db8b60829c9fd') in 0.0335082 seconds
Number of updated asset objects reloaded before import = 0Number of asset objects unloaded after import = 1

========================================================================
Received Import Request.
  Time since last request: 0.000127 seconds.
  path: Assets/Projects/GravityDash/kenney_ui-pack/Vector/Blue/arrow_decorative_e_small.svg
  artifactKey: Guid(a8098487852e44954904192117e356c7) Importer(2089858483,b0f066a214c2f5e87bad3c948f4d605d)
Start importing Assets/Projects/GravityDash/kenney_ui-pack/Vector/Blue/arrow_decorative_e_small.svg using Guid(a8098487852e44954904192117e356c7) Importer(2089858483,b0f066a214c2f5e87bad3c948f4d605d) (ScriptedImporter) -> (artifact id: '5afc5c2f111e7711128bd4425ce1500e') in 0.0331349 seconds
Number of updated asset objects reloaded before import = 0Number of asset objects unloaded after import = 1

========================================================================
Received Import Request.
  Time since last request: 0.000061 seconds.
  path: Assets/Projects/GravityDash/kenney_ui-pack/Vector/Grey/arrow_basic_n.svg
  artifactKey: Guid(9a5d3f142f3054b929a152db6e843aad) Importer(2089858483,b0f066a214c2f5e87bad3c948f4d605d)
Start importing Assets/Projects/GravityDash/kenney_ui-pack/Vector/Grey/arrow_basic_n.svg using Guid(9a5d3f142f3054b929a152db6e843aad) Importer(2089858483,b0f066a214c2f5e87bad3c948f4d605d) (ScriptedImporter) -> (artifact id: 'a74c6bbc51d67ce3cdf97f6d1577076e') in 0.0321767 seconds
Number of updated asset objects reloaded before import = 0Number of asset objects unloaded after import = 1

========================================================================
Received Import Request.
  Time since last request: 0.000209 seconds.
  path: Assets/Projects/GravityDash/kenney_ui-pack/Vector/Green/button_square_depth_border.svg
  artifactKey: Guid(7f31c346cd0eb43f4b4d4cf194e8c251) Importer(2089858483,b0f066a214c2f5e87bad3c948f4d605d)
Start importing Assets/Projects/GravityDash/kenney_ui-pack/Vector/Green/button_square_depth_border.svg using Guid(7f31c346cd0eb43f4b4d4cf194e8c251) Importer(2089858483,b0f066a214c2f5e87bad3c948f4d605d) (ScriptedImporter) -> (artifact id: '9e72f6c75e6b21fefc14ef074a1b779b') in 0.0303172 seconds
Number of updated asset objects reloaded before import = 0Number of asset objects unloaded after import = 1

========================================================================
Received Import Request.
  Time since last request: 0.000097 seconds.
  path: Assets/Projects/GravityDash/kenney_ui-pack/Vector/Grey/button_rectangle_depth_gradient.svg
  artifactKey: Guid(90cfe3aea1ea5480eac5cd63845d17c7) Importer(2089858483,b0f066a214c2f5e87bad3c948f4d605d)
Start importing Assets/Projects/GravityDash/kenney_ui-pack/Vector/Grey/button_rectangle_depth_gradient.svg using Guid(90cfe3aea1ea5480eac5cd63845d17c7) Importer(2089858483,b0f066a214c2f5e87bad3c948f4d605d) (ScriptedImporter) -> (artifact id: '1b4e7169a3be12a3d56697bf7f3354b1') in 0.0304878 seconds
Number of updated asset objects reloaded before import = 0Number of asset objects unloaded after import = 2

========================================================================
Received Import Request.
  Time since last request: 0.000037 seconds.
  path: Assets/Projects/GravityDash/kenney_new-platformer-pack-1.1/Vector/Tiles/terrain_snow_cloud.svg
  artifactKey: Guid(b68482ebf93404be4a0b0ad5129c4545) Importer(2089858483,b0f066a214c2f5e87bad3c948f4d605d)
Start importing Assets/Projects/GravityDash/kenney_new-platformer-pack-1.1/Vector/Tiles/terrain_snow_cloud.svg using Guid(b68482ebf93404be4a0b0ad5129c4545) Importer(2089858483,b0f066a214c2f5e87bad3c948f4d605d) (ScriptedImporter) -> (artifact id: 'f5a97223e31b0308330c603d5cfc7b24') in 0.0315081 seconds
Number of updated asset objects reloaded before import = 0Number of asset objects unloaded after import = 1

========================================================================
Received Import Request.
  Time since last request: 0.000156 seconds.
  path: Assets/Projects/GravityDash/kenney_new-platformer-pack-1.1/Vector/Tiles/water_top.svg
  artifactKey: Guid(447861c4d51354f7194dc82096228909) Importer(2089858483,b0f066a214c2f5e87bad3c948f4d605d)
Start importing Assets/Projects/GravityDash/kenney_new-platformer-pack-1.1/Vector/Tiles/water_top.svg using Guid(447861c4d51354f7194dc82096228909) Importer(2089858483,b0f066a214c2f5e87bad3c948f4d605d) (ScriptedImporter) -> (artifact id: 'd47b1901734a4784007671e29cef26b7') in 0.0319571 seconds
Number of updated asset objects reloaded before import = 0Number of asset objects unloaded after import = 1

========================================================================
Received Import Request.
  Time since last request: 0.000121 seconds.
  path: Assets/Projects/GravityDash/kenney_ui-pack/Vector/Blue/icon_cross.svg
  artifactKey: Guid(51018087a9ca546e8af68cca549ca54b) Importer(2089858483,b0f066a214c2f5e87bad3c948f4d605d)
Start importing Assets/Projects/GravityDash/kenney_ui-pack/Vector/Blue/icon_cross.svg using Guid(51018087a9ca546e8af68cca549ca54b) Importer(2089858483,b0f066a214c2f5e87bad3c948f4d605d) (ScriptedImporter) -> (artifact id: '527f258fd63509819dc6aeb080036c78') in 0.0285958 seconds
Number of updated asset objects reloaded before import = 0Number of asset objects unloaded after import = 1

========================================================================
Received Import Request.
  Time since last request: 0.000270 seconds.
  path: Assets/Projects/GravityDash/kenney_new-platformer-pack-1.1/Vector/Tiles/terrain_snow_block_left.svg
  artifactKey: Guid(850de0e7c8c6e421c93d7956b074037d) Importer(2089858483,b0f066a214c2f5e87bad3c948f4d605d)
Start importing Assets/Projects/GravityDash/kenney_new-platformer-pack-1.1/Vector/Tiles/terrain_snow_block_left.svg using Guid(850de0e7c8c6e421c93d7956b074037d) Importer(2089858483,b0f066a214c2f5e87bad3c948f4d605d) (ScriptedImporter) -> (artifact id: 'c38246e01ec3b76ac68d481379df322b') in 0.0301782 seconds
Number of updated asset objects reloaded before import = 0Number of asset objects unloaded after import = 1

========================================================================
Received Import Request.
  Time since last request: 0.000082 seconds.
  path: Assets/Projects/GravityDash/kenney_new-platformer-pack-1.1/Vector/Tiles/terrain_sand_block_center.svg
  artifactKey: Guid(4911cf4cb9ec6431393939f7d0491ccf) Importer(2089858483,b0f066a214c2f5e87bad3c948f4d605d)
Start importing Assets/Projects/GravityDash/kenney_new-platformer-pack-1.1/Vector/Tiles/terrain_sand_block_center.svg using Guid(4911cf4cb9ec6431393939f7d0491ccf) Importer(2089858483,b0f066a214c2f5e87bad3c948f4d605d) (ScriptedImporter) -> (artifact id: '80f791135f4329fea70ec67b9d1dc76e') in 0.0287439 seconds
Number of updated asset objects reloaded before import = 0Number of asset objects unloaded after import = 1

========================================================================
Received Import Request.
  Time since last request: 0.000181 seconds.
  path: Assets/Projects/GravityDash/kenney_new-platformer-pack-1.1/Vector/Tiles/terrain_stone_ramp_long_c.svg
  artifactKey: Guid(ad68ed8b08fbd42bb8159155cd10439d) Importer(2089858483,b0f066a214c2f5e87bad3c948f4d605d)
Start importing Assets/Projects/GravityDash/kenney_new-platformer-pack-1.1/Vector/Tiles/terrain_stone_ramp_long_c.svg using Guid(ad68ed8b08fbd42bb8159155cd10439d) Importer(2089858483,b0f066a214c2f5e87bad3c948f4d605d) (ScriptedImporter) -> (artifact id: '7f052505912b5f3acd596a1d191ea09d') in 0.0292279 seconds
Number of updated asset objects reloaded before import = 0Number of asset objects unloaded after import = 1

========================================================================
Received Import Request.
  Time since last request: 0.000275 seconds.
  path: Assets/Projects/GravityDash/kenney_ui-pack/Vector/Grey/check_square_color_checkmark.svg
  artifactKey: Guid(bcdd821faefe94805a38f76ca041b3ef) Importer(2089858483,b0f066a214c2f5e87bad3c948f4d605d)
Start importing Assets/Projects/GravityDash/kenney_ui-pack/Vector/Grey/check_square_color_checkmark.svg using Guid(bcdd821faefe94805a38f76ca041b3ef) Importer(2089858483,b0f066a214c2f5e87bad3c948f4d605d) (ScriptedImporter) -> (artifact id: 'f65be76d5cb9f7724c2f64b33b6c32b0') in 0.026159 seconds
Number of updated asset objects reloaded before import = 0Number of asset objects unloaded after import = 1

========================================================================
Received Import Request.
  Time since last request: 0.000166 seconds.
  path: Assets/Projects/GravityDash/kenney_ui-pack/Vector/Extra/icon_play_outline.svg
  artifactKey: Guid(8c018f40e39484908ac573069408cf96) Importer(2089858483,b0f066a214c2f5e87bad3c948f4d605d)
Start importing Assets/Projects/GravityDash/kenney_ui-pack/Vector/Extra/icon_play_outline.svg using Guid(8c018f40e39484908ac573069408cf96) Importer(2089858483,b0f066a214c2f5e87bad3c948f4d605d) (ScriptedImporter) -> (artifact id: 'ae413634202a6cac370e3eb1be204fd1') in 0.0259014 seconds
Number of updated asset objects reloaded before import = 0Number of asset objects unloaded after import = 1

========================================================================
Received Import Request.
  Time since last request: 0.000116 seconds.
  path: Assets/Projects/GravityDash/kenney_new-platformer-pack-1.1/Vector/Tiles/terrain_stone_block_left.svg
  artifactKey: Guid(2405afb3216ee40eb8fb03956961d480) Importer(2089858483,b0f066a214c2f5e87bad3c948f4d605d)
Start importing Assets/Projects/GravityDash/kenney_new-platformer-pack-1.1/Vector/Tiles/terrain_stone_block_left.svg using Guid(2405afb3216ee40eb8fb03956961d480) Importer(2089858483,b0f066a214c2f5e87bad3c948f4d605d) (ScriptedImporter) -> (artifact id: '5123cc20eedf8102112903e99e05627f') in 0.0344814 seconds
Number of updated asset objects reloaded before import = 0Number of asset objects unloaded after import = 1

========================================================================
Received Import Request.
  Time since last request: 0.000129 seconds.
  path: Assets/Projects/GravityDash/kenney_ui-pack/Vector/Blue/check_round_color.svg
  artifactKey: Guid(934762c5afaae485fbed59398481bb75) Importer(2089858483,b0f066a214c2f5e87bad3c948f4d605d)
Start importing Assets/Projects/GravityDash/kenney_ui-pack/Vector/Blue/check_round_color.svg using Guid(934762c5afaae485fbed59398481bb75) Importer(2089858483,b0f066a214c2f5e87bad3c948f4d605d) (ScriptedImporter) -> (artifact id: 'ea8033d6ac518826919c8ed666f2ef38') in 0.0351453 seconds
Number of updated asset objects reloaded before import = 0Number of asset objects unloaded after import = 1

========================================================================
Received Import Request.
  Time since last request: 0.000078 seconds.
  path: Assets/Projects/GravityDash/kenney_new-platformer-pack-1.1/Vector/Tiles/terrain_sand_block_top_right.svg
  artifactKey: Guid(a3c4b023dcf12485596c2a268276306c) Importer(2089858483,b0f066a214c2f5e87bad3c948f4d605d)
Start importing Assets/Projects/GravityDash/kenney_new-platformer-pack-1.1/Vector/Tiles/terrain_sand_block_top_right.svg using Guid(a3c4b023dcf12485596c2a268276306c) Importer(2089858483,b0f066a214c2f5e87bad3c948f4d605d) (ScriptedImporter) -> (artifact id: '3ba79fe8b4fe64e6e3a5cf5bc87df1d8') in 0.0313802 seconds
Number of updated asset objects reloaded before import = 0Number of asset objects unloaded after import = 1

========================================================================
Received Import Request.
  Time since last request: 0.000098 seconds.
  path: Assets/Projects/GravityDash/kenney_new-platformer-pack-1.1/Vector/Tiles/terrain_sand_vertical_top.svg
  artifactKey: Guid(c356c1c1a0b4241bf92083301631b2e2) Importer(2089858483,b0f066a214c2f5e87bad3c948f4d605d)
Start importing Assets/Projects/GravityDash/kenney_new-platformer-pack-1.1/Vector/Tiles/terrain_sand_vertical_top.svg using Guid(c356c1c1a0b4241bf92083301631b2e2) Importer(2089858483,b0f066a214c2f5e87bad3c948f4d605d) (ScriptedImporter) -> (artifact id: '333a8cbae725718ed2570bca8422435c') in 0.0301796 seconds
Number of updated asset objects reloaded before import = 0Number of asset objects unloaded after import = 1

========================================================================
Received Import Request.
  Time since last request: 0.000047 seconds.
  path: Assets/Projects/GravityDash/kenney_new-platformer-pack-1.1/Vector/Tiles/terrain_snow_block_bottom.svg
  artifactKey: Guid(ddaa9e49e13dc4daea007dec7ecc2c6a) Importer(2089858483,b0f066a214c2f5e87bad3c948f4d605d)
Start importing Assets/Projects/GravityDash/kenney_new-platformer-pack-1.1/Vector/Tiles/terrain_snow_block_bottom.svg using Guid(ddaa9e49e13dc4daea007dec7ecc2c6a) Importer(2089858483,b0f066a214c2f5e87bad3c948f4d605d) (ScriptedImporter) -> (artifact id: 'da851f44f74f05475e6260b1d7b34bde') in 0.0428414 seconds
Number of updated asset objects reloaded before import = 0Number of asset objects unloaded after import = 1

========================================================================
Received Import Request.
  Time since last request: 0.000153 seconds.
  path: Assets/Projects/GravityDash/kenney_ui-pack/Vector/Blue/arrow_basic_s_small.svg
  artifactKey: Guid(ce8161701da044139a699168e11cda67) Importer(2089858483,b0f066a214c2f5e87bad3c948f4d605d)
Start importing Assets/Projects/GravityDash/kenney_ui-pack/Vector/Blue/arrow_basic_s_small.svg using Guid(ce8161701da044139a699168e11cda67) Importer(2089858483,b0f066a214c2f5e87bad3c948f4d605d) (ScriptedImporter) -> (artifact id: '742c10da84b5365975275568c33cf7ed') in 0.0407987 seconds
Number of updated asset objects reloaded before import = 0Number of asset objects unloaded after import = 1

========================================================================
Received Import Request.
  Time since last request: 0.000113 seconds.
  path: Assets/Projects/GravityDash/kenney_ui-pack/Vector/Extra/icon_arrow_down_outline.svg
  artifactKey: Guid(8ce7edc2acd96454b9e65c07b859d13f) Importer(2089858483,b0f066a214c2f5e87bad3c948f4d605d)
Start importing Assets/Projects/GravityDash/kenney_ui-pack/Vector/Extra/icon_arrow_down_outline.svg using Guid(8ce7edc2acd96454b9e65c07b859d13f) Importer(2089858483,b0f066a214c2f5e87bad3c948f4d605d) (ScriptedImporter) -> (artifact id: '204e75445f9effcec6f861c2389adfca') in 0.0420218 seconds
Number of updated asset objects reloaded before import = 0Number of asset objects unloaded after import = 1

========================================================================
Received Import Request.
  Time since last request: 0.000243 seconds.
  path: Assets/Projects/GravityDash/kenney_ui-pack/Vector/Blue/button_rectangle_depth_gloss.svg
  artifactKey: Guid(942140f9210bf47f695863e0d9fe302b) Importer(2089858483,b0f066a214c2f5e87bad3c948f4d605d)
Start importing Assets/Projects/GravityDash/kenney_ui-pack/Vector/Blue/button_rectangle_depth_gloss.svg using Guid(942140f9210bf47f695863e0d9fe302b) Importer(2089858483,b0f066a214c2f5e87bad3c948f4d605d) (ScriptedImporter) -> (artifact id: 'd136323d0a994f83f66e59f81dd0ebeb') in 0.0307366 seconds
Number of updated asset objects reloaded before import = 0Number of asset objects unloaded after import = 1

========================================================================
Received Import Request.
  Time since last request: 0.000323 seconds.
  path: Assets/Projects/GravityDash/kenney_ui-pack/Vector/Blue/arrow_decorative_s_small.svg
  artifactKey: Guid(1724bd54b9d644db2a403fe2b74f7d85) Importer(2089858483,b0f066a214c2f5e87bad3c948f4d605d)
Start importing Assets/Projects/GravityDash/kenney_ui-pack/Vector/Blue/arrow_decorative_s_small.svg using Guid(1724bd54b9d644db2a403fe2b74f7d85) Importer(2089858483,b0f066a214c2f5e87bad3c948f4d605d) (ScriptedImporter) -> (artifact id: '7f85e45de2e1222cec8343b013c5c93d') in 0.025335 seconds
Number of updated asset objects reloaded before import = 0Number of asset objects unloaded after import = 1

========================================================================
Received Import Request.
  Time since last request: 0.000065 seconds.
  path: Assets/Projects/GravityDash/kenney_new-platformer-pack-1.1/Vector/Tiles/terrain_sand_ramp_long_b.svg
  artifactKey: Guid(13cf4efdcdf804dab9179787dcc4558b) Importer(2089858483,b0f066a214c2f5e87bad3c948f4d605d)
Start importing Assets/Projects/GravityDash/kenney_new-platformer-pack-1.1/Vector/Tiles/terrain_sand_ramp_long_b.svg using Guid(13cf4efdcdf804dab9179787dcc4558b) Importer(2089858483,b0f066a214c2f5e87bad3c948f4d605d) (ScriptedImporter) -> (artifact id: 'e5ac96406e111224017fa3fdd24deae8') in 0.0258976 seconds
Number of updated asset objects reloaded before import = 0Number of asset objects unloaded after import = 1

========================================================================
Received Import Request.
  Time since last request: 0.000156 seconds.
  path: Assets/Projects/GravityDash/kenney_ui-pack/Vector/Blue/button_rectangle_gloss.svg
  artifactKey: Guid(8710ac701e98d4d98bcff30353757002) Importer(2089858483,b0f066a214c2f5e87bad3c948f4d605d)
Start importing Assets/Projects/GravityDash/kenney_ui-pack/Vector/Blue/button_rectangle_gloss.svg using Guid(8710ac701e98d4d98bcff30353757002) Importer(2089858483,b0f066a214c2f5e87bad3c948f4d605d) (ScriptedImporter) -> (artifact id: 'a86ece116531a60fdf835af4cff9bdaf') in 0.0253784 seconds
Number of updated asset objects reloaded before import = 0Number of asset objects unloaded after import = 1

========================================================================
Received Import Request.
  Time since last request: 0.000096 seconds.
  path: Assets/Projects/GravityDash/kenney_new-platformer-pack-1.1/Vector/Tiles/window.svg
  artifactKey: Guid(37ef49a6001354205a35b5a7f0a9b5e7) Importer(2089858483,b0f066a214c2f5e87bad3c948f4d605d)
Start importing Assets/Projects/GravityDash/kenney_new-platformer-pack-1.1/Vector/Tiles/window.svg using Guid(37ef49a6001354205a35b5a7f0a9b5e7) Importer(2089858483,b0f066a214c2f5e87bad3c948f4d605d) (ScriptedImporter) -> (artifact id: 'ae442006c76b2afcdcd12910583ce011') in 0.0302928 seconds
Number of updated asset objects reloaded before import = 0Number of asset objects unloaded after import = 1

========================================================================
Received Import Request.
  Time since last request: 0.000060 seconds.
  path: Assets/Projects/GravityDash/kenney_ui-pack/Vector/Green/button_rectangle_flat.svg
  artifactKey: Guid(8cb5d5808764f40b1aa697dee3f5628b) Importer(2089858483,b0f066a214c2f5e87bad3c948f4d605d)
Start importing Assets/Projects/GravityDash/kenney_ui-pack/Vector/Green/button_rectangle_flat.svg using Guid(8cb5d5808764f40b1aa697dee3f5628b) Importer(2089858483,b0f066a214c2f5e87bad3c948f4d605d) (ScriptedImporter) -> (artifact id: '32c634c85c7a73cf0a2000a7a3a82cf9') in 0.0256214 seconds
Number of updated asset objects reloaded before import = 0Number of asset objects unloaded after import = 1

========================================================================
Received Import Request.
  Time since last request: 0.000037 seconds.
  path: Assets/Projects/GravityDash/kenney_new-platformer-pack-1.1/Vector/Tiles/terrain_sand_block_top_left.svg
  artifactKey: Guid(9757cf9cbf07d403da872fe86b34077d) Importer(2089858483,b0f066a214c2f5e87bad3c948f4d605d)
Start importing Assets/Projects/GravityDash/kenney_new-platformer-pack-1.1/Vector/Tiles/terrain_sand_block_top_left.svg using Guid(9757cf9cbf07d403da872fe86b34077d) Importer(2089858483,b0f066a214c2f5e87bad3c948f4d605d) (ScriptedImporter) -> (artifact id: 'ae4b788ad455fd8b1292696dd20aaede') in 0.019205 seconds
Number of updated asset objects reloaded before import = 0Number of asset objects unloaded after import = 1

========================================================================
Received Import Request.
  Time since last request: 0.000076 seconds.
  path: Assets/Projects/GravityDash/kenney_ui-pack/Vector/Grey/button_rectangle_depth_border.svg
  artifactKey: Guid(1804ab584cd4e414eaab1cbaa5c7e971) Importer(2089858483,b0f066a214c2f5e87bad3c948f4d605d)
Start importing Assets/Projects/GravityDash/kenney_ui-pack/Vector/Grey/button_rectangle_depth_border.svg using Guid(1804ab584cd4e414eaab1cbaa5c7e971) Importer(2089858483,b0f066a214c2f5e87bad3c948f4d605d) (ScriptedImporter) -> (artifact id: 'd59d3a5ab6a9057119edf2f2d62daf5d') in 0.0188836 seconds
Number of updated asset objects reloaded before import = 0Number of asset objects unloaded after import = 1

========================================================================
Received Import Request.
  Time since last request: 0.000029 seconds.
  path: Assets/Projects/GravityDash/kenney_new-platformer-pack-1.1/Vector/Tiles/terrain_stone_cloud_right.svg
  artifactKey: Guid(4d768499131614c028b768a8040c9696) Importer(2089858483,b0f066a214c2f5e87bad3c948f4d605d)
Start importing Assets/Projects/GravityDash/kenney_new-platformer-pack-1.1/Vector/Tiles/terrain_stone_cloud_right.svg using Guid(4d768499131614c028b768a8040c9696) Importer(2089858483,b0f066a214c2f5e87bad3c948f4d605d) (ScriptedImporter) -> (artifact id: 'fe2248edd600f1d1a07fbe152444792b') in 0.0171537 seconds
Number of updated asset objects reloaded before import = 0Number of asset objects unloaded after import = 1

========================================================================
Received Import Request.
  Time since last request: 0.000098 seconds.
  path: Assets/Projects/GravityDash/kenney_ui-pack/Vector/Grey/button_rectangle_depth_line.svg
  artifactKey: Guid(38a6815779d474aab8a086034afe3f1b) Importer(2089858483,b0f066a214c2f5e87bad3c948f4d605d)
Start importing Assets/Projects/GravityDash/kenney_ui-pack/Vector/Grey/button_rectangle_depth_line.svg using Guid(38a6815779d474aab8a086034afe3f1b) Importer(2089858483,b0f066a214c2f5e87bad3c948f4d605d) (ScriptedImporter) -> (artifact id: 'd9b8e9ed4ccc9f5db8d5c05f141e564b') in 0.0198648 seconds
Number of updated asset objects reloaded before import = 0Number of asset objects unloaded after import = 1

========================================================================
Received Import Request.
  Time since last request: 0.000038 seconds.
  path: Assets/Projects/GravityDash/kenney_ui-pack/Vector/Green/icon_checkmark.svg
  artifactKey: Guid(d1300e59e46594644bc46f863b1487c3) Importer(2089858483,b0f066a214c2f5e87bad3c948f4d605d)
Start importing Assets/Projects/GravityDash/kenney_ui-pack/Vector/Green/icon_checkmark.svg using Guid(d1300e59e46594644bc46f863b1487c3) Importer(2089858483,b0f066a214c2f5e87bad3c948f4d605d) (ScriptedImporter) -> (artifact id: '6c2213bdcc483420914354c1a0240927') in 0.0153717 seconds
Number of updated asset objects reloaded before import = 0Number of asset objects unloaded after import = 1

========================================================================
Received Import Request.
  Time since last request: 0.000047 seconds.
  path: Assets/Projects/GravityDash/kenney_new-platformer-pack-1.1/Vector/Tiles/terrain_snow_vertical_top.svg
  artifactKey: Guid(05ebfc4946c1e45ff83aff8b1048627d) Importer(2089858483,b0f066a214c2f5e87bad3c948f4d605d)
Start importing Assets/Projects/GravityDash/kenney_new-platformer-pack-1.1/Vector/Tiles/terrain_snow_vertical_top.svg using Guid(05ebfc4946c1e45ff83aff8b1048627d) Importer(2089858483,b0f066a214c2f5e87bad3c948f4d605d) (ScriptedImporter) -> (artifact id: 'b7e7db60a28a9b3179b3fcb02aa184b4') in 0.0225068 seconds
Number of updated asset objects reloaded before import = 0Number of asset objects unloaded after import = 1

========================================================================
Received Import Request.
  Time since last request: 0.000118 seconds.
  path: Assets/Projects/GravityDash/kenney_new-platformer-pack-1.1/Vector/Tiles/terrain_stone_block_top_left.svg
  artifactKey: Guid(4ecc6e8676b1e4d6d83ecd8f1f6fe96b) Importer(2089858483,b0f066a214c2f5e87bad3c948f4d605d)
Start importing Assets/Projects/GravityDash/kenney_new-platformer-pack-1.1/Vector/Tiles/terrain_stone_block_top_left.svg using Guid(4ecc6e8676b1e4d6d83ecd8f1f6fe96b) Importer(2089858483,b0f066a214c2f5e87bad3c948f4d605d) (ScriptedImporter) -> (artifact id: 'ba645a8df8092edb038e39a0a5ab9f56') in 0.0170217 seconds
Number of updated asset objects reloaded before import = 0Number of asset objects unloaded after import = 1

========================================================================
Received Import Request.
  Time since last request: 0.000077 seconds.
  path: Assets/Projects/GravityDash/kenney_new-platformer-pack-1.1/Vector/Tiles/terrain_sand_ramp_long_c.svg
  artifactKey: Guid(5a3119abbc91145639a68fcc7ed2719f) Importer(2089858483,b0f066a214c2f5e87bad3c948f4d605d)
Start importing Assets/Projects/GravityDash/kenney_new-platformer-pack-1.1/Vector/Tiles/terrain_sand_ramp_long_c.svg using Guid(5a3119abbc91145639a68fcc7ed2719f) Importer(2089858483,b0f066a214c2f5e87bad3c948f4d605d) (ScriptedImporter) -> (artifact id: '16e64383f1396df87b257e65c900e61c') in 0.0195381 seconds
Number of updated asset objects reloaded before import = 0Number of asset objects unloaded after import = 1

========================================================================
Received Import Request.
  Time since last request: 0.000051 seconds.
  path: Assets/Projects/GravityDash/kenney_ui-pack/Vector/Grey/button_rectangle_depth_gloss.svg
  artifactKey: Guid(6364e13412b3a4e6ea2bfee1c6c1c8a1) Importer(2089858483,b0f066a214c2f5e87bad3c948f4d605d)
Start importing Assets/Projects/GravityDash/kenney_ui-pack/Vector/Grey/button_rectangle_depth_gloss.svg using Guid(6364e13412b3a4e6ea2bfee1c6c1c8a1) Importer(2089858483,b0f066a214c2f5e87bad3c948f4d605d) (ScriptedImporter) -> (artifact id: '0cbbaab41b24ff87d682feb495c81727') in 0.0160349 seconds
Number of updated asset objects reloaded before import = 0Number of asset objects unloaded after import = 1

========================================================================
Received Import Request.
  Time since last request: 0.000091 seconds.
  path: Assets/Projects/GravityDash/kenney_ui-pack/Vector/Blue/arrow_decorative_e.svg
  artifactKey: Guid(5f24fd708f1524d74897dbd4130b8814) Importer(2089858483,b0f066a214c2f5e87bad3c948f4d605d)
Start importing Assets/Projects/GravityDash/kenney_ui-pack/Vector/Blue/arrow_decorative_e.svg using Guid(5f24fd708f1524d74897dbd4130b8814) Importer(2089858483,b0f066a214c2f5e87bad3c948f4d605d) (ScriptedImporter) -> (artifact id: '4350c3d79c06d04b3629e88f6e9d7f32') in 0.0200977 seconds
Number of updated asset objects reloaded before import = 0Number of asset objects unloaded after import = 1

========================================================================
Received Import Request.
  Time since last request: 0.000059 seconds.
  path: Assets/Projects/GravityDash/kenney_ui-pack/Vector/Green/icon_square.svg
  artifactKey: Guid(9d80cbb32bfb442078d763ac64252d6b) Importer(2089858483,b0f066a214c2f5e87bad3c948f4d605d)
Start importing Assets/Projects/GravityDash/kenney_ui-pack/Vector/Green/icon_square.svg using Guid(9d80cbb32bfb442078d763ac64252d6b) Importer(2089858483,b0f066a214c2f5e87bad3c948f4d605d) (ScriptedImporter) -> (artifact id: '3eead7dc3febb6df6dce7065c197298c') in 0.0249794 seconds
Number of updated asset objects reloaded before import = 0Number of asset objects unloaded after import = 1

========================================================================
Received Import Request.
  Time since last request: 0.000108 seconds.
  path: Assets/Projects/GravityDash/kenney_ui-pack/Vector/Green/star_outline.svg
  artifactKey: Guid(7e1c63bb72e534614a664ed07858c63b) Importer(2089858483,b0f066a214c2f5e87bad3c948f4d605d)
Start importing Assets/Projects/GravityDash/kenney_ui-pack/Vector/Green/star_outline.svg using Guid(7e1c63bb72e534614a664ed07858c63b) Importer(2089858483,b0f066a214c2f5e87bad3c948f4d605d) (ScriptedImporter) -> (artifact id: 'dac0ff67a3d4cde415434575325d2459') in 0.0203893 seconds
Number of updated asset objects reloaded before import = 0Number of asset objects unloaded after import = 1

========================================================================
Received Import Request.
  Time since last request: 0.000059 seconds.
  path: Assets/Projects/GravityDash/kenney_ui-pack/Vector/Extra/icon_arrow_down_light.svg
  artifactKey: Guid(71dbb95d7b058422a9b74951f65fb50c) Importer(2089858483,b0f066a214c2f5e87bad3c948f4d605d)
Start importing Assets/Projects/GravityDash/kenney_ui-pack/Vector/Extra/icon_arrow_down_light.svg using Guid(71dbb95d7b058422a9b74951f65fb50c) Importer(2089858483,b0f066a214c2f5e87bad3c948f4d605d) (ScriptedImporter) -> (artifact id: '39776b9a29a1a6fc32c7859ffb71c8b9') in 0.0309023 seconds
Number of updated asset objects reloaded before import = 0Number of asset objects unloaded after import = 1

========================================================================
Received Import Request.
  Time since last request: 0.000107 seconds.
  path: Assets/Projects/GravityDash/kenney_new-platformer-pack-1.1/Vector/Tiles/terrain_stone_horizontal_left.svg
  artifactKey: Guid(769fd1b9034834a06a3edffff8e1ad6a) Importer(2089858483,b0f066a214c2f5e87bad3c948f4d605d)
Start importing Assets/Projects/GravityDash/kenney_new-platformer-pack-1.1/Vector/Tiles/terrain_stone_horizontal_left.svg using Guid(769fd1b9034834a06a3edffff8e1ad6a) Importer(2089858483,b0f066a214c2f5e87bad3c948f4d605d) (ScriptedImporter) -> (artifact id: '79500bcf7656fabf0e6cb1f676cec6fc') in 0.0290323 seconds
Number of updated asset objects reloaded before import = 0Number of asset objects unloaded after import = 1

========================================================================
Received Import Request.
  Time since last request: 0.000062 seconds.
  path: Assets/Projects/GravityDash/kenney_ui-pack/Vector/Grey/button_round_flat.svg
  artifactKey: Guid(177b7491a5f2e435dae9d5d2a9421f1e) Importer(2089858483,b0f066a214c2f5e87bad3c948f4d605d)
Start importing Assets/Projects/GravityDash/kenney_ui-pack/Vector/Grey/button_round_flat.svg using Guid(177b7491a5f2e435dae9d5d2a9421f1e) Importer(2089858483,b0f066a214c2f5e87bad3c948f4d605d) (ScriptedImporter) -> (artifact id: 'f0291488762011947eb6ad2646991d24') in 0.0242135 seconds
Number of updated asset objects reloaded before import = 0Number of asset objects unloaded after import = 1

========================================================================
Received Import Request.
  Time since last request: 0.000154 seconds.
  path: Assets/Projects/GravityDash/kenney_ui-pack/Vector/Blue/check_square_color.svg
  artifactKey: Guid(192f21dfb698b4a039804bcb48fe542e) Importer(2089858483,b0f066a214c2f5e87bad3c948f4d605d)
Start importing Assets/Projects/GravityDash/kenney_ui-pack/Vector/Blue/check_square_color.svg using Guid(192f21dfb698b4a039804bcb48fe542e) Importer(2089858483,b0f066a214c2f5e87bad3c948f4d605d) (ScriptedImporter) -> (artifact id: '0cebf8ef4319bd5f0a0821d742222450') in 0.0216613 seconds
Number of updated asset objects reloaded before import = 0Number of asset objects unloaded after import = 1

========================================================================
Received Import Request.
  Time since last request: 0.000068 seconds.
  path: Assets/Projects/GravityDash/kenney_new-platformer-pack-1.1/Vector/Tiles/terrain_sand_horizontal_left.svg
  artifactKey: Guid(4f85059660e534877b7d61e7f57465c5) Importer(2089858483,b0f066a214c2f5e87bad3c948f4d605d)
Start importing Assets/Projects/GravityDash/kenney_new-platformer-pack-1.1/Vector/Tiles/terrain_sand_horizontal_left.svg using Guid(4f85059660e534877b7d61e7f57465c5) Importer(2089858483,b0f066a214c2f5e87bad3c948f4d605d) (ScriptedImporter) -> (artifact id: '5c351f44cb7be615484838b2d0f15bf7') in 0.0212962 seconds
Number of updated asset objects reloaded before import = 0Number of asset objects unloaded after import = 1

========================================================================
Received Import Request.
  Time since last request: 0.000047 seconds.
  path: Assets/Projects/GravityDash/kenney_new-platformer-pack-1.1/Vector/Tiles/torch_off.svg
  artifactKey: Guid(22e89d9edc7b14c6eb33599ec3aa7b0b) Importer(2089858483,b0f066a214c2f5e87bad3c948f4d605d)
Start importing Assets/Projects/GravityDash/kenney_new-platformer-pack-1.1/Vector/Tiles/torch_off.svg using Guid(22e89d9edc7b14c6eb33599ec3aa7b0b) Importer(2089858483,b0f066a214c2f5e87bad3c948f4d605d) (ScriptedImporter) -> (artifact id: '89bbfe333793744364e55317274f7211') in 0.0181271 seconds
Number of updated asset objects reloaded before import = 0Number of asset objects unloaded after import = 1

========================================================================
Received Import Request.
  Time since last request: 0.000068 seconds.
  path: Assets/Projects/GravityDash/kenney_ui-pack/Vector/Blue/check_square_grey_cross.svg
  artifactKey: Guid(0d48f41f75363425d86f094241be14a6) Importer(2089858483,b0f066a214c2f5e87bad3c948f4d605d)
Start importing Assets/Projects/GravityDash/kenney_ui-pack/Vector/Blue/check_square_grey_cross.svg using Guid(0d48f41f75363425d86f094241be14a6) Importer(2089858483,b0f066a214c2f5e87bad3c948f4d605d) (ScriptedImporter) -> (artifact id: '64dd492c9b39f84d388bd0b03d658e59') in 0.0182859 seconds
Number of updated asset objects reloaded before import = 0Number of asset objects unloaded after import = 1

========================================================================
Received Import Request.
  Time since last request: 0.000071 seconds.
  path: Assets/Projects/GravityDash/kenney_new-platformer-pack-1.1/Vector/Tiles/terrain_stone_vertical_bottom.svg
  artifactKey: Guid(56543300330ec461bbc489b6f27e042a) Importer(2089858483,b0f066a214c2f5e87bad3c948f4d605d)
Start importing Assets/Projects/GravityDash/kenney_new-platformer-pack-1.1/Vector/Tiles/terrain_stone_vertical_bottom.svg using Guid(56543300330ec461bbc489b6f27e042a) Importer(2089858483,b0f066a214c2f5e87bad3c948f4d605d) (ScriptedImporter) -> (artifact id: 'b2c817e216cfdc0d9c35d630c236e93f') in 0.0186161 seconds
Number of updated asset objects reloaded before import = 0Number of asset objects unloaded after import = 1

========================================================================
Received Import Request.
  Time since last request: 0.000073 seconds.
  path: Assets/Projects/GravityDash/kenney_ui-pack/Vector/Blue/button_square_border.svg
  artifactKey: Guid(85ab5f8c5fc584cdfa4cf25ce42f4786) Importer(2089858483,b0f066a214c2f5e87bad3c948f4d605d)
Start importing Assets/Projects/GravityDash/kenney_ui-pack/Vector/Blue/button_square_border.svg using Guid(85ab5f8c5fc584cdfa4cf25ce42f4786) Importer(2089858483,b0f066a214c2f5e87bad3c948f4d605d) (ScriptedImporter) -> (artifact id: 'e8bddcc7b1f7754e89cf4076710f7614') in 0.0208705 seconds
Number of updated asset objects reloaded before import = 0Number of asset objects unloaded after import = 1

========================================================================
Received Import Request.
  Time since last request: 0.000034 seconds.
  path: Assets/Projects/GravityDash/kenney_ui-pack/Vector/Extra/input_outline_rectangle.svg
  artifactKey: Guid(aefef47ae4c5445f990f3ac8cd754d72) Importer(2089858483,b0f066a214c2f5e87bad3c948f4d605d)
Start importing Assets/Projects/GravityDash/kenney_ui-pack/Vector/Extra/input_outline_rectangle.svg using Guid(aefef47ae4c5445f990f3ac8cd754d72) Importer(2089858483,b0f066a214c2f5e87bad3c948f4d605d) (ScriptedImporter) -> (artifact id: '0552ef92d421f6bf95bfe4cca9708806') in 0.0356844 seconds
Number of updated asset objects reloaded before import = 0Number of asset objects unloaded after import = 1

========================================================================
Received Import Request.
  Time since last request: 0.000051 seconds.
  path: Assets/Projects/GravityDash/kenney_new-platformer-pack-1.1/Vector/Tiles/water_top_low.svg
  artifactKey: Guid(21d9717e75fef4719a6a3b69ff93fad9) Importer(2089858483,b0f066a214c2f5e87bad3c948f4d605d)
Start importing Assets/Projects/GravityDash/kenney_new-platformer-pack-1.1/Vector/Tiles/water_top_low.svg using Guid(21d9717e75fef4719a6a3b69ff93fad9) Importer(2089858483,b0f066a214c2f5e87bad3c948f4d605d) (ScriptedImporter) -> (artifact id: 'a11d0053f1c2a14af09dac077af94918') in 0.0533606 seconds
Number of updated asset objects reloaded before import = 0Number of asset objects unloaded after import = 1

========================================================================
Received Import Request.
  Time since last request: 0.000080 seconds.
  path: Assets/Projects/GravityDash/kenney_ui-pack/Vector/Extra/icon_repeat_outline.svg
  artifactKey: Guid(68c7b587001b74446aa59f346867999c) Importer(2089858483,b0f066a214c2f5e87bad3c948f4d605d)
Start importing Assets/Projects/GravityDash/kenney_ui-pack/Vector/Extra/icon_repeat_outline.svg using Guid(68c7b587001b74446aa59f346867999c) Importer(2089858483,b0f066a214c2f5e87bad3c948f4d605d) (ScriptedImporter) -> (artifact id: 'a7392fe54056ba6728b8dfb121eaf14d') in 0.026402 seconds
Number of updated asset objects reloaded before import = 0Number of asset objects unloaded after import = 1

========================================================================
Received Import Request.
  Time since last request: 0.000147 seconds.
  path: Assets/Projects/GravityDash/kenney_ui-pack/Vector/Green/check_square_color_square.svg
  artifactKey: Guid(d8bcbf33aa2464e879465788bbc09af9) Importer(2089858483,b0f066a214c2f5e87bad3c948f4d605d)
Start importing Assets/Projects/GravityDash/kenney_ui-pack/Vector/Green/check_square_color_square.svg using Guid(d8bcbf33aa2464e879465788bbc09af9) Importer(2089858483,b0f066a214c2f5e87bad3c948f4d605d) (ScriptedImporter) -> (artifact id: '995b437b7a265d40443ffb1af24a5dfc') in 0.0328435 seconds
Number of updated asset objects reloaded before import = 0Number of asset objects unloaded after import = 1

========================================================================
Received Import Request.
  Time since last request: 0.000203 seconds.
  path: Assets/Projects/GravityDash/kenney_ui-pack/Vector/Red/arrow_decorative_e_small.svg
  artifactKey: Guid(e333f0da5f109465682de7bbc8a0e9d9) Importer(2089858483,b0f066a214c2f5e87bad3c948f4d605d)
Start importing Assets/Projects/GravityDash/kenney_ui-pack/Vector/Red/arrow_decorative_e_small.svg using Guid(e333f0da5f109465682de7bbc8a0e9d9) Importer(2089858483,b0f066a214c2f5e87bad3c948f4d605d) (ScriptedImporter) -> (artifact id: '5548c4a0d7fa946f261a49843745c6cb') in 0.0265637 seconds
Number of updated asset objects reloaded before import = 0Number of asset objects unloaded after import = 1

========================================================================
Received Import Request.
  Time since last request: 0.000075 seconds.
  path: Assets/Projects/GravityDash/kenney_ui-pack/Vector/Yellow/button_square_gloss.svg
  artifactKey: Guid(66c9ecf76bdbc4a17bdff1f49670e6e9) Importer(2089858483,b0f066a214c2f5e87bad3c948f4d605d)
Start importing Assets/Projects/GravityDash/kenney_ui-pack/Vector/Yellow/button_square_gloss.svg using Guid(66c9ecf76bdbc4a17bdff1f49670e6e9) Importer(2089858483,b0f066a214c2f5e87bad3c948f4d605d) (ScriptedImporter) -> (artifact id: '30d8c4c18430d7a7b2240db88bb9fe41') in 0.0296024 seconds
Number of updated asset objects reloaded before import = 0Number of asset objects unloaded after import = 1

========================================================================
Received Import Request.
  Time since last request: 0.000211 seconds.
  path: Assets/Projects/GravityDash/kenney_ui-pack/Vector/Yellow/arrow_basic_n_small.svg
  artifactKey: Guid(f5dbe4301ea4f421cb5749be5119b057) Importer(2089858483,b0f066a214c2f5e87bad3c948f4d605d)
Start importing Assets/Projects/GravityDash/kenney_ui-pack/Vector/Yellow/arrow_basic_n_small.svg using Guid(f5dbe4301ea4f421cb5749be5119b057) Importer(2089858483,b0f066a214c2f5e87bad3c948f4d605d) (ScriptedImporter) -> (artifact id: 'f05bf88e80c55dd65702544fd1517ec2') in 0.0295494 seconds
Number of updated asset objects reloaded before import = 0Number of asset objects unloaded after import = 1

========================================================================
Received Import Request.
  Time since last request: 0.000221 seconds.
  path: Assets/Sprites/Cainos/Pixel Art Platformer - Village Props/Tileset Palette/TP Ground/TX Tileset Ground_123.asset
  artifactKey: Guid(f180bd92c91778e47be33b4838122117) Importer(2089858483,b0f066a214c2f5e87bad3c948f4d605d)
Start importing Assets/Sprites/Cainos/Pixel Art Platformer - Village Props/Tileset Palette/TP Ground/TX Tileset Ground_123.asset using Guid(f180bd92c91778e47be33b4838122117) Importer(2089858483,b0f066a214c2f5e87bad3c948f4d605d) (ScriptedImporter) -> (artifact id: 'fbc88d7d11f04e83826e68824a450d28') in 0.0417705 seconds
Number of updated asset objects reloaded before import = 0Number of asset objects unloaded after import = 2

========================================================================
Received Import Request.
  Time since last request: 0.000050 seconds.
  path: Assets/Projects/GravityDash/kenney_ui-pack/Vector/Yellow/arrow_decorative_w.svg
  artifactKey: Guid(fb86fcc32eb694b2580433014dfe2e0a) Importer(2089858483,b0f066a214c2f5e87bad3c948f4d605d)
Start importing Assets/Projects/GravityDash/kenney_ui-pack/Vector/Yellow/arrow_decorative_w.svg using Guid(fb86fcc32eb694b2580433014dfe2e0a) Importer(2089858483,b0f066a214c2f5e87bad3c948f4d605d) (ScriptedImporter) -> (artifact id: 'df717cf132b6eff6cc2c979ee5521021') in 0.0333941 seconds
Number of updated asset objects reloaded before import = 0Number of asset objects unloaded after import = 1

========================================================================
Received Import Request.
  Time since last request: 0.000198 seconds.
  path: Assets/Sprites/Cainos/Pixel Art Platformer - Village Props/Tileset Palette/TP Ground/TX Tileset Ground_142.asset
  artifactKey: Guid(088d479dc693b1847af17ab1be6e66a8) Importer(2089858483,b0f066a214c2f5e87bad3c948f4d605d)
Start importing Assets/Sprites/Cainos/Pixel Art Platformer - Village Props/Tileset Palette/TP Ground/TX Tileset Ground_142.asset using Guid(088d479dc693b1847af17ab1be6e66a8) Importer(2089858483,b0f066a214c2f5e87bad3c948f4d605d) (ScriptedImporter) -> (artifact id: 'f7bef82cf00a3b051290ff7c348730fa') in 0.0289542 seconds
Number of updated asset objects reloaded before import = 0Number of asset objects unloaded after import = 2

========================================================================
Received Import Request.
  Time since last request: 0.000041 seconds.
  path: Assets/Projects/GravityDash/kenney_ui-pack/Vector/Yellow/arrow_decorative_w_small.svg
  artifactKey: Guid(b4eebd5430cf748ccad7d93559db7cbe) Importer(2089858483,b0f066a214c2f5e87bad3c948f4d605d)
Start importing Assets/Projects/GravityDash/kenney_ui-pack/Vector/Yellow/arrow_decorative_w_small.svg using Guid(b4eebd5430cf748ccad7d93559db7cbe) Importer(2089858483,b0f066a214c2f5e87bad3c948f4d605d) (ScriptedImporter) -> (artifact id: 'f95705c36350606b61d4033a34069d4a') in 0.0328485 seconds
Number of updated asset objects reloaded before import = 0Number of asset objects unloaded after import = 1

========================================================================
Received Import Request.
  Time since last request: 0.000115 seconds.
  path: Assets/Projects/GravityDash/kenney_ui-pack/Vector/Yellow/slide_vertical_grey_section.svg
  artifactKey: Guid(184d28eef5c2a45bbae025f1f7cc51b5) Importer(2089858483,b0f066a214c2f5e87bad3c948f4d605d)
Start importing Assets/Projects/GravityDash/kenney_ui-pack/Vector/Yellow/slide_vertical_grey_section.svg using Guid(184d28eef5c2a45bbae025f1f7cc51b5) Importer(2089858483,b0f066a214c2f5e87bad3c948f4d605d) (ScriptedImporter) -> (artifact id: 'd4381af98f29f007fe91798e4f7021a0') in 0.0997299 seconds
Number of updated asset objects reloaded before import = 0Number of asset objects unloaded after import = 1

========================================================================
Received Import Request.
  Time since last request: 0.002384 seconds.
  path: Assets/Projects/GravityDash/kenney_ui-pack/Vector/Grey/slide_horizontal_color_section.svg
  artifactKey: Guid(ba0d66126a1c3439ca9364e03dda4b5a) Importer(2089858483,b0f066a214c2f5e87bad3c948f4d605d)
Start importing Assets/Projects/GravityDash/kenney_ui-pack/Vector/Grey/slide_horizontal_color_section.svg using Guid(ba0d66126a1c3439ca9364e03dda4b5a) Importer(2089858483,b0f066a214c2f5e87bad3c948f4d605d) (ScriptedImporter) -> (artifact id: '96578309f0f6b705c17297695267c2f4') in 0.0415984 seconds
Number of updated asset objects reloaded before import = 0Number of asset objects unloaded after import = 1

========================================================================
Received Import Request.
  Time since last request: 0.000526 seconds.
  path: Assets/Projects/GravityDash/kenney_ui-pack/Vector/Yellow/icon_checkmark.svg
  artifactKey: Guid(8988e8a185a95454da2bb40419120cbf) Importer(2089858483,b0f066a214c2f5e87bad3c948f4d605d)
Start importing Assets/Projects/GravityDash/kenney_ui-pack/Vector/Yellow/icon_checkmark.svg using Guid(8988e8a185a95454da2bb40419120cbf) Importer(2089858483,b0f066a214c2f5e87bad3c948f4d605d) (ScriptedImporter) -> (artifact id: '0ecbd420954aae93d6cf98c2e2c05318') in 0.0307859 seconds
Number of updated asset objects reloaded before import = 0Number of asset objects unloaded after import = 1

========================================================================
Received Import Request.
  Time since last request: 0.000035 seconds.
  path: Assets/Projects/GravityDash/kenney_ui-pack/Vector/Red/slide_vertical_color.svg
  artifactKey: Guid(30d5d0664192d4206ba2e31ba0e5456b) Importer(2089858483,b0f066a214c2f5e87bad3c948f4d605d)
Start importing Assets/Projects/GravityDash/kenney_ui-pack/Vector/Red/slide_vertical_color.svg using Guid(30d5d0664192d4206ba2e31ba0e5456b) Importer(2089858483,b0f066a214c2f5e87bad3c948f4d605d) (ScriptedImporter) -> (artifact id: '57be14489fc5d2417391782aecc349d4') in 0.0255363 seconds
Number of updated asset objects reloaded before import = 0Number of asset objects unloaded after import = 1

========================================================================
Received Import Request.
  Time since last request: 0.000035 seconds.
  path: Assets/Projects/GravityDash/kenney_ui-pack/Vector/Yellow/slide_horizontal_color_section_wide.svg
  artifactKey: Guid(1aa90dbf19fe04f35b0aa188560c56a3) Importer(2089858483,b0f066a214c2f5e87bad3c948f4d605d)
Start importing Assets/Projects/GravityDash/kenney_ui-pack/Vector/Yellow/slide_horizontal_color_section_wide.svg using Guid(1aa90dbf19fe04f35b0aa188560c56a3) Importer(2089858483,b0f066a214c2f5e87bad3c948f4d605d) (ScriptedImporter) -> (artifact id: '17f7120748f02cbcaaa07faa2d17ac89') in 0.0220517 seconds
Number of updated asset objects reloaded before import = 0Number of asset objects unloaded after import = 1

========================================================================
Received Import Request.
  Time since last request: 0.000220 seconds.
  path: Assets/Sprites/Cainos/Pixel Art Platformer - Village Props/Material/FX/MT FX Flame.mat
  artifactKey: Guid(dce4faabfa7d00147bb7d853e5c1fbf3) Importer(2089858483,b0f066a214c2f5e87bad3c948f4d605d)
Start importing Assets/Sprites/Cainos/Pixel Art Platformer - Village Props/Material/FX/MT FX Flame.mat using Guid(dce4faabfa7d00147bb7d853e5c1fbf3) Importer(2089858483,b0f066a214c2f5e87bad3c948f4d605d) (ScriptedImporter) -> (artifact id: 'e8f5c5377308e4f807e42d0b69f94b38') in 0.025149 seconds
Number of updated asset objects reloaded before import = 0Number of asset objects unloaded after import = 2

========================================================================
Received Import Request.
  Time since last request: 0.000035 seconds.
  path: Assets/Sprites/Cainos/Pixel Art Platformer - Village Props/Tileset Palette/TP Ground/TX Tileset Ground_162.asset
  artifactKey: Guid(122b59d662a176542ad41b2492ddf675) Importer(2089858483,b0f066a214c2f5e87bad3c948f4d605d)
Start importing Assets/Sprites/Cainos/Pixel Art Platformer - Village Props/Tileset Palette/TP Ground/TX Tileset Ground_162.asset using Guid(122b59d662a176542ad41b2492ddf675) Importer(2089858483,b0f066a214c2f5e87bad3c948f4d605d) (ScriptedImporter) -> (artifact id: '4fa971e1926835395ba6d0d65323d67e') in 0.0244589 seconds
Number of updated asset objects reloaded before import = 0Number of asset objects unloaded after import = 2

========================================================================
Received Import Request.
  Time since last request: 0.000034 seconds.
  path: Assets/Sprites/Cainos/Pixel Art Platformer - Village Props/Tileset Palette/TP Ground/TX Tileset Ground_15.asset
  artifactKey: Guid(fa81aa196de90eb438bddb9b08a3ff49) Importer(2089858483,b0f066a214c2f5e87bad3c948f4d605d)
Start importing Assets/Sprites/Cainos/Pixel Art Platformer - Village Props/Tileset Palette/TP Ground/TX Tileset Ground_15.asset using Guid(fa81aa196de90eb438bddb9b08a3ff49) Importer(2089858483,b0f066a214c2f5e87bad3c948f4d605d) (ScriptedImporter) -> (artifact id: 'f83b9a5894830ca832a5c94c037a9028') in 0.0224915 seconds
Number of updated asset objects reloaded before import = 0Number of asset objects unloaded after import = 2

========================================================================
Received Import Request.
  Time since last request: 0.000036 seconds.
  path: Assets/Projects/GravityDash/kenney_ui-pack/Vector/Yellow/button_square_depth_flat.svg
  artifactKey: Guid(ef952edbae08c48e89a0c962ba26fcd6) Importer(2089858483,b0f066a214c2f5e87bad3c948f4d605d)
Start importing Assets/Projects/GravityDash/kenney_ui-pack/Vector/Yellow/button_square_depth_flat.svg using Guid(ef952edbae08c48e89a0c962ba26fcd6) Importer(2089858483,b0f066a214c2f5e87bad3c948f4d605d) (ScriptedImporter) -> (artifact id: '010b5aaffad3f646f616125245a7b686') in 0.0242922 seconds
Number of updated asset objects reloaded before import = 0Number of asset objects unloaded after import = 1

========================================================================
Received Import Request.
  Time since last request: 0.000034 seconds.
  path: Assets/Projects/GravityDash/kenney_ui-pack/Vector/Red/check_square_grey_square.svg
  artifactKey: Guid(ed5e6e51efdd445c4ae63cc43989698d) Importer(2089858483,b0f066a214c2f5e87bad3c948f4d605d)
Start importing Assets/Projects/GravityDash/kenney_ui-pack/Vector/Red/check_square_grey_square.svg using Guid(ed5e6e51efdd445c4ae63cc43989698d) Importer(2089858483,b0f066a214c2f5e87bad3c948f4d605d) (ScriptedImporter) -> (artifact id: '58b67c0372b3a10bbebf52c2de719041') in 0.0181109 seconds
Number of updated asset objects reloaded before import = 0Number of asset objects unloaded after import = 1

========================================================================
Received Import Request.
  Time since last request: 0.000180 seconds.
  path: Assets/Projects/GravityDash/kenney_ui-pack/Vector/Yellow/button_round_depth_gradient.svg
  artifactKey: Guid(a484135c213e846589d4f0704b3a8928) Importer(2089858483,b0f066a214c2f5e87bad3c948f4d605d)
Start importing Assets/Projects/GravityDash/kenney_ui-pack/Vector/Yellow/button_round_depth_gradient.svg using Guid(a484135c213e846589d4f0704b3a8928) Importer(2089858483,b0f066a214c2f5e87bad3c948f4d605d) (ScriptedImporter) -> (artifact id: '6992c3976c6a3bc59a2de498e6a55c02') in 0.0209274 seconds
Number of updated asset objects reloaded before import = 0Number of asset objects unloaded after import = 2

========================================================================
Received Import Request.
  Time since last request: 0.000027 seconds.
  path: Assets/Sprites/Cainos/Pixel Art Platformer - Village Props/Tileset Palette/TP Ground/TX Tileset Ground_154.asset
  artifactKey: Guid(fe0118b3577988f43b9becf37509efa8) Importer(2089858483,b0f066a214c2f5e87bad3c948f4d605d)
Start importing Assets/Sprites/Cainos/Pixel Art Platformer - Village Props/Tileset Palette/TP Ground/TX Tileset Ground_154.asset using Guid(fe0118b3577988f43b9becf37509efa8) Importer(2089858483,b0f066a214c2f5e87bad3c948f4d605d) (ScriptedImporter) -> (artifact id: '96fefa1757e3eefd3b6c154dd44b5a47') in 0.0186578 seconds
Number of updated asset objects reloaded before import = 0Number of asset objects unloaded after import = 2

========================================================================
Received Import Request.
  Time since last request: 0.000143 seconds.
  path: Assets/Sprites/Cainos/Pixel Art Platformer - Village Props/Tileset Palette/TP Ground/TX Tileset Ground_106.asset
  artifactKey: Guid(01ec02c8faf2f3541a0f15f8f2dfa773) Importer(2089858483,b0f066a214c2f5e87bad3c948f4d605d)
Start importing Assets/Sprites/Cainos/Pixel Art Platformer - Village Props/Tileset Palette/TP Ground/TX Tileset Ground_106.asset using Guid(01ec02c8faf2f3541a0f15f8f2dfa773) Importer(2089858483,b0f066a214c2f5e87bad3c948f4d605d) (ScriptedImporter) -> (artifact id: '583d1622a111c280284527a243d7fbfd') in 0.0176205 seconds
Number of updated asset objects reloaded before import = 0Number of asset objects unloaded after import = 2

========================================================================
Received Import Request.
  Time since last request: 0.000028 seconds.
  path: Assets/Projects/GravityDash/kenney_ui-pack/Vector/Yellow/arrow_basic_w_small.svg
  artifactKey: Guid(53da853fcb5944717bd7e9a0b6486aad) Importer(2089858483,b0f066a214c2f5e87bad3c948f4d605d)
Start importing Assets/Projects/GravityDash/kenney_ui-pack/Vector/Yellow/arrow_basic_w_small.svg using Guid(53da853fcb5944717bd7e9a0b6486aad) Importer(2089858483,b0f066a214c2f5e87bad3c948f4d605d) (ScriptedImporter) -> (artifact id: '7d79bec7fdd5c52da49583158ef3e2ae') in 0.0190037 seconds
Number of updated asset objects reloaded before import = 0Number of asset objects unloaded after import = 1

========================================================================
Received Import Request.
  Time since last request: 0.000079 seconds.
  path: Assets/Projects/GravityDash/kenney_ui-pack/Vector/Red/button_square_depth_gloss.svg
  artifactKey: Guid(d3aac2145210a479cbbc91a25e48dc1e) Importer(2089858483,b0f066a214c2f5e87bad3c948f4d605d)
Start importing Assets/Projects/GravityDash/kenney_ui-pack/Vector/Red/button_square_depth_gloss.svg using Guid(d3aac2145210a479cbbc91a25e48dc1e) Importer(2089858483,b0f066a214c2f5e87bad3c948f4d605d) (ScriptedImporter) -> (artifact id: 'f92e6f5db2371c8f502303491cb905f3') in 0.0170848 seconds
Number of updated asset objects reloaded before import = 0Number of asset objects unloaded after import = 1

========================================================================
Received Import Request.
  Time since last request: 0.000032 seconds.
  path: Assets/Sprites/Cainos/Pixel Art Platformer - Village Props/Tileset Palette/TP Ground/TX Tileset Ground_160.asset
  artifactKey: Guid(9389084c40cf59045bebe9e340f50130) Importer(2089858483,b0f066a214c2f5e87bad3c948f4d605d)
Start importing Assets/Sprites/Cainos/Pixel Art Platformer - Village Props/Tileset Palette/TP Ground/TX Tileset Ground_160.asset using Guid(9389084c40cf59045bebe9e340f50130) Importer(2089858483,b0f066a214c2f5e87bad3c948f4d605d) (ScriptedImporter) -> (artifact id: 'c7b31979a5fd38c1d9a84e7d6cb4c7c6') in 0.0169669 seconds
Number of updated asset objects reloaded before import = 0Number of asset objects unloaded after import = 2

========================================================================
Received Import Request.
  Time since last request: 0.000036 seconds.
  path: Assets/Projects/GravityDash/kenney_ui-pack/Vector/Yellow/button_rectangle_gradient.svg
  artifactKey: Guid(0faf7f2f4d8f74c019e59b9271dc0af7) Importer(2089858483,b0f066a214c2f5e87bad3c948f4d605d)
Start importing Assets/Projects/GravityDash/kenney_ui-pack/Vector/Yellow/button_rectangle_gradient.svg using Guid(0faf7f2f4d8f74c019e59b9271dc0af7) Importer(2089858483,b0f066a214c2f5e87bad3c948f4d605d) (ScriptedImporter) -> (artifact id: '741807bea62ca1fb76b667f6aed92501') in 0.0194938 seconds
Number of updated asset objects reloaded before import = 0Number of asset objects unloaded after import = 2

========================================================================
Received Import Request.
  Time since last request: 0.000043 seconds.
  path: Assets/Sprites/Cainos/Pixel Art Platformer - Village Props/Tileset Palette/TP Ground/TX Tileset Ground_1.asset
  artifactKey: Guid(2246b6170bb9dd24bbc3c9c3c90624cc) Importer(2089858483,b0f066a214c2f5e87bad3c948f4d605d)
Start importing Assets/Sprites/Cainos/Pixel Art Platformer - Village Props/Tileset Palette/TP Ground/TX Tileset Ground_1.asset using Guid(2246b6170bb9dd24bbc3c9c3c90624cc) Importer(2089858483,b0f066a214c2f5e87bad3c948f4d605d) (ScriptedImporter) -> (artifact id: 'ef0d66e03aa43db60c5e14d62449a836') in 0.0143449 seconds
Number of updated asset objects reloaded before import = 0Number of asset objects unloaded after import = 2

========================================================================
Received Import Request.
  Time since last request: 0.000029 seconds.
  path: Assets/Projects/GravityDash/kenney_ui-pack/Vector/Red/arrow_basic_w_small.svg
  artifactKey: Guid(59341107a79ee44a19ff0c7885210662) Importer(2089858483,b0f066a214c2f5e87bad3c948f4d605d)
Start importing Assets/Projects/GravityDash/kenney_ui-pack/Vector/Red/arrow_basic_w_small.svg using Guid(59341107a79ee44a19ff0c7885210662) Importer(2089858483,b0f066a214c2f5e87bad3c948f4d605d) (ScriptedImporter) -> (artifact id: '441b1909bdb40449734336cad3a1d835') in 0.0136523 seconds
Number of updated asset objects reloaded before import = 0Number of asset objects unloaded after import = 1

========================================================================
Received Import Request.
  Time since last request: 0.000087 seconds.
  path: Assets/Projects/GravityDash/kenney_ui-pack/Vector/Red/slide_vertical_grey_section_wide.svg
  artifactKey: Guid(e424010b82ae04a82944f079fb51ece3) Importer(2089858483,b0f066a214c2f5e87bad3c948f4d605d)
Start importing Assets/Projects/GravityDash/kenney_ui-pack/Vector/Red/slide_vertical_grey_section_wide.svg using Guid(e424010b82ae04a82944f079fb51ece3) Importer(2089858483,b0f066a214c2f5e87bad3c948f4d605d) (ScriptedImporter) -> (artifact id: '16145e97e7c5a56afcf5444e06e712af') in 0.014871 seconds
Number of updated asset objects reloaded before import = 0Number of asset objects unloaded after import = 1

========================================================================
Received Import Request.
  Time since last request: 0.000149 seconds.
  path: Assets/Projects/GravityDash/kenney_ui-pack/Vector/Red/star.svg
  artifactKey: Guid(6fde883d495de41588fc8eb62415171c) Importer(2089858483,b0f066a214c2f5e87bad3c948f4d605d)
Start importing Assets/Projects/GravityDash/kenney_ui-pack/Vector/Red/star.svg using Guid(6fde883d495de41588fc8eb62415171c) Importer(2089858483,b0f066a214c2f5e87bad3c948f4d605d) (ScriptedImporter) -> (artifact id: '7caf863f6dae0fbae5a34175fcb4105a') in 0.0159142 seconds
Number of updated asset objects reloaded before import = 0Number of asset objects unloaded after import = 2

========================================================================
Received Import Request.
  Time since last request: 0.000027 seconds.
  path: Assets/Projects/GravityDash/kenney_ui-pack/Vector/Yellow/button_square_depth_gradient.svg
  artifactKey: Guid(5abda48893774447a8453f5a18962248) Importer(2089858483,b0f066a214c2f5e87bad3c948f4d605d)
Start importing Assets/Projects/GravityDash/kenney_ui-pack/Vector/Yellow/button_square_depth_gradient.svg using Guid(5abda48893774447a8453f5a18962248) Importer(2089858483,b0f066a214c2f5e87bad3c948f4d605d) (ScriptedImporter) -> (artifact id: '938ef96c35982bbad47f3b09d3faba15') in 0.0192006 seconds
Number of updated asset objects reloaded before import = 0Number of asset objects unloaded after import = 2

========================================================================
Received Import Request.
  Time since last request: 0.000047 seconds.
  path: Assets/Projects/GravityDash/kenney_ui-pack/Vector/Yellow/arrow_decorative_n_small.svg
  artifactKey: Guid(32b6a5f64fd6c4cd1881bb96f6c060c8) Importer(2089858483,b0f066a214c2f5e87bad3c948f4d605d)
Start importing Assets/Projects/GravityDash/kenney_ui-pack/Vector/Yellow/arrow_decorative_n_small.svg using Guid(32b6a5f64fd6c4cd1881bb96f6c060c8) Importer(2089858483,b0f066a214c2f5e87bad3c948f4d605d) (ScriptedImporter) -> (artifact id: 'e07592465392dca408fe328d193ce1d7') in 0.0197369 seconds
Number of updated asset objects reloaded before import = 0Number of asset objects unloaded after import = 1

========================================================================
Received Import Request.
  Time since last request: 0.000054 seconds.
  path: Assets/Sprites/Cainos/Pixel Art Platformer - Village Props/Tileset Palette/TP Ground/TX Tileset Ground_149.asset
  artifactKey: Guid(ebf41da40c1bab041ad9951e71aa27bc) Importer(2089858483,b0f066a214c2f5e87bad3c948f4d605d)
Start importing Assets/Sprites/Cainos/Pixel Art Platformer - Village Props/Tileset Palette/TP Ground/TX Tileset Ground_149.asset using Guid(ebf41da40c1bab041ad9951e71aa27bc) Importer(2089858483,b0f066a214c2f5e87bad3c948f4d605d) (ScriptedImporter) -> (artifact id: '1794360a242f858bf65e679d8dad08b3') in 0.0169095 seconds
Number of updated asset objects reloaded before import = 0Number of asset objects unloaded after import = 2

========================================================================
Received Import Request.
  Time since last request: 0.000044 seconds.
  path: Assets/Projects/GravityDash/kenney_ui-pack/Vector/Red/icon_outline_square.svg
  artifactKey: Guid(0f008b9ea554c41f581b9d8e510e5795) Importer(2089858483,b0f066a214c2f5e87bad3c948f4d605d)
Start importing Assets/Projects/GravityDash/kenney_ui-pack/Vector/Red/icon_outline_square.svg using Guid(0f008b9ea554c41f581b9d8e510e5795) Importer(2089858483,b0f066a214c2f5e87bad3c948f4d605d) (ScriptedImporter) -> (artifact id: 'eae45f25ffc3b7b584dc2efad1e1930b') in 0.0194539 seconds
Number of updated asset objects reloaded before import = 0Number of asset objects unloaded after import = 1

========================================================================
Received Import Request.
  Time since last request: 0.000121 seconds.
  path: Assets/Sprites/Cainos/Pixel Art Platformer - Village Props/Tileset Palette/TP Ground/TX Tileset Ground_148.asset
  artifactKey: Guid(5f13047406465964f8147c603682be74) Importer(2089858483,b0f066a214c2f5e87bad3c948f4d605d)
Start importing Assets/Sprites/Cainos/Pixel Art Platformer - Village Props/Tileset Palette/TP Ground/TX Tileset Ground_148.asset using Guid(5f13047406465964f8147c603682be74) Importer(2089858483,b0f066a214c2f5e87bad3c948f4d605d) (ScriptedImporter) -> (artifact id: '9119a20d298e29dd812634cff0480583') in 0.019503 seconds
Number of updated asset objects reloaded before import = 0Number of asset objects unloaded after import = 2

========================================================================
Received Import Request.
  Time since last request: 0.000039 seconds.
  path: Assets/Sprites/Cainos/Pixel Art Platformer - Village Props/Tileset Palette/TP Ground/TX Tileset Ground_126.asset
  artifactKey: Guid(251a2ac0250d3754bbfd5d2b105fd04e) Importer(2089858483,b0f066a214c2f5e87bad3c948f4d605d)
Start importing Assets/Sprites/Cainos/Pixel Art Platformer - Village Props/Tileset Palette/TP Ground/TX Tileset Ground_126.asset using Guid(251a2ac0250d3754bbfd5d2b105fd04e) Importer(2089858483,b0f066a214c2f5e87bad3c948f4d605d) (ScriptedImporter) -> (artifact id: '99238283980a41719636bd6239ae0935') in 0.0197461 seconds
Number of updated asset objects reloaded before import = 0Number of asset objects unloaded after import = 2

========================================================================
Received Import Request.
  Time since last request: 0.000024 seconds.
  path: Assets/Projects/GravityDash/kenney_ui-pack/Vector/Yellow/button_square_depth_gloss.svg
  artifactKey: Guid(17718bae518b045f7baaf571dd2c540a) Importer(2089858483,b0f066a214c2f5e87bad3c948f4d605d)
Start importing Assets/Projects/GravityDash/kenney_ui-pack/Vector/Yellow/button_square_depth_gloss.svg using Guid(17718bae518b045f7baaf571dd2c540a) Importer(2089858483,b0f066a214c2f5e87bad3c948f4d605d) (ScriptedImporter) -> (artifact id: 'cbb9b83df08b6a33e3a8a113b16f11ac') in 0.0250015 seconds
Number of updated asset objects reloaded before import = 0Number of asset objects unloaded after import = 1

========================================================================
Received Import Request.
  Time since last request: 0.000131 seconds.
  path: Assets/Projects/GravityDash/kenney_ui-pack/Vector/Yellow/icon_outline_cross.svg
  artifactKey: Guid(db05a2eda2b944115988f0ff88a0b3f5) Importer(2089858483,b0f066a214c2f5e87bad3c948f4d605d)
Start importing Assets/Projects/GravityDash/kenney_ui-pack/Vector/Yellow/icon_outline_cross.svg using Guid(db05a2eda2b944115988f0ff88a0b3f5) Importer(2089858483,b0f066a214c2f5e87bad3c948f4d605d) (ScriptedImporter) -> (artifact id: 'ebb0abd0a2933606d40ef0a3079f7fee') in 0.025909 seconds
Number of updated asset objects reloaded before import = 0Number of asset objects unloaded after import = 1

========================================================================
Received Import Request.
  Time since last request: 0.000099 seconds.
  path: Assets/Sprites/Cainos/Pixel Art Platformer - Village Props/Tileset Palette/TP Ground/TX Tileset Ground_135.asset
  artifactKey: Guid(2df71eb30308fc248a7435c8f93a2c4c) Importer(2089858483,b0f066a214c2f5e87bad3c948f4d605d)
Start importing Assets/Sprites/Cainos/Pixel Art Platformer - Village Props/Tileset Palette/TP Ground/TX Tileset Ground_135.asset using Guid(2df71eb30308fc248a7435c8f93a2c4c) Importer(2089858483,b0f066a214c2f5e87bad3c948f4d605d) (ScriptedImporter) -> (artifact id: '4d7154854161121f0af7ab7c834a9bc3') in 0.0230226 seconds
Number of updated asset objects reloaded before import = 0Number of asset objects unloaded after import = 2

========================================================================
Received Import Request.
  Time since last request: 0.000029 seconds.
  path: Assets/Projects/GravityDash/kenney_ui-pack/Vector/Red/arrow_basic_s_small.svg
  artifactKey: Guid(3457acd34306543c88e5ff56ad2302df) Importer(2089858483,b0f066a214c2f5e87bad3c948f4d605d)
Start importing Assets/Projects/GravityDash/kenney_ui-pack/Vector/Red/arrow_basic_s_small.svg using Guid(3457acd34306543c88e5ff56ad2302df) Importer(2089858483,b0f066a214c2f5e87bad3c948f4d605d) (ScriptedImporter) -> (artifact id: '81fed0ec2f1120ddba2fe73157714b9e') in 0.0253487 seconds
Number of updated asset objects reloaded before import = 0Number of asset objects unloaded after import = 1

========================================================================
Received Import Request.
  Time since last request: 0.000073 seconds.
  path: Assets/Projects/GravityDash/kenney_ui-pack/Vector/Red/button_round_gloss.svg
  artifactKey: Guid(0ea248086d91f449b952a16a9f467193) Importer(2089858483,b0f066a214c2f5e87bad3c948f4d605d)
Start importing Assets/Projects/GravityDash/kenney_ui-pack/Vector/Red/button_round_gloss.svg using Guid(0ea248086d91f449b952a16a9f467193) Importer(2089858483,b0f066a214c2f5e87bad3c948f4d605d) (ScriptedImporter) -> (artifact id: '8edcbdf7ec037844da73ab14082292a5') in 0.0244959 seconds
Number of updated asset objects reloaded before import = 0Number of asset objects unloaded after import = 1

========================================================================
Received Import Request.
  Time since last request: 0.000119 seconds.
  path: Assets/Projects/GravityDash/kenney_ui-pack/Vector/Yellow/button_square_depth_line.svg
  artifactKey: Guid(6b45d5ce97eb24baa9d2929fcce7720c) Importer(2089858483,b0f066a214c2f5e87bad3c948f4d605d)
Start importing Assets/Projects/GravityDash/kenney_ui-pack/Vector/Yellow/button_square_depth_line.svg using Guid(6b45d5ce97eb24baa9d2929fcce7720c) Importer(2089858483,b0f066a214c2f5e87bad3c948f4d605d) (ScriptedImporter) -> (artifact id: 'cca7c4a4172b5e2d534c3d6f7f3fd6b0') in 0.023247 seconds
Number of updated asset objects reloaded before import = 0Number of asset objects unloaded after import = 1

========================================================================
Received Import Request.
  Time since last request: 0.000089 seconds.
  path: Assets/Projects/GravityDash/kenney_ui-pack/Vector/Red/arrow_decorative_s_small.svg
  artifactKey: Guid(1e1af0e89e7dd4daeb75287bf2f8be2b) Importer(2089858483,b0f066a214c2f5e87bad3c948f4d605d)
Start importing Assets/Projects/GravityDash/kenney_ui-pack/Vector/Red/arrow_decorative_s_small.svg using Guid(1e1af0e89e7dd4daeb75287bf2f8be2b) Importer(2089858483,b0f066a214c2f5e87bad3c948f4d605d) (ScriptedImporter) -> (artifact id: 'e8438f8520f593367313f4731ac69491') in 0.0252618 seconds
Number of updated asset objects reloaded before import = 0Number of asset objects unloaded after import = 1

========================================================================
Received Import Request.
  Time since last request: 0.000197 seconds.
  path: Assets/Sprites/Cainos/Pixel Art Platformer - Village Props/Tileset Palette/TP Ground/TX Tileset Ground_136.asset
  artifactKey: Guid(e2d4b5d63b4c9284ab16e87fdd4023ef) Importer(2089858483,b0f066a214c2f5e87bad3c948f4d605d)
Start importing Assets/Sprites/Cainos/Pixel Art Platformer - Village Props/Tileset Palette/TP Ground/TX Tileset Ground_136.asset using Guid(e2d4b5d63b4c9284ab16e87fdd4023ef) Importer(2089858483,b0f066a214c2f5e87bad3c948f4d605d) (ScriptedImporter) -> (artifact id: '727800ed1a599e2abbdf0e612402c72a') in 0.0227841 seconds
Number of updated asset objects reloaded before import = 0Number of asset objects unloaded after import = 2

========================================================================
Received Import Request.
  Time since last request: 0.000024 seconds.
  path: Assets/Projects/GravityDash/kenney_ui-pack/Vector/Yellow/button_square_line.svg
  artifactKey: Guid(c8d66bb6d255d4054a2b95388bce248b) Importer(2089858483,b0f066a214c2f5e87bad3c948f4d605d)
Start importing Assets/Projects/GravityDash/kenney_ui-pack/Vector/Yellow/button_square_line.svg using Guid(c8d66bb6d255d4054a2b95388bce248b) Importer(2089858483,b0f066a214c2f5e87bad3c948f4d605d) (ScriptedImporter) -> (artifact id: '224e9a3ce0fc2608e969389e2c9c5649') in 0.0178755 seconds
Number of updated asset objects reloaded before import = 0Number of asset objects unloaded after import = 1

========================================================================
Received Import Request.
  Time since last request: 0.000131 seconds.
  path: Assets/Projects/GravityDash/kenney_ui-pack/Vector/Yellow/arrow_basic_e.svg
  artifactKey: Guid(bc404b8282aae4568898ed20bca1828b) Importer(2089858483,b0f066a214c2f5e87bad3c948f4d605d)
Start importing Assets/Projects/GravityDash/kenney_ui-pack/Vector/Yellow/arrow_basic_e.svg using Guid(bc404b8282aae4568898ed20bca1828b) Importer(2089858483,b0f066a214c2f5e87bad3c948f4d605d) (ScriptedImporter) -> (artifact id: '1089d0d11a0cf03410cee5aeba8e467d') in 0.0191316 seconds
Number of updated asset objects reloaded before import = 0Number of asset objects unloaded after import = 1

========================================================================
Received Import Request.
  Time since last request: 0.000054 seconds.
  path: Assets/Sprites/Cainos/Pixel Art Platformer - Village Props/Tileset Palette/TP Ground/TX Tileset Ground_132.asset
  artifactKey: Guid(d6c9089d3b6cf5a4a9f52dd1ee4563d3) Importer(2089858483,b0f066a214c2f5e87bad3c948f4d605d)
Start importing Assets/Sprites/Cainos/Pixel Art Platformer - Village Props/Tileset Palette/TP Ground/TX Tileset Ground_132.asset using Guid(d6c9089d3b6cf5a4a9f52dd1ee4563d3) Importer(2089858483,b0f066a214c2f5e87bad3c948f4d605d) (ScriptedImporter) -> (artifact id: '818d29cc7d6b1e9380852c8ea7fe5a75') in 0.0182468 seconds
Number of updated asset objects reloaded before import = 0Number of asset objects unloaded after import = 2

========================================================================
Received Import Request.
  Time since last request: 0.000047 seconds.
  path: Assets/Sprites/Cainos/Pixel Art Platformer - Village Props/Animation/Chest Iron/AM Chest Iron - Opened.anim
  artifactKey: Guid(44b675353ec717e4caa10dab2db7597f) Importer(2089858483,b0f066a214c2f5e87bad3c948f4d605d)
Start importing Assets/Sprites/Cainos/Pixel Art Platformer - Village Props/Animation/Chest Iron/AM Chest Iron - Opened.anim using Guid(44b675353ec717e4caa10dab2db7597f) Importer(2089858483,b0f066a214c2f5e87bad3c948f4d605d) (ScriptedImporter) -> (artifact id: '2c5c4391ae62c129eb3daf7d313019cb') in 0.0189847 seconds
Number of updated asset objects reloaded before import = 0Number of asset objects unloaded after import = 1

========================================================================
Received Import Request.
  Time since last request: 0.000043 seconds.
  path: Assets/Projects/GravityDash/kenney_ui-pack/Vector/Red/button_rectangle_depth_border.svg
  artifactKey: Guid(f6a57226f383c46139c865a31b7035cf) Importer(2089858483,b0f066a214c2f5e87bad3c948f4d605d)
Start importing Assets/Projects/GravityDash/kenney_ui-pack/Vector/Red/button_rectangle_depth_border.svg using Guid(f6a57226f383c46139c865a31b7035cf) Importer(2089858483,b0f066a214c2f5e87bad3c948f4d605d) (ScriptedImporter) -> (artifact id: '377f68725a8b5e9426230090bf917cb3') in 0.0213538 seconds
Number of updated asset objects reloaded before import = 0Number of asset objects unloaded after import = 1

========================================================================
Received Import Request.
  Time since last request: 0.000083 seconds.
  path: Assets/Sprites/Cainos/Pixel Art Platformer - Village Props/Tileset Palette/TP Ground/TX Tileset Ground_10.asset
  artifactKey: Guid(8c0583c4997af29459616893182f1c61) Importer(2089858483,b0f066a214c2f5e87bad3c948f4d605d)
Start importing Assets/Sprites/Cainos/Pixel Art Platformer - Village Props/Tileset Palette/TP Ground/TX Tileset Ground_10.asset using Guid(8c0583c4997af29459616893182f1c61) Importer(2089858483,b0f066a214c2f5e87bad3c948f4d605d) (ScriptedImporter) -> (artifact id: '4c1d08e14ed1398e98826875e82eb068') in 0.0185599 seconds
Number of updated asset objects reloaded before import = 0Number of asset objects unloaded after import = 2

========================================================================
Received Import Request.
  Time since last request: 0.000045 seconds.
  path: Assets/Projects/GravityDash/kenney_ui-pack/Vector/Yellow/button_square_border.svg
  artifactKey: Guid(cd68bbbe601954945905131b84f0972e) Importer(2089858483,b0f066a214c2f5e87bad3c948f4d605d)
Start importing Assets/Projects/GravityDash/kenney_ui-pack/Vector/Yellow/button_square_border.svg using Guid(cd68bbbe601954945905131b84f0972e) Importer(2089858483,b0f066a214c2f5e87bad3c948f4d605d) (ScriptedImporter) -> (artifact id: '87049760741499467f98372905f288b5') in 0.0255003 seconds
Number of updated asset objects reloaded before import = 0Number of asset objects unloaded after import = 1

========================================================================
Received Import Request.
  Time since last request: 0.000062 seconds.
  path: Assets/Sprites/Cainos/Pixel Art Platformer - Village Props/Material/FX/MT FX Flame Glow.mat
  artifactKey: Guid(6c48dc6ed4cda324b83bb2391ca6fb9a) Importer(2089858483,b0f066a214c2f5e87bad3c948f4d605d)
Start importing Assets/Sprites/Cainos/Pixel Art Platformer - Village Props/Material/FX/MT FX Flame Glow.mat using Guid(6c48dc6ed4cda324b83bb2391ca6fb9a) Importer(2089858483,b0f066a214c2f5e87bad3c948f4d605d) (ScriptedImporter) -> (artifact id: 'e3086a93556c0da906206d2e692e0348') in 0.0189863 seconds
Number of updated asset objects reloaded before import = 0Number of asset objects unloaded after import = 1

========================================================================
Received Import Request.
  Time since last request: 0.000041 seconds.
  path: Assets/Sprites/Cainos/Pixel Art Platformer - Village Props/Tileset Palette/TP Ground/TX Tileset Ground_125.asset
  artifactKey: Guid(3e0924c7df349b041bce4d0e2f82541b) Importer(2089858483,b0f066a214c2f5e87bad3c948f4d605d)
Start importing Assets/Sprites/Cainos/Pixel Art Platformer - Village Props/Tileset Palette/TP Ground/TX Tileset Ground_125.asset using Guid(3e0924c7df349b041bce4d0e2f82541b) Importer(2089858483,b0f066a214c2f5e87bad3c948f4d605d) (ScriptedImporter) -> (artifact id: '062ae1a009dfcbed27585e069c005501') in 0.0186233 seconds
Number of updated asset objects reloaded before import = 0Number of asset objects unloaded after import = 2

========================================================================
Received Import Request.
  Time since last request: 0.000047 seconds.
  path: Assets/Sprites/Cainos/Pixel Art Platformer - Village Props/Tileset Palette/TP Ground/TX Tileset Ground_137.asset
  artifactKey: Guid(c6894d382cd3def4ab13c2bfa743b982) Importer(2089858483,b0f066a214c2f5e87bad3c948f4d605d)
Start importing Assets/Sprites/Cainos/Pixel Art Platformer - Village Props/Tileset Palette/TP Ground/TX Tileset Ground_137.asset using Guid(c6894d382cd3def4ab13c2bfa743b982) Importer(2089858483,b0f066a214c2f5e87bad3c948f4d605d) (ScriptedImporter) -> (artifact id: 'e60312135ade2251958ac41a3be0b8fa') in 0.0189987 seconds
Number of updated asset objects reloaded before import = 0Number of asset objects unloaded after import = 2

========================================================================
Received Import Request.
  Time since last request: 0.000029 seconds.
  path: Assets/Sprites/Cainos/Pixel Art Platformer - Village Props/Tileset Palette/TP Ground/TX Tileset Ground_14.asset
  artifactKey: Guid(2e97c6637f4081e4ca46c437355520a8) Importer(2089858483,b0f066a214c2f5e87bad3c948f4d605d)
Start importing Assets/Sprites/Cainos/Pixel Art Platformer - Village Props/Tileset Palette/TP Ground/TX Tileset Ground_14.asset using Guid(2e97c6637f4081e4ca46c437355520a8) Importer(2089858483,b0f066a214c2f5e87bad3c948f4d605d) (ScriptedImporter) -> (artifact id: 'e65a186737b12a75ed8bec80cd62998d') in 0.0211534 seconds
Number of updated asset objects reloaded before import = 0Number of asset objects unloaded after import = 2

========================================================================
Received Import Request.
  Time since last request: 0.000031 seconds.
  path: Assets/Projects/GravityDash/kenney_ui-pack/Vector/Red/check_round_grey.svg
  artifactKey: Guid(8c761f5a358e442bcb9d13db8077f1c3) Importer(2089858483,b0f066a214c2f5e87bad3c948f4d605d)
Start importing Assets/Projects/GravityDash/kenney_ui-pack/Vector/Red/check_round_grey.svg using Guid(8c761f5a358e442bcb9d13db8077f1c3) Importer(2089858483,b0f066a214c2f5e87bad3c948f4d605d) (ScriptedImporter) -> (artifact id: '0d2727917d582603001312498be52825') in 0.0206468 seconds
Number of updated asset objects reloaded before import = 0Number of asset objects unloaded after import = 1

========================================================================
Received Import Request.
  Time since last request: 0.000054 seconds.
  path: Assets/Projects/GravityDash/kenney_ui-pack/Vector/Blue/button_round_gloss.svg
  artifactKey: Guid(a8c6cda307c02492aaf5c6154287423c) Importer(2089858483,b0f066a214c2f5e87bad3c948f4d605d)
Start importing Assets/Projects/GravityDash/kenney_ui-pack/Vector/Blue/button_round_gloss.svg using Guid(a8c6cda307c02492aaf5c6154287423c) Importer(2089858483,b0f066a214c2f5e87bad3c948f4d605d) (ScriptedImporter) -> (artifact id: 'b3d4196b9789e94bbc6c98fda46358b7') in 0.0230451 seconds
Number of updated asset objects reloaded before import = 0Number of asset objects unloaded after import = 1

========================================================================
Received Import Request.
  Time since last request: 0.000036 seconds.
  path: Assets/Projects/GravityDash/kenney_ui-pack/Vector/Red/button_square_depth_border.svg
  artifactKey: Guid(f703993a6394d4aa8bca1635640c0eeb) Importer(2089858483,b0f066a214c2f5e87bad3c948f4d605d)
Start importing Assets/Projects/GravityDash/kenney_ui-pack/Vector/Red/button_square_depth_border.svg using Guid(f703993a6394d4aa8bca1635640c0eeb) Importer(2089858483,b0f066a214c2f5e87bad3c948f4d605d) (ScriptedImporter) -> (artifact id: '4cc8dd4442ac6212b8c17d17703701cc') in 0.0200688 seconds
Number of updated asset objects reloaded before import = 0Number of asset objects unloaded after import = 1

========================================================================
Received Import Request.
  Time since last request: 0.000074 seconds.
  path: Assets/Projects/GravityDash/kenney_ui-pack/Vector/Blue/icon_circle.svg
  artifactKey: Guid(8c15c4e88932e4085bf61807aa783c62) Importer(2089858483,b0f066a214c2f5e87bad3c948f4d605d)
Start importing Assets/Projects/GravityDash/kenney_ui-pack/Vector/Blue/icon_circle.svg using Guid(8c15c4e88932e4085bf61807aa783c62) Importer(2089858483,b0f066a214c2f5e87bad3c948f4d605d) (ScriptedImporter) -> (artifact id: 'a982d325d53ed359e0d9b135eb4a01d6') in 0.0211437 seconds
Number of updated asset objects reloaded before import = 0Number of asset objects unloaded after import = 1

========================================================================
Received Import Request.
  Time since last request: 0.000115 seconds.
  path: Assets/Projects/GravityDash/kenney_ui-pack/Vector/Red/button_rectangle_gradient.svg
  artifactKey: Guid(534d369e4c3e74fe6ad3fc9dca3279b4) Importer(2089858483,b0f066a214c2f5e87bad3c948f4d605d)
Start importing Assets/Projects/GravityDash/kenney_ui-pack/Vector/Red/button_rectangle_gradient.svg using Guid(534d369e4c3e74fe6ad3fc9dca3279b4) Importer(2089858483,b0f066a214c2f5e87bad3c948f4d605d) (ScriptedImporter) -> (artifact id: '3cef1b2cd994e52d63f088553a88d281') in 0.0243889 seconds
Number of updated asset objects reloaded before import = 0Number of asset objects unloaded after import = 2

========================================================================
Received Import Request.
  Time since last request: 0.000037 seconds.
  path: Assets/Projects/GravityDash/kenney_ui-pack/Vector/Grey/slide_horizontal_color_section_wide.svg
  artifactKey: Guid(4025c2aecb72846e190841009584d265) Importer(2089858483,b0f066a214c2f5e87bad3c948f4d605d)
Start importing Assets/Projects/GravityDash/kenney_ui-pack/Vector/Grey/slide_horizontal_color_section_wide.svg using Guid(4025c2aecb72846e190841009584d265) Importer(2089858483,b0f066a214c2f5e87bad3c948f4d605d) (ScriptedImporter) -> (artifact id: '5b9e68ec7aef8088acfa633e1aeb1d90') in 0.0224785 seconds
Number of updated asset objects reloaded before import = 0Number of asset objects unloaded after import = 1

========================================================================
Received Import Request.
  Time since last request: 0.000090 seconds.
  path: Assets/Projects/GravityDash/kenney_new-platformer-pack-1.1/Vector/Tiles/torch_on_b.svg
  artifactKey: Guid(d4dba62ffb2d44a0b984e0986c15ba18) Importer(2089858483,b0f066a214c2f5e87bad3c948f4d605d)
Start importing Assets/Projects/GravityDash/kenney_new-platformer-pack-1.1/Vector/Tiles/torch_on_b.svg using Guid(d4dba62ffb2d44a0b984e0986c15ba18) Importer(2089858483,b0f066a214c2f5e87bad3c948f4d605d) (ScriptedImporter) -> (artifact id: 'ac35d839a8fc0f2f4d2a36c971b5a700') in 0.0262164 seconds
Number of updated asset objects reloaded before import = 0Number of asset objects unloaded after import = 2

========================================================================
Received Import Request.
  Time since last request: 0.000071 seconds.
  path: Assets/Projects/GravityDash/kenney_ui-pack/Vector/Green/button_rectangle_depth_border.svg
  artifactKey: Guid(abe3ab450367642beba589b0723a7093) Importer(2089858483,b0f066a214c2f5e87bad3c948f4d605d)
Start importing Assets/Projects/GravityDash/kenney_ui-pack/Vector/Green/button_rectangle_depth_border.svg using Guid(abe3ab450367642beba589b0723a7093) Importer(2089858483,b0f066a214c2f5e87bad3c948f4d605d) (ScriptedImporter) -> (artifact id: 'fb5fb2aabba6305e8b479ab6614d398f') in 0.0207094 seconds
Number of updated asset objects reloaded before import = 0Number of asset objects unloaded after import = 1

========================================================================
Received Import Request.
  Time since last request: 0.000072 seconds.
  path: Assets/Sprites/Cainos/Pixel Art Platformer - Village Props/Tileset Palette/TP Ground/TX Tileset Ground_107.asset
  artifactKey: Guid(5b15e5131651d0d4cb3958363238c163) Importer(2089858483,b0f066a214c2f5e87bad3c948f4d605d)
Start importing Assets/Sprites/Cainos/Pixel Art Platformer - Village Props/Tileset Palette/TP Ground/TX Tileset Ground_107.asset using Guid(5b15e5131651d0d4cb3958363238c163) Importer(2089858483,b0f066a214c2f5e87bad3c948f4d605d) (ScriptedImporter) -> (artifact id: 'c75a4447373b26a3ff1a4964f2ccee0a') in 0.0168774 seconds
Number of updated asset objects reloaded before import = 0Number of asset objects unloaded after import = 2

========================================================================
Received Import Request.
  Time since last request: 0.000033 seconds.
  path: Assets/Sprites/Cainos/Pixel Art Platformer - Village Props/Tileset Palette/TP Ground/TX Tileset Ground_111.asset
  artifactKey: Guid(ef522b2875db9aa428d1a38510fba6bd) Importer(2089858483,b0f066a214c2f5e87bad3c948f4d605d)
Start importing Assets/Sprites/Cainos/Pixel Art Platformer - Village Props/Tileset Palette/TP Ground/TX Tileset Ground_111.asset using Guid(ef522b2875db9aa428d1a38510fba6bd) Importer(2089858483,b0f066a214c2f5e87bad3c948f4d605d) (ScriptedImporter) -> (artifact id: 'fdc2e20bde05c772d821d5a2e73a8cb0') in 0.0179867 seconds
Number of updated asset objects reloaded before import = 0Number of asset objects unloaded after import = 2

========================================================================
Received Import Request.
  Time since last request: 0.000030 seconds.
  path: Assets/Projects/GravityDash/kenney_ui-pack/Vector/Green/button_rectangle_gradient.svg
  artifactKey: Guid(0b79d7d3b0c6f40d8adac3a44bdde3e1) Importer(2089858483,b0f066a214c2f5e87bad3c948f4d605d)
Start importing Assets/Projects/GravityDash/kenney_ui-pack/Vector/Green/button_rectangle_gradient.svg using Guid(0b79d7d3b0c6f40d8adac3a44bdde3e1) Importer(2089858483,b0f066a214c2f5e87bad3c948f4d605d) (ScriptedImporter) -> (artifact id: 'df2237b48c3ffb449612effd3d13241e') in 0.0246147 seconds
Number of updated asset objects reloaded before import = 0Number of asset objects unloaded after import = 2

========================================================================
Received Import Request.
  Time since last request: 0.000032 seconds.
  path: Assets/Projects/GravityDash/kenney_ui-pack/Vector/Blue/slide_hangle.svg
  artifactKey: Guid(bd25efbd6dc7042c0a7318d8a4a2a4b6) Importer(2089858483,b0f066a214c2f5e87bad3c948f4d605d)
Start importing Assets/Projects/GravityDash/kenney_ui-pack/Vector/Blue/slide_hangle.svg using Guid(bd25efbd6dc7042c0a7318d8a4a2a4b6) Importer(2089858483,b0f066a214c2f5e87bad3c948f4d605d) (ScriptedImporter) -> (artifact id: 'cf6a7760bd5d3d8043766080bf05354b') in 0.0199758 seconds
Number of updated asset objects reloaded before import = 0Number of asset objects unloaded after import = 1

========================================================================
Received Import Request.
  Time since last request: 0.000034 seconds.
  path: Assets/Projects/GravityDash/kenney_ui-pack/Vector/Red/check_square_grey.svg
  artifactKey: Guid(3f1a2a4ecd8534cb78c42f53e13bd6c5) Importer(2089858483,b0f066a214c2f5e87bad3c948f4d605d)
Start importing Assets/Projects/GravityDash/kenney_ui-pack/Vector/Red/check_square_grey.svg using Guid(3f1a2a4ecd8534cb78c42f53e13bd6c5) Importer(2089858483,b0f066a214c2f5e87bad3c948f4d605d) (ScriptedImporter) -> (artifact id: '79ed4b4af9b332e3b57615decb77c3ed') in 0.0190547 seconds
Number of updated asset objects reloaded before import = 0Number of asset objects unloaded after import = 1

========================================================================
Received Import Request.
  Time since last request: 0.000162 seconds.
  path: Assets/Projects/GravityDash/kenney_new-platformer-pack-1.1/Sprites/Characters/Default/character_green_idle.png
  artifactKey: Guid(21921c991dd22495dbee91cac119dcf1) Importer(2089858483,b0f066a214c2f5e87bad3c948f4d605d)
Start importing Assets/Projects/GravityDash/kenney_new-platformer-pack-1.1/Sprites/Characters/Default/character_green_idle.png using Guid(21921c991dd22495dbee91cac119dcf1) Importer(2089858483,b0f066a214c2f5e87bad3c948f4d605d) (ScriptedImporter) -> (artifact id: 'eec8af0fdc7586aecc1eb662760f5a4e') in 0.0208872 seconds
Number of updated asset objects reloaded before import = 0Number of asset objects unloaded after import = 3

========================================================================
Received Import Request.
  Time since last request: 0.000027 seconds.
  path: Assets/Projects/GravityDash/kenney_new-platformer-pack-1.1/Sprites/Enemies/Default/barnacle_attack_rest.png
  artifactKey: Guid(8ceb6b4c616444cb2b5fef776c1696b4) Importer(2089858483,b0f066a214c2f5e87bad3c948f4d605d)
Start importing Assets/Projects/GravityDash/kenney_new-platformer-pack-1.1/Sprites/Enemies/Default/barnacle_attack_rest.png using Guid(8ceb6b4c616444cb2b5fef776c1696b4) Importer(2089858483,b0f066a214c2f5e87bad3c948f4d605d) (ScriptedImporter) -> (artifact id: 'ad2c765a5e05a9f3c571677e19313f51') in 0.0218356 seconds
Number of updated asset objects reloaded before import = 0Number of asset objects unloaded after import = 3

========================================================================
Received Import Request.
  Time since last request: 0.000031 seconds.
  path: Assets/Projects/GravityDash/kenney_new-platformer-pack-1.1/Sprites/Enemies/Default/saw_a.png
  artifactKey: Guid(5950cd46fa1dd490f8590fc5c14afee0) Importer(2089858483,b0f066a214c2f5e87bad3c948f4d605d)
Start importing Assets/Projects/GravityDash/kenney_new-platformer-pack-1.1/Sprites/Enemies/Default/saw_a.png using Guid(5950cd46fa1dd490f8590fc5c14afee0) Importer(2089858483,b0f066a214c2f5e87bad3c948f4d605d) (ScriptedImporter) -> (artifact id: '86873695ff3397b4fe86071850d3d399') in 0.0205555 seconds
Number of updated asset objects reloaded before import = 0Number of asset objects unloaded after import = 3

========================================================================
Received Import Request.
  Time since last request: 0.000035 seconds.
  path: Assets/Projects/GravityDash/kenney_new-platformer-pack-1.1/Sprites/Characters/Double/character_purple_hit.png
  artifactKey: Guid(793d0b2437c2e4286a3b57d59874f805) Importer(2089858483,b0f066a214c2f5e87bad3c948f4d605d)
Start importing Assets/Projects/GravityDash/kenney_new-platformer-pack-1.1/Sprites/Characters/Double/character_purple_hit.png using Guid(793d0b2437c2e4286a3b57d59874f805) Importer(2089858483,b0f066a214c2f5e87bad3c948f4d605d) (ScriptedImporter) -> (artifact id: 'b0090686de5e3ad307b38c43afcb1d98') in 0.0173973 seconds
Number of updated asset objects reloaded before import = 0Number of asset objects unloaded after import = 3

========================================================================
Received Import Request.
  Time since last request: 0.000036 seconds.
  path: Assets/Projects/GravityDash/kenney_new-platformer-pack-1.1/Sprites/Characters/Default/character_beige_idle.png
  artifactKey: Guid(e5bdaeac48fed4c48a328d9d1b2bb57a) Importer(2089858483,b0f066a214c2f5e87bad3c948f4d605d)
Start importing Assets/Projects/GravityDash/kenney_new-platformer-pack-1.1/Sprites/Characters/Default/character_beige_idle.png using Guid(e5bdaeac48fed4c48a328d9d1b2bb57a) Importer(2089858483,b0f066a214c2f5e87bad3c948f4d605d) (ScriptedImporter) -> (artifact id: '3966f824c416d64ec6a0547c93416ea0') in 0.0178229 seconds
Number of updated asset objects reloaded before import = 0Number of asset objects unloaded after import = 3

========================================================================
Received Import Request.
  Time since last request: 0.000023 seconds.
  path: Assets/Projects/GravityDash/kenney_new-platformer-pack-1.1/Sprites/Characters/Default/character_pink_climb_a.png
  artifactKey: Guid(77d613f2431d046a480610dead960892) Importer(2089858483,b0f066a214c2f5e87bad3c948f4d605d)
Start importing Assets/Projects/GravityDash/kenney_new-platformer-pack-1.1/Sprites/Characters/Default/character_pink_climb_a.png using Guid(77d613f2431d046a480610dead960892) Importer(2089858483,b0f066a214c2f5e87bad3c948f4d605d) (ScriptedImporter) -> (artifact id: 'dd5a670b4174b4bbc61a68b403feec4b') in 0.0246745 seconds
Number of updated asset objects reloaded before import = 0Number of asset objects unloaded after import = 3

========================================================================
Received Import Request.
  Time since last request: 0.000026 seconds.
  path: Assets/Sprites/Cainos/Pixel Art Platformer - Village Props/Tileset Palette/TP Ground/TX Tileset Ground_40.asset
  artifactKey: Guid(29754a49515e60e468307ef7c2b97507) Importer(2089858483,b0f066a214c2f5e87bad3c948f4d605d)
Start importing Assets/Sprites/Cainos/Pixel Art Platformer - Village Props/Tileset Palette/TP Ground/TX Tileset Ground_40.asset using Guid(29754a49515e60e468307ef7c2b97507) Importer(2089858483,b0f066a214c2f5e87bad3c948f4d605d) (ScriptedImporter) -> (artifact id: '6d793fca1aef054666d74a994533c07b') in 0.0150157 seconds
Number of updated asset objects reloaded before import = 0Number of asset objects unloaded after import = 2

========================================================================
Received Import Request.
  Time since last request: 0.000028 seconds.
  path: Assets/Projects/GravityDash/kenney_new-platformer-pack-1.1/Sprites/Characters/Double/character_green_idle.png
  artifactKey: Guid(9c4584c12403d44859b94c4a0ca66ef5) Importer(2089858483,b0f066a214c2f5e87bad3c948f4d605d)
Start importing Assets/Projects/GravityDash/kenney_new-platformer-pack-1.1/Sprites/Characters/Double/character_green_idle.png using Guid(9c4584c12403d44859b94c4a0ca66ef5) Importer(2089858483,b0f066a214c2f5e87bad3c948f4d605d) (ScriptedImporter) -> (artifact id: 'a28898d6798452462eda0c09f0ee4b1a') in 0.028686 seconds
Number of updated asset objects reloaded before import = 0Number of asset objects unloaded after import = 3

========================================================================
Received Import Request.
  Time since last request: 0.000048 seconds.
  path: Assets/Sprites/Cainos/Pixel Art Platformer - Village Props/Tileset Palette/TP Ground/TX Tileset Ground_75.asset
  artifactKey: Guid(bbc9e33f7186f7c449f99f3c7525f547) Importer(2089858483,b0f066a214c2f5e87bad3c948f4d605d)
Start importing Assets/Sprites/Cainos/Pixel Art Platformer - Village Props/Tileset Palette/TP Ground/TX Tileset Ground_75.asset using Guid(bbc9e33f7186f7c449f99f3c7525f547) Importer(2089858483,b0f066a214c2f5e87bad3c948f4d605d) (ScriptedImporter) -> (artifact id: '287a8457745df52b1a2550024717c6aa') in 0.0164243 seconds
Number of updated asset objects reloaded before import = 0Number of asset objects unloaded after import = 2

========================================================================
Received Import Request.
  Time since last request: 0.000053 seconds.
  path: Assets/Projects/GravityDash/kenney_new-platformer-pack-1.1/Sprites/Enemies/Default/block_rest.png
  artifactKey: Guid(e00b0c3887b2348fd926f8cfa79f5559) Importer(2089858483,b0f066a214c2f5e87bad3c948f4d605d)
Start importing Assets/Projects/GravityDash/kenney_new-platformer-pack-1.1/Sprites/Enemies/Default/block_rest.png using Guid(e00b0c3887b2348fd926f8cfa79f5559) Importer(2089858483,b0f066a214c2f5e87bad3c948f4d605d) (ScriptedImporter) -> (artifact id: '16d84071b6dd10617d3ea7da50935def') in 0.0274776 seconds
Number of updated asset objects reloaded before import = 0Number of asset objects unloaded after import = 3

========================================================================
Received Import Request.
  Time since last request: 0.000034 seconds.
  path: Assets/Projects/GravityDash/kenney_new-platformer-pack-1.1/Sprites/Characters/Default/character_yellow_climb_b.png
  artifactKey: Guid(77691fddadc1940018bc940fb45ee733) Importer(2089858483,b0f066a214c2f5e87bad3c948f4d605d)
Start importing Assets/Projects/GravityDash/kenney_new-platformer-pack-1.1/Sprites/Characters/Default/character_yellow_climb_b.png using Guid(77691fddadc1940018bc940fb45ee733) Importer(2089858483,b0f066a214c2f5e87bad3c948f4d605d) (ScriptedImporter) -> (artifact id: 'acaf7bec760dafda7a7971196fd6f90d') in 0.0259137 seconds
Number of updated asset objects reloaded before import = 0Number of asset objects unloaded after import = 3

========================================================================
Received Import Request.
  Time since last request: 0.000023 seconds.
  path: Assets/Projects/GravityDash/kenney_new-platformer-pack-1.1/Sprites/Enemies/Default/fish_purple_rest.png
  artifactKey: Guid(a54794cdd2670457589863590d9737f4) Importer(2089858483,b0f066a214c2f5e87bad3c948f4d605d)
Start importing Assets/Projects/GravityDash/kenney_new-platformer-pack-1.1/Sprites/Enemies/Default/fish_purple_rest.png using Guid(a54794cdd2670457589863590d9737f4) Importer(2089858483,b0f066a214c2f5e87bad3c948f4d605d) (ScriptedImporter) -> (artifact id: 'db7ea6cb4fb24af42e36933c86ed32f7') in 0.0313098 seconds
Number of updated asset objects reloaded before import = 0Number of asset objects unloaded after import = 3

========================================================================
Received Import Request.
  Time since last request: 0.000024 seconds.
  path: Assets/Projects/GravityDash/kenney_new-platformer-pack-1.1/Sprites/Characters/Double/character_yellow_duck.png
  artifactKey: Guid(948d1137ccd0d40dd981df61b0354e49) Importer(2089858483,b0f066a214c2f5e87bad3c948f4d605d)
Start importing Assets/Projects/GravityDash/kenney_new-platformer-pack-1.1/Sprites/Characters/Double/character_yellow_duck.png using Guid(948d1137ccd0d40dd981df61b0354e49) Importer(2089858483,b0f066a214c2f5e87bad3c948f4d605d) (ScriptedImporter) -> (artifact id: '494b8d7fa6e6f6ea2af36dd489a5a080') in 0.0161131 seconds
Number of updated asset objects reloaded before import = 0Number of asset objects unloaded after import = 3

========================================================================
Received Import Request.
  Time since last request: 0.000023 seconds.
  path: Assets/Projects/GravityDash/kenney_new-platformer-pack-1.1/Sprites/Enemies/Default/slime_fire_flat.png
  artifactKey: Guid(679d9feef8c8942edb6f1e84634ceb9b) Importer(2089858483,b0f066a214c2f5e87bad3c948f4d605d)
Start importing Assets/Projects/GravityDash/kenney_new-platformer-pack-1.1/Sprites/Enemies/Default/slime_fire_flat.png using Guid(679d9feef8c8942edb6f1e84634ceb9b) Importer(2089858483,b0f066a214c2f5e87bad3c948f4d605d) (ScriptedImporter) -> (artifact id: '19ea1b0215b072eb8383e208b11f363a') in 0.0213762 seconds
Number of updated asset objects reloaded before import = 0Number of asset objects unloaded after import = 3

========================================================================
Received Import Request.
  Time since last request: 0.000035 seconds.
  path: Assets/Sprites/Cainos/Pixel Art Platformer - Village Props/Tileset Palette/TP Ground/TX Tileset Ground_83.asset
  artifactKey: Guid(9a09059add2394e4bbb2f597decd27f7) Importer(2089858483,b0f066a214c2f5e87bad3c948f4d605d)
Start importing Assets/Sprites/Cainos/Pixel Art Platformer - Village Props/Tileset Palette/TP Ground/TX Tileset Ground_83.asset using Guid(9a09059add2394e4bbb2f597decd27f7) Importer(2089858483,b0f066a214c2f5e87bad3c948f4d605d) (ScriptedImporter) -> (artifact id: 'f8d2a14a3931df007f2bce5a91bab438') in 0.0126994 seconds
Number of updated asset objects reloaded before import = 0Number of asset objects unloaded after import = 2

========================================================================
Received Import Request.
  Time since last request: 0.000025 seconds.
  path: Assets/Projects/GravityDash/kenney_new-platformer-pack-1.1/Sprites/Enemies/Default/slime_spike_flat.png
  artifactKey: Guid(aa92c832d7dea43d0863810b28e385ab) Importer(2089858483,b0f066a214c2f5e87bad3c948f4d605d)
Start importing Assets/Projects/GravityDash/kenney_new-platformer-pack-1.1/Sprites/Enemies/Default/slime_spike_flat.png using Guid(aa92c832d7dea43d0863810b28e385ab) Importer(2089858483,b0f066a214c2f5e87bad3c948f4d605d) (ScriptedImporter) -> (artifact id: '62dbb33284799ce419aabe83349a2e5e') in 0.0164832 seconds
Number of updated asset objects reloaded before import = 0Number of asset objects unloaded after import = 3

========================================================================
Received Import Request.
  Time since last request: 0.000043 seconds.
  path: Assets/Projects/GravityDash/kenney_new-platformer-pack-1.1/Sprites/Enemies/Double/fish_yellow_swim_b.png
  artifactKey: Guid(11c51b3001dec486bbbd121fac71ff4b) Importer(2089858483,b0f066a214c2f5e87bad3c948f4d605d)
Start importing Assets/Projects/GravityDash/kenney_new-platformer-pack-1.1/Sprites/Enemies/Double/fish_yellow_swim_b.png using Guid(11c51b3001dec486bbbd121fac71ff4b) Importer(2089858483,b0f066a214c2f5e87bad3c948f4d605d) (ScriptedImporter) -> (artifact id: '0c2ba8d36ce72fe6183496ab89e69f30') in 0.0171864 seconds
Number of updated asset objects reloaded before import = 0Number of asset objects unloaded after import = 3

========================================================================
Received Import Request.
  Time since last request: 0.000029 seconds.
  path: Assets/Projects/GravityDash/kenney_new-platformer-pack-1.1/Sprites/Enemies/Default/saw_rest.png
  artifactKey: Guid(9c8a1daeae91b4c528a86b8e02e1dced) Importer(2089858483,b0f066a214c2f5e87bad3c948f4d605d)
Start importing Assets/Projects/GravityDash/kenney_new-platformer-pack-1.1/Sprites/Enemies/Default/saw_rest.png using Guid(9c8a1daeae91b4c528a86b8e02e1dced) Importer(2089858483,b0f066a214c2f5e87bad3c948f4d605d) (ScriptedImporter) -> (artifact id: '3e66e0bc812b346c47e7abf7915aa8ae') in 0.0165009 seconds
Number of updated asset objects reloaded before import = 0Number of asset objects unloaded after import = 3

========================================================================
Received Import Request.
  Time since last request: 0.000027 seconds.
  path: Assets/Sprites/Cainos/Third Party/Lucid Editor/Editor/EditorColors.cs
  artifactKey: Guid(7804f7f08ea1e435f83285a1bbfd9307) Importer(2089858483,b0f066a214c2f5e87bad3c948f4d605d)
Start importing Assets/Sprites/Cainos/Third Party/Lucid Editor/Editor/EditorColors.cs using Guid(7804f7f08ea1e435f83285a1bbfd9307) Importer(2089858483,b0f066a214c2f5e87bad3c948f4d605d) (ScriptedImporter) -> (artifact id: 'b38c711e9287b3fddb7ca3417070e5b1') in 0.0131311 seconds
Number of updated asset objects reloaded before import = 0Number of asset objects unloaded after import = 0

========================================================================
Received Import Request.
  Time since last request: 0.000103 seconds.
  path: Assets/Projects/GravityDash/kenney_new-platformer-pack-1.1/Sprites/Characters/Default/character_yellow_duck.png
  artifactKey: Guid(00abc0bb08c4344ae90e17537c301dbb) Importer(2089858483,b0f066a214c2f5e87bad3c948f4d605d)
Start importing Assets/Projects/GravityDash/kenney_new-platformer-pack-1.1/Sprites/Characters/Default/character_yellow_duck.png using Guid(00abc0bb08c4344ae90e17537c301dbb) Importer(2089858483,b0f066a214c2f5e87bad3c948f4d605d) (ScriptedImporter) -> (artifact id: '5556994c91da0b1cafff8b6648492bbd') in 0.0168546 seconds
Number of updated asset objects reloaded before import = 0Number of asset objects unloaded after import = 3

========================================================================
Received Import Request.
  Time since last request: 0.000032 seconds.
  path: Assets/Projects/GravityDash/kenney_new-platformer-pack-1.1/Sprites/Enemies/Default/snail_shell.png
  artifactKey: Guid(46159a9681996467a9ebc5924f89c5c4) Importer(2089858483,b0f066a214c2f5e87bad3c948f4d605d)
Start importing Assets/Projects/GravityDash/kenney_new-platformer-pack-1.1/Sprites/Enemies/Default/snail_shell.png using Guid(46159a9681996467a9ebc5924f89c5c4) Importer(2089858483,b0f066a214c2f5e87bad3c948f4d605d) (ScriptedImporter) -> (artifact id: '7312827df845973a7f68540b5cb4b2ce') in 0.0147442 seconds
Number of updated asset objects reloaded before import = 0Number of asset objects unloaded after import = 3

========================================================================
Received Import Request.
  Time since last request: 0.000029 seconds.
  path: Assets/Projects/GravityDash/kenney_new-platformer-pack-1.1/Sprites/Enemies/Default/slime_spike_walk_b.png
  artifactKey: Guid(5a9e78069831c45b0b5c7df7950a3f81) Importer(2089858483,b0f066a214c2f5e87bad3c948f4d605d)
Start importing Assets/Projects/GravityDash/kenney_new-platformer-pack-1.1/Sprites/Enemies/Default/slime_spike_walk_b.png using Guid(5a9e78069831c45b0b5c7df7950a3f81) Importer(2089858483,b0f066a214c2f5e87bad3c948f4d605d) (ScriptedImporter) -> (artifact id: '8a6df3881e4eded091e754385a754d76') in 0.018692 seconds
Number of updated asset objects reloaded before import = 0Number of asset objects unloaded after import = 3

========================================================================
Received Import Request.
  Time since last request: 0.000021 seconds.
  path: Assets/Sprites/Cainos/Pixel Art Platformer - Village Props/Tileset Palette/TP Ground/TX Tileset Ground_74.asset
  artifactKey: Guid(f5f5bd36d57b7d740a13d8e594ee02bc) Importer(2089858483,b0f066a214c2f5e87bad3c948f4d605d)
Start importing Assets/Sprites/Cainos/Pixel Art Platformer - Village Props/Tileset Palette/TP Ground/TX Tileset Ground_74.asset using Guid(f5f5bd36d57b7d740a13d8e594ee02bc) Importer(2089858483,b0f066a214c2f5e87bad3c948f4d605d) (ScriptedImporter) -> (artifact id: '75fe2b3beb36bbf6f888536cc883e71e') in 0.0150495 seconds
Number of updated asset objects reloaded before import = 0Number of asset objects unloaded after import = 2

========================================================================
Received Import Request.
  Time since last request: 0.000023 seconds.
  path: Assets/Projects/GravityDash/kenney_new-platformer-pack-1.1/Sprites/Enemies/Double/slime_fire_flat.png
  artifactKey: Guid(ef021b17c7655414e8b5861de5408559) Importer(2089858483,b0f066a214c2f5e87bad3c948f4d605d)
Start importing Assets/Projects/GravityDash/kenney_new-platformer-pack-1.1/Sprites/Enemies/Double/slime_fire_flat.png using Guid(ef021b17c7655414e8b5861de5408559) Importer(2089858483,b0f066a214c2f5e87bad3c948f4d605d) (ScriptedImporter) -> (artifact id: '2628c4868cc0eec01c957a2d5a030135') in 0.018649 seconds
Number of updated asset objects reloaded before import = 0Number of asset objects unloaded after import = 3

========================================================================
Received Import Request.
  Time since last request: 0.000025 seconds.
  path: Assets/Sprites/Cainos/Pixel Art Platformer - Village Props/Tileset Palette/TP Ground/TX Tileset Ground_89.asset
  artifactKey: Guid(f037167d8823e3549a99b1081d8021b2) Importer(2089858483,b0f066a214c2f5e87bad3c948f4d605d)
Start importing Assets/Sprites/Cainos/Pixel Art Platformer - Village Props/Tileset Palette/TP Ground/TX Tileset Ground_89.asset using Guid(f037167d8823e3549a99b1081d8021b2) Importer(2089858483,b0f066a214c2f5e87bad3c948f4d605d) (ScriptedImporter) -> (artifact id: '639b8287ec3856e76a38634eaaa11c1f') in 0.0115499 seconds
Number of updated asset objects reloaded before import = 0Number of asset objects unloaded after import = 2

========================================================================
Received Import Request.
  Time since last request: 0.000035 seconds.
  path: Assets/Sprites/Cainos/Pixel Art Platformer - Village Props/Tileset Palette/TP Ground/TX Tileset Ground_46.asset
  artifactKey: Guid(dcbc1b35ab6907448bddc6bc23e6789b) Importer(2089858483,b0f066a214c2f5e87bad3c948f4d605d)
Start importing Assets/Sprites/Cainos/Pixel Art Platformer - Village Props/Tileset Palette/TP Ground/TX Tileset Ground_46.asset using Guid(dcbc1b35ab6907448bddc6bc23e6789b) Importer(2089858483,b0f066a214c2f5e87bad3c948f4d605d) (ScriptedImporter) -> (artifact id: '66e3ffb2fb87eacc28811b81342fb686') in 0.0147414 seconds
Number of updated asset objects reloaded before import = 0Number of asset objects unloaded after import = 2

========================================================================
Received Import Request.
  Time since last request: 0.000036 seconds.
  path: Assets/Sprites/Cainos/Pixel Art Platformer - Village Props/Tileset Palette/TP Ground/TX Tileset Ground_31.asset
  artifactKey: Guid(2d124724b7a293044ba9d11950b0a66b) Importer(2089858483,b0f066a214c2f5e87bad3c948f4d605d)
Start importing Assets/Sprites/Cainos/Pixel Art Platformer - Village Props/Tileset Palette/TP Ground/TX Tileset Ground_31.asset using Guid(2d124724b7a293044ba9d11950b0a66b) Importer(2089858483,b0f066a214c2f5e87bad3c948f4d605d) (ScriptedImporter) -> (artifact id: '501314067fcef3e8846b935b398c22d5') in 0.0140084 seconds
Number of updated asset objects reloaded before import = 0Number of asset objects unloaded after import = 2

========================================================================
Received Import Request.
  Time since last request: 0.000020 seconds.
  path: Assets/Sprites/Cainos/Pixel Art Platformer - Village Props/Tileset Palette/TP Ground/TX Tileset Ground_29.asset
  artifactKey: Guid(f584808457934554cb836690b6ee14f2) Importer(2089858483,b0f066a214c2f5e87bad3c948f4d605d)
Start importing Assets/Sprites/Cainos/Pixel Art Platformer - Village Props/Tileset Palette/TP Ground/TX Tileset Ground_29.asset using Guid(f584808457934554cb836690b6ee14f2) Importer(2089858483,b0f066a214c2f5e87bad3c948f4d605d) (ScriptedImporter) -> (artifact id: 'a3ab5ec3e0ff0e7627d4727f84fcc926') in 0.015349 seconds
Number of updated asset objects reloaded before import = 0Number of asset objects unloaded after import = 2

========================================================================
Received Import Request.
  Time since last request: 0.000028 seconds.
  path: Assets/Sprites/Cainos/Third Party/Lucid Editor/Editor/LucidGUIEvent.cs
  artifactKey: Guid(4eeb1ca2f96dc4b5eafd655ef421493a) Importer(2089858483,b0f066a214c2f5e87bad3c948f4d605d)
Start importing Assets/Sprites/Cainos/Third Party/Lucid Editor/Editor/LucidGUIEvent.cs using Guid(4eeb1ca2f96dc4b5eafd655ef421493a) Importer(2089858483,b0f066a214c2f5e87bad3c948f4d605d) (ScriptedImporter) -> (artifact id: '5dabe18a44c4870ef15ce1363f276be4') in 0.0122707 seconds
Number of updated asset objects reloaded before import = 0Number of asset objects unloaded after import = 0

========================================================================
Received Import Request.
  Time since last request: 0.000029 seconds.
  path: Assets/Projects/GravityDash/kenney_new-platformer-pack-1.1/Sprites/Enemies/Default/mouse_walk_b.png
  artifactKey: Guid(c2bcf15e9fe9f40078517da55d19b269) Importer(2089858483,b0f066a214c2f5e87bad3c948f4d605d)
Start importing Assets/Projects/GravityDash/kenney_new-platformer-pack-1.1/Sprites/Enemies/Default/mouse_walk_b.png using Guid(c2bcf15e9fe9f40078517da55d19b269) Importer(2089858483,b0f066a214c2f5e87bad3c948f4d605d) (ScriptedImporter) -> (artifact id: '97da0e0d92543a861246e13acd68a5b7') in 0.0176663 seconds
Number of updated asset objects reloaded before import = 0Number of asset objects unloaded after import = 3

========================================================================
Received Import Request.
  Time since last request: 0.000022 seconds.
  path: Assets/Projects/GravityDash/kenney_new-platformer-pack-1.1/Sprites/Characters/Double/character_beige_duck.png
  artifactKey: Guid(e1ae5e22f9c9445c0a103d48f2f6e90e) Importer(2089858483,b0f066a214c2f5e87bad3c948f4d605d)
Start importing Assets/Projects/GravityDash/kenney_new-platformer-pack-1.1/Sprites/Characters/Double/character_beige_duck.png using Guid(e1ae5e22f9c9445c0a103d48f2f6e90e) Importer(2089858483,b0f066a214c2f5e87bad3c948f4d605d) (ScriptedImporter) -> (artifact id: '0f748729cc08e8c57a6582b967bcd0c8') in 0.0162059 seconds
Number of updated asset objects reloaded before import = 0Number of asset objects unloaded after import = 3

========================================================================
Received Import Request.
  Time since last request: 0.000025 seconds.
  path: Assets/Projects/GravityDash/kenney_new-platformer-pack-1.1/Sprites/Enemies/Double/ladybug_rest.png
  artifactKey: Guid(036229605f2c147a9b9a36a80d3af8e8) Importer(2089858483,b0f066a214c2f5e87bad3c948f4d605d)
Start importing Assets/Projects/GravityDash/kenney_new-platformer-pack-1.1/Sprites/Enemies/Double/ladybug_rest.png using Guid(036229605f2c147a9b9a36a80d3af8e8) Importer(2089858483,b0f066a214c2f5e87bad3c948f4d605d) (ScriptedImporter) -> (artifact id: '990f856e28d775bef327a4f5eddc24d3') in 0.0163307 seconds
Number of updated asset objects reloaded before import = 0Number of asset objects unloaded after import = 3

========================================================================
Received Import Request.
  Time since last request: 0.000025 seconds.
  path: Assets/Projects/GravityDash/kenney_new-platformer-pack-1.1/Sprites/Backgrounds/Double/background_solid_dirt.png
  artifactKey: Guid(e13a2adfba18946f38246b5aac8a275e) Importer(2089858483,b0f066a214c2f5e87bad3c948f4d605d)
Start importing Assets/Projects/GravityDash/kenney_new-platformer-pack-1.1/Sprites/Backgrounds/Double/background_solid_dirt.png using Guid(e13a2adfba18946f38246b5aac8a275e) Importer(2089858483,b0f066a214c2f5e87bad3c948f4d605d) (ScriptedImporter) -> (artifact id: 'a412a8a540b69dbeb142122022317ad1') in 0.0208534 seconds
Number of updated asset objects reloaded before import = 0Number of asset objects unloaded after import = 3

========================================================================
Received Import Request.
  Time since last request: 0.000032 seconds.
  path: Assets/Sprites/Cainos/Pixel Art Platformer - Village Props/Tileset Palette/TP Ground/TX Tileset Ground_68.asset
  artifactKey: Guid(c966cd5fb68d88f4f9a39bb771259785) Importer(2089858483,b0f066a214c2f5e87bad3c948f4d605d)
Start importing Assets/Sprites/Cainos/Pixel Art Platformer - Village Props/Tileset Palette/TP Ground/TX Tileset Ground_68.asset using Guid(c966cd5fb68d88f4f9a39bb771259785) Importer(2089858483,b0f066a214c2f5e87bad3c948f4d605d) (ScriptedImporter) -> (artifact id: 'f84969ff2b71e582bac615c34aa4de75') in 0.0165607 seconds
Number of updated asset objects reloaded before import = 0Number of asset objects unloaded after import = 2

========================================================================
Received Import Request.
  Time since last request: 0.000021 seconds.
  path: Assets/Projects/GravityDash/kenney_new-platformer-pack-1.1/Sprites/Enemies/Double/slime_spike_rest.png
  artifactKey: Guid(854d578c12fe743e1bc5e5e9e8f6343a) Importer(2089858483,b0f066a214c2f5e87bad3c948f4d605d)
Start importing Assets/Projects/GravityDash/kenney_new-platformer-pack-1.1/Sprites/Enemies/Double/slime_spike_rest.png using Guid(854d578c12fe743e1bc5e5e9e8f6343a) Importer(2089858483,b0f066a214c2f5e87bad3c948f4d605d) (ScriptedImporter) -> (artifact id: '8ae42e7ffdc0b4a643980c5b84ec4302') in 0.0209615 seconds
Number of updated asset objects reloaded before import = 0Number of asset objects unloaded after import = 3

========================================================================
Received Import Request.
  Time since last request: 0.000040 seconds.
  path: Assets/Projects/GravityDash/kenney_new-platformer-pack-1.1/Sprites/Enemies/Double/slime_normal_rest.png
  artifactKey: Guid(fa559bce8ed724a11867ed0d7d444429) Importer(2089858483,b0f066a214c2f5e87bad3c948f4d605d)
Start importing Assets/Projects/GravityDash/kenney_new-platformer-pack-1.1/Sprites/Enemies/Double/slime_normal_rest.png using Guid(fa559bce8ed724a11867ed0d7d444429) Importer(2089858483,b0f066a214c2f5e87bad3c948f4d605d) (ScriptedImporter) -> (artifact id: '04bb0d681a7ede0b3f180be034780621') in 0.0160424 seconds
Number of updated asset objects reloaded before import = 0Number of asset objects unloaded after import = 3

========================================================================
Received Import Request.
  Time since last request: 0.000041 seconds.
  path: Assets/Projects/GravityDash/kenney_new-platformer-pack-1.1/Sprites/Enemies/Default/slime_normal_flat.png
  artifactKey: Guid(62967989bdd504492a220aad19d6d27c) Importer(2089858483,b0f066a214c2f5e87bad3c948f4d605d)
Start importing Assets/Projects/GravityDash/kenney_new-platformer-pack-1.1/Sprites/Enemies/Default/slime_normal_flat.png using Guid(62967989bdd504492a220aad19d6d27c) Importer(2089858483,b0f066a214c2f5e87bad3c948f4d605d) (ScriptedImporter) -> (artifact id: 'e7e78db857cbc51b35ce7d681b6babbc') in 0.0182989 seconds
Number of updated asset objects reloaded before import = 0Number of asset objects unloaded after import = 3

========================================================================
Received Import Request.
  Time since last request: 0.000039 seconds.
  path: Assets/Sprites/Cainos/Third Party/Lucid Editor/Editor/SerializeReferenceDropdown.cs
  artifactKey: Guid(f22e9c83330894a79a03fa7342c23c14) Importer(2089858483,b0f066a214c2f5e87bad3c948f4d605d)
Start importing Assets/Sprites/Cainos/Third Party/Lucid Editor/Editor/SerializeReferenceDropdown.cs using Guid(f22e9c83330894a79a03fa7342c23c14) Importer(2089858483,b0f066a214c2f5e87bad3c948f4d605d) (ScriptedImporter) -> (artifact id: '386bcd2816e068a4a9380765d6e6243f') in 0.0177305 seconds
Number of updated asset objects reloaded before import = 0Number of asset objects unloaded after import = 0

========================================================================
Received Import Request.
  Time since last request: 0.000136 seconds.
  path: Assets/Projects/GravityDash/kenney_new-platformer-pack-1.1/Sprites/Enemies/Default/block_fall.png
  artifactKey: Guid(cc5aa52db221d4156954b663e43305cb) Importer(2089858483,b0f066a214c2f5e87bad3c948f4d605d)
Start importing Assets/Projects/GravityDash/kenney_new-platformer-pack-1.1/Sprites/Enemies/Default/block_fall.png using Guid(cc5aa52db221d4156954b663e43305cb) Importer(2089858483,b0f066a214c2f5e87bad3c948f4d605d) (ScriptedImporter) -> (artifact id: 'e789cb388f313825214e1bfb71f39957') in 0.0194182 seconds
Number of updated asset objects reloaded before import = 0Number of asset objects unloaded after import = 3

========================================================================
Received Import Request.
  Time since last request: 0.000026 seconds.
  path: Assets/Projects/GravityDash/kenney_new-platformer-pack-1.1/Sprites/Characters/Default/character_beige_jump.png
  artifactKey: Guid(d95df44157b464f40876b3007559283c) Importer(2089858483,b0f066a214c2f5e87bad3c948f4d605d)
Start importing Assets/Projects/GravityDash/kenney_new-platformer-pack-1.1/Sprites/Characters/Default/character_beige_jump.png using Guid(d95df44157b464f40876b3007559283c) Importer(2089858483,b0f066a214c2f5e87bad3c948f4d605d) (ScriptedImporter) -> (artifact id: '9109df434fe8fc948fbb2686f8e4fba1') in 0.0187994 seconds
Number of updated asset objects reloaded before import = 0Number of asset objects unloaded after import = 3

========================================================================
Received Import Request.
  Time since last request: 0.000028 seconds.
  path: Assets/Projects/GravityDash/kenney_new-platformer-pack-1.1/Sprites/Characters/Double/character_green_duck.png
  artifactKey: Guid(70d76f93d1f6743beb850f60eb67dbd2) Importer(2089858483,b0f066a214c2f5e87bad3c948f4d605d)
Start importing Assets/Projects/GravityDash/kenney_new-platformer-pack-1.1/Sprites/Characters/Double/character_green_duck.png using Guid(70d76f93d1f6743beb850f60eb67dbd2) Importer(2089858483,b0f066a214c2f5e87bad3c948f4d605d) (ScriptedImporter) -> (artifact id: '8c2c52843c7839f84b33da7a5fad5789') in 0.0174353 seconds
Number of updated asset objects reloaded before import = 0Number of asset objects unloaded after import = 3

========================================================================
Received Import Request.
  Time since last request: 0.000027 seconds.
  path: Assets/Sprites/Cainos/Pixel Art Platformer - Village Props/Tileset Palette/TP Ground/TX Tileset Ground_44.asset
  artifactKey: Guid(34e823f164a433545a6198aa332c5e3f) Importer(2089858483,b0f066a214c2f5e87bad3c948f4d605d)
Start importing Assets/Sprites/Cainos/Pixel Art Platformer - Village Props/Tileset Palette/TP Ground/TX Tileset Ground_44.asset using Guid(34e823f164a433545a6198aa332c5e3f) Importer(2089858483,b0f066a214c2f5e87bad3c948f4d605d) (ScriptedImporter) -> (artifact id: '6485803c45ba531098f742103cf786c8') in 0.0176273 seconds
Number of updated asset objects reloaded before import = 0Number of asset objects unloaded after import = 2

========================================================================
Received Import Request.
  Time since last request: 0.000025 seconds.
  path: Assets/Projects/GravityDash/kenney_new-platformer-pack-1.1/Sprites/Characters/Default/character_purple_climb_a.png
  artifactKey: Guid(8d7fdf3fef1534e9fa55a8671782da28) Importer(2089858483,b0f066a214c2f5e87bad3c948f4d605d)
Start importing Assets/Projects/GravityDash/kenney_new-platformer-pack-1.1/Sprites/Characters/Default/character_purple_climb_a.png using Guid(8d7fdf3fef1534e9fa55a8671782da28) Importer(2089858483,b0f066a214c2f5e87bad3c948f4d605d) (ScriptedImporter) -> (artifact id: '4b444c789e6c65f7cfbc618df4e63d47') in 0.0181329 seconds
Number of updated asset objects reloaded before import = 0Number of asset objects unloaded after import = 3

========================================================================
Received Import Request.
  Time since last request: 0.000022 seconds.
  path: Assets/Projects/GravityDash/kenney_new-platformer-pack-1.1/Sprites/Characters/Double/character_pink_walk_a.png
  artifactKey: Guid(6de60b70363ae4ad5ae46334e278d41f) Importer(2089858483,b0f066a214c2f5e87bad3c948f4d605d)
Start importing Assets/Projects/GravityDash/kenney_new-platformer-pack-1.1/Sprites/Characters/Double/character_pink_walk_a.png using Guid(6de60b70363ae4ad5ae46334e278d41f) Importer(2089858483,b0f066a214c2f5e87bad3c948f4d605d) (ScriptedImporter) -> (artifact id: '4ab39d4d64f0366e0d27b626a5217138') in 0.0159083 seconds
Number of updated asset objects reloaded before import = 0Number of asset objects unloaded after import = 3

========================================================================
Received Import Request.
  Time since last request: 0.000036 seconds.
  path: Assets/Sprites/Cainos/Pixel Art Platformer - Village Props/Tileset Palette/TP Ground/TX Tileset Ground_71.asset
  artifactKey: Guid(11575183a6bcbaa40b9061c460cc1b52) Importer(2089858483,b0f066a214c2f5e87bad3c948f4d605d)
Start importing Assets/Sprites/Cainos/Pixel Art Platformer - Village Props/Tileset Palette/TP Ground/TX Tileset Ground_71.asset using Guid(11575183a6bcbaa40b9061c460cc1b52) Importer(2089858483,b0f066a214c2f5e87bad3c948f4d605d) (ScriptedImporter) -> (artifact id: 'eba9c6e8de6f803e7184be6c4eeb5212') in 0.0163609 seconds
Number of updated asset objects reloaded before import = 0Number of asset objects unloaded after import = 2

========================================================================
Received Import Request.
  Time since last request: 0.000054 seconds.
  path: Assets/Sprites/Cainos/Pixel Art Platformer - Village Props/Tileset Palette/TP Ground/TX Tileset Ground_66.asset
  artifactKey: Guid(7211a3e256e680041ba086945f72412c) Importer(2089858483,b0f066a214c2f5e87bad3c948f4d605d)
Start importing Assets/Sprites/Cainos/Pixel Art Platformer - Village Props/Tileset Palette/TP Ground/TX Tileset Ground_66.asset using Guid(7211a3e256e680041ba086945f72412c) Importer(2089858483,b0f066a214c2f5e87bad3c948f4d605d) (ScriptedImporter) -> (artifact id: '444f5c2d48ff8848df83f7cb356ee71b') in 0.0149627 seconds
Number of updated asset objects reloaded before import = 0Number of asset objects unloaded after import = 2

========================================================================
Received Import Request.
  Time since last request: 0.000033 seconds.
  path: Assets/Projects/GravityDash/kenney_new-platformer-pack-1.1/Sprites/Enemies/Default/mouse_walk_a.png
  artifactKey: Guid(347a59e4695a64b51ae0fa361bbd55f2) Importer(2089858483,b0f066a214c2f5e87bad3c948f4d605d)
Start importing Assets/Projects/GravityDash/kenney_new-platformer-pack-1.1/Sprites/Enemies/Default/mouse_walk_a.png using Guid(347a59e4695a64b51ae0fa361bbd55f2) Importer(2089858483,b0f066a214c2f5e87bad3c948f4d605d) (ScriptedImporter) -> (artifact id: '364df21e2b9d7ffa9add68b487120b4d') in 0.0161718 seconds
Number of updated asset objects reloaded before import = 0Number of asset objects unloaded after import = 3

========================================================================
Received Import Request.
  Time since last request: 0.000023 seconds.
  path: Assets/Sprites/Cainos/Pixel Art Platformer - Village Props/Tileset Palette/TP Ground/TX Tileset Ground_24.asset
  artifactKey: Guid(2e947413d8250534093f48a3aa29cacd) Importer(2089858483,b0f066a214c2f5e87bad3c948f4d605d)
Start importing Assets/Sprites/Cainos/Pixel Art Platformer - Village Props/Tileset Palette/TP Ground/TX Tileset Ground_24.asset using Guid(2e947413d8250534093f48a3aa29cacd) Importer(2089858483,b0f066a214c2f5e87bad3c948f4d605d) (ScriptedImporter) -> (artifact id: 'a182bf0a8cb252ca9f5ebf0f0d5b1d0b') in 0.0154635 seconds
Number of updated asset objects reloaded before import = 0Number of asset objects unloaded after import = 2

========================================================================
Received Import Request.
  Time since last request: 0.000020 seconds.
  path: Assets/Sprites/Cainos/Pixel Art Platformer - Village Props/Tileset Palette/TP Ground/TX Tileset Ground_77.asset
  artifactKey: Guid(c006b76be1b27bc43baa1665f061bebf) Importer(2089858483,b0f066a214c2f5e87bad3c948f4d605d)
Start importing Assets/Sprites/Cainos/Pixel Art Platformer - Village Props/Tileset Palette/TP Ground/TX Tileset Ground_77.asset using Guid(c006b76be1b27bc43baa1665f061bebf) Importer(2089858483,b0f066a214c2f5e87bad3c948f4d605d) (ScriptedImporter) -> (artifact id: '0e8b3dca080e9fcb3ed1392cd431e8d5') in 0.0137621 seconds
Number of updated asset objects reloaded before import = 0Number of asset objects unloaded after import = 2

========================================================================
Received Import Request.
  Time since last request: 0.000025 seconds.
  path: Assets/Projects/GravityDash/kenney_new-platformer-pack-1.1/Sprites/Characters/Default/character_purple_hit.png
  artifactKey: Guid(64ebe1899a0bd404494569a9d7906110) Importer(2089858483,b0f066a214c2f5e87bad3c948f4d605d)
Start importing Assets/Projects/GravityDash/kenney_new-platformer-pack-1.1/Sprites/Characters/Default/character_purple_hit.png using Guid(64ebe1899a0bd404494569a9d7906110) Importer(2089858483,b0f066a214c2f5e87bad3c948f4d605d) (ScriptedImporter) -> (artifact id: 'c7a6c649582780c8411c0a9c6a92f6cc') in 0.0176577 seconds
Number of updated asset objects reloaded before import = 0Number of asset objects unloaded after import = 3

========================================================================
Received Import Request.
  Time since last request: 0.000029 seconds.
  path: Assets/Projects/GravityDash/kenney_new-platformer-pack-1.1/Sprites/Enemies/Default/slime_spike_walk_a.png
  artifactKey: Guid(e6d72a2492f5f4fcba25bcd1a7d85be4) Importer(2089858483,b0f066a214c2f5e87bad3c948f4d605d)
Start importing Assets/Projects/GravityDash/kenney_new-platformer-pack-1.1/Sprites/Enemies/Default/slime_spike_walk_a.png using Guid(e6d72a2492f5f4fcba25bcd1a7d85be4) Importer(2089858483,b0f066a214c2f5e87bad3c948f4d605d) (ScriptedImporter) -> (artifact id: '981f7cf56fd6e01096185aaf0e69300d') in 0.0169768 seconds
Number of updated asset objects reloaded before import = 0Number of asset objects unloaded after import = 3

========================================================================
Received Import Request.
  Time since last request: 0.000021 seconds.
  path: Assets/Projects/GravityDash/kenney_new-platformer-pack-1.1/Sprites/Enemies/Default/snail_walk_b.png
  artifactKey: Guid(a73ed60f1a8b940c7bed3966052123f7) Importer(2089858483,b0f066a214c2f5e87bad3c948f4d605d)
Start importing Assets/Projects/GravityDash/kenney_new-platformer-pack-1.1/Sprites/Enemies/Default/snail_walk_b.png using Guid(a73ed60f1a8b940c7bed3966052123f7) Importer(2089858483,b0f066a214c2f5e87bad3c948f4d605d) (ScriptedImporter) -> (artifact id: '0d0d6cd3aeed88ff93a42fcee1eb19d2') in 0.0213118 seconds
Number of updated asset objects reloaded before import = 0Number of asset objects unloaded after import = 3

========================================================================
Received Import Request.
  Time since last request: 0.000047 seconds.
  path: Assets/Projects/GravityDash/kenney_new-platformer-pack-1.1/Sprites/Enemies/Double/fish_blue_rest.png
  artifactKey: Guid(023e210431b5c470288399a914d0ee74) Importer(2089858483,b0f066a214c2f5e87bad3c948f4d605d)
Start importing Assets/Projects/GravityDash/kenney_new-platformer-pack-1.1/Sprites/Enemies/Double/fish_blue_rest.png using Guid(023e210431b5c470288399a914d0ee74) Importer(2089858483,b0f066a214c2f5e87bad3c948f4d605d) (ScriptedImporter) -> (artifact id: '692e7d4b7c4d71706e060aea2fd1c0c5') in 0.0327571 seconds
Number of updated asset objects reloaded before import = 0Number of asset objects unloaded after import = 3

========================================================================
Received Import Request.
  Time since last request: 0.000027 seconds.
  path: Assets/Sprites/Cainos/Pixel Art Platformer - Village Props/Tileset Palette/TP Ground/TX Tileset Ground_42.asset
  artifactKey: Guid(1175fcc25df1fcc498cf9cf2cfa08602) Importer(2089858483,b0f066a214c2f5e87bad3c948f4d605d)
Start importing Assets/Sprites/Cainos/Pixel Art Platformer - Village Props/Tileset Palette/TP Ground/TX Tileset Ground_42.asset using Guid(1175fcc25df1fcc498cf9cf2cfa08602) Importer(2089858483,b0f066a214c2f5e87bad3c948f4d605d) (ScriptedImporter) -> (artifact id: '4d3f5059fa7df199e9f82c5357090d28') in 0.0147811 seconds
Number of updated asset objects reloaded before import = 0Number of asset objects unloaded after import = 2

========================================================================
Received Import Request.
  Time since last request: 0.000048 seconds.
  path: Assets/Projects/GravityDash/kenney_new-platformer-pack-1.1/Sprites/Enemies/Double/frog_rest.png
  artifactKey: Guid(e27d1edf87f9d4fdd9cc98b7251a5069) Importer(2089858483,b0f066a214c2f5e87bad3c948f4d605d)
Start importing Assets/Projects/GravityDash/kenney_new-platformer-pack-1.1/Sprites/Enemies/Double/frog_rest.png using Guid(e27d1edf87f9d4fdd9cc98b7251a5069) Importer(2089858483,b0f066a214c2f5e87bad3c948f4d605d) (ScriptedImporter) -> (artifact id: 'c3c534edd4bf31db572757144b54ea57') in 0.0173448 seconds
Number of updated asset objects reloaded before import = 0Number of asset objects unloaded after import = 3

========================================================================
Received Import Request.
  Time since last request: 0.000022 seconds.
  path: Assets/Projects/GravityDash/kenney_new-platformer-pack-1.1/Sprites/Enemies/Double/block_fall.png
  artifactKey: Guid(dc1eb43ae95554aeebd5d02c1e8835db) Importer(2089858483,b0f066a214c2f5e87bad3c948f4d605d)
Start importing Assets/Projects/GravityDash/kenney_new-platformer-pack-1.1/Sprites/Enemies/Double/block_fall.png using Guid(dc1eb43ae95554aeebd5d02c1e8835db) Importer(2089858483,b0f066a214c2f5e87bad3c948f4d605d) (ScriptedImporter) -> (artifact id: '68b7f3403763edf2e4a4f706cc8d6d28') in 0.0262925 seconds
Number of updated asset objects reloaded before import = 0Number of asset objects unloaded after import = 3

========================================================================
Received Import Request.
  Time since last request: 0.000032 seconds.
  path: Assets/Projects/GravityDash/kenney_new-platformer-pack-1.1/Sprites/Enemies/Default/worm_normal_rest.png
  artifactKey: Guid(5b9e070f6d67b4e06b14d9bd58366dba) Importer(2089858483,b0f066a214c2f5e87bad3c948f4d605d)
Start importing Assets/Projects/GravityDash/kenney_new-platformer-pack-1.1/Sprites/Enemies/Default/worm_normal_rest.png using Guid(5b9e070f6d67b4e06b14d9bd58366dba) Importer(2089858483,b0f066a214c2f5e87bad3c948f4d605d) (ScriptedImporter) -> (artifact id: '36bf8867479c738b83434b1a7d662637') in 0.0325301 seconds
Number of updated asset objects reloaded before import = 0Number of asset objects unloaded after import = 3

========================================================================
Received Import Request.
  Time since last request: 0.000030 seconds.
  path: Assets/Sprites/Cainos/Pixel Art Platformer - Village Props/Tileset Palette/TP Ground/TX Tileset Ground_43.asset
  artifactKey: Guid(334c42904e466434c806626daa6b87d3) Importer(2089858483,b0f066a214c2f5e87bad3c948f4d605d)
Start importing Assets/Sprites/Cainos/Pixel Art Platformer - Village Props/Tileset Palette/TP Ground/TX Tileset Ground_43.asset using Guid(334c42904e466434c806626daa6b87d3) Importer(2089858483,b0f066a214c2f5e87bad3c948f4d605d) (ScriptedImporter) -> (artifact id: 'abfce62bed10e06b5c8a9f7539cca4d0') in 0.0155073 seconds
Number of updated asset objects reloaded before import = 0Number of asset objects unloaded after import = 2

========================================================================
Received Import Request.
  Time since last request: 0.000037 seconds.
  path: Assets/Sprites/Cainos/Pixel Art Platformer - Village Props/Tileset Palette/TP Ground/TX Tileset Ground_84.asset
  artifactKey: Guid(d0e3195178e05934191de148f016c862) Importer(2089858483,b0f066a214c2f5e87bad3c948f4d605d)
Start importing Assets/Sprites/Cainos/Pixel Art Platformer - Village Props/Tileset Palette/TP Ground/TX Tileset Ground_84.asset using Guid(d0e3195178e05934191de148f016c862) Importer(2089858483,b0f066a214c2f5e87bad3c948f4d605d) (ScriptedImporter) -> (artifact id: 'a89abb8c73dc03181c877a672ff1d37a') in 0.0159291 seconds
Number of updated asset objects reloaded before import = 0Number of asset objects unloaded after import = 2

========================================================================
Received Import Request.
  Time since last request: 0.000030 seconds.
  path: Assets/Sprites/Cainos/Pixel Art Platformer - Village Props/Tileset Palette/TP Ground/TX Tileset Ground_63.asset
  artifactKey: Guid(26b9cb9ba19003c4285f01696eb104af) Importer(2089858483,b0f066a214c2f5e87bad3c948f4d605d)
Start importing Assets/Sprites/Cainos/Pixel Art Platformer - Village Props/Tileset Palette/TP Ground/TX Tileset Ground_63.asset using Guid(26b9cb9ba19003c4285f01696eb104af) Importer(2089858483,b0f066a214c2f5e87bad3c948f4d605d) (ScriptedImporter) -> (artifact id: '88df95f67e277a0a5eb201656d398f29') in 0.0160661 seconds
Number of updated asset objects reloaded before import = 0Number of asset objects unloaded after import = 2

========================================================================
Received Import Request.
  Time since last request: 0.000024 seconds.
  path: Assets/Projects/GravityDash/kenney_new-platformer-pack-1.1/Sprites/Backgrounds/Double/background_fade_hills.png
  artifactKey: Guid(9437565da9ba945bcbc31dd89d18c82c) Importer(2089858483,b0f066a214c2f5e87bad3c948f4d605d)
Start importing Assets/Projects/GravityDash/kenney_new-platformer-pack-1.1/Sprites/Backgrounds/Double/background_fade_hills.png using Guid(9437565da9ba945bcbc31dd89d18c82c) Importer(2089858483,b0f066a214c2f5e87bad3c948f4d605d) (ScriptedImporter) -> (artifact id: '6d567b0ba2cf07e1bba78ec217b82c12') in 0.019685 seconds
Number of updated asset objects reloaded before import = 0Number of asset objects unloaded after import = 3

========================================================================
Received Import Request.
  Time since last request: 0.000024 seconds.
  path: Assets/Projects/GravityDash/kenney_new-platformer-pack-1.1/Sprites/Enemies/Double/fish_blue_swim_b.png
  artifactKey: Guid(952c25615854948c3b8b8a7e8c621ae8) Importer(2089858483,b0f066a214c2f5e87bad3c948f4d605d)
Start importing Assets/Projects/GravityDash/kenney_new-platformer-pack-1.1/Sprites/Enemies/Double/fish_blue_swim_b.png using Guid(952c25615854948c3b8b8a7e8c621ae8) Importer(2089858483,b0f066a214c2f5e87bad3c948f4d605d) (ScriptedImporter) -> (artifact id: '86fccacf698f8fe323ccc7a5529ba473') in 0.0236925 seconds
Number of updated asset objects reloaded before import = 0Number of asset objects unloaded after import = 3

========================================================================
Received Import Request.
  Time since last request: 0.000031 seconds.
  path: Assets/Projects/GravityDash/kenney_new-platformer-pack-1.1/Sprites/Characters/Double/character_beige_jump.png
  artifactKey: Guid(c99631f28c8ff49aca05ac19d0318bb9) Importer(2089858483,b0f066a214c2f5e87bad3c948f4d605d)
Start importing Assets/Projects/GravityDash/kenney_new-platformer-pack-1.1/Sprites/Characters/Double/character_beige_jump.png using Guid(c99631f28c8ff49aca05ac19d0318bb9) Importer(2089858483,b0f066a214c2f5e87bad3c948f4d605d) (ScriptedImporter) -> (artifact id: 'fd106f6beda77ae1e0b94db1086b0d38') in 0.0164502 seconds
Number of updated asset objects reloaded before import = 0Number of asset objects unloaded after import = 3

========================================================================
Received Import Request.
  Time since last request: 0.000021 seconds.
  path: Assets/Projects/GravityDash/kenney_new-platformer-pack-1.1/Sprites/Backgrounds/Double/background_solid_sky.png
  artifactKey: Guid(47f3d941540c649b7bd17d9340470c69) Importer(2089858483,b0f066a214c2f5e87bad3c948f4d605d)
Start importing Assets/Projects/GravityDash/kenney_new-platformer-pack-1.1/Sprites/Backgrounds/Double/background_solid_sky.png using Guid(47f3d941540c649b7bd17d9340470c69) Importer(2089858483,b0f066a214c2f5e87bad3c948f4d605d) (ScriptedImporter) -> (artifact id: '06a80510d7ef20ff3943931d538bbf49') in 0.0184322 seconds
Number of updated asset objects reloaded before import = 0Number of asset objects unloaded after import = 3

========================================================================
Received Import Request.
  Time since last request: 0.000027 seconds.
  path: Assets/Sprites/Cainos/Pixel Art Platformer - Village Props/Tileset Palette/TP Ground/TX Tileset Ground_92.asset
  artifactKey: Guid(62281e056124cff459cb19141b57c5bd) Importer(2089858483,b0f066a214c2f5e87bad3c948f4d605d)
Start importing Assets/Sprites/Cainos/Pixel Art Platformer - Village Props/Tileset Palette/TP Ground/TX Tileset Ground_92.asset using Guid(62281e056124cff459cb19141b57c5bd) Importer(2089858483,b0f066a214c2f5e87bad3c948f4d605d) (ScriptedImporter) -> (artifact id: 'b92980c519589e4aee9c236b6ab400f6') in 0.0136231 seconds
Number of updated asset objects reloaded before import = 0Number of asset objects unloaded after import = 2

========================================================================
Received Import Request.
  Time since last request: 0.000023 seconds.
  path: Assets/Projects/GravityDash/kenney_new-platformer-pack-1.1/Sprites/Enemies/Default/fly_rest.png
  artifactKey: Guid(707d0b5aaae464dc680b0d812cec5240) Importer(2089858483,b0f066a214c2f5e87bad3c948f4d605d)
Start importing Assets/Projects/GravityDash/kenney_new-platformer-pack-1.1/Sprites/Enemies/Default/fly_rest.png using Guid(707d0b5aaae464dc680b0d812cec5240) Importer(2089858483,b0f066a214c2f5e87bad3c948f4d605d) (ScriptedImporter) -> (artifact id: '867d4a31c1c9d86ee4d748302b7dea12') in 0.0153335 seconds
Number of updated asset objects reloaded before import = 0Number of asset objects unloaded after import = 3

========================================================================
Received Import Request.
  Time since last request: 0.000035 seconds.
  path: Assets/Projects/GravityDash/kenney_new-platformer-pack-1.1/Sprites/Backgrounds/Default/background_solid_sky.png
  artifactKey: Guid(1f68faed969874d63bfa4429b6d221d0) Importer(2089858483,b0f066a214c2f5e87bad3c948f4d605d)
Start importing Assets/Projects/GravityDash/kenney_new-platformer-pack-1.1/Sprites/Backgrounds/Default/background_solid_sky.png using Guid(1f68faed969874d63bfa4429b6d221d0) Importer(2089858483,b0f066a214c2f5e87bad3c948f4d605d) (ScriptedImporter) -> (artifact id: '74430a795c47b4a8db78c2489e4f27d7') in 0.0177369 seconds
Number of updated asset objects reloaded before import = 0Number of asset objects unloaded after import = 3

========================================================================
Received Import Request.
  Time since last request: 0.295988 seconds.
  path: Assets/Projects/GravityDash/kenney_new-platformer-pack-1.1/Sprites/Enemies/Double/worm_normal_move_a.png
  artifactKey: Guid(fd7e8a4f186284a62b5b33f4bc0f32cd) Importer(2089858483,b0f066a214c2f5e87bad3c948f4d605d)
Start importing Assets/Projects/GravityDash/kenney_new-platformer-pack-1.1/Sprites/Enemies/Double/worm_normal_move_a.png using Guid(fd7e8a4f186284a62b5b33f4bc0f32cd) Importer(2089858483,b0f066a214c2f5e87bad3c948f4d605d) (ScriptedImporter) -> (artifact id: 'f6e912a91208835fdd09f838be18e1e1') in 0.0161611 seconds
Number of updated asset objects reloaded before import = 0Number of asset objects unloaded after import = 3

========================================================================
Received Import Request.
  Time since last request: 0.000023 seconds.
  path: Assets/Projects/GravityDash/kenney_new-platformer-pack-1.1/Sprites/Tiles/Double/block_planks.png
  artifactKey: Guid(d3e0036355584406dae6967f5ff5f9da) Importer(2089858483,b0f066a214c2f5e87bad3c948f4d605d)
Start importing Assets/Projects/GravityDash/kenney_new-platformer-pack-1.1/Sprites/Tiles/Double/block_planks.png using Guid(d3e0036355584406dae6967f5ff5f9da) Importer(2089858483,b0f066a214c2f5e87bad3c948f4d605d) (ScriptedImporter) -> (artifact id: 'f16dec54189c3a53d354a5b678c8df4b') in 0.0156472 seconds
Number of updated asset objects reloaded before import = 0Number of asset objects unloaded after import = 3

========================================================================
Received Import Request.
  Time since last request: 0.000021 seconds.
  path: Assets/Projects/GravityDash/kenney_new-platformer-pack-1.1/Sprites/Tiles/Default/terrain_purple_block_left.png
  artifactKey: Guid(d5afbadee7ce543a1b706442bafefe71) Importer(2089858483,b0f066a214c2f5e87bad3c948f4d605d)
Start importing Assets/Projects/GravityDash/kenney_new-platformer-pack-1.1/Sprites/Tiles/Default/terrain_purple_block_left.png using Guid(d5afbadee7ce543a1b706442bafefe71) Importer(2089858483,b0f066a214c2f5e87bad3c948f4d605d) (ScriptedImporter) -> (artifact id: '8b85b16dccac4159ef2653f91dcb3dff') in 0.016385 seconds
Number of updated asset objects reloaded before import = 0Number of asset objects unloaded after import = 3

========================================================================
Received Import Request.
  Time since last request: 0.000024 seconds.
  path: Assets/Projects/GravityDash/kenney_new-platformer-pack-1.1/Sprites/Tiles/Default/heart.png
  artifactKey: Guid(66d9b7981393e4a6eb0a66eb143f8fc6) Importer(2089858483,b0f066a214c2f5e87bad3c948f4d605d)
Start importing Assets/Projects/GravityDash/kenney_new-platformer-pack-1.1/Sprites/Tiles/Default/heart.png using Guid(66d9b7981393e4a6eb0a66eb143f8fc6) Importer(2089858483,b0f066a214c2f5e87bad3c948f4d605d) (ScriptedImporter) -> (artifact id: '49cb6f8dec588a5eb18781f0073177f7') in 0.0154224 seconds
Number of updated asset objects reloaded before import = 0Number of asset objects unloaded after import = 3

========================================================================
Received Import Request.
  Time since last request: 0.000021 seconds.
  path: Assets/Projects/GravityDash/kenney_new-platformer-pack-1.1/Sprites/Tiles/Default/coin_bronze_side.png
  artifactKey: Guid(99c0a3ce21eaf43d88f60e8113cd250c) Importer(2089858483,b0f066a214c2f5e87bad3c948f4d605d)
Start importing Assets/Projects/GravityDash/kenney_new-platformer-pack-1.1/Sprites/Tiles/Default/coin_bronze_side.png using Guid(99c0a3ce21eaf43d88f60e8113cd250c) Importer(2089858483,b0f066a214c2f5e87bad3c948f4d605d) (ScriptedImporter) -> (artifact id: 'd9de52c7eb7689e91342aefdde28ca3a') in 0.0174579 seconds
Number of updated asset objects reloaded before import = 0Number of asset objects unloaded after import = 3

========================================================================
Received Import Request.
  Time since last request: 0.000030 seconds.
  path: Assets/Projects/GravityDash/kenney_new-platformer-pack-1.1/Sprites/Tiles/Default/ladder_top.png
  artifactKey: Guid(fc196c4908fcf4b3eb12a0209f62ce5a) Importer(2089858483,b0f066a214c2f5e87bad3c948f4d605d)
Start importing Assets/Projects/GravityDash/kenney_new-platformer-pack-1.1/Sprites/Tiles/Default/ladder_top.png using Guid(fc196c4908fcf4b3eb12a0209f62ce5a) Importer(2089858483,b0f066a214c2f5e87bad3c948f4d605d) (ScriptedImporter) -> (artifact id: '5b4a32b0bb633938ee2cb1470a908549') in 0.0179978 seconds
Number of updated asset objects reloaded before import = 0Number of asset objects unloaded after import = 3

========================================================================
Received Import Request.
  Time since last request: 0.000041 seconds.
  path: Assets/Projects/GravityDash/kenney_new-platformer-pack-1.1/Sprites/Tiles/Default/terrain_sand_horizontal_left.png
  artifactKey: Guid(d1bc50f96b741405c833c52ccd21dcac) Importer(2089858483,b0f066a214c2f5e87bad3c948f4d605d)
Start importing Assets/Projects/GravityDash/kenney_new-platformer-pack-1.1/Sprites/Tiles/Default/terrain_sand_horizontal_left.png using Guid(d1bc50f96b741405c833c52ccd21dcac) Importer(2089858483,b0f066a214c2f5e87bad3c948f4d605d) (ScriptedImporter) -> (artifact id: 'ba67da4b428140660b3e9acdd363333e') in 0.0171774 seconds
Number of updated asset objects reloaded before import = 0Number of asset objects unloaded after import = 3

========================================================================
Received Import Request.
  Time since last request: 0.000045 seconds.
  path: Assets/Projects/GravityDash/kenney_new-platformer-pack-1.1/Sprites/Tiles/Default/terrain_purple_block_bottom.png
  artifactKey: Guid(04c39de4bfeb8436a99610e7d44242f9) Importer(2089858483,b0f066a214c2f5e87bad3c948f4d605d)
Start importing Assets/Projects/GravityDash/kenney_new-platformer-pack-1.1/Sprites/Tiles/Default/terrain_purple_block_bottom.png using Guid(04c39de4bfeb8436a99610e7d44242f9) Importer(2089858483,b0f066a214c2f5e87bad3c948f4d605d) (ScriptedImporter) -> (artifact id: 'c1c9c3dcfa63209d5a6078543ec4f841') in 0.0180376 seconds
Number of updated asset objects reloaded before import = 0Number of asset objects unloaded after import = 3

========================================================================
Received Import Request.
  Time since last request: 0.000023 seconds.
  path: Assets/Projects/GravityDash/kenney_new-platformer-pack-1.1/Sprites/Tiles/Default/terrain_purple_block_bottom_right.png
  artifactKey: Guid(e60b257ebff974cecb51444be808ba5c) Importer(2089858483,b0f066a214c2f5e87bad3c948f4d605d)
Start importing Assets/Projects/GravityDash/kenney_new-platformer-pack-1.1/Sprites/Tiles/Default/terrain_purple_block_bottom_right.png using Guid(e60b257ebff974cecb51444be808ba5c) Importer(2089858483,b0f066a214c2f5e87bad3c948f4d605d) (ScriptedImporter) -> (artifact id: 'b4af9a66e3ac857ab1233e546fb650bd') in 0.0193819 seconds
Number of updated asset objects reloaded before import = 0Number of asset objects unloaded after import = 3

========================================================================
Received Import Request.
  Time since last request: 0.000078 seconds.
  path: Assets/Projects/GravityDash/kenney_new-platformer-pack-1.1/Sprites/Tiles/Default/terrain_stone_ramp_long_b.png
  artifactKey: Guid(102ef6a8fdc7c4472b4c009ec52a044b) Importer(2089858483,b0f066a214c2f5e87bad3c948f4d605d)
Start importing Assets/Projects/GravityDash/kenney_new-platformer-pack-1.1/Sprites/Tiles/Default/terrain_stone_ramp_long_b.png using Guid(102ef6a8fdc7c4472b4c009ec52a044b) Importer(2089858483,b0f066a214c2f5e87bad3c948f4d605d) (ScriptedImporter) -> (artifact id: 'e7e1263b2da1d953aebeac39d1038751') in 0.0150085 seconds
Number of updated asset objects reloaded before import = 0Number of asset objects unloaded after import = 3

========================================================================
Received Import Request.
  Time since last request: 0.000018 seconds.
  path: Assets/Projects/GravityDash/kenney_new-platformer-pack-1.1/Sprites/Tiles/Double/block_coin.png
  artifactKey: Guid(38fd51a036f4f46e9a655e088297c4ef) Importer(2089858483,b0f066a214c2f5e87bad3c948f4d605d)
Start importing Assets/Projects/GravityDash/kenney_new-platformer-pack-1.1/Sprites/Tiles/Double/block_coin.png using Guid(38fd51a036f4f46e9a655e088297c4ef) Importer(2089858483,b0f066a214c2f5e87bad3c948f4d605d) (ScriptedImporter) -> (artifact id: '50b89d013aee47c74b2cec6f670ad4d4') in 0.0173446 seconds
Number of updated asset objects reloaded before import = 0Number of asset objects unloaded after import = 3

========================================================================
Received Import Request.
  Time since last request: 0.000019 seconds.
  path: Assets/Projects/GravityDash/kenney_new-platformer-pack-1.1/Sprites/Tiles/Default/terrain_purple_block_bottom_left.png
  artifactKey: Guid(7282ed589395944bb984f8a57a75adb3) Importer(2089858483,b0f066a214c2f5e87bad3c948f4d605d)
Start importing Assets/Projects/GravityDash/kenney_new-platformer-pack-1.1/Sprites/Tiles/Default/terrain_purple_block_bottom_left.png using Guid(7282ed589395944bb984f8a57a75adb3) Importer(2089858483,b0f066a214c2f5e87bad3c948f4d605d) (ScriptedImporter) -> (artifact id: '398e66d8f44d8d6bca33009c89d71b8e') in 0.0159563 seconds
Number of updated asset objects reloaded before import = 0Number of asset objects unloaded after import = 3

========================================================================
Received Import Request.
  Time since last request: 0.000022 seconds.
  path: Assets/Projects/GravityDash/kenney_new-platformer-pack-1.1/Sprites/Tiles/Default/hud_player_beige.png
  artifactKey: Guid(d32fff7c8b2b040a9a6dd14bf3096f91) Importer(2089858483,b0f066a214c2f5e87bad3c948f4d605d)
Start importing Assets/Projects/GravityDash/kenney_new-platformer-pack-1.1/Sprites/Tiles/Default/hud_player_beige.png using Guid(d32fff7c8b2b040a9a6dd14bf3096f91) Importer(2089858483,b0f066a214c2f5e87bad3c948f4d605d) (ScriptedImporter) -> (artifact id: '8da826b10180ff3d19f11a1e3d9fe62c') in 0.0180528 seconds
Number of updated asset objects reloaded before import = 0Number of asset objects unloaded after import = 3

========================================================================
Received Import Request.
  Time since last request: 0.000035 seconds.
  path: Assets/Projects/GravityDash/kenney_new-platformer-pack-1.1/Sprites/Tiles/Default/terrain_dirt_cloud_middle.png
  artifactKey: Guid(dbe83a2de86d744fbb4f7b387bc1ce98) Importer(2089858483,b0f066a214c2f5e87bad3c948f4d605d)
Start importing Assets/Projects/GravityDash/kenney_new-platformer-pack-1.1/Sprites/Tiles/Default/terrain_dirt_cloud_middle.png using Guid(dbe83a2de86d744fbb4f7b387bc1ce98) Importer(2089858483,b0f066a214c2f5e87bad3c948f4d605d) (ScriptedImporter) -> (artifact id: 'f228bcb8f5e652495f087f7d9fbf5e0e') in 0.0166293 seconds
Number of updated asset objects reloaded before import = 0Number of asset objects unloaded after import = 3

========================================================================
Received Import Request.
  Time since last request: 0.000020 seconds.
  path: Assets/Projects/GravityDash/kenney_new-platformer-pack-1.1/Sprites/Tiles/Default/terrain_grass_ramp_long_c.png
  artifactKey: Guid(96fe6ba5d8cd4461cb72583e7fad1b71) Importer(2089858483,b0f066a214c2f5e87bad3c948f4d605d)
Start importing Assets/Projects/GravityDash/kenney_new-platformer-pack-1.1/Sprites/Tiles/Default/terrain_grass_ramp_long_c.png using Guid(96fe6ba5d8cd4461cb72583e7fad1b71) Importer(2089858483,b0f066a214c2f5e87bad3c948f4d605d) (ScriptedImporter) -> (artifact id: '6a5b7738a6763c2f741c4aeca5f237c7') in 0.0169327 seconds
Number of updated asset objects reloaded before import = 0Number of asset objects unloaded after import = 3

========================================================================
Received Import Request.
  Time since last request: 0.000030 seconds.
  path: Assets/Projects/GravityDash/kenney_new-platformer-pack-1.1/Sprites/Tiles/Default/terrain_grass_horizontal_overhang_left.png
  artifactKey: Guid(a25ea0482e0e443c292a1d90b4ec7a5e) Importer(2089858483,b0f066a214c2f5e87bad3c948f4d605d)
Start importing Assets/Projects/GravityDash/kenney_new-platformer-pack-1.1/Sprites/Tiles/Default/terrain_grass_horizontal_overhang_left.png using Guid(a25ea0482e0e443c292a1d90b4ec7a5e) Importer(2089858483,b0f066a214c2f5e87bad3c948f4d605d) (ScriptedImporter) -> (artifact id: 'c18af28f50ba7f8f98d53a4fda2f7e51') in 0.017489 seconds
Number of updated asset objects reloaded before import = 0Number of asset objects unloaded after import = 3

========================================================================
Received Import Request.
  Time since last request: 0.000028 seconds.
  path: Assets/Projects/GravityDash/kenney_new-platformer-pack-1.1/Sprites/Tiles/Default/lava_top_low.png
  artifactKey: Guid(f30283d976ea244859014d70fdcfb8a7) Importer(2089858483,b0f066a214c2f5e87bad3c948f4d605d)
Start importing Assets/Projects/GravityDash/kenney_new-platformer-pack-1.1/Sprites/Tiles/Default/lava_top_low.png using Guid(f30283d976ea244859014d70fdcfb8a7) Importer(2089858483,b0f066a214c2f5e87bad3c948f4d605d) (ScriptedImporter) -> (artifact id: '971e73e1fae863b290a9a38374c5787a') in 0.0186033 seconds
Number of updated asset objects reloaded before import = 0Number of asset objects unloaded after import = 3

========================================================================
Received Import Request.
  Time since last request: 0.000022 seconds.
  path: Assets/Projects/GravityDash/kenney_new-platformer-pack-1.1/Sprites/Tiles/Default/terrain_stone_cloud.png
  artifactKey: Guid(e9036beedcfe14028b8c59ab23108b71) Importer(2089858483,b0f066a214c2f5e87bad3c948f4d605d)
Start importing Assets/Projects/GravityDash/kenney_new-platformer-pack-1.1/Sprites/Tiles/Default/terrain_stone_cloud.png using Guid(e9036beedcfe14028b8c59ab23108b71) Importer(2089858483,b0f066a214c2f5e87bad3c948f4d605d) (ScriptedImporter) -> (artifact id: '5e2bd8c4df42e17a94c5f9527613039a') in 0.0177948 seconds
Number of updated asset objects reloaded before import = 0Number of asset objects unloaded after import = 3

========================================================================
Received Import Request.
  Time since last request: 0.000035 seconds.
  path: Assets/Projects/GravityDash/kenney_new-platformer-pack-1.1/Sprites/Tiles/Default/terrain_sand_block_bottom.png
  artifactKey: Guid(48aa6847ad69c42efbab36ece3f5d5e2) Importer(2089858483,b0f066a214c2f5e87bad3c948f4d605d)
Start importing Assets/Projects/GravityDash/kenney_new-platformer-pack-1.1/Sprites/Tiles/Default/terrain_sand_block_bottom.png using Guid(48aa6847ad69c42efbab36ece3f5d5e2) Importer(2089858483,b0f066a214c2f5e87bad3c948f4d605d) (ScriptedImporter) -> (artifact id: '8e3c2eb03076275d1bb41f8c5f4f20c9') in 0.0192739 seconds
Number of updated asset objects reloaded before import = 0Number of asset objects unloaded after import = 3

========================================================================
Received Import Request.
  Time since last request: 0.000032 seconds.
  path: Assets/Projects/GravityDash/kenney_new-platformer-pack-1.1/Sprites/Tiles/Default/terrain_grass_vertical_middle.png
  artifactKey: Guid(d640b7f01f124438bbfa8858048dc978) Importer(2089858483,b0f066a214c2f5e87bad3c948f4d605d)
Start importing Assets/Projects/GravityDash/kenney_new-platformer-pack-1.1/Sprites/Tiles/Default/terrain_grass_vertical_middle.png using Guid(d640b7f01f124438bbfa8858048dc978) Importer(2089858483,b0f066a214c2f5e87bad3c948f4d605d) (ScriptedImporter) -> (artifact id: '9770e5b4e7ed60fd58e60c92887cb342') in 0.0143912 seconds
Number of updated asset objects reloaded before import = 0Number of asset objects unloaded after import = 3

========================================================================
Received Import Request.
  Time since last request: 0.000018 seconds.
  path: Assets/Projects/GravityDash/kenney_new-platformer-pack-1.1/Sprites/Tiles/Default/weight.png
  artifactKey: Guid(265dc762834944f548b666acbcb3465f) Importer(2089858483,b0f066a214c2f5e87bad3c948f4d605d)
Start importing Assets/Projects/GravityDash/kenney_new-platformer-pack-1.1/Sprites/Tiles/Default/weight.png using Guid(265dc762834944f548b666acbcb3465f) Importer(2089858483,b0f066a214c2f5e87bad3c948f4d605d) (ScriptedImporter) -> (artifact id: '84342aba836b391e64e91365249cc4b0') in 0.0176469 seconds
Number of updated asset objects reloaded before import = 0Number of asset objects unloaded after import = 3

========================================================================
Received Import Request.
  Time since last request: 0.000018 seconds.
  path: Assets/Projects/GravityDash/kenney_new-platformer-pack-1.1/Sprites/Tiles/Default/terrain_sand_cloud.png
  artifactKey: Guid(5eb6d0d1ca37144bc84a85f14d7b2963) Importer(2089858483,b0f066a214c2f5e87bad3c948f4d605d)
Start importing Assets/Projects/GravityDash/kenney_new-platformer-pack-1.1/Sprites/Tiles/Default/terrain_sand_cloud.png using Guid(5eb6d0d1ca37144bc84a85f14d7b2963) Importer(2089858483,b0f066a214c2f5e87bad3c948f4d605d) (ScriptedImporter) -> (artifact id: '1fc896da0681c96a925989dea82ff8db') in 0.0183932 seconds
Number of updated asset objects reloaded before import = 0Number of asset objects unloaded after import = 3

========================================================================
Received Import Request.
  Time since last request: 0.000029 seconds.
  path: Assets/Projects/GravityDash/kenney_new-platformer-pack-1.1/Sprites/Tiles/Default/hill.png
  artifactKey: Guid(9a11210ad6ee0462d97a903ac1746594) Importer(2089858483,b0f066a214c2f5e87bad3c948f4d605d)
Start importing Assets/Projects/GravityDash/kenney_new-platformer-pack-1.1/Sprites/Tiles/Default/hill.png using Guid(9a11210ad6ee0462d97a903ac1746594) Importer(2089858483,b0f066a214c2f5e87bad3c948f4d605d) (ScriptedImporter) -> (artifact id: 'addebcbb76aa3f4e2e3ff77270882c11') in 0.0166998 seconds
Number of updated asset objects reloaded before import = 0Number of asset objects unloaded after import = 3

========================================================================
Received Import Request.
  Time since last request: 0.000020 seconds.
  path: Assets/Projects/GravityDash/kenney_new-platformer-pack-1.1/Sprites/Tiles/Default/block_planks.png
  artifactKey: Guid(81e926e3470254ff4855210452111fa5) Importer(2089858483,b0f066a214c2f5e87bad3c948f4d605d)
Start importing Assets/Projects/GravityDash/kenney_new-platformer-pack-1.1/Sprites/Tiles/Default/block_planks.png using Guid(81e926e3470254ff4855210452111fa5) Importer(2089858483,b0f066a214c2f5e87bad3c948f4d605d) (ScriptedImporter) -> (artifact id: '1bd9b258f83a6e481a78970829a2c034') in 0.0167411 seconds
Number of updated asset objects reloaded before import = 0Number of asset objects unloaded after import = 3

========================================================================
Received Import Request.
  Time since last request: 0.000018 seconds.
  path: Assets/Projects/GravityDash/kenney_new-platformer-pack-1.1/Sprites/Tiles/Default/terrain_dirt_block_top.png
  artifactKey: Guid(78979e802bf344602acceb8f8631e131) Importer(2089858483,b0f066a214c2f5e87bad3c948f4d605d)
Start importing Assets/Projects/GravityDash/kenney_new-platformer-pack-1.1/Sprites/Tiles/Default/terrain_dirt_block_top.png using Guid(78979e802bf344602acceb8f8631e131) Importer(2089858483,b0f066a214c2f5e87bad3c948f4d605d) (ScriptedImporter) -> (artifact id: '7dc7e49486ea93cdb3c0b52485a2e8b5') in 0.0183536 seconds
Number of updated asset objects reloaded before import = 0Number of asset objects unloaded after import = 3

========================================================================
Received Import Request.
  Time since last request: 0.000019 seconds.
  path: Assets/Projects/GravityDash/kenney_new-platformer-pack-1.1/Sprites/Tiles/Default/block_plank.png
  artifactKey: Guid(5a2ca1c689a5e46eaa2d68ac0c0a283b) Importer(2089858483,b0f066a214c2f5e87bad3c948f4d605d)
Start importing Assets/Projects/GravityDash/kenney_new-platformer-pack-1.1/Sprites/Tiles/Default/block_plank.png using Guid(5a2ca1c689a5e46eaa2d68ac0c0a283b) Importer(2089858483,b0f066a214c2f5e87bad3c948f4d605d) (ScriptedImporter) -> (artifact id: '023da0e80d27359608fdabb09dd3e4e5') in 0.016349 seconds
Number of updated asset objects reloaded before import = 0Number of asset objects unloaded after import = 3

========================================================================
Received Import Request.
  Time since last request: 0.000020 seconds.
  path: Assets/Projects/GravityDash/kenney_new-platformer-pack-1.1/Sprites/Tiles/Default/gem_green.png
  artifactKey: Guid(e4c75b8eb24e549759e9d60d73ef4ab7) Importer(2089858483,b0f066a214c2f5e87bad3c948f4d605d)
Start importing Assets/Projects/GravityDash/kenney_new-platformer-pack-1.1/Sprites/Tiles/Default/gem_green.png using Guid(e4c75b8eb24e549759e9d60d73ef4ab7) Importer(2089858483,b0f066a214c2f5e87bad3c948f4d605d) (ScriptedImporter) -> (artifact id: 'f407473af74bb1dfe79e499cea36d11e') in 0.0148777 seconds
Number of updated asset objects reloaded before import = 0Number of asset objects unloaded after import = 3

========================================================================
Received Import Request.
  Time since last request: 0.000024 seconds.
  path: Assets/Projects/GravityDash/kenney_new-platformer-pack-1.1/Sprites/Tiles/Default/hud_heart.png
  artifactKey: Guid(868ef2ba1051e47ba94d327b93f59a81) Importer(2089858483,b0f066a214c2f5e87bad3c948f4d605d)
Start importing Assets/Projects/GravityDash/kenney_new-platformer-pack-1.1/Sprites/Tiles/Default/hud_heart.png using Guid(868ef2ba1051e47ba94d327b93f59a81) Importer(2089858483,b0f066a214c2f5e87bad3c948f4d605d) (ScriptedImporter) -> (artifact id: '45662d20cb7749ae869485a8680befc4') in 0.0151234 seconds
Number of updated asset objects reloaded before import = 0Number of asset objects unloaded after import = 3

========================================================================
Received Import Request.
  Time since last request: 0.000023 seconds.
  path: Assets/Projects/GravityDash/kenney_new-platformer-pack-1.1/Sprites/Tiles/Default/terrain_stone_horizontal_left.png
  artifactKey: Guid(6800c86e9564f407380b009ccfe8d515) Importer(2089858483,b0f066a214c2f5e87bad3c948f4d605d)
Start importing Assets/Projects/GravityDash/kenney_new-platformer-pack-1.1/Sprites/Tiles/Default/terrain_stone_horizontal_left.png using Guid(6800c86e9564f407380b009ccfe8d515) Importer(2089858483,b0f066a214c2f5e87bad3c948f4d605d) (ScriptedImporter) -> (artifact id: '0aea61e0b78e19d2998f0e42ebb8008f') in 0.0185603 seconds
Number of updated asset objects reloaded before import = 0Number of asset objects unloaded after import = 3

========================================================================
Received Import Request.
  Time since last request: 0.000046 seconds.
  path: Assets/Projects/GravityDash/kenney_new-platformer-pack-1.1/Sprites/Tiles/Default/hud_character_multiply.png
  artifactKey: Guid(e157888a2887a45c7aa47bb44eafef24) Importer(2089858483,b0f066a214c2f5e87bad3c948f4d605d)
Start importing Assets/Projects/GravityDash/kenney_new-platformer-pack-1.1/Sprites/Tiles/Default/hud_character_multiply.png using Guid(e157888a2887a45c7aa47bb44eafef24) Importer(2089858483,b0f066a214c2f5e87bad3c948f4d605d) (ScriptedImporter) -> (artifact id: '63b4b50bf7128282d0c28597aebd1bd4') in 0.0194097 seconds
Number of updated asset objects reloaded before import = 0Number of asset objects unloaded after import = 3

========================================================================
Received Import Request.
  Time since last request: 0.000023 seconds.
  path: Assets/Projects/GravityDash/kenney_new-platformer-pack-1.1/Sprites/Tiles/Default/terrain_sand_horizontal_middle.png
  artifactKey: Guid(c016a3e7996cd4b37afd587c87a42a85) Importer(2089858483,b0f066a214c2f5e87bad3c948f4d605d)
Start importing Assets/Projects/GravityDash/kenney_new-platformer-pack-1.1/Sprites/Tiles/Default/terrain_sand_horizontal_middle.png using Guid(c016a3e7996cd4b37afd587c87a42a85) Importer(2089858483,b0f066a214c2f5e87bad3c948f4d605d) (ScriptedImporter) -> (artifact id: 'f31bc1a007f9d73b734fe0d8b6cdb0da') in 0.022996 seconds
Number of updated asset objects reloaded before import = 0Number of asset objects unloaded after import = 3

========================================================================
Received Import Request.
  Time since last request: 0.000022 seconds.
  path: Assets/Projects/GravityDash/kenney_new-platformer-pack-1.1/Sprites/Tiles/Default/terrain_stone_ramp_long_c.png
  artifactKey: Guid(fef3036c25fc44ad7a6591ba2228f4a6) Importer(2089858483,b0f066a214c2f5e87bad3c948f4d605d)
Start importing Assets/Projects/GravityDash/kenney_new-platformer-pack-1.1/Sprites/Tiles/Default/terrain_stone_ramp_long_c.png using Guid(fef3036c25fc44ad7a6591ba2228f4a6) Importer(2089858483,b0f066a214c2f5e87bad3c948f4d605d) (ScriptedImporter) -> (artifact id: '5e1958818c514bd70db82b010a975580') in 0.0136127 seconds
Number of updated asset objects reloaded before import = 0Number of asset objects unloaded after import = 3

========================================================================
Received Import Request.
  Time since last request: 0.000018 seconds.
  path: Assets/Projects/GravityDash/kenney_new-platformer-pack-1.1/Sprites/Tiles/Default/terrain_dirt_vertical_middle.png
  artifactKey: Guid(80237b420522d4c36939e62ea8dcabe4) Importer(2089858483,b0f066a214c2f5e87bad3c948f4d605d)
Start importing Assets/Projects/GravityDash/kenney_new-platformer-pack-1.1/Sprites/Tiles/Default/terrain_dirt_vertical_middle.png using Guid(80237b420522d4c36939e62ea8dcabe4) Importer(2089858483,b0f066a214c2f5e87bad3c948f4d605d) (ScriptedImporter) -> (artifact id: '95973d0e1fbfa87dfeaee518df4bc917') in 0.0167025 seconds
Number of updated asset objects reloaded before import = 0Number of asset objects unloaded after import = 3

========================================================================
Received Import Request.
  Time since last request: 0.000030 seconds.
  path: Assets/Projects/GravityDash/kenney_new-platformer-pack-1.1/Sprites/Tiles/Default/terrain_stone_vertical_middle.png
  artifactKey: Guid(f8ffc037376fc44c9a79f655b370a99a) Importer(2089858483,b0f066a214c2f5e87bad3c948f4d605d)
Start importing Assets/Projects/GravityDash/kenney_new-platformer-pack-1.1/Sprites/Tiles/Default/terrain_stone_vertical_middle.png using Guid(f8ffc037376fc44c9a79f655b370a99a) Importer(2089858483,b0f066a214c2f5e87bad3c948f4d605d) (ScriptedImporter) -> (artifact id: '8e26764f70e21305192293900c03a067') in 0.0172384 seconds
Number of updated asset objects reloaded before import = 0Number of asset objects unloaded after import = 3

========================================================================
Received Import Request.
  Time since last request: 0.000020 seconds.
  path: Assets/Projects/GravityDash/kenney_new-platformer-pack-1.1/Sprites/Tiles/Default/hud_key_red.png
  artifactKey: Guid(0aeb24e436b5542b388c1a89276fc3b4) Importer(2089858483,b0f066a214c2f5e87bad3c948f4d605d)
Start importing Assets/Projects/GravityDash/kenney_new-platformer-pack-1.1/Sprites/Tiles/Default/hud_key_red.png using Guid(0aeb24e436b5542b388c1a89276fc3b4) Importer(2089858483,b0f066a214c2f5e87bad3c948f4d605d) (ScriptedImporter) -> (artifact id: 'b2fb58a2082530e8629f851f5791e9a2') in 0.0187285 seconds
Number of updated asset objects reloaded before import = 0Number of asset objects unloaded after import = 3

========================================================================
Received Import Request.
  Time since last request: 0.000021 seconds.
  path: Assets/Projects/GravityDash/kenney_new-platformer-pack-1.1/Sprites/Tiles/Default/block_strong_danger_active.png
  artifactKey: Guid(5c32ddaf853c04402835a7fbfa315d17) Importer(2089858483,b0f066a214c2f5e87bad3c948f4d605d)
Start importing Assets/Projects/GravityDash/kenney_new-platformer-pack-1.1/Sprites/Tiles/Default/block_strong_danger_active.png using Guid(5c32ddaf853c04402835a7fbfa315d17) Importer(2089858483,b0f066a214c2f5e87bad3c948f4d605d) (ScriptedImporter) -> (artifact id: 'e1116b782ef44cfffd5e1ffc53910d19') in 0.017393 seconds
Number of updated asset objects reloaded before import = 0Number of asset objects unloaded after import = 3

========================================================================
Received Import Request.
  Time since last request: 0.000027 seconds.
  path: Assets/Projects/GravityDash/kenney_new-platformer-pack-1.1/Sprites/Tiles/Default/terrain_sand_block_top_right.png
  artifactKey: Guid(450279850995d49cfad9a664e1b2108b) Importer(2089858483,b0f066a214c2f5e87bad3c948f4d605d)
Start importing Assets/Projects/GravityDash/kenney_new-platformer-pack-1.1/Sprites/Tiles/Default/terrain_sand_block_top_right.png using Guid(450279850995d49cfad9a664e1b2108b) Importer(2089858483,b0f066a214c2f5e87bad3c948f4d605d) (ScriptedImporter) -> (artifact id: 'f15ce302aa0d0f640f89400478a15d26') in 0.0173105 seconds
Number of updated asset objects reloaded before import = 0Number of asset objects unloaded after import = 3

========================================================================
Received Import Request.
  Time since last request: 0.000025 seconds.
  path: Assets/Projects/GravityDash/kenney_new-platformer-pack-1.1/Sprites/Tiles/Default/terrain_dirt_block_bottom_right.png
  artifactKey: Guid(a67ea07dd2e00431c81ee25633eff147) Importer(2089858483,b0f066a214c2f5e87bad3c948f4d605d)
Start importing Assets/Projects/GravityDash/kenney_new-platformer-pack-1.1/Sprites/Tiles/Default/terrain_dirt_block_bottom_right.png using Guid(a67ea07dd2e00431c81ee25633eff147) Importer(2089858483,b0f066a214c2f5e87bad3c948f4d605d) (ScriptedImporter) -> (artifact id: 'ea811241d4ca7296462fe515b9e4a2c1') in 0.0172938 seconds
Number of updated asset objects reloaded before import = 0Number of asset objects unloaded after import = 3

========================================================================
Received Import Request.
  Time since last request: 0.000028 seconds.
  path: Assets/Projects/GravityDash/kenney_new-platformer-pack-1.1/Sprites/Tiles/Default/bomb_active.png
  artifactKey: Guid(6a1dc9f15365c4e43ac9f4d264693586) Importer(2089858483,b0f066a214c2f5e87bad3c948f4d605d)
Start importing Assets/Projects/GravityDash/kenney_new-platformer-pack-1.1/Sprites/Tiles/Default/bomb_active.png using Guid(6a1dc9f15365c4e43ac9f4d264693586) Importer(2089858483,b0f066a214c2f5e87bad3c948f4d605d) (ScriptedImporter) -> (artifact id: 'dc4afed4cec895f175f681f6450ed1be') in 0.0166808 seconds
Number of updated asset objects reloaded before import = 0Number of asset objects unloaded after import = 3

========================================================================
Received Import Request.
  Time since last request: 0.000019 seconds.
  path: Assets/Projects/GravityDash/kenney_new-platformer-pack-1.1/Sprites/Tiles/Default/hud_player_purple.png
  artifactKey: Guid(d9bc22b5ba3704b66809560f3ae249d9) Importer(2089858483,b0f066a214c2f5e87bad3c948f4d605d)
Start importing Assets/Projects/GravityDash/kenney_new-platformer-pack-1.1/Sprites/Tiles/Default/hud_player_purple.png using Guid(d9bc22b5ba3704b66809560f3ae249d9) Importer(2089858483,b0f066a214c2f5e87bad3c948f4d605d) (ScriptedImporter) -> (artifact id: '99f6fb97954d67d9d8381117277f8973') in 0.0179535 seconds
Number of updated asset objects reloaded before import = 0Number of asset objects unloaded after import = 3

========================================================================
Received Import Request.
  Time since last request: 0.000019 seconds.
  path: Assets/Projects/GravityDash/kenney_new-platformer-pack-1.1/Sprites/Tiles/Default/terrain_snow_block_right.png
  artifactKey: Guid(1b15a78f89d65474bb5aa9ee4657b733) Importer(2089858483,b0f066a214c2f5e87bad3c948f4d605d)
Start importing Assets/Projects/GravityDash/kenney_new-platformer-pack-1.1/Sprites/Tiles/Default/terrain_snow_block_right.png using Guid(1b15a78f89d65474bb5aa9ee4657b733) Importer(2089858483,b0f066a214c2f5e87bad3c948f4d605d) (ScriptedImporter) -> (artifact id: 'b7fb41cc9e93eb272518cbccafbb4423') in 0.0154753 seconds
Number of updated asset objects reloaded before import = 0Number of asset objects unloaded after import = 3

========================================================================
Received Import Request.
  Time since last request: 0.000024 seconds.
  path: Assets/Projects/GravityDash/kenney_new-platformer-pack-1.1/Sprites/Tiles/Default/grass_purple.png
  artifactKey: Guid(7c1564fe2c51c4ca3a8ba55b044dc0ab) Importer(2089858483,b0f066a214c2f5e87bad3c948f4d605d)
Start importing Assets/Projects/GravityDash/kenney_new-platformer-pack-1.1/Sprites/Tiles/Default/grass_purple.png using Guid(7c1564fe2c51c4ca3a8ba55b044dc0ab) Importer(2089858483,b0f066a214c2f5e87bad3c948f4d605d) (ScriptedImporter) -> (artifact id: 'c074920316717220dcf8828e43bf4ee0') in 0.0179231 seconds
Number of updated asset objects reloaded before import = 0Number of asset objects unloaded after import = 3

========================================================================
Received Import Request.
  Time since last request: 0.000022 seconds.
  path: Assets/Projects/GravityDash/kenney_new-platformer-pack-1.1/Sprites/Tiles/Default/switch_yellow_pressed.png
  artifactKey: Guid(93f21aa02a2f04257969cdc37e4a1c08) Importer(2089858483,b0f066a214c2f5e87bad3c948f4d605d)
Start importing Assets/Projects/GravityDash/kenney_new-platformer-pack-1.1/Sprites/Tiles/Default/switch_yellow_pressed.png using Guid(93f21aa02a2f04257969cdc37e4a1c08) Importer(2089858483,b0f066a214c2f5e87bad3c948f4d605d) (ScriptedImporter) -> (artifact id: '3a95f0770670aeb185e6d72924abe858') in 0.0163777 seconds
Number of updated asset objects reloaded before import = 0Number of asset objects unloaded after import = 3

========================================================================
Received Import Request.
  Time since last request: 0.000023 seconds.
  path: Assets/Projects/GravityDash/kenney_new-platformer-pack-1.1/Sprites/Tiles/Default/coin_silver_side.png
  artifactKey: Guid(a2d6be5878a1740448984fb0ce152cb4) Importer(2089858483,b0f066a214c2f5e87bad3c948f4d605d)
Start importing Assets/Projects/GravityDash/kenney_new-platformer-pack-1.1/Sprites/Tiles/Default/coin_silver_side.png using Guid(a2d6be5878a1740448984fb0ce152cb4) Importer(2089858483,b0f066a214c2f5e87bad3c948f4d605d) (ScriptedImporter) -> (artifact id: '92107025ca2584aefc017a4bd918b5af') in 0.0184647 seconds
Number of updated asset objects reloaded before import = 0Number of asset objects unloaded after import = 3

========================================================================
Received Import Request.
  Time since last request: 0.000275 seconds.
  path: Assets/Projects/GravityDash/kenney_new-platformer-pack-1.1/Sprites/Tiles/Default/terrain_dirt_block_bottom_left.png
  artifactKey: Guid(9d7fafd01196746e394e2c5fb05825cc) Importer(2089858483,b0f066a214c2f5e87bad3c948f4d605d)
Start importing Assets/Projects/GravityDash/kenney_new-platformer-pack-1.1/Sprites/Tiles/Default/terrain_dirt_block_bottom_left.png using Guid(9d7fafd01196746e394e2c5fb05825cc) Importer(2089858483,b0f066a214c2f5e87bad3c948f4d605d) (ScriptedImporter) -> (artifact id: '8d0c5c02f2eae9dc28aa1c0d8ed3984e') in 0.0162159 seconds
Number of updated asset objects reloaded before import = 0Number of asset objects unloaded after import = 3

========================================================================
Received Import Request.
  Time since last request: 0.000025 seconds.
  path: Assets/Projects/GravityDash/kenney_new-platformer-pack-1.1/Sprites/Tiles/Default/terrain_sand_block_top_left.png
  artifactKey: Guid(d912608a16dad4457ab9e17665bb6efb) Importer(2089858483,b0f066a214c2f5e87bad3c948f4d605d)
Start importing Assets/Projects/GravityDash/kenney_new-platformer-pack-1.1/Sprites/Tiles/Default/terrain_sand_block_top_left.png using Guid(d912608a16dad4457ab9e17665bb6efb) Importer(2089858483,b0f066a214c2f5e87bad3c948f4d605d) (ScriptedImporter) -> (artifact id: '46f76c3194fbe7171cb79287e96fabde') in 0.0175358 seconds
Number of updated asset objects reloaded before import = 0Number of asset objects unloaded after import = 3

========================================================================
Received Import Request.
  Time since last request: 0.000019 seconds.
  path: Assets/Projects/GravityDash/kenney_new-platformer-pack-1.1/Sprites/Tiles/Default/terrain_snow_block_bottom_right.png
  artifactKey: Guid(29fd33d0cf34c467db4466a672e28d53) Importer(2089858483,b0f066a214c2f5e87bad3c948f4d605d)
Start importing Assets/Projects/GravityDash/kenney_new-platformer-pack-1.1/Sprites/Tiles/Default/terrain_snow_block_bottom_right.png using Guid(29fd33d0cf34c467db4466a672e28d53) Importer(2089858483,b0f066a214c2f5e87bad3c948f4d605d) (ScriptedImporter) -> (artifact id: 'b73239a7f6da3de20e222f3667de5e8d') in 0.0159934 seconds
Number of updated asset objects reloaded before import = 0Number of asset objects unloaded after import = 3

========================================================================
Received Import Request.
  Time since last request: 0.000052 seconds.
  path: Assets/Projects/GravityDash/kenney_new-platformer-pack-1.1/Sprites/Tiles/Default/terrain_purple_cloud.png
  artifactKey: Guid(71296bbce47984156a769ab475f96ae7) Importer(2089858483,b0f066a214c2f5e87bad3c948f4d605d)
Start importing Assets/Projects/GravityDash/kenney_new-platformer-pack-1.1/Sprites/Tiles/Default/terrain_purple_cloud.png using Guid(71296bbce47984156a769ab475f96ae7) Importer(2089858483,b0f066a214c2f5e87bad3c948f4d605d) (ScriptedImporter) -> (artifact id: 'bd77273dd32612285fdd85dc2bc674aa') in 0.0191852 seconds
Number of updated asset objects reloaded before import = 0Number of asset objects unloaded after import = 3

========================================================================
Received Import Request.
  Time since last request: 0.000039 seconds.
  path: Assets/Projects/GravityDash/kenney_new-platformer-pack-1.1/Sprites/Tiles/Default/coin_gold_side.png
  artifactKey: Guid(787950d2eb4634e3d9a2eecaac090271) Importer(2089858483,b0f066a214c2f5e87bad3c948f4d605d)
Start importing Assets/Projects/GravityDash/kenney_new-platformer-pack-1.1/Sprites/Tiles/Default/coin_gold_side.png using Guid(787950d2eb4634e3d9a2eecaac090271) Importer(2089858483,b0f066a214c2f5e87bad3c948f4d605d) (ScriptedImporter) -> (artifact id: '0938f471188d13d96cb6fc35ea0afb11') in 0.0173949 seconds
Number of updated asset objects reloaded before import = 0Number of asset objects unloaded after import = 3

========================================================================
Received Import Request.
  Time since last request: 0.000033 seconds.
  path: Assets/Projects/GravityDash/kenney_new-platformer-pack-1.1/Sprites/Tiles/Default/terrain_snow_block_top_right.png
  artifactKey: Guid(d6cea22f017164a639a5196ab07a0e75) Importer(2089858483,b0f066a214c2f5e87bad3c948f4d605d)
Start importing Assets/Projects/GravityDash/kenney_new-platformer-pack-1.1/Sprites/Tiles/Default/terrain_snow_block_top_right.png using Guid(d6cea22f017164a639a5196ab07a0e75) Importer(2089858483,b0f066a214c2f5e87bad3c948f4d605d) (ScriptedImporter) -> (artifact id: '063ddbf79513b8c1ec7b9f169189b983') in 0.0169329 seconds
Number of updated asset objects reloaded before import = 0Number of asset objects unloaded after import = 3

========================================================================
Received Import Request.
  Time since last request: 0.000023 seconds.
  path: Assets/Projects/GravityDash/kenney_new-platformer-pack-1.1/Sprites/Tiles/Default/block_coin_active.png
  artifactKey: Guid(04d5811fe16934da9b2c8bddb0a33d0f) Importer(2089858483,b0f066a214c2f5e87bad3c948f4d605d)
Start importing Assets/Projects/GravityDash/kenney_new-platformer-pack-1.1/Sprites/Tiles/Default/block_coin_active.png using Guid(04d5811fe16934da9b2c8bddb0a33d0f) Importer(2089858483,b0f066a214c2f5e87bad3c948f4d605d) (ScriptedImporter) -> (artifact id: '3de0f21717924485aa11bc7c73384bca') in 0.020904 seconds
Number of updated asset objects reloaded before import = 0Number of asset objects unloaded after import = 3

========================================================================
Received Import Request.
  Time since last request: 0.000019 seconds.
  path: Assets/Projects/GravityDash/kenney_new-platformer-pack-1.1/Sprites/Tiles/Default/mushroom_red.png
  artifactKey: Guid(b28bb7e2e60f44b84b22b5202977ce7c) Importer(2089858483,b0f066a214c2f5e87bad3c948f4d605d)
Start importing Assets/Projects/GravityDash/kenney_new-platformer-pack-1.1/Sprites/Tiles/Default/mushroom_red.png using Guid(b28bb7e2e60f44b84b22b5202977ce7c) Importer(2089858483,b0f066a214c2f5e87bad3c948f4d605d) (ScriptedImporter) -> (artifact id: '03dd323c805afa385425abb9541cb85b') in 0.0158787 seconds
Number of updated asset objects reloaded before import = 0Number of asset objects unloaded after import = 3

========================================================================
Received Import Request.
  Time since last request: 0.000023 seconds.
  path: Assets/Projects/GravityDash/kenney_new-platformer-pack-1.1/Sprites/Tiles/Default/torch_off.png
  artifactKey: Guid(eb016ebdfb88b49f0b34a6f99254b4e3) Importer(2089858483,b0f066a214c2f5e87bad3c948f4d605d)
Start importing Assets/Projects/GravityDash/kenney_new-platformer-pack-1.1/Sprites/Tiles/Default/torch_off.png using Guid(eb016ebdfb88b49f0b34a6f99254b4e3) Importer(2089858483,b0f066a214c2f5e87bad3c948f4d605d) (ScriptedImporter) -> (artifact id: '89bfd55e95ad2a22480722b0412c993a') in 0.0177763 seconds
Number of updated asset objects reloaded before import = 0Number of asset objects unloaded after import = 3

========================================================================
Received Import Request.
  Time since last request: 0.000026 seconds.
  path: Assets/Projects/GravityDash/kenney_new-platformer-pack-1.1/Sprites/Tiles/Default/terrain_dirt_cloud_right.png
  artifactKey: Guid(6efd4b3a0f5fe4776b5fdc9cfba52d7a) Importer(2089858483,b0f066a214c2f5e87bad3c948f4d605d)
Start importing Assets/Projects/GravityDash/kenney_new-platformer-pack-1.1/Sprites/Tiles/Default/terrain_dirt_cloud_right.png using Guid(6efd4b3a0f5fe4776b5fdc9cfba52d7a) Importer(2089858483,b0f066a214c2f5e87bad3c948f4d605d) (ScriptedImporter) -> (artifact id: 'd385b010a05fad800ef4e49f256eef14') in 0.0171753 seconds
Number of updated asset objects reloaded before import = 0Number of asset objects unloaded after import = 3

========================================================================
Received Import Request.
  Time since last request: 0.000028 seconds.
  path: Assets/Projects/GravityDash/kenney_new-platformer-pack-1.1/Sprites/Tiles/Default/terrain_snow_ramp_long_c.png
  artifactKey: Guid(c82194dd8ad41400fbc1072d5fb992cb) Importer(2089858483,b0f066a214c2f5e87bad3c948f4d605d)
Start importing Assets/Projects/GravityDash/kenney_new-platformer-pack-1.1/Sprites/Tiles/Default/terrain_snow_ramp_long_c.png using Guid(c82194dd8ad41400fbc1072d5fb992cb) Importer(2089858483,b0f066a214c2f5e87bad3c948f4d605d) (ScriptedImporter) -> (artifact id: 'ac261d7f4abc40e88a7662878ec1bd75') in 0.0178344 seconds
Number of updated asset objects reloaded before import = 0Number of asset objects unloaded after import = 3

========================================================================
Received Import Request.
  Time since last request: 0.000031 seconds.
  path: Assets/Projects/GravityDash/kenney_new-platformer-pack-1.1/Sprites/Tiles/Default/terrain_purple_vertical_middle.png
  artifactKey: Guid(80c19c4bb92f249c6b380e170b0c020b) Importer(2089858483,b0f066a214c2f5e87bad3c948f4d605d)
Start importing Assets/Projects/GravityDash/kenney_new-platformer-pack-1.1/Sprites/Tiles/Default/terrain_purple_vertical_middle.png using Guid(80c19c4bb92f249c6b380e170b0c020b) Importer(2089858483,b0f066a214c2f5e87bad3c948f4d605d) (ScriptedImporter) -> (artifact id: 'f6d351cc25917f742c220c482d0d6386') in 0.0177358 seconds
Number of updated asset objects reloaded before import = 0Number of asset objects unloaded after import = 3

========================================================================
Received Import Request.
  Time since last request: 0.000021 seconds.
  path: Assets/Projects/GravityDash/kenney_new-platformer-pack-1.1/Sprites/Tiles/Default/terrain_purple_horizontal_right.png
  artifactKey: Guid(3faf565d1920346798604acddd82238f) Importer(2089858483,b0f066a214c2f5e87bad3c948f4d605d)
Start importing Assets/Projects/GravityDash/kenney_new-platformer-pack-1.1/Sprites/Tiles/Default/terrain_purple_horizontal_right.png using Guid(3faf565d1920346798604acddd82238f) Importer(2089858483,b0f066a214c2f5e87bad3c948f4d605d) (ScriptedImporter) -> (artifact id: 'b468f3225cbabdfd238ddd6cad5e8f9c') in 0.0196919 seconds
Number of updated asset objects reloaded before import = 0Number of asset objects unloaded after import = 3

========================================================================
Received Import Request.
  Time since last request: 0.000022 seconds.
  path: Assets/Projects/GravityDash/kenney_new-platformer-pack-1.1/Sprites/Tiles/Default/hill_top.png
  artifactKey: Guid(ebc7d8216f9a24c47a7e1d155e2e70a0) Importer(2089858483,b0f066a214c2f5e87bad3c948f4d605d)
Start importing Assets/Projects/GravityDash/kenney_new-platformer-pack-1.1/Sprites/Tiles/Default/hill_top.png using Guid(ebc7d8216f9a24c47a7e1d155e2e70a0) Importer(2089858483,b0f066a214c2f5e87bad3c948f4d605d) (ScriptedImporter) -> (artifact id: '983a9676a291560385fa5ce098604cd1') in 0.0173876 seconds
Number of updated asset objects reloaded before import = 0Number of asset objects unloaded after import = 3

========================================================================
Received Import Request.
  Time since last request: 0.000044 seconds.
  path: Assets/Projects/GravityDash/kenney_new-platformer-pack-1.1/Sprites/Enemies/Double/worm_ring_move_a.png
  artifactKey: Guid(602a056e81d03420a87059803debd1ad) Importer(2089858483,b0f066a214c2f5e87bad3c948f4d605d)
Start importing Assets/Projects/GravityDash/kenney_new-platformer-pack-1.1/Sprites/Enemies/Double/worm_ring_move_a.png using Guid(602a056e81d03420a87059803debd1ad) Importer(2089858483,b0f066a214c2f5e87bad3c948f4d605d) (ScriptedImporter) -> (artifact id: 'af2bd6d6262345766b5e650d7aa69798') in 0.0151688 seconds
Number of updated asset objects reloaded before import = 0Number of asset objects unloaded after import = 3

========================================================================
Received Import Request.
  Time since last request: 0.000022 seconds.
  path: Assets/Projects/GravityDash/kenney_new-platformer-pack-1.1/Sprites/Tiles/Default/bridge.png
  artifactKey: Guid(ce9336d9adf2c4e11b50fcf6014bb3f8) Importer(2089858483,b0f066a214c2f5e87bad3c948f4d605d)
Start importing Assets/Projects/GravityDash/kenney_new-platformer-pack-1.1/Sprites/Tiles/Default/bridge.png using Guid(ce9336d9adf2c4e11b50fcf6014bb3f8) Importer(2089858483,b0f066a214c2f5e87bad3c948f4d605d) (ScriptedImporter) -> (artifact id: '2433657f65ffe0143bc8a02558cedd50') in 0.0153858 seconds
Number of updated asset objects reloaded before import = 0Number of asset objects unloaded after import = 3

========================================================================
Received Import Request.
  Time since last request: 0.000029 seconds.
  path: Assets/Projects/GravityDash/kenney_new-platformer-pack-1.1/Sprites/Tiles/Default/block_strong_coin_active.png
  artifactKey: Guid(2379e598887d347cca7cf23de1a3fcf7) Importer(2089858483,b0f066a214c2f5e87bad3c948f4d605d)
Start importing Assets/Projects/GravityDash/kenney_new-platformer-pack-1.1/Sprites/Tiles/Default/block_strong_coin_active.png using Guid(2379e598887d347cca7cf23de1a3fcf7) Importer(2089858483,b0f066a214c2f5e87bad3c948f4d605d) (ScriptedImporter) -> (artifact id: 'e1f59f7b2121a0e3700b0ee6c5f703fd') in 0.0183792 seconds
Number of updated asset objects reloaded before import = 0Number of asset objects unloaded after import = 3

========================================================================
Received Import Request.
  Time since last request: 0.000019 seconds.
  path: Assets/Projects/GravityDash/kenney_new-platformer-pack-1.1/Sprites/Tiles/Default/flag_yellow_a.png
  artifactKey: Guid(ea44dc2a2d84844a492a135582464561) Importer(2089858483,b0f066a214c2f5e87bad3c948f4d605d)
Start importing Assets/Projects/GravityDash/kenney_new-platformer-pack-1.1/Sprites/Tiles/Default/flag_yellow_a.png using Guid(ea44dc2a2d84844a492a135582464561) Importer(2089858483,b0f066a214c2f5e87bad3c948f4d605d) (ScriptedImporter) -> (artifact id: '7f8cc32b24677738b54be0a210e06ca5') in 0.0171878 seconds
Number of updated asset objects reloaded before import = 0Number of asset objects unloaded after import = 3

========================================================================
Received Import Request.
  Time since last request: 0.000022 seconds.
  path: Assets/Projects/GravityDash/kenney_new-platformer-pack-1.1/Sprites/Tiles/Default/hud_character_6.png
  artifactKey: Guid(18cf7c4b8a0af4ee8bac7010ef211ade) Importer(2089858483,b0f066a214c2f5e87bad3c948f4d605d)
Start importing Assets/Projects/GravityDash/kenney_new-platformer-pack-1.1/Sprites/Tiles/Default/hud_character_6.png using Guid(18cf7c4b8a0af4ee8bac7010ef211ade) Importer(2089858483,b0f066a214c2f5e87bad3c948f4d605d) (ScriptedImporter) -> (artifact id: 'eafd6e3f942c9c913500f2218e2536d9') in 0.0176539 seconds
Number of updated asset objects reloaded before import = 0Number of asset objects unloaded after import = 3

========================================================================
Received Import Request.
  Time since last request: 0.000022 seconds.
  path: Assets/Projects/GravityDash/kenney_new-platformer-pack-1.1/Sprites/Tiles/Default/terrain_stone_block_right.png
  artifactKey: Guid(2c82276775279405b9b29f84f6feb6be) Importer(2089858483,b0f066a214c2f5e87bad3c948f4d605d)
Start importing Assets/Projects/GravityDash/kenney_new-platformer-pack-1.1/Sprites/Tiles/Default/terrain_stone_block_right.png using Guid(2c82276775279405b9b29f84f6feb6be) Importer(2089858483,b0f066a214c2f5e87bad3c948f4d605d) (ScriptedImporter) -> (artifact id: '8e070729a641e21509d734d176648ffb') in 0.0192444 seconds
Number of updated asset objects reloaded before import = 0Number of asset objects unloaded after import = 3

========================================================================
Received Import Request.
  Time since last request: 0.000018 seconds.
  path: Assets/Projects/GravityDash/kenney_new-platformer-pack-1.1/Sprites/Enemies/Double/worm_normal_move_b.png
  artifactKey: Guid(6a51f685fa66b433b8e59f5f30df3368) Importer(2089858483,b0f066a214c2f5e87bad3c948f4d605d)
Start importing Assets/Projects/GravityDash/kenney_new-platformer-pack-1.1/Sprites/Enemies/Double/worm_normal_move_b.png using Guid(6a51f685fa66b433b8e59f5f30df3368) Importer(2089858483,b0f066a214c2f5e87bad3c948f4d605d) (ScriptedImporter) -> (artifact id: '2bc75143abc580b5b3c53c274ad48652') in 0.0162539 seconds
Number of updated asset objects reloaded before import = 0Number of asset objects unloaded after import = 3

========================================================================
Received Import Request.
  Time since last request: 0.000033 seconds.
  path: Assets/Projects/GravityDash/kenney_new-platformer-pack-1.1/Sprites/Tiles/Default/spring_out.png
  artifactKey: Guid(0c6b5a03c82064896808ae3cf24d992e) Importer(2089858483,b0f066a214c2f5e87bad3c948f4d605d)
Start importing Assets/Projects/GravityDash/kenney_new-platformer-pack-1.1/Sprites/Tiles/Default/spring_out.png using Guid(0c6b5a03c82064896808ae3cf24d992e) Importer(2089858483,b0f066a214c2f5e87bad3c948f4d605d) (ScriptedImporter) -> (artifact id: 'dd68a6015c43004a302c49a28c6410d2') in 0.0147026 seconds
Number of updated asset objects reloaded before import = 0Number of asset objects unloaded after import = 3

========================================================================
Received Import Request.
  Time since last request: 0.000030 seconds.
  path: Assets/Projects/GravityDash/kenney_new-platformer-pack-1.1/Sprites/Tiles/Default/terrain_purple_horizontal_middle.png
  artifactKey: Guid(952361b5987304b7fb3ee5a501e062eb) Importer(2089858483,b0f066a214c2f5e87bad3c948f4d605d)
Start importing Assets/Projects/GravityDash/kenney_new-platformer-pack-1.1/Sprites/Tiles/Default/terrain_purple_horizontal_middle.png using Guid(952361b5987304b7fb3ee5a501e062eb) Importer(2089858483,b0f066a214c2f5e87bad3c948f4d605d) (ScriptedImporter) -> (artifact id: '50e5be2b8b84b13a4384d2b33fb72788') in 0.0182212 seconds
Number of updated asset objects reloaded before import = 0Number of asset objects unloaded after import = 3

========================================================================
Received Import Request.
  Time since last request: 0.139685 seconds.
  path: Assets/Projects/GravityDash/kenney_new-platformer-pack-1.1/Sprites/Tiles/Double/block_strong_danger.png
  artifactKey: Guid(753c990859d3746e388ddf85264a4e4b) Importer(2089858483,b0f066a214c2f5e87bad3c948f4d605d)
Start importing Assets/Projects/GravityDash/kenney_new-platformer-pack-1.1/Sprites/Tiles/Double/block_strong_danger.png using Guid(753c990859d3746e388ddf85264a4e4b) Importer(2089858483,b0f066a214c2f5e87bad3c948f4d605d) (ScriptedImporter) -> (artifact id: '5c5165faf1d83e2ff9f0ecc59320e706') in 0.0148187 seconds
Number of updated asset objects reloaded before import = 0Number of asset objects unloaded after import = 3

========================================================================
Received Import Request.
  Time since last request: 0.000020 seconds.
  path: Assets/Projects/GravityDash/kenney_new-platformer-pack-1.1/Sprites/Tiles/Double/hud_key_green.png
  artifactKey: Guid(27e4889e545c44dca91b54b6e225decf) Importer(2089858483,b0f066a214c2f5e87bad3c948f4d605d)
Start importing Assets/Projects/GravityDash/kenney_new-platformer-pack-1.1/Sprites/Tiles/Double/hud_key_green.png using Guid(27e4889e545c44dca91b54b6e225decf) Importer(2089858483,b0f066a214c2f5e87bad3c948f4d605d) (ScriptedImporter) -> (artifact id: '822a6248dce510befe58d4babb340c73') in 0.018844 seconds
Number of updated asset objects reloaded before import = 0Number of asset objects unloaded after import = 3

========================================================================
Received Import Request.
  Time since last request: 0.000024 seconds.
  path: Assets/Projects/GravityDash/kenney_new-platformer-pack-1.1/Sprites/Tiles/Double/terrain_dirt_horizontal_middle.png
  artifactKey: Guid(6bc975deba2634cecad2aa9673994cb2) Importer(2089858483,b0f066a214c2f5e87bad3c948f4d605d)
Start importing Assets/Projects/GravityDash/kenney_new-platformer-pack-1.1/Sprites/Tiles/Double/terrain_dirt_horizontal_middle.png using Guid(6bc975deba2634cecad2aa9673994cb2) Importer(2089858483,b0f066a214c2f5e87bad3c948f4d605d) (ScriptedImporter) -> (artifact id: '92fd4a26e697906bd96908abcd65afe0') in 0.0172944 seconds
Number of updated asset objects reloaded before import = 0Number of asset objects unloaded after import = 3

========================================================================
Received Import Request.
  Time since last request: 0.000036 seconds.
  path: Assets/Projects/GravityDash/kenney_ui-pack/PNG/Blue/Default/button_rectangle_gradient.png
  artifactKey: Guid(ce0e97fd8a95d4d4ba618782c30c61f5) Importer(2089858483,b0f066a214c2f5e87bad3c948f4d605d)
Start importing Assets/Projects/GravityDash/kenney_ui-pack/PNG/Blue/Default/button_rectangle_gradient.png using Guid(ce0e97fd8a95d4d4ba618782c30c61f5) Importer(2089858483,b0f066a214c2f5e87bad3c948f4d605d) (ScriptedImporter) -> (artifact id: '7cfda0ec6398517b68e91fff7a6a6a38') in 0.0182546 seconds
Number of updated asset objects reloaded before import = 0Number of asset objects unloaded after import = 3

========================================================================
Received Import Request.
  Time since last request: 0.000044 seconds.
  path: Assets/Projects/GravityDash/kenney_ui-pack/PNG/Blue/Default/button_square_line.png
  artifactKey: Guid(523d062b4c5d548e18159eba351304d1) Importer(2089858483,b0f066a214c2f5e87bad3c948f4d605d)
Start importing Assets/Projects/GravityDash/kenney_ui-pack/PNG/Blue/Default/button_square_line.png using Guid(523d062b4c5d548e18159eba351304d1) Importer(2089858483,b0f066a214c2f5e87bad3c948f4d605d) (ScriptedImporter) -> (artifact id: '1cb91cb0b3fd51c012d1e6ad70a8d090') in 0.0177985 seconds
Number of updated asset objects reloaded before import = 0Number of asset objects unloaded after import = 3

========================================================================
Received Import Request.
  Time since last request: 0.000042 seconds.
  path: Assets/Projects/GravityDash/kenney_new-platformer-pack-1.1/Sprites/Tiles/Double/terrain_grass_cloud_left.png
  artifactKey: Guid(35a724faab7714a6a98dba4c11783e26) Importer(2089858483,b0f066a214c2f5e87bad3c948f4d605d)
Start importing Assets/Projects/GravityDash/kenney_new-platformer-pack-1.1/Sprites/Tiles/Double/terrain_grass_cloud_left.png using Guid(35a724faab7714a6a98dba4c11783e26) Importer(2089858483,b0f066a214c2f5e87bad3c948f4d605d) (ScriptedImporter) -> (artifact id: '82e8b8cfb4baea9f3b90ad8c5191ec7e') in 0.0175756 seconds
Number of updated asset objects reloaded before import = 0Number of asset objects unloaded after import = 3

========================================================================
Received Import Request.
  Time since last request: 0.000024 seconds.
  path: Assets/Projects/GravityDash/kenney_new-platformer-pack-1.1/Sprites/Tiles/Double/bricks_grey.png
  artifactKey: Guid(3217ea04160af4910a4ae62f20318b01) Importer(2089858483,b0f066a214c2f5e87bad3c948f4d605d)
Start importing Assets/Projects/GravityDash/kenney_new-platformer-pack-1.1/Sprites/Tiles/Double/bricks_grey.png using Guid(3217ea04160af4910a4ae62f20318b01) Importer(2089858483,b0f066a214c2f5e87bad3c948f4d605d) (ScriptedImporter) -> (artifact id: '85c4137e11934ee90cf655cc58a04d1c') in 0.0166904 seconds
Number of updated asset objects reloaded before import = 0Number of asset objects unloaded after import = 3

========================================================================
Received Import Request.
  Time since last request: 0.000023 seconds.
  path: Assets/Projects/GravityDash/kenney_new-platformer-pack-1.1/Sprites/Tiles/Double/terrain_snow_block_bottom_left.png
  artifactKey: Guid(4eff6c37efa99498ebcafb27fb868a6e) Importer(2089858483,b0f066a214c2f5e87bad3c948f4d605d)
Start importing Assets/Projects/GravityDash/kenney_new-platformer-pack-1.1/Sprites/Tiles/Double/terrain_snow_block_bottom_left.png using Guid(4eff6c37efa99498ebcafb27fb868a6e) Importer(2089858483,b0f066a214c2f5e87bad3c948f4d605d) (ScriptedImporter) -> (artifact id: '70422576cc093003b2ed13842984cafc') in 0.019855 seconds
Number of updated asset objects reloaded before import = 0Number of asset objects unloaded after import = 3

========================================================================
Received Import Request.
  Time since last request: 0.000015 seconds.
  path: Assets/Projects/GravityDash/kenney_new-platformer-pack-1.1/Sprites/Tiles/Double/hud_player_purple.png
  artifactKey: Guid(ac0b4dcfa1cb34555b501c0952ec30a5) Importer(2089858483,b0f066a214c2f5e87bad3c948f4d605d)
Start importing Assets/Projects/GravityDash/kenney_new-platformer-pack-1.1/Sprites/Tiles/Double/hud_player_purple.png using Guid(ac0b4dcfa1cb34555b501c0952ec30a5) Importer(2089858483,b0f066a214c2f5e87bad3c948f4d605d) (ScriptedImporter) -> (artifact id: '1eab59a0e6df1cf3af560c42c97126ae') in 0.0181518 seconds
Number of updated asset objects reloaded before import = 0Number of asset objects unloaded after import = 3

========================================================================
Received Import Request.
  Time since last request: 0.000021 seconds.
  path: Assets/Projects/GravityDash/kenney_ui-pack/PNG/Blue/Double/button_round_depth_gloss.png
  artifactKey: Guid(21679514e87c24e839d6da4c8231033c) Importer(2089858483,b0f066a214c2f5e87bad3c948f4d605d)
Start importing Assets/Projects/GravityDash/kenney_ui-pack/PNG/Blue/Double/button_round_depth_gloss.png using Guid(21679514e87c24e839d6da4c8231033c) Importer(2089858483,b0f066a214c2f5e87bad3c948f4d605d) (ScriptedImporter) -> (artifact id: 'b61eaa5318929113839cf9383028f1e4') in 0.0179061 seconds
Number of updated asset objects reloaded before import = 0Number of asset objects unloaded after import = 3

========================================================================
Received Import Request.
  Time since last request: 0.000026 seconds.
  path: Assets/Projects/GravityDash/kenney_new-platformer-pack-1.1/Sprites/Tiles/Double/terrain_sand_vertical_top.png
  artifactKey: Guid(a21684b766e764247adfcbaaa8586414) Importer(2089858483,b0f066a214c2f5e87bad3c948f4d605d)
Start importing Assets/Projects/GravityDash/kenney_new-platformer-pack-1.1/Sprites/Tiles/Double/terrain_sand_vertical_top.png using Guid(a21684b766e764247adfcbaaa8586414) Importer(2089858483,b0f066a214c2f5e87bad3c948f4d605d) (ScriptedImporter) -> (artifact id: 'f426478552e65b4bb3a6b166411eb0cf') in 0.0204014 seconds
Number of updated asset objects reloaded before import = 0Number of asset objects unloaded after import = 3

========================================================================
Received Import Request.
  Time since last request: 0.000043 seconds.
  path: Assets/Projects/GravityDash/kenney_new-platformer-pack-1.1/Sprites/Tiles/Double/hud_player_pink.png
  artifactKey: Guid(7273c187205a64963905e7a7091f4a43) Importer(2089858483,b0f066a214c2f5e87bad3c948f4d605d)
Start importing Assets/Projects/GravityDash/kenney_new-platformer-pack-1.1/Sprites/Tiles/Double/hud_player_pink.png using Guid(7273c187205a64963905e7a7091f4a43) Importer(2089858483,b0f066a214c2f5e87bad3c948f4d605d) (ScriptedImporter) -> (artifact id: 'd28d30c3366010abd03f1db16f93d741') in 0.019268 seconds
Number of updated asset objects reloaded before import = 0Number of asset objects unloaded after import = 3

========================================================================
Received Import Request.
  Time since last request: 0.000023 seconds.
  path: Assets/Projects/GravityDash/kenney_ui-pack/PNG/Extra/Default/icon_arrow_up_dark.png
  artifactKey: Guid(c2355775c0a4a4c33b1264e074b9e335) Importer(2089858483,b0f066a214c2f5e87bad3c948f4d605d)
Start importing Assets/Projects/GravityDash/kenney_ui-pack/PNG/Extra/Default/icon_arrow_up_dark.png using Guid(c2355775c0a4a4c33b1264e074b9e335) Importer(2089858483,b0f066a214c2f5e87bad3c948f4d605d) (ScriptedImporter) -> (artifact id: 'bee4d85b7b35197f5f7ba8b32d809131') in 0.0164969 seconds
Number of updated asset objects reloaded before import = 0Number of asset objects unloaded after import = 3

========================================================================
Received Import Request.
  Time since last request: 0.000033 seconds.
  path: Assets/Projects/GravityDash/kenney_new-platformer-pack-1.1/Sprites/Tiles/Double/hud_coin.png
  artifactKey: Guid(8301fbf409c024de1a2ab26c2b5bbf3e) Importer(2089858483,b0f066a214c2f5e87bad3c948f4d605d)
Start importing Assets/Projects/GravityDash/kenney_new-platformer-pack-1.1/Sprites/Tiles/Double/hud_coin.png using Guid(8301fbf409c024de1a2ab26c2b5bbf3e) Importer(2089858483,b0f066a214c2f5e87bad3c948f4d605d) (ScriptedImporter) -> (artifact id: '31f1638d9f0ca2bb7e0abc4834600621') in 0.017706 seconds
Number of updated asset objects reloaded before import = 0Number of asset objects unloaded after import = 3

========================================================================
Received Import Request.
  Time since last request: 0.000040 seconds.
  path: Assets/Projects/GravityDash/kenney_ui-pack/PNG/Blue/Default/check_round_grey_circle.png
  artifactKey: Guid(60a44f753117f423184e15971da396cc) Importer(2089858483,b0f066a214c2f5e87bad3c948f4d605d)
Start importing Assets/Projects/GravityDash/kenney_ui-pack/PNG/Blue/Default/check_round_grey_circle.png using Guid(60a44f753117f423184e15971da396cc) Importer(2089858483,b0f066a214c2f5e87bad3c948f4d605d) (ScriptedImporter) -> (artifact id: '967cbb8cc7e95a85cc77630972122aa8') in 0.0184676 seconds
Number of updated asset objects reloaded before import = 0Number of asset objects unloaded after import = 3

========================================================================
Received Import Request.
  Time since last request: 0.000029 seconds.
  path: Assets/Projects/GravityDash/kenney_ui-pack/PNG/Blue/Default/check_square_grey_square.png
  artifactKey: Guid(01da5b225f1b34d4dac2e5cb2b7fa70a) Importer(2089858483,b0f066a214c2f5e87bad3c948f4d605d)
Start importing Assets/Projects/GravityDash/kenney_ui-pack/PNG/Blue/Default/check_square_grey_square.png using Guid(01da5b225f1b34d4dac2e5cb2b7fa70a) Importer(2089858483,b0f066a214c2f5e87bad3c948f4d605d) (ScriptedImporter) -> (artifact id: 'ba59ea0da9f08c206c853947a79d7ce9') in 0.0176068 seconds
Number of updated asset objects reloaded before import = 0Number of asset objects unloaded after import = 3

========================================================================
Received Import Request.
  Time since last request: 0.000020 seconds.
  path: Assets/Projects/GravityDash/kenney_new-platformer-pack-1.1/Sprites/Tiles/Double/brick_grey_diagonal.png
  artifactKey: Guid(4e1af51057ecd43869995f8e2e10be64) Importer(2089858483,b0f066a214c2f5e87bad3c948f4d605d)
Start importing Assets/Projects/GravityDash/kenney_new-platformer-pack-1.1/Sprites/Tiles/Double/brick_grey_diagonal.png using Guid(4e1af51057ecd43869995f8e2e10be64) Importer(2089858483,b0f066a214c2f5e87bad3c948f4d605d) (ScriptedImporter) -> (artifact id: '3bac7ab89be22871d45513161065d85d') in 0.0175142 seconds
Number of updated asset objects reloaded before import = 0Number of asset objects unloaded after import = 3

========================================================================
Received Import Request.
  Time since last request: 0.000025 seconds.
  path: Assets/Projects/GravityDash/kenney_new-platformer-pack-1.1/Sprites/Tiles/Double/brick_brown_diagonal.png
  artifactKey: Guid(c861c7e75268149e989b782d08b262db) Importer(2089858483,b0f066a214c2f5e87bad3c948f4d605d)
Start importing Assets/Projects/GravityDash/kenney_new-platformer-pack-1.1/Sprites/Tiles/Double/brick_brown_diagonal.png using Guid(c861c7e75268149e989b782d08b262db) Importer(2089858483,b0f066a214c2f5e87bad3c948f4d605d) (ScriptedImporter) -> (artifact id: '310fba618cf0b971e41db344d067d4b2') in 0.018191 seconds
Number of updated asset objects reloaded before import = 0Number of asset objects unloaded after import = 3

========================================================================
Received Import Request.
  Time since last request: 0.000019 seconds.
  path: Assets/Projects/GravityDash/kenney_ui-pack/PNG/Blue/Double/button_round_flat.png
  artifactKey: Guid(bd401a3a6661640ada256e533e172f67) Importer(2089858483,b0f066a214c2f5e87bad3c948f4d605d)
Start importing Assets/Projects/GravityDash/kenney_ui-pack/PNG/Blue/Double/button_round_flat.png using Guid(bd401a3a6661640ada256e533e172f67) Importer(2089858483,b0f066a214c2f5e87bad3c948f4d605d) (ScriptedImporter) -> (artifact id: 'a13161d08d0f11c10fca4a9a06c1faea') in 0.0180112 seconds
Number of updated asset objects reloaded before import = 0Number of asset objects unloaded after import = 3

========================================================================
Received Import Request.
  Time since last request: 0.000019 seconds.
  path: Assets/Projects/GravityDash/kenney_new-platformer-pack-1.1/Sprites/Tiles/Double/terrain_sand_horizontal_right.png
  artifactKey: Guid(9833f0d63e69f42448982a3c4cd5ae6b) Importer(2089858483,b0f066a214c2f5e87bad3c948f4d605d)
Start importing Assets/Projects/GravityDash/kenney_new-platformer-pack-1.1/Sprites/Tiles/Double/terrain_sand_horizontal_right.png using Guid(9833f0d63e69f42448982a3c4cd5ae6b) Importer(2089858483,b0f066a214c2f5e87bad3c948f4d605d) (ScriptedImporter) -> (artifact id: 'efe095f680f138ad793dd19d89738bdf') in 0.0171481 seconds
Number of updated asset objects reloaded before import = 0Number of asset objects unloaded after import = 3

========================================================================
Received Import Request.
  Time since last request: 0.000020 seconds.
  path: Assets/Projects/GravityDash/kenney_new-platformer-pack-1.1/Sprites/Tiles/Double/hud_character_9.png
  artifactKey: Guid(daa8cd3eeec264a23bcad1ba0d0b7ab3) Importer(2089858483,b0f066a214c2f5e87bad3c948f4d605d)
Start importing Assets/Projects/GravityDash/kenney_new-platformer-pack-1.1/Sprites/Tiles/Double/hud_character_9.png using Guid(daa8cd3eeec264a23bcad1ba0d0b7ab3) Importer(2089858483,b0f066a214c2f5e87bad3c948f4d605d) (ScriptedImporter) -> (artifact id: '6580cae329b72ee470b4464087febbd6') in 0.01526 seconds
Number of updated asset objects reloaded before import = 0Number of asset objects unloaded after import = 3

========================================================================
Received Import Request.
  Time since last request: 0.000022 seconds.
  path: Assets/Projects/GravityDash/kenney_new-platformer-pack-1.1/Sprites/Tiles/Double/block_strong_danger_active.png
  artifactKey: Guid(d6c033ecbeef54e1286cf843411c22f1) Importer(2089858483,b0f066a214c2f5e87bad3c948f4d605d)
Start importing Assets/Projects/GravityDash/kenney_new-platformer-pack-1.1/Sprites/Tiles/Double/block_strong_danger_active.png using Guid(d6c033ecbeef54e1286cf843411c22f1) Importer(2089858483,b0f066a214c2f5e87bad3c948f4d605d) (ScriptedImporter) -> (artifact id: '3c52a557b468eed0f1a5d3ffe58b79bd') in 0.0192199 seconds
Number of updated asset objects reloaded before import = 0Number of asset objects unloaded after import = 3

========================================================================
Received Import Request.
  Time since last request: 0.000019 seconds.
  path: Assets/Projects/GravityDash/kenney_new-platformer-pack-1.1/Sprites/Tiles/Double/terrain_purple_cloud_background.png
  artifactKey: Guid(03445c8e884c94d229c28b7fe9975acb) Importer(2089858483,b0f066a214c2f5e87bad3c948f4d605d)
Start importing Assets/Projects/GravityDash/kenney_new-platformer-pack-1.1/Sprites/Tiles/Double/terrain_purple_cloud_background.png using Guid(03445c8e884c94d229c28b7fe9975acb) Importer(2089858483,b0f066a214c2f5e87bad3c948f4d605d) (ScriptedImporter) -> (artifact id: '7e03cabed52934eb899dc3f7a5bdd6bb') in 0.0171682 seconds
Number of updated asset objects reloaded before import = 0Number of asset objects unloaded after import = 3

========================================================================
Received Import Request.
  Time since last request: 0.000022 seconds.
  path: Assets/Projects/GravityDash/kenney_new-platformer-pack-1.1/Sprites/Tiles/Double/mushroom_brown.png
  artifactKey: Guid(bbcf9159fa81847028684b3d54754c21) Importer(2089858483,b0f066a214c2f5e87bad3c948f4d605d)
Start importing Assets/Projects/GravityDash/kenney_new-platformer-pack-1.1/Sprites/Tiles/Double/mushroom_brown.png using Guid(bbcf9159fa81847028684b3d54754c21) Importer(2089858483,b0f066a214c2f5e87bad3c948f4d605d) (ScriptedImporter) -> (artifact id: 'ea4ecfdd8e37609b749b9bace3c6c217') in 0.0197237 seconds
Number of updated asset objects reloaded before import = 0Number of asset objects unloaded after import = 3

========================================================================
Received Import Request.
  Time since last request: 0.000028 seconds.
  path: Assets/Projects/GravityDash/kenney_ui-pack/PNG/Blue/Default/button_square_depth_border.png
  artifactKey: Guid(2b29bb9fc36334f5c9c3acccd004e70d) Importer(2089858483,b0f066a214c2f5e87bad3c948f4d605d)
Start importing Assets/Projects/GravityDash/kenney_ui-pack/PNG/Blue/Default/button_square_depth_border.png using Guid(2b29bb9fc36334f5c9c3acccd004e70d) Importer(2089858483,b0f066a214c2f5e87bad3c948f4d605d) (ScriptedImporter) -> (artifact id: 'f5c382a6fda1f8d2bc853f1f08a7d809') in 0.0182753 seconds
Number of updated asset objects reloaded before import = 0Number of asset objects unloaded after import = 3

========================================================================
Received Import Request.
  Time since last request: 0.000019 seconds.
  path: Assets/Projects/GravityDash/kenney_ui-pack/PNG/Extra/Default/icon_arrow_up_outline.png
  artifactKey: Guid(caa6346b25f77461e979fc507dd634d0) Importer(2089858483,b0f066a214c2f5e87bad3c948f4d605d)
Start importing Assets/Projects/GravityDash/kenney_ui-pack/PNG/Extra/Default/icon_arrow_up_outline.png using Guid(caa6346b25f77461e979fc507dd634d0) Importer(2089858483,b0f066a214c2f5e87bad3c948f4d605d) (ScriptedImporter) -> (artifact id: 'cc64f6cbffe8b81dc1b4e5ca4e90158d') in 0.0150615 seconds
Number of updated asset objects reloaded before import = 0Number of asset objects unloaded after import = 3

========================================================================
Received Import Request.
  Time since last request: 0.000023 seconds.
  path: Assets/Projects/GravityDash/kenney_new-platformer-pack-1.1/Sprites/Tiles/Double/hill.png
  artifactKey: Guid(521da3e90fe3a4087958c15c5060f606) Importer(2089858483,b0f066a214c2f5e87bad3c948f4d605d)
Start importing Assets/Projects/GravityDash/kenney_new-platformer-pack-1.1/Sprites/Tiles/Double/hill.png using Guid(521da3e90fe3a4087958c15c5060f606) Importer(2089858483,b0f066a214c2f5e87bad3c948f4d605d) (ScriptedImporter) -> (artifact id: '1119a0f884512124d50aeebc00c896f9') in 0.0171284 seconds
Number of updated asset objects reloaded before import = 0Number of asset objects unloaded after import = 3

========================================================================
Received Import Request.
  Time since last request: 0.000035 seconds.
  path: Assets/Projects/GravityDash/kenney_new-platformer-pack-1.1/Sprites/Tiles/Double/block_strong_empty.png
  artifactKey: Guid(ae5a2d130336240c4af70b3fc93e3a28) Importer(2089858483,b0f066a214c2f5e87bad3c948f4d605d)
Start importing Assets/Projects/GravityDash/kenney_new-platformer-pack-1.1/Sprites/Tiles/Double/block_strong_empty.png using Guid(ae5a2d130336240c4af70b3fc93e3a28) Importer(2089858483,b0f066a214c2f5e87bad3c948f4d605d) (ScriptedImporter) -> (artifact id: '37f552692d70d774da94f7d652af69c8') in 0.0177238 seconds
Number of updated asset objects reloaded before import = 0Number of asset objects unloaded after import = 3

========================================================================
Received Import Request.
  Time since last request: 0.000022 seconds.
  path: Assets/Projects/GravityDash/kenney_new-platformer-pack-1.1/Sprites/Tiles/Double/ramp.png
  artifactKey: Guid(ddeac69b59c3949e58e04c38f86267cf) Importer(2089858483,b0f066a214c2f5e87bad3c948f4d605d)
Start importing Assets/Projects/GravityDash/kenney_new-platformer-pack-1.1/Sprites/Tiles/Double/ramp.png using Guid(ddeac69b59c3949e58e04c38f86267cf) Importer(2089858483,b0f066a214c2f5e87bad3c948f4d605d) (ScriptedImporter) -> (artifact id: 'dff1f4cf36931a716a0230c952e1ec61') in 0.024621 seconds
Number of updated asset objects reloaded before import = 0Number of asset objects unloaded after import = 3

========================================================================
Received Import Request.
  Time since last request: 0.000029 seconds.
  path: Assets/Projects/GravityDash/kenney_ui-pack/PNG/Blue/Double/button_square_gloss.png
  artifactKey: Guid(12f048b58d46c4432be3e733c9b7b806) Importer(2089858483,b0f066a214c2f5e87bad3c948f4d605d)
Start importing Assets/Projects/GravityDash/kenney_ui-pack/PNG/Blue/Double/button_square_gloss.png using Guid(12f048b58d46c4432be3e733c9b7b806) Importer(2089858483,b0f066a214c2f5e87bad3c948f4d605d) (ScriptedImporter) -> (artifact id: 'f726bfff0329b9181ab80ebbc8eec776') in 0.0175885 seconds
Number of updated asset objects reloaded before import = 0Number of asset objects unloaded after import = 3

========================================================================
Received Import Request.
  Time since last request: 0.000021 seconds.
  path: Assets/Projects/GravityDash/kenney_new-platformer-pack-1.1/Sprites/Tiles/Double/terrain_sand_block_top_right.png
  artifactKey: Guid(fa159c01d4e064652a65920691e158c6) Importer(2089858483,b0f066a214c2f5e87bad3c948f4d605d)
Start importing Assets/Projects/GravityDash/kenney_new-platformer-pack-1.1/Sprites/Tiles/Double/terrain_sand_block_top_right.png using Guid(fa159c01d4e064652a65920691e158c6) Importer(2089858483,b0f066a214c2f5e87bad3c948f4d605d) (ScriptedImporter) -> (artifact id: '7c5e0a251f6357af0d163b1361de3e8f') in 0.0143441 seconds
Number of updated asset objects reloaded before import = 0Number of asset objects unloaded after import = 3

========================================================================
Received Import Request.
  Time since last request: 0.000027 seconds.
  path: Assets/Projects/GravityDash/kenney_ui-pack/PNG/Blue/Default/button_round_line.png
  artifactKey: Guid(d38397e5f905f4a7588886b3d6442e64) Importer(2089858483,b0f066a214c2f5e87bad3c948f4d605d)
Start importing Assets/Projects/GravityDash/kenney_ui-pack/PNG/Blue/Default/button_round_line.png using Guid(d38397e5f905f4a7588886b3d6442e64) Importer(2089858483,b0f066a214c2f5e87bad3c948f4d605d) (ScriptedImporter) -> (artifact id: '0a4357580d0285bb8618d087081ccc58') in 0.0191523 seconds
Number of updated asset objects reloaded before import = 0Number of asset objects unloaded after import = 3

========================================================================
Received Import Request.
  Time since last request: 0.000029 seconds.
  path: Assets/Projects/GravityDash/kenney_new-platformer-pack-1.1/Sprites/Tiles/Double/terrain_sand_cloud_background.png
  artifactKey: Guid(6c477acd2db5b4fa59a493f6bf45cba7) Importer(2089858483,b0f066a214c2f5e87bad3c948f4d605d)
Start importing Assets/Projects/GravityDash/kenney_new-platformer-pack-1.1/Sprites/Tiles/Double/terrain_sand_cloud_background.png using Guid(6c477acd2db5b4fa59a493f6bf45cba7) Importer(2089858483,b0f066a214c2f5e87bad3c948f4d605d) (ScriptedImporter) -> (artifact id: 'fb7a38e1292414ee0baaddb2c4b7bac8') in 0.0152561 seconds
Number of updated asset objects reloaded before import = 0Number of asset objects unloaded after import = 3

========================================================================
Received Import Request.
  Time since last request: 0.000033 seconds.
  path: Assets/Projects/GravityDash/kenney_new-platformer-pack-1.1/Sprites/Tiles/Double/window.png
  artifactKey: Guid(e2e988330b1a049ec9a462ff9185fd83) Importer(2089858483,b0f066a214c2f5e87bad3c948f4d605d)
Start importing Assets/Projects/GravityDash/kenney_new-platformer-pack-1.1/Sprites/Tiles/Double/window.png using Guid(e2e988330b1a049ec9a462ff9185fd83) Importer(2089858483,b0f066a214c2f5e87bad3c948f4d605d) (ScriptedImporter) -> (artifact id: '849351c003c9568ee12827e581599c48') in 0.0175897 seconds
Number of updated asset objects reloaded before import = 0Number of asset objects unloaded after import = 3

========================================================================
Received Import Request.
  Time since last request: 0.000030 seconds.
  path: Assets/Projects/GravityDash/kenney_ui-pack/PNG/Blue/Double/star_outline_depth.png
  artifactKey: Guid(182438bcdd3784be3a20365e7683406b) Importer(2089858483,b0f066a214c2f5e87bad3c948f4d605d)
Start importing Assets/Projects/GravityDash/kenney_ui-pack/PNG/Blue/Double/star_outline_depth.png using Guid(182438bcdd3784be3a20365e7683406b) Importer(2089858483,b0f066a214c2f5e87bad3c948f4d605d) (ScriptedImporter) -> (artifact id: '329e0a36f6d7e34b5b1d08802807d4d3') in 0.0175178 seconds
Number of updated asset objects reloaded before import = 0Number of asset objects unloaded after import = 3

========================================================================
Received Import Request.
  Time since last request: 0.000019 seconds.
  path: Assets/Projects/GravityDash/kenney_ui-pack/PNG/Blue/Default/button_rectangle_depth_line.png
  artifactKey: Guid(d9254fdbbdaa24d559223d3e8f04d69b) Importer(2089858483,b0f066a214c2f5e87bad3c948f4d605d)
Start importing Assets/Projects/GravityDash/kenney_ui-pack/PNG/Blue/Default/button_rectangle_depth_line.png using Guid(d9254fdbbdaa24d559223d3e8f04d69b) Importer(2089858483,b0f066a214c2f5e87bad3c948f4d605d) (ScriptedImporter) -> (artifact id: '5c4370f69f52c67ef1a95a8a8949ecd2') in 0.0159683 seconds
Number of updated asset objects reloaded before import = 0Number of asset objects unloaded after import = 3

========================================================================
Received Import Request.
  Time since last request: 0.000029 seconds.
  path: Assets/Projects/GravityDash/kenney_new-platformer-pack-1.1/Sprites/Tiles/Double/gem_yellow.png
  artifactKey: Guid(eb3d45847db154ff7ba9a791b8995794) Importer(2089858483,b0f066a214c2f5e87bad3c948f4d605d)
Start importing Assets/Projects/GravityDash/kenney_new-platformer-pack-1.1/Sprites/Tiles/Double/gem_yellow.png using Guid(eb3d45847db154ff7ba9a791b8995794) Importer(2089858483,b0f066a214c2f5e87bad3c948f4d605d) (ScriptedImporter) -> (artifact id: '48ba7c908cfd02c666f6803cba769457') in 0.0178105 seconds
Number of updated asset objects reloaded before import = 0Number of asset objects unloaded after import = 3

========================================================================
Received Import Request.
  Time since last request: 0.000067 seconds.
  path: Assets/Projects/GravityDash/kenney_new-platformer-pack-1.1/Sprites/Tiles/Double/terrain_purple_horizontal_right.png
  artifactKey: Guid(1167225a76d6440e0aa3318e4da162c3) Importer(2089858483,b0f066a214c2f5e87bad3c948f4d605d)
Start importing Assets/Projects/GravityDash/kenney_new-platformer-pack-1.1/Sprites/Tiles/Double/terrain_purple_horizontal_right.png using Guid(1167225a76d6440e0aa3318e4da162c3) Importer(2089858483,b0f066a214c2f5e87bad3c948f4d605d) (ScriptedImporter) -> (artifact id: '54f1d387ce3c22c66156c58464dcb5b6') in 0.0175744 seconds
Number of updated asset objects reloaded before import = 0Number of asset objects unloaded after import = 3

========================================================================
Received Import Request.
  Time since last request: 0.000019 seconds.
  path: Assets/Projects/GravityDash/kenney_ui-pack/PNG/Blue/Default/arrow_decorative_s.png
  artifactKey: Guid(479bbddec7dd44395998bebb89b5b56b) Importer(2089858483,b0f066a214c2f5e87bad3c948f4d605d)
Start importing Assets/Projects/GravityDash/kenney_ui-pack/PNG/Blue/Default/arrow_decorative_s.png using Guid(479bbddec7dd44395998bebb89b5b56b) Importer(2089858483,b0f066a214c2f5e87bad3c948f4d605d) (ScriptedImporter) -> (artifact id: '365ad3fe1d580001f3c344b81dab09a3') in 0.0172262 seconds
Number of updated asset objects reloaded before import = 0Number of asset objects unloaded after import = 3

========================================================================
Received Import Request.
  Time since last request: 0.000022 seconds.
  path: Assets/Projects/GravityDash/kenney_ui-pack/PNG/Blue/Default/arrow_basic_e.png
  artifactKey: Guid(b7098a18789a74d92aa7cdbb6b467c1a) Importer(2089858483,b0f066a214c2f5e87bad3c948f4d605d)
Start importing Assets/Projects/GravityDash/kenney_ui-pack/PNG/Blue/Default/arrow_basic_e.png using Guid(b7098a18789a74d92aa7cdbb6b467c1a) Importer(2089858483,b0f066a214c2f5e87bad3c948f4d605d) (ScriptedImporter) -> (artifact id: 'ecc5e8eddffc13b15f4c1428aeef6b87') in 0.0215547 seconds
Number of updated asset objects reloaded before import = 0Number of asset objects unloaded after import = 3

========================================================================
Received Import Request.
  Time since last request: 0.000019 seconds.
  path: Assets/Projects/GravityDash/kenney_new-platformer-pack-1.1/Sprites/Tiles/Double/door_closed_top.png
  artifactKey: Guid(4934852c855a14612ae6aefb43a7a6c6) Importer(2089858483,b0f066a214c2f5e87bad3c948f4d605d)
Start importing Assets/Projects/GravityDash/kenney_new-platformer-pack-1.1/Sprites/Tiles/Double/door_closed_top.png using Guid(4934852c855a14612ae6aefb43a7a6c6) Importer(2089858483,b0f066a214c2f5e87bad3c948f4d605d) (ScriptedImporter) -> (artifact id: '86245443e2081cb13dd7ad572eedde9d') in 0.0171822 seconds
Number of updated asset objects reloaded before import = 0Number of asset objects unloaded after import = 3

========================================================================
Received Import Request.
  Time since last request: 0.000031 seconds.
  path: Assets/Projects/GravityDash/kenney_ui-pack/PNG/Blue/Double/slide_vertical_grey_section.png
  artifactKey: Guid(be23c73ba5e94461a8453b8369a32000) Importer(2089858483,b0f066a214c2f5e87bad3c948f4d605d)
Start importing Assets/Projects/GravityDash/kenney_ui-pack/PNG/Blue/Double/slide_vertical_grey_section.png using Guid(be23c73ba5e94461a8453b8369a32000) Importer(2089858483,b0f066a214c2f5e87bad3c948f4d605d) (ScriptedImporter) -> (artifact id: '47a34631551a910212bba6ab8a4701c1') in 0.0174925 seconds
Number of updated asset objects reloaded before import = 0Number of asset objects unloaded after import = 3

========================================================================
Received Import Request.
  Time since last request: 0.000038 seconds.
  path: Assets/Projects/GravityDash/kenney_new-platformer-pack-1.1/Sprites/Tiles/Double/terrain_dirt_block_bottom_left.png
  artifactKey: Guid(6590bfb54b1bc48ac9e179947f533de4) Importer(2089858483,b0f066a214c2f5e87bad3c948f4d605d)
Start importing Assets/Projects/GravityDash/kenney_new-platformer-pack-1.1/Sprites/Tiles/Double/terrain_dirt_block_bottom_left.png using Guid(6590bfb54b1bc48ac9e179947f533de4) Importer(2089858483,b0f066a214c2f5e87bad3c948f4d605d) (ScriptedImporter) -> (artifact id: '357f3de921e73991c185f7e62b8a36a5') in 0.0183368 seconds
Number of updated asset objects reloaded before import = 0Number of asset objects unloaded after import = 3

========================================================================
Received Import Request.
  Time since last request: 0.000031 seconds.
  path: Assets/Projects/GravityDash/kenney_ui-pack/PNG/Blue/Double/icon_outline_circle.png
  artifactKey: Guid(e0ee73b7179b44a1d84956f824800266) Importer(2089858483,b0f066a214c2f5e87bad3c948f4d605d)
Start importing Assets/Projects/GravityDash/kenney_ui-pack/PNG/Blue/Double/icon_outline_circle.png using Guid(e0ee73b7179b44a1d84956f824800266) Importer(2089858483,b0f066a214c2f5e87bad3c948f4d605d) (ScriptedImporter) -> (artifact id: '736927cd2c56baac62518f0b54af4641') in 0.0412601 seconds
Number of updated asset objects reloaded before import = 0Number of asset objects unloaded after import = 3

========================================================================
Received Import Request.
  Time since last request: 0.000022 seconds.
  path: Assets/Projects/GravityDash/kenney_new-platformer-pack-1.1/Sprites/Tiles/Double/terrain_grass_horizontal_middle.png
  artifactKey: Guid(e28442854b26440929dcdfba36deada6) Importer(2089858483,b0f066a214c2f5e87bad3c948f4d605d)
Start importing Assets/Projects/GravityDash/kenney_new-platformer-pack-1.1/Sprites/Tiles/Double/terrain_grass_horizontal_middle.png using Guid(e28442854b26440929dcdfba36deada6) Importer(2089858483,b0f066a214c2f5e87bad3c948f4d605d) (ScriptedImporter) -> (artifact id: 'e0af4b2ce1a356de93bc48c983000adb') in 0.0167078 seconds
Number of updated asset objects reloaded before import = 0Number of asset objects unloaded after import = 3

========================================================================
Received Import Request.
  Time since last request: 0.000023 seconds.
  path: Assets/Projects/GravityDash/kenney_ui-pack/PNG/Blue/Default/icon_outline_cross.png
  artifactKey: Guid(d55eee5983e3649479e231ba8c442b04) Importer(2089858483,b0f066a214c2f5e87bad3c948f4d605d)
Start importing Assets/Projects/GravityDash/kenney_ui-pack/PNG/Blue/Default/icon_outline_cross.png using Guid(d55eee5983e3649479e231ba8c442b04) Importer(2089858483,b0f066a214c2f5e87bad3c948f4d605d) (ScriptedImporter) -> (artifact id: '5fcc7fbd07226cea2117b4f24795c434') in 0.0177144 seconds
Number of updated asset objects reloaded before import = 0Number of asset objects unloaded after import = 3

========================================================================
Received Import Request.
  Time since last request: 0.000019 seconds.
  path: Assets/Projects/GravityDash/kenney_new-platformer-pack-1.1/Sprites/Tiles/Double/terrain_stone_ramp_short_b.png
  artifactKey: Guid(cad5076d9a6e647a689497c041da30c0) Importer(2089858483,b0f066a214c2f5e87bad3c948f4d605d)
Start importing Assets/Projects/GravityDash/kenney_new-platformer-pack-1.1/Sprites/Tiles/Double/terrain_stone_ramp_short_b.png using Guid(cad5076d9a6e647a689497c041da30c0) Importer(2089858483,b0f066a214c2f5e87bad3c948f4d605d) (ScriptedImporter) -> (artifact id: 'a01a2c66bd967c7bc91fb2f1ccc31885') in 0.0167423 seconds
Number of updated asset objects reloaded before import = 0Number of asset objects unloaded after import = 3

========================================================================
Received Import Request.
  Time since last request: 0.000021 seconds.
  path: Assets/Projects/GravityDash/kenney_ui-pack/PNG/Blue/Default/button_square_depth_line.png
  artifactKey: Guid(a16d152523f4b443f8abdfbcb219f858) Importer(2089858483,b0f066a214c2f5e87bad3c948f4d605d)
Start importing Assets/Projects/GravityDash/kenney_ui-pack/PNG/Blue/Default/button_square_depth_line.png using Guid(a16d152523f4b443f8abdfbcb219f858) Importer(2089858483,b0f066a214c2f5e87bad3c948f4d605d) (ScriptedImporter) -> (artifact id: 'd8966fbfc71512282781dd143e67438a') in 0.0183434 seconds
Number of updated asset objects reloaded before import = 0Number of asset objects unloaded after import = 3

========================================================================
Received Import Request.
  Time since last request: 0.000020 seconds.
  path: Assets/Projects/GravityDash/kenney_new-platformer-pack-1.1/Sprites/Tiles/Double/lava.png
  artifactKey: Guid(77cabe5cf985a4f99b54f96f3b841559) Importer(2089858483,b0f066a214c2f5e87bad3c948f4d605d)
Start importing Assets/Projects/GravityDash/kenney_new-platformer-pack-1.1/Sprites/Tiles/Double/lava.png using Guid(77cabe5cf985a4f99b54f96f3b841559) Importer(2089858483,b0f066a214c2f5e87bad3c948f4d605d) (ScriptedImporter) -> (artifact id: '90008668f64b5fcf4ad29b66ce8f5686') in 0.0195487 seconds
Number of updated asset objects reloaded before import = 0Number of asset objects unloaded after import = 3

========================================================================
Received Import Request.
  Time since last request: 0.000030 seconds.
  path: Assets/Projects/GravityDash/kenney_new-platformer-pack-1.1/Sprites/Tiles/Double/terrain_purple_block_top.png
  artifactKey: Guid(3449085e0c3f64a34a462309554d496b) Importer(2089858483,b0f066a214c2f5e87bad3c948f4d605d)
Start importing Assets/Projects/GravityDash/kenney_new-platformer-pack-1.1/Sprites/Tiles/Double/terrain_purple_block_top.png using Guid(3449085e0c3f64a34a462309554d496b) Importer(2089858483,b0f066a214c2f5e87bad3c948f4d605d) (ScriptedImporter) -> (artifact id: '78b5ba536d6860ba3cd91994af47efc1') in 0.0178794 seconds
Number of updated asset objects reloaded before import = 0Number of asset objects unloaded after import = 3

========================================================================
Received Import Request.
  Time since last request: 0.000021 seconds.
  path: Assets/Projects/GravityDash/kenney_ui-pack/PNG/Blue/Default/check_round_grey.png
  artifactKey: Guid(f0c2b381735ce4d849791eaf5cf8a771) Importer(2089858483,b0f066a214c2f5e87bad3c948f4d605d)
Start importing Assets/Projects/GravityDash/kenney_ui-pack/PNG/Blue/Default/check_round_grey.png using Guid(f0c2b381735ce4d849791eaf5cf8a771) Importer(2089858483,b0f066a214c2f5e87bad3c948f4d605d) (ScriptedImporter) -> (artifact id: 'db6b3a4cfc74e8b1a439184a611ad0db') in 0.0175464 seconds
Number of updated asset objects reloaded before import = 0Number of asset objects unloaded after import = 3

========================================================================
Received Import Request.
  Time since last request: 0.000023 seconds.
  path: Assets/Projects/GravityDash/kenney_new-platformer-pack-1.1/Sprites/Tiles/Double/ladder_bottom.png
  artifactKey: Guid(269180972199a4d64bcfd607b1c8cb8b) Importer(2089858483,b0f066a214c2f5e87bad3c948f4d605d)
Start importing Assets/Projects/GravityDash/kenney_new-platformer-pack-1.1/Sprites/Tiles/Double/ladder_bottom.png using Guid(269180972199a4d64bcfd607b1c8cb8b) Importer(2089858483,b0f066a214c2f5e87bad3c948f4d605d) (ScriptedImporter) -> (artifact id: '951df6e704824bf1cdfa733281c7bfc8') in 0.0175501 seconds
Number of updated asset objects reloaded before import = 0Number of asset objects unloaded after import = 3

========================================================================
Received Import Request.
  Time since last request: 0.000039 seconds.
  path: Assets/Projects/GravityDash/kenney_ui-pack/PNG/Blue/Default/button_round_depth_border.png
  artifactKey: Guid(20d4898193975426b92be6a2bdfb5903) Importer(2089858483,b0f066a214c2f5e87bad3c948f4d605d)
Start importing Assets/Projects/GravityDash/kenney_ui-pack/PNG/Blue/Default/button_round_depth_border.png using Guid(20d4898193975426b92be6a2bdfb5903) Importer(2089858483,b0f066a214c2f5e87bad3c948f4d605d) (ScriptedImporter) -> (artifact id: '1ff122ee5781a7d21e9c45f79d7b1a46') in 0.0185767 seconds
Number of updated asset objects reloaded before import = 0Number of asset objects unloaded after import = 3

========================================================================
Received Import Request.
  Time since last request: 0.000025 seconds.
  path: Assets/Projects/GravityDash/kenney_ui-pack/PNG/Blue/Default/arrow_basic_w.png
  artifactKey: Guid(8654c0b7235684c72b42bdccb3aa9c0d) Importer(2089858483,b0f066a214c2f5e87bad3c948f4d605d)
Start importing Assets/Projects/GravityDash/kenney_ui-pack/PNG/Blue/Default/arrow_basic_w.png using Guid(8654c0b7235684c72b42bdccb3aa9c0d) Importer(2089858483,b0f066a214c2f5e87bad3c948f4d605d) (ScriptedImporter) -> (artifact id: 'cfab95b7537759c5dc2240e527332da6') in 0.0181784 seconds
Number of updated asset objects reloaded before import = 0Number of asset objects unloaded after import = 3

========================================================================
Received Import Request.
  Time since last request: 0.000022 seconds.
  path: Assets/Projects/GravityDash/kenney_new-platformer-pack-1.1/Sprites/Tiles/Double/block_strong_exclamation.png
  artifactKey: Guid(ebc7bb7f063e9449d80979e1453f7a3f) Importer(2089858483,b0f066a214c2f5e87bad3c948f4d605d)
Start importing Assets/Projects/GravityDash/kenney_new-platformer-pack-1.1/Sprites/Tiles/Double/block_strong_exclamation.png using Guid(ebc7bb7f063e9449d80979e1453f7a3f) Importer(2089858483,b0f066a214c2f5e87bad3c948f4d605d) (ScriptedImporter) -> (artifact id: '4fa3b1d40beee698ebc972532f72b2d6') in 0.0172495 seconds
Number of updated asset objects reloaded before import = 0Number of asset objects unloaded after import = 3

========================================================================
Received Import Request.
  Time since last request: 0.000021 seconds.
  path: Assets/Projects/GravityDash/kenney_new-platformer-pack-1.1/Sprites/Tiles/Double/terrain_sand_ramp_long_c.png
  artifactKey: Guid(2a75793ab44214da99d3127f1844b7af) Importer(2089858483,b0f066a214c2f5e87bad3c948f4d605d)
Start importing Assets/Projects/GravityDash/kenney_new-platformer-pack-1.1/Sprites/Tiles/Double/terrain_sand_ramp_long_c.png using Guid(2a75793ab44214da99d3127f1844b7af) Importer(2089858483,b0f066a214c2f5e87bad3c948f4d605d) (ScriptedImporter) -> (artifact id: 'd4c8cdaefc17fabf6d46765a9d5c69de') in 0.0208275 seconds
Number of updated asset objects reloaded before import = 0Number of asset objects unloaded after import = 3

========================================================================
Received Import Request.
  Time since last request: 0.000024 seconds.
  path: Assets/Projects/GravityDash/kenney_ui-pack/PNG/Blue/Default/button_square_border.png
  artifactKey: Guid(7737f0012bb834be7990d42be16ad80f) Importer(2089858483,b0f066a214c2f5e87bad3c948f4d605d)
Start importing Assets/Projects/GravityDash/kenney_ui-pack/PNG/Blue/Default/button_square_border.png using Guid(7737f0012bb834be7990d42be16ad80f) Importer(2089858483,b0f066a214c2f5e87bad3c948f4d605d) (ScriptedImporter) -> (artifact id: '6006b779aa20bfd16655beb4e2e8c5e0') in 0.0199096 seconds
Number of updated asset objects reloaded before import = 0Number of asset objects unloaded after import = 3

========================================================================
Received Import Request.
  Time since last request: 0.000021 seconds.
  path: Assets/Projects/GravityDash/kenney_ui-pack/PNG/Extra/Default/icon_arrow_down_dark.png
  artifactKey: Guid(c2e2984a32ad045768f4eab3fade32b1) Importer(2089858483,b0f066a214c2f5e87bad3c948f4d605d)
Start importing Assets/Projects/GravityDash/kenney_ui-pack/PNG/Extra/Default/icon_arrow_down_dark.png using Guid(c2e2984a32ad045768f4eab3fade32b1) Importer(2089858483,b0f066a214c2f5e87bad3c948f4d605d) (ScriptedImporter) -> (artifact id: '067c32694f7366b4b5a1626fa713dab7') in 0.0176231 seconds
Number of updated asset objects reloaded before import = 0Number of asset objects unloaded after import = 3

========================================================================
Received Import Request.
  Time since last request: 0.000090 seconds.
  path: Assets/Projects/GravityDash/kenney_ui-pack/PNG/Grey/Default/button_round_depth_gradient.png
  artifactKey: Guid(f56202b12b4d04a50ad954b4219584f9) Importer(2089858483,b0f066a214c2f5e87bad3c948f4d605d)
Start importing Assets/Projects/GravityDash/kenney_ui-pack/PNG/Grey/Default/button_round_depth_gradient.png using Guid(f56202b12b4d04a50ad954b4219584f9) Importer(2089858483,b0f066a214c2f5e87bad3c948f4d605d) (ScriptedImporter) -> (artifact id: '0c13f855273277f2b0bd5601a73eecd8') in 0.0192558 seconds
Number of updated asset objects reloaded before import = 0Number of asset objects unloaded after import = 3

========================================================================
Received Import Request.
  Time since last request: 0.000022 seconds.
  path: Assets/Projects/GravityDash/kenney_ui-pack/PNG/Grey/Default/button_rectangle_gradient.png
  artifactKey: Guid(b2e0f227e90a64be3924831e1ba53221) Importer(2089858483,b0f066a214c2f5e87bad3c948f4d605d)
Start importing Assets/Projects/GravityDash/kenney_ui-pack/PNG/Grey/Default/button_rectangle_gradient.png using Guid(b2e0f227e90a64be3924831e1ba53221) Importer(2089858483,b0f066a214c2f5e87bad3c948f4d605d) (ScriptedImporter) -> (artifact id: '8fd46c99f35ba4293c24d8183d97affd') in 0.0171462 seconds
Number of updated asset objects reloaded before import = 0Number of asset objects unloaded after import = 3

========================================================================
Received Import Request.
  Time since last request: 0.000028 seconds.
  path: Assets/Projects/GravityDash/kenney_ui-pack/PNG/Green/Double/button_square_gloss.png
  artifactKey: Guid(903e85bc2f5a743a184d794f36e502ce) Importer(2089858483,b0f066a214c2f5e87bad3c948f4d605d)
Start importing Assets/Projects/GravityDash/kenney_ui-pack/PNG/Green/Double/button_square_gloss.png using Guid(903e85bc2f5a743a184d794f36e502ce) Importer(2089858483,b0f066a214c2f5e87bad3c948f4d605d) (ScriptedImporter) -> (artifact id: '216b0595d14ebcb903016fe414e201ba') in 0.0228659 seconds
Number of updated asset objects reloaded before import = 0Number of asset objects unloaded after import = 3

========================================================================
Received Import Request.
  Time since last request: 0.000039 seconds.
  path: Assets/Projects/GravityDash/kenney_ui-pack/PNG/Grey/Default/arrow_basic_w.png
  artifactKey: Guid(f3c5cbf5f924c48ec8b02b9f668e3511) Importer(2089858483,b0f066a214c2f5e87bad3c948f4d605d)
Start importing Assets/Projects/GravityDash/kenney_ui-pack/PNG/Grey/Default/arrow_basic_w.png using Guid(f3c5cbf5f924c48ec8b02b9f668e3511) Importer(2089858483,b0f066a214c2f5e87bad3c948f4d605d) (ScriptedImporter) -> (artifact id: '33b8c2742a59042aaa5b39479e15998f') in 0.0172715 seconds
Number of updated asset objects reloaded before import = 0Number of asset objects unloaded after import = 3

========================================================================
Received Import Request.
  Time since last request: 0.000025 seconds.
  path: Assets/Projects/GravityDash/kenney_ui-pack/PNG/Grey/Default/button_square_depth_flat.png
  artifactKey: Guid(f5294d9b0d0504472b063983adfdebfc) Importer(2089858483,b0f066a214c2f5e87bad3c948f4d605d)
Start importing Assets/Projects/GravityDash/kenney_ui-pack/PNG/Grey/Default/button_square_depth_flat.png using Guid(f5294d9b0d0504472b063983adfdebfc) Importer(2089858483,b0f066a214c2f5e87bad3c948f4d605d) (ScriptedImporter) -> (artifact id: 'fb56e24a005a9a271306b8478168892e') in 0.0184332 seconds
Number of updated asset objects reloaded before import = 0Number of asset objects unloaded after import = 3

========================================================================
Received Import Request.
  Time since last request: 0.000021 seconds.
  path: Assets/Projects/GravityDash/kenney_ui-pack/PNG/Green/Double/button_square_gradient.png
  artifactKey: Guid(1b800a61dfe204bc6b7b2c72fe5a3e2e) Importer(2089858483,b0f066a214c2f5e87bad3c948f4d605d)
Start importing Assets/Projects/GravityDash/kenney_ui-pack/PNG/Green/Double/button_square_gradient.png using Guid(1b800a61dfe204bc6b7b2c72fe5a3e2e) Importer(2089858483,b0f066a214c2f5e87bad3c948f4d605d) (ScriptedImporter) -> (artifact id: 'b0f0ced54c95bb16096bb7e118166d9d') in 0.0181666 seconds
Number of updated asset objects reloaded before import = 0Number of asset objects unloaded after import = 3

========================================================================
Received Import Request.
  Time since last request: 0.000034 seconds.
  path: Assets/Projects/GravityDash/kenney_ui-pack/PNG/Extra/Double/icon_play_outline.png
  artifactKey: Guid(7a8eed98102484424bb13cf708535851) Importer(2089858483,b0f066a214c2f5e87bad3c948f4d605d)
Start importing Assets/Projects/GravityDash/kenney_ui-pack/PNG/Extra/Double/icon_play_outline.png using Guid(7a8eed98102484424bb13cf708535851) Importer(2089858483,b0f066a214c2f5e87bad3c948f4d605d) (ScriptedImporter) -> (artifact id: 'dc15b9b8a22c438b67d0366c06beff22') in 0.0167801 seconds
Number of updated asset objects reloaded before import = 0Number of asset objects unloaded after import = 3

========================================================================
Received Import Request.
  Time since last request: 0.000022 seconds.
  path: Assets/Projects/GravityDash/kenney_ui-pack/PNG/Green/Default/button_square_depth_gloss.png
  artifactKey: Guid(e8f0efb3760004a0bad377efba20ca0d) Importer(2089858483,b0f066a214c2f5e87bad3c948f4d605d)
Start importing Assets/Projects/GravityDash/kenney_ui-pack/PNG/Green/Default/button_square_depth_gloss.png using Guid(e8f0efb3760004a0bad377efba20ca0d) Importer(2089858483,b0f066a214c2f5e87bad3c948f4d605d) (ScriptedImporter) -> (artifact id: '940171396895a5efccb146642f04af4e') in 0.016038 seconds
Number of updated asset objects reloaded before import = 0Number of asset objects unloaded after import = 3

========================================================================
Received Import Request.
  Time since last request: 0.000049 seconds.
  path: Assets/Projects/GravityDash/kenney_ui-pack/PNG/Extra/Double/icon_repeat_light.png
  artifactKey: Guid(2acddd0de6e264943951e905c419c974) Importer(2089858483,b0f066a214c2f5e87bad3c948f4d605d)
Start importing Assets/Projects/GravityDash/kenney_ui-pack/PNG/Extra/Double/icon_repeat_light.png using Guid(2acddd0de6e264943951e905c419c974) Importer(2089858483,b0f066a214c2f5e87bad3c948f4d605d) (ScriptedImporter) -> (artifact id: '6d23c6bd4c32918c60145f2d512f7168') in 0.0161506 seconds
Number of updated asset objects reloaded before import = 0Number of asset objects unloaded after import = 3

========================================================================
Received Import Request.
  Time since last request: 0.000018 seconds.
  path: Assets/Projects/GravityDash/kenney_ui-pack/PNG/Grey/Default/button_square_depth_gloss.png
  artifactKey: Guid(a7b46cb05bb3a4983afb4a0fd564a764) Importer(2089858483,b0f066a214c2f5e87bad3c948f4d605d)
Start importing Assets/Projects/GravityDash/kenney_ui-pack/PNG/Grey/Default/button_square_depth_gloss.png using Guid(a7b46cb05bb3a4983afb4a0fd564a764) Importer(2089858483,b0f066a214c2f5e87bad3c948f4d605d) (ScriptedImporter) -> (artifact id: '5c963c852f0d4ff6f08219ffed07227d') in 0.0165463 seconds
Number of updated asset objects reloaded before import = 0Number of asset objects unloaded after import = 3

========================================================================
Received Import Request.
  Time since last request: 0.000022 seconds.
  path: Assets/Projects/GravityDash/kenney_ui-pack/PNG/Green/Double/arrow_basic_w_small.png
  artifactKey: Guid(5c586668340694fed93264edef6888d2) Importer(2089858483,b0f066a214c2f5e87bad3c948f4d605d)
Start importing Assets/Projects/GravityDash/kenney_ui-pack/PNG/Green/Double/arrow_basic_w_small.png using Guid(5c586668340694fed93264edef6888d2) Importer(2089858483,b0f066a214c2f5e87bad3c948f4d605d) (ScriptedImporter) -> (artifact id: '81be0ffb8ad419930a55b4df87c72cc4') in 0.017962 seconds
Number of updated asset objects reloaded before import = 0Number of asset objects unloaded after import = 3

========================================================================
Received Import Request.
  Time since last request: 0.000061 seconds.
  path: Assets/Projects/GravityDash/kenney_ui-pack/PNG/Green/Default/button_round_depth_gradient.png
  artifactKey: Guid(2c0fd140906484f0f85f2834355b5cae) Importer(2089858483,b0f066a214c2f5e87bad3c948f4d605d)
Start importing Assets/Projects/GravityDash/kenney_ui-pack/PNG/Green/Default/button_round_depth_gradient.png using Guid(2c0fd140906484f0f85f2834355b5cae) Importer(2089858483,b0f066a214c2f5e87bad3c948f4d605d) (ScriptedImporter) -> (artifact id: '8b8c5b511d9b2e6821ac3464d92909d5') in 0.0175313 seconds
Number of updated asset objects reloaded before import = 0Number of asset objects unloaded after import = 3

========================================================================
Received Import Request.
  Time since last request: 0.000030 seconds.
  path: Assets/Projects/GravityDash/kenney_ui-pack/PNG/Green/Default/arrow_decorative_w.png
  artifactKey: Guid(3c2b0ca5880374e8ebea844e5e8ff714) Importer(2089858483,b0f066a214c2f5e87bad3c948f4d605d)
Start importing Assets/Projects/GravityDash/kenney_ui-pack/PNG/Green/Default/arrow_decorative_w.png using Guid(3c2b0ca5880374e8ebea844e5e8ff714) Importer(2089858483,b0f066a214c2f5e87bad3c948f4d605d) (ScriptedImporter) -> (artifact id: '4a890549537889fcf732a9f6285c5a7a') in 0.0194195 seconds
Number of updated asset objects reloaded before import = 0Number of asset objects unloaded after import = 3

========================================================================
Received Import Request.
  Time since last request: 0.000028 seconds.
  path: Assets/Projects/GravityDash/kenney_ui-pack/PNG/Green/Double/button_rectangle_gradient.png
  artifactKey: Guid(d98418382e1704c4cae6f9ee20e1025d) Importer(2089858483,b0f066a214c2f5e87bad3c948f4d605d)
Start importing Assets/Projects/GravityDash/kenney_ui-pack/PNG/Green/Double/button_rectangle_gradient.png using Guid(d98418382e1704c4cae6f9ee20e1025d) Importer(2089858483,b0f066a214c2f5e87bad3c948f4d605d) (ScriptedImporter) -> (artifact id: 'e18546be641810866dfc8ef8be8c9347') in 0.0204485 seconds
Number of updated asset objects reloaded before import = 0Number of asset objects unloaded after import = 3

========================================================================
Received Import Request.
  Time since last request: 0.000030 seconds.
  path: Assets/Projects/GravityDash/kenney_new-platformer-pack-1.1/Sprites/Tiles/Double/conveyor.png
  artifactKey: Guid(ed4a45966a0f94cd38dfd61d65c7c2c5) Importer(2089858483,b0f066a214c2f5e87bad3c948f4d605d)
Start importing Assets/Projects/GravityDash/kenney_new-platformer-pack-1.1/Sprites/Tiles/Double/conveyor.png using Guid(ed4a45966a0f94cd38dfd61d65c7c2c5) Importer(2089858483,b0f066a214c2f5e87bad3c948f4d605d) (ScriptedImporter) -> (artifact id: '48d455a13199d07bffcc9c33a92398c3') in 0.014088 seconds
Number of updated asset objects reloaded before import = 0Number of asset objects unloaded after import = 3

========================================================================
Received Import Request.
  Time since last request: 0.000019 seconds.
  path: Assets/Projects/GravityDash/kenney_new-platformer-pack-1.1/Sprites/Tiles/Double/terrain_grass_block_top.png
  artifactKey: Guid(cb6ee634838c54a4fb3860aa9ec90b96) Importer(2089858483,b0f066a214c2f5e87bad3c948f4d605d)
Start importing Assets/Projects/GravityDash/kenney_new-platformer-pack-1.1/Sprites/Tiles/Double/terrain_grass_block_top.png using Guid(cb6ee634838c54a4fb3860aa9ec90b96) Importer(2089858483,b0f066a214c2f5e87bad3c948f4d605d) (ScriptedImporter) -> (artifact id: '50d85591cebf4258929b06cfd3b332dc') in 0.0153626 seconds
Number of updated asset objects reloaded before import = 0Number of asset objects unloaded after import = 3

========================================================================
Received Import Request.
  Time since last request: 0.000023 seconds.
  path: Assets/Projects/GravityDash/kenney_ui-pack/PNG/Blue/Double/arrow_decorative_n_small.png
  artifactKey: Guid(17443d43514d042bba6f9e363fc3797d) Importer(2089858483,b0f066a214c2f5e87bad3c948f4d605d)
Start importing Assets/Projects/GravityDash/kenney_ui-pack/PNG/Blue/Double/arrow_decorative_n_small.png using Guid(17443d43514d042bba6f9e363fc3797d) Importer(2089858483,b0f066a214c2f5e87bad3c948f4d605d) (ScriptedImporter) -> (artifact id: '682b6d8e8d64601b91642856eae12901') in 0.0189042 seconds
Number of updated asset objects reloaded before import = 0Number of asset objects unloaded after import = 3

========================================================================
Received Import Request.
  Time since last request: 0.000029 seconds.
  path: Assets/Projects/GravityDash/kenney_ui-pack/PNG/Blue/Default/check_square_grey.png
  artifactKey: Guid(85c72778256434e3bae13077e382ff1a) Importer(2089858483,b0f066a214c2f5e87bad3c948f4d605d)
Start importing Assets/Projects/GravityDash/kenney_ui-pack/PNG/Blue/Default/check_square_grey.png using Guid(85c72778256434e3bae13077e382ff1a) Importer(2089858483,b0f066a214c2f5e87bad3c948f4d605d) (ScriptedImporter) -> (artifact id: 'a93ecd2ef9a3af7de72d80d4fffbf6e0') in 0.0188717 seconds
Number of updated asset objects reloaded before import = 0Number of asset objects unloaded after import = 3

========================================================================
Received Import Request.
  Time since last request: 0.000044 seconds.
  path: Assets/Projects/GravityDash/kenney_ui-pack/PNG/Green/Default/button_square_border.png
  artifactKey: Guid(71615603df71d47d486cedb2faf042cf) Importer(2089858483,b0f066a214c2f5e87bad3c948f4d605d)
Start importing Assets/Projects/GravityDash/kenney_ui-pack/PNG/Green/Default/button_square_border.png using Guid(71615603df71d47d486cedb2faf042cf) Importer(2089858483,b0f066a214c2f5e87bad3c948f4d605d) (ScriptedImporter) -> (artifact id: 'fd238a5fee483eff2c7d0b3d5058496d') in 0.0174428 seconds
Number of updated asset objects reloaded before import = 0Number of asset objects unloaded after import = 3

========================================================================
Received Import Request.
  Time since last request: 0.000029 seconds.
  path: Assets/Projects/GravityDash/kenney_ui-pack/PNG/Green/Double/button_rectangle_depth_gloss.png
  artifactKey: Guid(22e238061f9f747eb89bb8e6a0064149) Importer(2089858483,b0f066a214c2f5e87bad3c948f4d605d)
Start importing Assets/Projects/GravityDash/kenney_ui-pack/PNG/Green/Double/button_rectangle_depth_gloss.png using Guid(22e238061f9f747eb89bb8e6a0064149) Importer(2089858483,b0f066a214c2f5e87bad3c948f4d605d) (ScriptedImporter) -> (artifact id: '3056618b1501974f15ceddeee7f95499') in 0.0189511 seconds
Number of updated asset objects reloaded before import = 0Number of asset objects unloaded after import = 3

========================================================================
Received Import Request.
  Time since last request: 0.000026 seconds.
  path: Assets/Projects/GravityDash/kenney_ui-pack/PNG/Grey/Default/slide_vertical_grey.png
  artifactKey: Guid(a225ac4be30e249509f8d9da223f1ebf) Importer(2089858483,b0f066a214c2f5e87bad3c948f4d605d)
Start importing Assets/Projects/GravityDash/kenney_ui-pack/PNG/Grey/Default/slide_vertical_grey.png using Guid(a225ac4be30e249509f8d9da223f1ebf) Importer(2089858483,b0f066a214c2f5e87bad3c948f4d605d) (ScriptedImporter) -> (artifact id: '64b67fb25cae850d60d81ec10eb327fa') in 0.0176528 seconds
Number of updated asset objects reloaded before import = 0Number of asset objects unloaded after import = 3

========================================================================
Received Import Request.
  Time since last request: 0.000023 seconds.
  path: Assets/Projects/GravityDash/kenney_ui-pack/PNG/Blue/Double/slide_horizontal_color.png
  artifactKey: Guid(f15e7e41426d0431fa0c5af36317e061) Importer(2089858483,b0f066a214c2f5e87bad3c948f4d605d)
Start importing Assets/Projects/GravityDash/kenney_ui-pack/PNG/Blue/Double/slide_horizontal_color.png using Guid(f15e7e41426d0431fa0c5af36317e061) Importer(2089858483,b0f066a214c2f5e87bad3c948f4d605d) (ScriptedImporter) -> (artifact id: '990a4cd8cbc2ff3390900b49ba21b061') in 0.0182218 seconds
Number of updated asset objects reloaded before import = 0Number of asset objects unloaded after import = 3

========================================================================
Received Import Request.
  Time since last request: 0.000029 seconds.
  path: Assets/Projects/GravityDash/kenney_new-platformer-pack-1.1/Sprites/Tiles/Double/hud_character_6.png
  artifactKey: Guid(711a59bf5e6a94aab8804ad19d92e1e3) Importer(2089858483,b0f066a214c2f5e87bad3c948f4d605d)
Start importing Assets/Projects/GravityDash/kenney_new-platformer-pack-1.1/Sprites/Tiles/Double/hud_character_6.png using Guid(711a59bf5e6a94aab8804ad19d92e1e3) Importer(2089858483,b0f066a214c2f5e87bad3c948f4d605d) (ScriptedImporter) -> (artifact id: '0133585daff726b4285ba3b0bf2d2079') in 0.0200117 seconds
Number of updated asset objects reloaded before import = 0Number of asset objects unloaded after import = 3

========================================================================
Received Import Request.
  Time since last request: 0.000045 seconds.
  path: Assets/Projects/GravityDash/kenney_new-platformer-pack-1.1/Sprites/Tiles/Double/terrain_grass_ramp_short_a.png
  artifactKey: Guid(b118a4710269341cfb176c269429e8c3) Importer(2089858483,b0f066a214c2f5e87bad3c948f4d605d)
Start importing Assets/Projects/GravityDash/kenney_new-platformer-pack-1.1/Sprites/Tiles/Double/terrain_grass_ramp_short_a.png using Guid(b118a4710269341cfb176c269429e8c3) Importer(2089858483,b0f066a214c2f5e87bad3c948f4d605d) (ScriptedImporter) -> (artifact id: '3c8f80546cc00cab7edc900332793783') in 0.0188873 seconds
Number of updated asset objects reloaded before import = 0Number of asset objects unloaded after import = 3

========================================================================
Received Import Request.
  Time since last request: 0.000035 seconds.
  path: Assets/Projects/GravityDash/kenney_new-platformer-pack-1.1/Sprites/Tiles/Double/terrain_sand_cloud.png
  artifactKey: Guid(bd87a64d3a10b4066b0c62b52131614b) Importer(2089858483,b0f066a214c2f5e87bad3c948f4d605d)
Start importing Assets/Projects/GravityDash/kenney_new-platformer-pack-1.1/Sprites/Tiles/Double/terrain_sand_cloud.png using Guid(bd87a64d3a10b4066b0c62b52131614b) Importer(2089858483,b0f066a214c2f5e87bad3c948f4d605d) (ScriptedImporter) -> (artifact id: '26d52a464945f8be8b93d1fb1258f5a2') in 0.0193363 seconds
Number of updated asset objects reloaded before import = 0Number of asset objects unloaded after import = 3

========================================================================
Received Import Request.
  Time since last request: 0.000030 seconds.
  path: Assets/Projects/GravityDash/kenney_ui-pack/PNG/Grey/Default/arrow_decorative_s_small.png
  artifactKey: Guid(03d20ae23b8cc45e09e3c8b2a034125c) Importer(2089858483,b0f066a214c2f5e87bad3c948f4d605d)
Start importing Assets/Projects/GravityDash/kenney_ui-pack/PNG/Grey/Default/arrow_decorative_s_small.png using Guid(03d20ae23b8cc45e09e3c8b2a034125c) Importer(2089858483,b0f066a214c2f5e87bad3c948f4d605d) (ScriptedImporter) -> (artifact id: '8592dd56126a78fd01e75e607fe553d6') in 0.0165843 seconds
Number of updated asset objects reloaded before import = 0Number of asset objects unloaded after import = 3

========================================================================
Received Import Request.
  Time since last request: 0.000020 seconds.
  path: Assets/Projects/GravityDash/kenney_ui-pack/PNG/Blue/Default/button_round_depth_flat.png
  artifactKey: Guid(fe087a265fbed467a94e60c284d3b2a4) Importer(2089858483,b0f066a214c2f5e87bad3c948f4d605d)
Start importing Assets/Projects/GravityDash/kenney_ui-pack/PNG/Blue/Default/button_round_depth_flat.png using Guid(fe087a265fbed467a94e60c284d3b2a4) Importer(2089858483,b0f066a214c2f5e87bad3c948f4d605d) (ScriptedImporter) -> (artifact id: 'ea23354bf7fba0bfebe60cc36f0201ee') in 0.0179583 seconds
Number of updated asset objects reloaded before import = 0Number of asset objects unloaded after import = 3

========================================================================
Received Import Request.
  Time since last request: 0.000023 seconds.
  path: Assets/Projects/GravityDash/kenney_ui-pack/PNG/Green/Default/check_square_grey_square.png
  artifactKey: Guid(974241adc70ca42b8a0b4785a56a2931) Importer(2089858483,b0f066a214c2f5e87bad3c948f4d605d)
Start importing Assets/Projects/GravityDash/kenney_ui-pack/PNG/Green/Default/check_square_grey_square.png using Guid(974241adc70ca42b8a0b4785a56a2931) Importer(2089858483,b0f066a214c2f5e87bad3c948f4d605d) (ScriptedImporter) -> (artifact id: 'bf6e2bcd09c36922beef5b6dd5e54b58') in 0.0205 seconds
Number of updated asset objects reloaded before import = 0Number of asset objects unloaded after import = 3

========================================================================
Received Import Request.
  Time since last request: 0.000026 seconds.
  path: Assets/Projects/GravityDash/kenney_ui-pack/PNG/Grey/Default/arrow_basic_w_small.png
  artifactKey: Guid(f47b12ad404b14d8d827713def67868f) Importer(2089858483,b0f066a214c2f5e87bad3c948f4d605d)
Start importing Assets/Projects/GravityDash/kenney_ui-pack/PNG/Grey/Default/arrow_basic_w_small.png using Guid(f47b12ad404b14d8d827713def67868f) Importer(2089858483,b0f066a214c2f5e87bad3c948f4d605d) (ScriptedImporter) -> (artifact id: '9db0c1fe8e3afdb4d9993d417dce91c0') in 0.0177653 seconds
Number of updated asset objects reloaded before import = 0Number of asset objects unloaded after import = 3

========================================================================
Received Import Request.
  Time since last request: 0.000035 seconds.
  path: Assets/Projects/GravityDash/kenney_new-platformer-pack-1.1/Sprites/Tiles/Double/flag_red_b.png
  artifactKey: Guid(74241f553b3244063a2a2b2b2a3ccfc3) Importer(2089858483,b0f066a214c2f5e87bad3c948f4d605d)
Start importing Assets/Projects/GravityDash/kenney_new-platformer-pack-1.1/Sprites/Tiles/Double/flag_red_b.png using Guid(74241f553b3244063a2a2b2b2a3ccfc3) Importer(2089858483,b0f066a214c2f5e87bad3c948f4d605d) (ScriptedImporter) -> (artifact id: 'e917c386cbfeb7f97f6d6e817ec81463') in 0.0297206 seconds
Number of updated asset objects reloaded before import = 0Number of asset objects unloaded after import = 3

========================================================================
Received Import Request.
  Time since last request: 0.000037 seconds.
  path: Assets/Projects/GravityDash/kenney_ui-pack/PNG/Blue/Default/slide_horizontal_grey_section.png
  artifactKey: Guid(aa013760df80e4375ba2dadb861173b0) Importer(2089858483,b0f066a214c2f5e87bad3c948f4d605d)
Start importing Assets/Projects/GravityDash/kenney_ui-pack/PNG/Blue/Default/slide_horizontal_grey_section.png using Guid(aa013760df80e4375ba2dadb861173b0) Importer(2089858483,b0f066a214c2f5e87bad3c948f4d605d) (ScriptedImporter) -> (artifact id: '63ff577a994bd9f3ca3933fa7d0e1df1') in 0.0530516 seconds
Number of updated asset objects reloaded before import = 0Number of asset objects unloaded after import = 3

========================================================================
Received Import Request.
  Time since last request: 0.000043 seconds.
  path: Assets/Projects/GravityDash/kenney_ui-pack/PNG/Blue/Double/check_round_grey_circle.png
  artifactKey: Guid(b8a8e3e913e1c4c5da1e3e96c4bdb71a) Importer(2089858483,b0f066a214c2f5e87bad3c948f4d605d)
Start importing Assets/Projects/GravityDash/kenney_ui-pack/PNG/Blue/Double/check_round_grey_circle.png using Guid(b8a8e3e913e1c4c5da1e3e96c4bdb71a) Importer(2089858483,b0f066a214c2f5e87bad3c948f4d605d) (ScriptedImporter) -> (artifact id: '22b217c448cf63c6b0b91787d8da35b8') in 0.0409087 seconds
Number of updated asset objects reloaded before import = 0Number of asset objects unloaded after import = 3

========================================================================
Received Import Request.
  Time since last request: 0.000054 seconds.
  path: Assets/Projects/GravityDash/kenney_ui-pack/PNG/Green/Double/button_square_line.png
  artifactKey: Guid(71ab0ccb30ccc4049a13e93fa48c2d69) Importer(2089858483,b0f066a214c2f5e87bad3c948f4d605d)
Start importing Assets/Projects/GravityDash/kenney_ui-pack/PNG/Green/Double/button_square_line.png using Guid(71ab0ccb30ccc4049a13e93fa48c2d69) Importer(2089858483,b0f066a214c2f5e87bad3c948f4d605d) (ScriptedImporter) -> (artifact id: 'fe1d56320f84a9b2b0a71a5a44adc1e8') in 0.0353915 seconds
Number of updated asset objects reloaded before import = 0Number of asset objects unloaded after import = 3

========================================================================
Received Import Request.
  Time since last request: 0.000348 seconds.
  path: Assets/Projects/GravityDash/kenney_ui-pack/PNG/Green/Double/button_round_depth_gradient.png
  artifactKey: Guid(98c8bd9bf4b404bfc9e5806486a08725) Importer(2089858483,b0f066a214c2f5e87bad3c948f4d605d)
Start importing Assets/Projects/GravityDash/kenney_ui-pack/PNG/Green/Double/button_round_depth_gradient.png using Guid(98c8bd9bf4b404bfc9e5806486a08725) Importer(2089858483,b0f066a214c2f5e87bad3c948f4d605d) (ScriptedImporter) -> (artifact id: '83eefddce849d2d3155aa11c3c23d819') in 0.0325354 seconds
Number of updated asset objects reloaded before import = 0Number of asset objects unloaded after import = 3

========================================================================
Received Import Request.
  Time since last request: 0.000032 seconds.
  path: Assets/Projects/GravityDash/kenney_new-platformer-pack-1.1/Sprites/Tiles/Double/hud_key_blue.png
  artifactKey: Guid(fe5bbb548f6634cdab0d6e9922df7f26) Importer(2089858483,b0f066a214c2f5e87bad3c948f4d605d)
Start importing Assets/Projects/GravityDash/kenney_new-platformer-pack-1.1/Sprites/Tiles/Double/hud_key_blue.png using Guid(fe5bbb548f6634cdab0d6e9922df7f26) Importer(2089858483,b0f066a214c2f5e87bad3c948f4d605d) (ScriptedImporter) -> (artifact id: '8c9d387f0bfd0e7681da169ef0d4a8c9') in 0.0321812 seconds
Number of updated asset objects reloaded before import = 0Number of asset objects unloaded after import = 3

========================================================================
Received Import Request.
  Time since last request: 0.000033 seconds.
  path: Assets/Projects/GravityDash/kenney_ui-pack/PNG/Grey/Default/check_round_grey_circle.png
  artifactKey: Guid(f632c5a7901c04bc6836a57fb3f351d0) Importer(2089858483,b0f066a214c2f5e87bad3c948f4d605d)
Start importing Assets/Projects/GravityDash/kenney_ui-pack/PNG/Grey/Default/check_round_grey_circle.png using Guid(f632c5a7901c04bc6836a57fb3f351d0) Importer(2089858483,b0f066a214c2f5e87bad3c948f4d605d) (ScriptedImporter) -> (artifact id: 'b03f55b09b5133bfbe780d3b122c6d06') in 0.0290541 seconds
Number of updated asset objects reloaded before import = 0Number of asset objects unloaded after import = 3

========================================================================
Received Import Request.
  Time since last request: 0.000036 seconds.
  path: Assets/Projects/GravityDash/kenney_new-platformer-pack-1.1/Sprites/Tiles/Double/water_top_low.png
  artifactKey: Guid(6aeb09adbdc7240418c3884f7134b119) Importer(2089858483,b0f066a214c2f5e87bad3c948f4d605d)
Start importing Assets/Projects/GravityDash/kenney_new-platformer-pack-1.1/Sprites/Tiles/Double/water_top_low.png using Guid(6aeb09adbdc7240418c3884f7134b119) Importer(2089858483,b0f066a214c2f5e87bad3c948f4d605d) (ScriptedImporter) -> (artifact id: 'd57bbf9141da48069dae5e902c9e9703') in 0.0278995 seconds
Number of updated asset objects reloaded before import = 0Number of asset objects unloaded after import = 3

========================================================================
Received Import Request.
  Time since last request: 0.000036 seconds.
  path: Assets/Projects/GravityDash/kenney_new-platformer-pack-1.1/Sprites/Tiles/Double/terrain_dirt_cloud_left.png
  artifactKey: Guid(c73aa590f6f2d4e7881b6ac3fe28e1be) Importer(2089858483,b0f066a214c2f5e87bad3c948f4d605d)
Start importing Assets/Projects/GravityDash/kenney_new-platformer-pack-1.1/Sprites/Tiles/Double/terrain_dirt_cloud_left.png using Guid(c73aa590f6f2d4e7881b6ac3fe28e1be) Importer(2089858483,b0f066a214c2f5e87bad3c948f4d605d) (ScriptedImporter) -> (artifact id: 'b114ed502be07879e2da9e277d4ef61c') in 0.0330788 seconds
Number of updated asset objects reloaded before import = 0Number of asset objects unloaded after import = 3

========================================================================
Received Import Request.
  Time since last request: 0.000058 seconds.
  path: Assets/Projects/GravityDash/kenney_ui-pack/PNG/Grey/Double/button_square_flat.png
  artifactKey: Guid(b1f3272cd31b24710b1c1f228c7c05e7) Importer(2089858483,b0f066a214c2f5e87bad3c948f4d605d)
Start importing Assets/Projects/GravityDash/kenney_ui-pack/PNG/Grey/Double/button_square_flat.png using Guid(b1f3272cd31b24710b1c1f228c7c05e7) Importer(2089858483,b0f066a214c2f5e87bad3c948f4d605d) (ScriptedImporter) -> (artifact id: '16140dd93ea9eaa46a619f10e48e63c8') in 0.0353 seconds
Number of updated asset objects reloaded before import = 0Number of asset objects unloaded after import = 3

========================================================================
Received Import Request.
  Time since last request: 0.000039 seconds.
  path: Assets/Projects/GravityDash/kenney_ui-pack/PNG/Red/Default/check_square_color_cross.png
  artifactKey: Guid(410dc4866d6de4effac525c7d3fd5815) Importer(2089858483,b0f066a214c2f5e87bad3c948f4d605d)
Start importing Assets/Projects/GravityDash/kenney_ui-pack/PNG/Red/Default/check_square_color_cross.png using Guid(410dc4866d6de4effac525c7d3fd5815) Importer(2089858483,b0f066a214c2f5e87bad3c948f4d605d) (ScriptedImporter) -> (artifact id: '5d8ccef9dbedd835aad0a17340019871') in 0.0409659 seconds
Number of updated asset objects reloaded before import = 0Number of asset objects unloaded after import = 3

========================================================================
Received Import Request.
  Time since last request: 0.000030 seconds.
  path: Assets/Projects/GravityDash/kenney_ui-pack/PNG/Grey/Double/check_round_color.png
  artifactKey: Guid(67a625aba7f004185bd6ecbe87057010) Importer(2089858483,b0f066a214c2f5e87bad3c948f4d605d)
Start importing Assets/Projects/GravityDash/kenney_ui-pack/PNG/Grey/Double/check_round_color.png using Guid(67a625aba7f004185bd6ecbe87057010) Importer(2089858483,b0f066a214c2f5e87bad3c948f4d605d) (ScriptedImporter) -> (artifact id: '41f359eddd03f98395660d72e9d8dafc') in 0.0296416 seconds
Number of updated asset objects reloaded before import = 0Number of asset objects unloaded after import = 3

========================================================================
Received Import Request.
  Time since last request: 0.000097 seconds.
  path: Assets/Projects/GravityDash/kenney_ui-pack/PNG/Grey/Double/slide_vertical_color_section.png
  artifactKey: Guid(0d5ffe1b146f94ff5af72038615e63d2) Importer(2089858483,b0f066a214c2f5e87bad3c948f4d605d)
Start importing Assets/Projects/GravityDash/kenney_ui-pack/PNG/Grey/Double/slide_vertical_color_section.png using Guid(0d5ffe1b146f94ff5af72038615e63d2) Importer(2089858483,b0f066a214c2f5e87bad3c948f4d605d) (ScriptedImporter) -> (artifact id: 'f8775e4c1697ab0fdb741d90cfa43b2c') in 0.0297479 seconds
Number of updated asset objects reloaded before import = 0Number of asset objects unloaded after import = 3

========================================================================
Received Import Request.
  Time since last request: 0.000039 seconds.
  path: Assets/Projects/GravityDash/kenney_ui-pack/PNG/Red/Default/slide_vertical_grey_section_wide.png
  artifactKey: Guid(dfcf256ed58594ac69de4d5e8939d88b) Importer(2089858483,b0f066a214c2f5e87bad3c948f4d605d)
Start importing Assets/Projects/GravityDash/kenney_ui-pack/PNG/Red/Default/slide_vertical_grey_section_wide.png using Guid(dfcf256ed58594ac69de4d5e8939d88b) Importer(2089858483,b0f066a214c2f5e87bad3c948f4d605d) (ScriptedImporter) -> (artifact id: '099ef8ea39f07c56f791eb6860268bd4') in 0.0291371 seconds
Number of updated asset objects reloaded before import = 0Number of asset objects unloaded after import = 3

========================================================================
Received Import Request.
  Time since last request: 0.000038 seconds.
  path: Assets/Projects/GravityDash/kenney_ui-pack/PNG/Red/Default/icon_square.png
  artifactKey: Guid(101a55749a32d4668b831ed2a3f5e7b2) Importer(2089858483,b0f066a214c2f5e87bad3c948f4d605d)
Start importing Assets/Projects/GravityDash/kenney_ui-pack/PNG/Red/Default/icon_square.png using Guid(101a55749a32d4668b831ed2a3f5e7b2) Importer(2089858483,b0f066a214c2f5e87bad3c948f4d605d) (ScriptedImporter) -> (artifact id: '6fc66381ab7bb9884119c25c6814c0ca') in 0.0286986 seconds
Number of updated asset objects reloaded before import = 0Number of asset objects unloaded after import = 3

========================================================================
Received Import Request.
  Time since last request: 0.000053 seconds.
  path: Assets/Projects/GravityDash/kenney_ui-pack/PNG/Red/Default/button_rectangle_border.png
  artifactKey: Guid(c708042980dfd49fb9ba184e763f52df) Importer(2089858483,b0f066a214c2f5e87bad3c948f4d605d)
Start importing Assets/Projects/GravityDash/kenney_ui-pack/PNG/Red/Default/button_rectangle_border.png using Guid(c708042980dfd49fb9ba184e763f52df) Importer(2089858483,b0f066a214c2f5e87bad3c948f4d605d) (ScriptedImporter) -> (artifact id: '542f0cefef0eb620a94e0e22928ba51d') in 0.0249129 seconds
Number of updated asset objects reloaded before import = 0Number of asset objects unloaded after import = 3

========================================================================
Received Import Request.
  Time since last request: 0.000028 seconds.
  path: Assets/Projects/GravityDash/kenney_ui-pack/PNG/Grey/Double/button_round_line.png
  artifactKey: Guid(468a1d4be125140be872ae00c7d3730b) Importer(2089858483,b0f066a214c2f5e87bad3c948f4d605d)
Start importing Assets/Projects/GravityDash/kenney_ui-pack/PNG/Grey/Double/button_round_line.png using Guid(468a1d4be125140be872ae00c7d3730b) Importer(2089858483,b0f066a214c2f5e87bad3c948f4d605d) (ScriptedImporter) -> (artifact id: 'f92afec2a73c50742c440862a601b18b') in 0.0265769 seconds
Number of updated asset objects reloaded before import = 0Number of asset objects unloaded after import = 3

========================================================================
Received Import Request.
  Time since last request: 0.000037 seconds.
  path: Assets/Projects/GravityDash/kenney_ui-pack/PNG/Grey/Double/slide_horizontal_grey.png
  artifactKey: Guid(aab18de5d549a4c91b93ad86a053eccb) Importer(2089858483,b0f066a214c2f5e87bad3c948f4d605d)
Start importing Assets/Projects/GravityDash/kenney_ui-pack/PNG/Grey/Double/slide_horizontal_grey.png using Guid(aab18de5d549a4c91b93ad86a053eccb) Importer(2089858483,b0f066a214c2f5e87bad3c948f4d605d) (ScriptedImporter) -> (artifact id: '8ea28b05c792119c50d7b8014d9e78cb') in 0.0247006 seconds
Number of updated asset objects reloaded before import = 0Number of asset objects unloaded after import = 3

========================================================================
Received Import Request.
  Time since last request: 0.000042 seconds.
  path: Assets/Projects/GravityDash/kenney_ui-pack/PNG/Red/Double/arrow_basic_w.png
  artifactKey: Guid(3452c5479ca8a4114a8c640a114e908d) Importer(2089858483,b0f066a214c2f5e87bad3c948f4d605d)
Start importing Assets/Projects/GravityDash/kenney_ui-pack/PNG/Red/Double/arrow_basic_w.png using Guid(3452c5479ca8a4114a8c640a114e908d) Importer(2089858483,b0f066a214c2f5e87bad3c948f4d605d) (ScriptedImporter) -> (artifact id: 'db4d2995963507170c524c5a44c248e0') in 0.0284639 seconds
Number of updated asset objects reloaded before import = 0Number of asset objects unloaded after import = 3

========================================================================
Received Import Request.
  Time since last request: 0.000020 seconds.
  path: Assets/Projects/GravityDash/kenney_ui-pack/PNG/Red/Double/arrow_basic_e_small.png
  artifactKey: Guid(bbbe779fadb4c4fcd9ad6c94b7136ba1) Importer(2089858483,b0f066a214c2f5e87bad3c948f4d605d)
Start importing Assets/Projects/GravityDash/kenney_ui-pack/PNG/Red/Double/arrow_basic_e_small.png using Guid(bbbe779fadb4c4fcd9ad6c94b7136ba1) Importer(2089858483,b0f066a214c2f5e87bad3c948f4d605d) (ScriptedImporter) -> (artifact id: 'ae72becedd978a6579103a814c84667e') in 0.0228756 seconds
Number of updated asset objects reloaded before import = 0Number of asset objects unloaded after import = 3

========================================================================
Received Import Request.
  Time since last request: 0.000034 seconds.
  path: Assets/Projects/GravityDash/kenney_ui-pack/PNG/Red/Double/check_square_color_checkmark.png
  artifactKey: Guid(9f7a7f39461b5465d97da9adfa9589fd) Importer(2089858483,b0f066a214c2f5e87bad3c948f4d605d)
Start importing Assets/Projects/GravityDash/kenney_ui-pack/PNG/Red/Double/check_square_color_checkmark.png using Guid(9f7a7f39461b5465d97da9adfa9589fd) Importer(2089858483,b0f066a214c2f5e87bad3c948f4d605d) (ScriptedImporter) -> (artifact id: '474fe35caabe3d59fdd40d8a92eeb15e') in 0.0253888 seconds
Number of updated asset objects reloaded before import = 0Number of asset objects unloaded after import = 3

========================================================================
Received Import Request.
  Time since last request: 0.000037 seconds.
  path: Assets/Projects/GravityDash/kenney_ui-pack/PNG/Red/Double/button_rectangle_gradient.png
  artifactKey: Guid(ff113801efd174e3c907008d076d5d34) Importer(2089858483,b0f066a214c2f5e87bad3c948f4d605d)
Start importing Assets/Projects/GravityDash/kenney_ui-pack/PNG/Red/Double/button_rectangle_gradient.png using Guid(ff113801efd174e3c907008d076d5d34) Importer(2089858483,b0f066a214c2f5e87bad3c948f4d605d) (ScriptedImporter) -> (artifact id: '3ff4d06348618f846649b315ce346b95') in 0.0222159 seconds
Number of updated asset objects reloaded before import = 0Number of asset objects unloaded after import = 3

========================================================================
Received Import Request.
  Time since last request: 0.000044 seconds.
  path: Assets/Projects/GravityDash/kenney_ui-pack/PNG/Red/Default/button_round_depth_border.png
  artifactKey: Guid(2e4b831d4cea04202b64c7ee2263159d) Importer(2089858483,b0f066a214c2f5e87bad3c948f4d605d)
Start importing Assets/Projects/GravityDash/kenney_ui-pack/PNG/Red/Default/button_round_depth_border.png using Guid(2e4b831d4cea04202b64c7ee2263159d) Importer(2089858483,b0f066a214c2f5e87bad3c948f4d605d) (ScriptedImporter) -> (artifact id: 'c9b3fc34fd62dcf9bc331e49fd3ab00f') in 0.0217467 seconds
Number of updated asset objects reloaded before import = 0Number of asset objects unloaded after import = 3

========================================================================
Received Import Request.
  Time since last request: 0.000037 seconds.
  path: Assets/Projects/GravityDash/kenney_ui-pack/PNG/Red/Double/button_round_depth_line.png
  artifactKey: Guid(67b7b0a4eaff3481a99fd9e02f152b9a) Importer(2089858483,b0f066a214c2f5e87bad3c948f4d605d)
Start importing Assets/Projects/GravityDash/kenney_ui-pack/PNG/Red/Double/button_round_depth_line.png using Guid(67b7b0a4eaff3481a99fd9e02f152b9a) Importer(2089858483,b0f066a214c2f5e87bad3c948f4d605d) (ScriptedImporter) -> (artifact id: '19cff23b329efaeaab1d7fabecf2ac32') in 0.0221473 seconds
Number of updated asset objects reloaded before import = 0Number of asset objects unloaded after import = 3

========================================================================
Received Import Request.
  Time since last request: 0.000032 seconds.
  path: Assets/Projects/GravityDash/kenney_ui-pack/PNG/Red/Double/button_round_depth_border.png
  artifactKey: Guid(018347031126f4367bc348d3eff0dd37) Importer(2089858483,b0f066a214c2f5e87bad3c948f4d605d)
Start importing Assets/Projects/GravityDash/kenney_ui-pack/PNG/Red/Double/button_round_depth_border.png using Guid(018347031126f4367bc348d3eff0dd37) Importer(2089858483,b0f066a214c2f5e87bad3c948f4d605d) (ScriptedImporter) -> (artifact id: '99a4c3a9fcb1f5fbac481c1386f63d7c') in 0.0237978 seconds
Number of updated asset objects reloaded before import = 0Number of asset objects unloaded after import = 3

========================================================================
Received Import Request.
  Time since last request: 0.000023 seconds.
  path: Assets/Projects/GravityDash/kenney_ui-pack/PNG/Red/Default/icon_outline_checkmark.png
  artifactKey: Guid(fd969eb9746694198954acfd533b5310) Importer(2089858483,b0f066a214c2f5e87bad3c948f4d605d)
Start importing Assets/Projects/GravityDash/kenney_ui-pack/PNG/Red/Default/icon_outline_checkmark.png using Guid(fd969eb9746694198954acfd533b5310) Importer(2089858483,b0f066a214c2f5e87bad3c948f4d605d) (ScriptedImporter) -> (artifact id: 'b800ea5f0cac2cc6b546ca1748c7fe41') in 0.0283432 seconds
Number of updated asset objects reloaded before import = 0Number of asset objects unloaded after import = 3

========================================================================
Received Import Request.
  Time since last request: 0.000037 seconds.
  path: Assets/Projects/GravityDash/kenney_ui-pack/PNG/Red/Default/button_square_depth_line.png
  artifactKey: Guid(099b94b2b39f04217b96e2a0238dc355) Importer(2089858483,b0f066a214c2f5e87bad3c948f4d605d)
Start importing Assets/Projects/GravityDash/kenney_ui-pack/PNG/Red/Default/button_square_depth_line.png using Guid(099b94b2b39f04217b96e2a0238dc355) Importer(2089858483,b0f066a214c2f5e87bad3c948f4d605d) (ScriptedImporter) -> (artifact id: '70906f32e93b69ef81f4208fae7beac0') in 0.023044 seconds
Number of updated asset objects reloaded before import = 0Number of asset objects unloaded after import = 3

========================================================================
Received Import Request.
  Time since last request: 0.000023 seconds.
  path: Assets/Projects/GravityDash/kenney_ui-pack/PNG/Red/Default/button_round_gradient.png
  artifactKey: Guid(d975cdd0789244f90acc845202fc73c6) Importer(2089858483,b0f066a214c2f5e87bad3c948f4d605d)
Start importing Assets/Projects/GravityDash/kenney_ui-pack/PNG/Red/Default/button_round_gradient.png using Guid(d975cdd0789244f90acc845202fc73c6) Importer(2089858483,b0f066a214c2f5e87bad3c948f4d605d) (ScriptedImporter) -> (artifact id: '98b1af8f26b81ad056cce7f10c5743f4') in 0.0228021 seconds
Number of updated asset objects reloaded before import = 0Number of asset objects unloaded after import = 3

========================================================================
Received Import Request.
  Time since last request: 0.000029 seconds.
  path: Assets/Projects/GravityDash/kenney_ui-pack/PNG/Grey/Default/arrow_basic_e_small.png
  artifactKey: Guid(0f629c0b0cb084427a741e9b55cbbb47) Importer(2089858483,b0f066a214c2f5e87bad3c948f4d605d)
Start importing Assets/Projects/GravityDash/kenney_ui-pack/PNG/Grey/Default/arrow_basic_e_small.png using Guid(0f629c0b0cb084427a741e9b55cbbb47) Importer(2089858483,b0f066a214c2f5e87bad3c948f4d605d) (ScriptedImporter) -> (artifact id: '7ed01ae4edc95563fbcedeeab6d4c82b') in 0.0211651 seconds
Number of updated asset objects reloaded before import = 0Number of asset objects unloaded after import = 3

========================================================================
Received Import Request.
  Time since last request: 0.000045 seconds.
  path: Assets/Projects/GravityDash/kenney_ui-pack/PNG/Red/Default/button_rectangle_depth_gradient.png
  artifactKey: Guid(ee081e06d1d7643b5b5b3633beab7f28) Importer(2089858483,b0f066a214c2f5e87bad3c948f4d605d)
Start importing Assets/Projects/GravityDash/kenney_ui-pack/PNG/Red/Default/button_rectangle_depth_gradient.png using Guid(ee081e06d1d7643b5b5b3633beab7f28) Importer(2089858483,b0f066a214c2f5e87bad3c948f4d605d) (ScriptedImporter) -> (artifact id: '9d4a1ced2280867e599c67f455227145') in 0.0235406 seconds
Number of updated asset objects reloaded before import = 0Number of asset objects unloaded after import = 3

========================================================================
Received Import Request.
  Time since last request: 0.000044 seconds.
  path: Assets/Projects/GravityDash/kenney_ui-pack/PNG/Red/Default/button_square_flat.png
  artifactKey: Guid(0a1420586f30e4dc8974350a632ca8a1) Importer(2089858483,b0f066a214c2f5e87bad3c948f4d605d)
Start importing Assets/Projects/GravityDash/kenney_ui-pack/PNG/Red/Default/button_square_flat.png using Guid(0a1420586f30e4dc8974350a632ca8a1) Importer(2089858483,b0f066a214c2f5e87bad3c948f4d605d) (ScriptedImporter) -> (artifact id: 'cdf3dd9c4dea3d4016d908fbec6c728a') in 0.0193905 seconds
Number of updated asset objects reloaded before import = 0Number of asset objects unloaded after import = 3

========================================================================
Received Import Request.
  Time since last request: 0.000032 seconds.
  path: Assets/Projects/GravityDash/kenney_new-platformer-pack-1.1/Sprites/Tiles/Double/terrain_sand_block_top.png
  artifactKey: Guid(1d12276dd1f9f4ceca864b25010d3697) Importer(2089858483,b0f066a214c2f5e87bad3c948f4d605d)
Start importing Assets/Projects/GravityDash/kenney_new-platformer-pack-1.1/Sprites/Tiles/Double/terrain_sand_block_top.png using Guid(1d12276dd1f9f4ceca864b25010d3697) Importer(2089858483,b0f066a214c2f5e87bad3c948f4d605d) (ScriptedImporter) -> (artifact id: '2c7bb800d105a79fc9d2ca2c5d72ca07') in 0.0697719 seconds
Number of updated asset objects reloaded before import = 0Number of asset objects unloaded after import = 3

========================================================================
Received Import Request.
  Time since last request: 0.000033 seconds.
  path: Assets/Projects/GravityDash/kenney_new-platformer-pack-1.1/Sprites/Tiles/Double/hud_heart.png
  artifactKey: Guid(a0cc2d3f5e3724d7bb6e642dce5a81b2) Importer(2089858483,b0f066a214c2f5e87bad3c948f4d605d)
Start importing Assets/Projects/GravityDash/kenney_new-platformer-pack-1.1/Sprites/Tiles/Double/hud_heart.png using Guid(a0cc2d3f5e3724d7bb6e642dce5a81b2) Importer(2089858483,b0f066a214c2f5e87bad3c948f4d605d) (ScriptedImporter) -> (artifact id: '3bbdc9808ef652a0eb41dd22015a2d7d') in 0.0200035 seconds
Number of updated asset objects reloaded before import = 0Number of asset objects unloaded after import = 3

========================================================================
Received Import Request.
  Time since last request: 0.000037 seconds.
  path: Assets/Projects/GravityDash/kenney_new-platformer-pack-1.1/Sprites/Tiles/Double/terrain_sand_vertical_bottom.png
  artifactKey: Guid(0001327b9c2ab4d76ab40e6d257a163e) Importer(2089858483,b0f066a214c2f5e87bad3c948f4d605d)
Start importing Assets/Projects/GravityDash/kenney_new-platformer-pack-1.1/Sprites/Tiles/Double/terrain_sand_vertical_bottom.png using Guid(0001327b9c2ab4d76ab40e6d257a163e) Importer(2089858483,b0f066a214c2f5e87bad3c948f4d605d) (ScriptedImporter) -> (artifact id: '0be34cdb1ac9473e5722ec1c77f4a590') in 0.0278893 seconds
Number of updated asset objects reloaded before import = 0Number of asset objects unloaded after import = 3

========================================================================
Received Import Request.
  Time since last request: 0.000027 seconds.
  path: Assets/Projects/GravityDash/kenney_new-platformer-pack-1.1/Sprites/Tiles/Double/terrain_stone_cloud_middle.png
  artifactKey: Guid(2143f79ac0c8b4e0ea3a5045ab8784e1) Importer(2089858483,b0f066a214c2f5e87bad3c948f4d605d)
Start importing Assets/Projects/GravityDash/kenney_new-platformer-pack-1.1/Sprites/Tiles/Double/terrain_stone_cloud_middle.png using Guid(2143f79ac0c8b4e0ea3a5045ab8784e1) Importer(2089858483,b0f066a214c2f5e87bad3c948f4d605d) (ScriptedImporter) -> (artifact id: '352807f111db8c227e15581939b1b034') in 0.0212471 seconds
Number of updated asset objects reloaded before import = 0Number of asset objects unloaded after import = 3

========================================================================
Received Import Request.
  Time since last request: 0.000072 seconds.
  path: Assets/Projects/GravityDash/kenney_ui-pack/PNG/Yellow/Double/arrow_decorative_e.png
  artifactKey: Guid(3c86d8060b1a94732bebf9c9923807e4) Importer(2089858483,b0f066a214c2f5e87bad3c948f4d605d)
Start importing Assets/Projects/GravityDash/kenney_ui-pack/PNG/Yellow/Double/arrow_decorative_e.png using Guid(3c86d8060b1a94732bebf9c9923807e4) Importer(2089858483,b0f066a214c2f5e87bad3c948f4d605d) (ScriptedImporter) -> (artifact id: '2480d52651eb7eb3758ed3cf270fe78e') in 0.0227242 seconds
Number of updated asset objects reloaded before import = 0Number of asset objects unloaded after import = 3

========================================================================
Received Import Request.
  Time since last request: 0.000028 seconds.
  path: Assets/Projects/GravityDash/kenney_ui-pack/PNG/Yellow/Default/icon_checkmark.png
  artifactKey: Guid(1e379a0b3dfa141799aba575ecadbf0e) Importer(2089858483,b0f066a214c2f5e87bad3c948f4d605d)
Start importing Assets/Projects/GravityDash/kenney_ui-pack/PNG/Yellow/Default/icon_checkmark.png using Guid(1e379a0b3dfa141799aba575ecadbf0e) Importer(2089858483,b0f066a214c2f5e87bad3c948f4d605d) (ScriptedImporter) -> (artifact id: 'e338e8dc73629067b4806ce3e0efd6c6') in 0.0218058 seconds
Number of updated asset objects reloaded before import = 0Number of asset objects unloaded after import = 3

========================================================================
Received Import Request.
  Time since last request: 0.000037 seconds.
  path: Assets/Projects/GravityDash/kenney_ui-pack/PNG/Red/Double/check_square_grey_checkmark.png
  artifactKey: Guid(f39779b6fbdec403bb4b44b133b39c8e) Importer(2089858483,b0f066a214c2f5e87bad3c948f4d605d)
Start importing Assets/Projects/GravityDash/kenney_ui-pack/PNG/Red/Double/check_square_grey_checkmark.png using Guid(f39779b6fbdec403bb4b44b133b39c8e) Importer(2089858483,b0f066a214c2f5e87bad3c948f4d605d) (ScriptedImporter) -> (artifact id: 'd9e61b7a16c972854a24938c361e7db7') in 0.0247347 seconds
Number of updated asset objects reloaded before import = 0Number of asset objects unloaded after import = 3

========================================================================
Received Import Request.
  Time since last request: 0.000039 seconds.
  path: Assets/Projects/GravityDash/kenney_ui-pack/PNG/Yellow/Default/icon_outline_circle.png
  artifactKey: Guid(6f666604f634a482d975705f6cb149b0) Importer(2089858483,b0f066a214c2f5e87bad3c948f4d605d)
Start importing Assets/Projects/GravityDash/kenney_ui-pack/PNG/Yellow/Default/icon_outline_circle.png using Guid(6f666604f634a482d975705f6cb149b0) Importer(2089858483,b0f066a214c2f5e87bad3c948f4d605d) (ScriptedImporter) -> (artifact id: '5cc74fbbff7c503cdb150c6b9251a480') in 0.0253947 seconds
Number of updated asset objects reloaded before import = 0Number of asset objects unloaded after import = 3

========================================================================
Received Import Request.
  Time since last request: 0.000025 seconds.
  path: Assets/Projects/GravityDash/kenney_ui-pack/PNG/Yellow/Default/button_square_gloss.png
  artifactKey: Guid(a484d8af386f343859b49d0b58c5c9b6) Importer(2089858483,b0f066a214c2f5e87bad3c948f4d605d)
Start importing Assets/Projects/GravityDash/kenney_ui-pack/PNG/Yellow/Default/button_square_gloss.png using Guid(a484d8af386f343859b49d0b58c5c9b6) Importer(2089858483,b0f066a214c2f5e87bad3c948f4d605d) (ScriptedImporter) -> (artifact id: '17007bd5e80808e07902a3dc0ee8ca08') in 0.0202368 seconds
Number of updated asset objects reloaded before import = 0Number of asset objects unloaded after import = 3

========================================================================
Received Import Request.
  Time since last request: 0.000033 seconds.
  path: Assets/Projects/GravityDash/kenney_ui-pack/PNG/Red/Double/icon_outline_circle.png
  artifactKey: Guid(16046c239f99b408d9d0e6a60728a676) Importer(2089858483,b0f066a214c2f5e87bad3c948f4d605d)
Start importing Assets/Projects/GravityDash/kenney_ui-pack/PNG/Red/Double/icon_outline_circle.png using Guid(16046c239f99b408d9d0e6a60728a676) Importer(2089858483,b0f066a214c2f5e87bad3c948f4d605d) (ScriptedImporter) -> (artifact id: '3704aaa46b35162a153c51545a3fe730') in 0.0203057 seconds
Number of updated asset objects reloaded before import = 0Number of asset objects unloaded after import = 3

========================================================================
Received Import Request.
  Time since last request: 0.000022 seconds.
  path: Assets/Projects/GravityDash/kenney_ui-pack/PNG/Yellow/Default/slide_vertical_color_section_wide.png
  artifactKey: Guid(5a3be76917aed40e6a3f49331d9fb706) Importer(2089858483,b0f066a214c2f5e87bad3c948f4d605d)
Start importing Assets/Projects/GravityDash/kenney_ui-pack/PNG/Yellow/Default/slide_vertical_color_section_wide.png using Guid(5a3be76917aed40e6a3f49331d9fb706) Importer(2089858483,b0f066a214c2f5e87bad3c948f4d605d) (ScriptedImporter) -> (artifact id: '3dcaf0645952927186d5a6b437451e85') in 0.0302222 seconds
Number of updated asset objects reloaded before import = 0Number of asset objects unloaded after import = 3

========================================================================
Received Import Request.
  Time since last request: 0.000038 seconds.
  path: Assets/Projects/GravityDash/kenney_ui-pack/PNG/Yellow/Default/star_outline_depth.png
  artifactKey: Guid(3847902755fdc4f538b362c90b1cd246) Importer(2089858483,b0f066a214c2f5e87bad3c948f4d605d)
Start importing Assets/Projects/GravityDash/kenney_ui-pack/PNG/Yellow/Default/star_outline_depth.png using Guid(3847902755fdc4f538b362c90b1cd246) Importer(2089858483,b0f066a214c2f5e87bad3c948f4d605d) (ScriptedImporter) -> (artifact id: '7f5f4f356ce649d682732eb7f44fb8fc') in 0.0183621 seconds
Number of updated asset objects reloaded before import = 0Number of asset objects unloaded after import = 3

========================================================================
Received Import Request.
  Time since last request: 0.000044 seconds.
  path: Assets/Projects/GravityDash/kenney_ui-pack/PNG/Red/Double/slide_horizontal_grey.png
  artifactKey: Guid(71ca4ef33e3e640d3adff325822039fc) Importer(2089858483,b0f066a214c2f5e87bad3c948f4d605d)
Start importing Assets/Projects/GravityDash/kenney_ui-pack/PNG/Red/Double/slide_horizontal_grey.png using Guid(71ca4ef33e3e640d3adff325822039fc) Importer(2089858483,b0f066a214c2f5e87bad3c948f4d605d) (ScriptedImporter) -> (artifact id: '9ea7a6e8d80fa082194ca86e8768e827') in 0.0178993 seconds
Number of updated asset objects reloaded before import = 0Number of asset objects unloaded after import = 3

========================================================================
Received Import Request.
  Time since last request: 0.000029 seconds.
  path: Assets/Projects/GravityDash/kenney_ui-pack/PNG/Yellow/Double/arrow_decorative_n.png
  artifactKey: Guid(55e6378aa356643d1949bd1d8f499d27) Importer(2089858483,b0f066a214c2f5e87bad3c948f4d605d)
Start importing Assets/Projects/GravityDash/kenney_ui-pack/PNG/Yellow/Double/arrow_decorative_n.png using Guid(55e6378aa356643d1949bd1d8f499d27) Importer(2089858483,b0f066a214c2f5e87bad3c948f4d605d) (ScriptedImporter) -> (artifact id: '614e7fec428067c66856d51cf72fe39f') in 0.0199166 seconds
Number of updated asset objects reloaded before import = 0Number of asset objects unloaded after import = 3

========================================================================
Received Import Request.
  Time since last request: 0.000030 seconds.
  path: Assets/Projects/GravityDash/kenney_ui-pack/PNG/Yellow/Default/button_round_depth_flat.png
  artifactKey: Guid(5bdf1eb1fd5c84125a04308791415366) Importer(2089858483,b0f066a214c2f5e87bad3c948f4d605d)
Start importing Assets/Projects/GravityDash/kenney_ui-pack/PNG/Yellow/Default/button_round_depth_flat.png using Guid(5bdf1eb1fd5c84125a04308791415366) Importer(2089858483,b0f066a214c2f5e87bad3c948f4d605d) (ScriptedImporter) -> (artifact id: '99c8da2f7605dfcf740fc313dd4ca1ea') in 0.020507 seconds
Number of updated asset objects reloaded before import = 0Number of asset objects unloaded after import = 3

========================================================================
Received Import Request.
  Time since last request: 0.000022 seconds.
  path: Assets/Projects/GravityDash/kenney_ui-pack/PNG/Yellow/Default/check_round_grey_circle.png
  artifactKey: Guid(8d3ad4bd51d7d4a35b8e13181b4a6fab) Importer(2089858483,b0f066a214c2f5e87bad3c948f4d605d)
Start importing Assets/Projects/GravityDash/kenney_ui-pack/PNG/Yellow/Default/check_round_grey_circle.png using Guid(8d3ad4bd51d7d4a35b8e13181b4a6fab) Importer(2089858483,b0f066a214c2f5e87bad3c948f4d605d) (ScriptedImporter) -> (artifact id: '683ebf7fcbda38f40c746d527a2b167a') in 0.0167519 seconds
Number of updated asset objects reloaded before import = 0Number of asset objects unloaded after import = 3

========================================================================
Received Import Request.
  Time since last request: 0.000027 seconds.
  path: Assets/Projects/GravityDash/kenney_ui-pack/PNG/Yellow/Default/icon_cross.png
  artifactKey: Guid(7721c345c871a4a2fb9cd02bf99a12b7) Importer(2089858483,b0f066a214c2f5e87bad3c948f4d605d)
Start importing Assets/Projects/GravityDash/kenney_ui-pack/PNG/Yellow/Default/icon_cross.png using Guid(7721c345c871a4a2fb9cd02bf99a12b7) Importer(2089858483,b0f066a214c2f5e87bad3c948f4d605d) (ScriptedImporter) -> (artifact id: 'beb9bffa61358222f2d2c63351289d83') in 0.0192574 seconds
Number of updated asset objects reloaded before import = 0Number of asset objects unloaded after import = 3

========================================================================
Received Import Request.
  Time since last request: 0.000027 seconds.
  path: Assets/Projects/GravityDash/kenney_ui-pack/PNG/Yellow/Default/icon_square.png
  artifactKey: Guid(ec404540b87b2415e99d7eac240d5289) Importer(2089858483,b0f066a214c2f5e87bad3c948f4d605d)
Start importing Assets/Projects/GravityDash/kenney_ui-pack/PNG/Yellow/Default/icon_square.png using Guid(ec404540b87b2415e99d7eac240d5289) Importer(2089858483,b0f066a214c2f5e87bad3c948f4d605d) (ScriptedImporter) -> (artifact id: 'cdda8b7a25ce193a0be5af5bea20ce51') in 0.0173872 seconds
Number of updated asset objects reloaded before import = 0Number of asset objects unloaded after import = 3

========================================================================
Received Import Request.
  Time since last request: 0.000028 seconds.
  path: Assets/Projects/GravityDash/kenney_ui-pack/PNG/Yellow/Default/button_rectangle_depth_line.png
  artifactKey: Guid(c145b5e95f374495b9f3c917b8609c48) Importer(2089858483,b0f066a214c2f5e87bad3c948f4d605d)
Start importing Assets/Projects/GravityDash/kenney_ui-pack/PNG/Yellow/Default/button_rectangle_depth_line.png using Guid(c145b5e95f374495b9f3c917b8609c48) Importer(2089858483,b0f066a214c2f5e87bad3c948f4d605d) (ScriptedImporter) -> (artifact id: '213fe3692f882568b8cdda3ff2d19c27') in 0.0266555 seconds
Number of updated asset objects reloaded before import = 0Number of asset objects unloaded after import = 3

========================================================================
Received Import Request.
  Time since last request: 0.000023 seconds.
  path: Assets/Projects/GravityDash/kenney_ui-pack/PNG/Blue/Default/button_round_depth_line.png
  artifactKey: Guid(b994189e4bef94c4e84e1fefe68a038b) Importer(2089858483,b0f066a214c2f5e87bad3c948f4d605d)
Start importing Assets/Projects/GravityDash/kenney_ui-pack/PNG/Blue/Default/button_round_depth_line.png using Guid(b994189e4bef94c4e84e1fefe68a038b) Importer(2089858483,b0f066a214c2f5e87bad3c948f4d605d) (ScriptedImporter) -> (artifact id: '747ceb702fe0030b6a4551a22884ed30') in 0.0204322 seconds
Number of updated asset objects reloaded before import = 0Number of asset objects unloaded after import = 3

========================================================================
Received Import Request.
  Time since last request: 0.000041 seconds.
  path: Assets/Projects/GravityDash/kenney_ui-pack/PNG/Extra/Default/icon_arrow_down_outline.png
  artifactKey: Guid(09c65e969e9cd4fda920cbcc990f78a6) Importer(2089858483,b0f066a214c2f5e87bad3c948f4d605d)
Start importing Assets/Projects/GravityDash/kenney_ui-pack/PNG/Extra/Default/icon_arrow_down_outline.png using Guid(09c65e969e9cd4fda920cbcc990f78a6) Importer(2089858483,b0f066a214c2f5e87bad3c948f4d605d) (ScriptedImporter) -> (artifact id: 'd6983b8b1d29f7c6f4c0972c904cca8d') in 0.0168913 seconds
Number of updated asset objects reloaded before import = 0Number of asset objects unloaded after import = 3

========================================================================
Received Import Request.
  Time since last request: 0.000021 seconds.
  path: Assets/Projects/GravityDash/kenney_ui-pack/PNG/Blue/Double/check_round_grey.png
  artifactKey: Guid(a84f8ce25d67248deb9633d3a8136cd1) Importer(2089858483,b0f066a214c2f5e87bad3c948f4d605d)
Start importing Assets/Projects/GravityDash/kenney_ui-pack/PNG/Blue/Double/check_round_grey.png using Guid(a84f8ce25d67248deb9633d3a8136cd1) Importer(2089858483,b0f066a214c2f5e87bad3c948f4d605d) (ScriptedImporter) -> (artifact id: '02f468836eaaed77c0b379fbf9a73ecb') in 0.0173608 seconds
Number of updated asset objects reloaded before import = 0Number of asset objects unloaded after import = 3

========================================================================
Received Import Request.
  Time since last request: 0.000017 seconds.
  path: Assets/Projects/GravityDash/kenney_ui-pack/PNG/Blue/Double/button_rectangle_line.png
  artifactKey: Guid(59efa48266c2f40d8a810fa59adac255) Importer(2089858483,b0f066a214c2f5e87bad3c948f4d605d)
Start importing Assets/Projects/GravityDash/kenney_ui-pack/PNG/Blue/Double/button_rectangle_line.png using Guid(59efa48266c2f40d8a810fa59adac255) Importer(2089858483,b0f066a214c2f5e87bad3c948f4d605d) (ScriptedImporter) -> (artifact id: 'fd8d0eb13cfefaeab749d992b39aa134') in 0.0140486 seconds
Number of updated asset objects reloaded before import = 0Number of asset objects unloaded after import = 3

========================================================================
Received Import Request.
  Time since last request: 0.000020 seconds.
  path: Assets/Projects/GravityDash/kenney_ui-pack/PNG/Green/Double/button_rectangle_depth_border.png
  artifactKey: Guid(8241b5a9aea474adcb4cd29e2c3ec99c) Importer(2089858483,b0f066a214c2f5e87bad3c948f4d605d)
Start importing Assets/Projects/GravityDash/kenney_ui-pack/PNG/Green/Double/button_rectangle_depth_border.png using Guid(8241b5a9aea474adcb4cd29e2c3ec99c) Importer(2089858483,b0f066a214c2f5e87bad3c948f4d605d) (ScriptedImporter) -> (artifact id: 'f372a7269816154f808738a4fe2820f3') in 0.0155667 seconds
Number of updated asset objects reloaded before import = 0Number of asset objects unloaded after import = 3

========================================================================
Received Import Request.
  Time since last request: 0.000026 seconds.
  path: Assets/Projects/GravityDash/kenney_ui-pack/PNG/Yellow/Default/button_round_depth_gloss.png
  artifactKey: Guid(7e408365d0642468d82a78a6ea606a58) Importer(2089858483,b0f066a214c2f5e87bad3c948f4d605d)
Start importing Assets/Projects/GravityDash/kenney_ui-pack/PNG/Yellow/Default/button_round_depth_gloss.png using Guid(7e408365d0642468d82a78a6ea606a58) Importer(2089858483,b0f066a214c2f5e87bad3c948f4d605d) (ScriptedImporter) -> (artifact id: 'fe43afe2013c2100273c8ba51dbaa19c') in 0.0186189 seconds
Number of updated asset objects reloaded before import = 0Number of asset objects unloaded after import = 3

========================================================================
Received Import Request.
  Time since last request: 0.000029 seconds.
  path: Assets/Projects/GravityDash/kenney_ui-pack/PNG/Red/Double/button_square_depth_line.png
  artifactKey: Guid(2c5fa7c2f476d4fcb94d97fe70304be9) Importer(2089858483,b0f066a214c2f5e87bad3c948f4d605d)
Start importing Assets/Projects/GravityDash/kenney_ui-pack/PNG/Red/Double/button_square_depth_line.png using Guid(2c5fa7c2f476d4fcb94d97fe70304be9) Importer(2089858483,b0f066a214c2f5e87bad3c948f4d605d) (ScriptedImporter) -> (artifact id: '316e0986075eb893d36ada021ad1179e') in 0.0201522 seconds
Number of updated asset objects reloaded before import = 0Number of asset objects unloaded after import = 3

========================================================================
Received Import Request.
  Time since last request: 0.000016 seconds.
  path: Assets/Projects/GravityDash/kenney_ui-pack/PNG/Green/Double/slide_horizontal_color_section.png
  artifactKey: Guid(a74a9aca395a34f088e73b501ca40aa5) Importer(2089858483,b0f066a214c2f5e87bad3c948f4d605d)
Start importing Assets/Projects/GravityDash/kenney_ui-pack/PNG/Green/Double/slide_horizontal_color_section.png using Guid(a74a9aca395a34f088e73b501ca40aa5) Importer(2089858483,b0f066a214c2f5e87bad3c948f4d605d) (ScriptedImporter) -> (artifact id: '4c3df6286a915f529f419e820c3d3d0b') in 0.0152586 seconds
Number of updated asset objects reloaded before import = 0Number of asset objects unloaded after import = 3

========================================================================
Received Import Request.
  Time since last request: 0.000020 seconds.
  path: Assets/Projects/GravityDash/kenney_ui-pack/PNG/Red/Default/check_square_grey_cross.png
  artifactKey: Guid(d90463ee528424a5d91a7e217abfc743) Importer(2089858483,b0f066a214c2f5e87bad3c948f4d605d)
Start importing Assets/Projects/GravityDash/kenney_ui-pack/PNG/Red/Default/check_square_grey_cross.png using Guid(d90463ee528424a5d91a7e217abfc743) Importer(2089858483,b0f066a214c2f5e87bad3c948f4d605d) (ScriptedImporter) -> (artifact id: 'a43c97204a29c3e2455770f85794642e') in 0.0148469 seconds
Number of updated asset objects reloaded before import = 0Number of asset objects unloaded after import = 3

========================================================================
Received Import Request.
  Time since last request: 0.000020 seconds.
  path: Assets/Projects/GravityDash/kenney_ui-pack/PNG/Red/Double/button_square_depth_gloss.png
  artifactKey: Guid(17ea83eb73d1d434b8b4fff5be1b9675) Importer(2089858483,b0f066a214c2f5e87bad3c948f4d605d)
Start importing Assets/Projects/GravityDash/kenney_ui-pack/PNG/Red/Double/button_square_depth_gloss.png using Guid(17ea83eb73d1d434b8b4fff5be1b9675) Importer(2089858483,b0f066a214c2f5e87bad3c948f4d605d) (ScriptedImporter) -> (artifact id: '0d6e07a1e481cf587f246a678b696674') in 0.0197906 seconds
Number of updated asset objects reloaded before import = 0Number of asset objects unloaded after import = 3

========================================================================
Received Import Request.
  Time since last request: 0.000043 seconds.
  path: Assets/Projects/GravityDash/kenney_ui-pack/PNG/Grey/Double/slide_vertical_grey.png
  artifactKey: Guid(ff7782593c1584b04ab56ff84a1407ee) Importer(2089858483,b0f066a214c2f5e87bad3c948f4d605d)
Start importing Assets/Projects/GravityDash/kenney_ui-pack/PNG/Grey/Double/slide_vertical_grey.png using Guid(ff7782593c1584b04ab56ff84a1407ee) Importer(2089858483,b0f066a214c2f5e87bad3c948f4d605d) (ScriptedImporter) -> (artifact id: '248e49bbddd73ca95495550741358870') in 0.0172187 seconds
Number of updated asset objects reloaded before import = 0Number of asset objects unloaded after import = 3

========================================================================
Received Import Request.
  Time since last request: 0.000030 seconds.
  path: Assets/Projects/GravityDash/kenney_ui-pack/PNG/Extra/Double/icon_repeat_outline.png
  artifactKey: Guid(57a966a9c70f84ce7982bbacb1aebf9c) Importer(2089858483,b0f066a214c2f5e87bad3c948f4d605d)
Start importing Assets/Projects/GravityDash/kenney_ui-pack/PNG/Extra/Double/icon_repeat_outline.png using Guid(57a966a9c70f84ce7982bbacb1aebf9c) Importer(2089858483,b0f066a214c2f5e87bad3c948f4d605d) (ScriptedImporter) -> (artifact id: '3f8969614ccc0ce47dd72b3b077f2ca3') in 0.0186405 seconds
Number of updated asset objects reloaded before import = 0Number of asset objects unloaded after import = 3

========================================================================
Received Import Request.
  Time since last request: 0.000027 seconds.
  path: Assets/Projects/GravityDash/kenney_ui-pack/PNG/Grey/Double/slide_vertical_color.png
  artifactKey: Guid(0c68d689ff09a4bee8c1d5e858421125) Importer(2089858483,b0f066a214c2f5e87bad3c948f4d605d)
Start importing Assets/Projects/GravityDash/kenney_ui-pack/PNG/Grey/Double/slide_vertical_color.png using Guid(0c68d689ff09a4bee8c1d5e858421125) Importer(2089858483,b0f066a214c2f5e87bad3c948f4d605d) (ScriptedImporter) -> (artifact id: '3c8b25e4e2f803683918f23166362b1c') in 0.0172702 seconds
Number of updated asset objects reloaded before import = 0Number of asset objects unloaded after import = 3

========================================================================
Received Import Request.
  Time since last request: 0.000025 seconds.
  path: Assets/Projects/GravityDash/kenney_ui-pack/PNG/Yellow/Double/arrow_decorative_w.png
  artifactKey: Guid(7e48c5649e75042b389781df414c8c7b) Importer(2089858483,b0f066a214c2f5e87bad3c948f4d605d)
Start importing Assets/Projects/GravityDash/kenney_ui-pack/PNG/Yellow/Double/arrow_decorative_w.png using Guid(7e48c5649e75042b389781df414c8c7b) Importer(2089858483,b0f066a214c2f5e87bad3c948f4d605d) (ScriptedImporter) -> (artifact id: '80f774b9603632ee709f25e0ebde1bbf') in 0.0202432 seconds
Number of updated asset objects reloaded before import = 0Number of asset objects unloaded after import = 3

========================================================================
Received Import Request.
  Time since last request: 0.000026 seconds.
  path: Assets/Projects/MegaSuperChallengeShot/Graphics/Cute_Birds(4 in 1)Mini/B3_Egret/Animations/Bird3_Egret4_0.controller
  artifactKey: Guid(e9736bf137cc90c459f45544907e9189) Importer(2089858483,b0f066a214c2f5e87bad3c948f4d605d)
Start importing Assets/Projects/MegaSuperChallengeShot/Graphics/Cute_Birds(4 in 1)Mini/B3_Egret/Animations/Bird3_Egret4_0.controller using Guid(e9736bf137cc90c459f45544907e9189) Importer(2089858483,b0f066a214c2f5e87bad3c948f4d605d) (ScriptedImporter) -> (artifact id: '5abb787ebbf262685de35b4be79b8cd4') in 0.014716 seconds
Number of updated asset objects reloaded before import = 0Number of asset objects unloaded after import = 4

========================================================================
Received Import Request.
  Time since last request: 0.000055 seconds.
  path: Assets/Projects/GravityDash/kenney_ui-pack/PNG/Yellow/Double/icon_checkmark.png
  artifactKey: Guid(74ebf6117de3747d6a16521ddb41169d) Importer(2089858483,b0f066a214c2f5e87bad3c948f4d605d)
Start importing Assets/Projects/GravityDash/kenney_ui-pack/PNG/Yellow/Double/icon_checkmark.png using Guid(74ebf6117de3747d6a16521ddb41169d) Importer(2089858483,b0f066a214c2f5e87bad3c948f4d605d) (ScriptedImporter) -> (artifact id: '0903f41ce0be49ccdf46cd1b18254c7d') in 0.0166309 seconds
Number of updated asset objects reloaded before import = 0Number of asset objects unloaded after import = 3

========================================================================
Received Import Request.
  Time since last request: 0.000030 seconds.
  path: Assets/Projects/MegaSuperChallengeShot/Graphics/Cute_Birds(4 in 1)Mini/B1/Animations/Bird1_1_0.controller
  artifactKey: Guid(4e6f7f7acb9a1eb4ab40a474683516cb) Importer(2089858483,b0f066a214c2f5e87bad3c948f4d605d)
Start importing Assets/Projects/MegaSuperChallengeShot/Graphics/Cute_Birds(4 in 1)Mini/B1/Animations/Bird1_1_0.controller using Guid(4e6f7f7acb9a1eb4ab40a474683516cb) Importer(2089858483,b0f066a214c2f5e87bad3c948f4d605d) (ScriptedImporter) -> (artifact id: '5f75f70083c7f95160c28f0f3fe990af') in 0.0140541 seconds
Number of updated asset objects reloaded before import = 0Number of asset objects unloaded after import = 4

========================================================================
Received Import Request.
  Time since last request: 0.000032 seconds.
  path: Assets/Projects/MegaSuperChallengeShot/Graphics/Cute_Birds(4 in 1)Mini/B4/Animations/B4_s1_0.controller
  artifactKey: Guid(354890b20d2da3c43a27cc7a16087819) Importer(2089858483,b0f066a214c2f5e87bad3c948f4d605d)
Start importing Assets/Projects/MegaSuperChallengeShot/Graphics/Cute_Birds(4 in 1)Mini/B4/Animations/B4_s1_0.controller using Guid(354890b20d2da3c43a27cc7a16087819) Importer(2089858483,b0f066a214c2f5e87bad3c948f4d605d) (ScriptedImporter) -> (artifact id: 'ced5054f79f89e5946a74d3f699ebf49') in 0.0146057 seconds
Number of updated asset objects reloaded before import = 0Number of asset objects unloaded after import = 4

========================================================================
Received Import Request.
  Time since last request: 0.000025 seconds.
  path: Assets/Projects/MegaSuperChallengeShot/Graphics/Cute_Birds(4 in 1)Mini/B2_Duck/Scenes/Bird2_Demo.unity
  artifactKey: Guid(a96314b7594478a49b1088441ab8ac51) Importer(2089858483,b0f066a214c2f5e87bad3c948f4d605d)
Start importing Assets/Projects/MegaSuperChallengeShot/Graphics/Cute_Birds(4 in 1)Mini/B2_Duck/Scenes/Bird2_Demo.unity using Guid(a96314b7594478a49b1088441ab8ac51) Importer(2089858483,b0f066a214c2f5e87bad3c948f4d605d) (ScriptedImporter) -> (artifact id: 'd7b796ea478700c135eb0e21f432dd77') in 0.013592 seconds
Number of updated asset objects reloaded before import = 0Number of asset objects unloaded after import = 1

========================================================================
Received Import Request.
  Time since last request: 0.000084 seconds.
  path: Assets/Projects/GravityDash/kenney_ui-pack/PNG/Yellow/Double/check_round_color.png
  artifactKey: Guid(5c92c2f6b24724f76822cd2310486950) Importer(2089858483,b0f066a214c2f5e87bad3c948f4d605d)
Start importing Assets/Projects/GravityDash/kenney_ui-pack/PNG/Yellow/Double/check_round_color.png using Guid(5c92c2f6b24724f76822cd2310486950) Importer(2089858483,b0f066a214c2f5e87bad3c948f4d605d) (ScriptedImporter) -> (artifact id: '3d26d07d7c195eee3b2b58773c3db136') in 0.0157819 seconds
Number of updated asset objects reloaded before import = 0Number of asset objects unloaded after import = 3

========================================================================
Received Import Request.
  Time since last request: 0.000028 seconds.
  path: Assets/Projects/MegaSuperChallengeShot/Graphics/Farland Skies/!Core/Sprites/color_picker.png
  artifactKey: Guid(829e4eb43046cad45af3032071b450bd) Importer(2089858483,b0f066a214c2f5e87bad3c948f4d605d)
Start importing Assets/Projects/MegaSuperChallengeShot/Graphics/Farland Skies/!Core/Sprites/color_picker.png using Guid(829e4eb43046cad45af3032071b450bd) Importer(2089858483,b0f066a214c2f5e87bad3c948f4d605d) (ScriptedImporter) -> (artifact id: '52d4013993e33bab5d5b4dd8625d0015') in 0.0175047 seconds
Number of updated asset objects reloaded before import = 0Number of asset objects unloaded after import = 3

========================================================================
Received Import Request.
  Time since last request: 0.000019 seconds.
  path: Assets/Projects/MegaSuperChallengeShot/Graphics/Cute_Birds(4 in 1)Mini/B1/Animations/Bird1_2_0.controller
  artifactKey: Guid(8c7abdf17eea807409e2fab7239f3555) Importer(2089858483,b0f066a214c2f5e87bad3c948f4d605d)
Start importing Assets/Projects/MegaSuperChallengeShot/Graphics/Cute_Birds(4 in 1)Mini/B1/Animations/Bird1_2_0.controller using Guid(8c7abdf17eea807409e2fab7239f3555) Importer(2089858483,b0f066a214c2f5e87bad3c948f4d605d) (ScriptedImporter) -> (artifact id: 'b4f58212dbf1e3757796202d1df6a248') in 0.0136642 seconds
Number of updated asset objects reloaded before import = 0Number of asset objects unloaded after import = 4

========================================================================
Received Import Request.
  Time since last request: 0.000028 seconds.
  path: Assets/Projects/GravityDash/kenney_ui-pack/PNG/Yellow/Double/slide_horizontal_color_section.png
  artifactKey: Guid(de35bec6f28524f2eb5018e2c57ed772) Importer(2089858483,b0f066a214c2f5e87bad3c948f4d605d)
Start importing Assets/Projects/GravityDash/kenney_ui-pack/PNG/Yellow/Double/slide_horizontal_color_section.png using Guid(de35bec6f28524f2eb5018e2c57ed772) Importer(2089858483,b0f066a214c2f5e87bad3c948f4d605d) (ScriptedImporter) -> (artifact id: '20ce413d4781fea88314cbc28d5b1701') in 0.0163933 seconds
Number of updated asset objects reloaded before import = 0Number of asset objects unloaded after import = 3

========================================================================
Received Import Request.
  Time since last request: 0.000050 seconds.
  path: Assets/Projects/MegaSuperChallengeShot/Graphics/Cute_Birds(4 in 1)Mini/B1/Animations/Bird1_2.anim
  artifactKey: Guid(3d0789fab9ae30a49a6dda09f38fe977) Importer(2089858483,b0f066a214c2f5e87bad3c948f4d605d)
Start importing Assets/Projects/MegaSuperChallengeShot/Graphics/Cute_Birds(4 in 1)Mini/B1/Animations/Bird1_2.anim using Guid(3d0789fab9ae30a49a6dda09f38fe977) Importer(2089858483,b0f066a214c2f5e87bad3c948f4d605d) (ScriptedImporter) -> (artifact id: '0a7537f7aa1e2caf0aa728c424f1b8f5') in 0.0149642 seconds
Number of updated asset objects reloaded before import = 0Number of asset objects unloaded after import = 1

========================================================================
Received Import Request.
  Time since last request: 0.000026 seconds.
  path: Assets/Projects/MegaSuperChallengeShot/Graphics/Cute_Birds(4 in 1)Mini/B2_Duck/Animations/Bird2_5.anim
  artifactKey: Guid(ffcbaab715162be47b7e798d49e7cf55) Importer(2089858483,b0f066a214c2f5e87bad3c948f4d605d)
Start importing Assets/Projects/MegaSuperChallengeShot/Graphics/Cute_Birds(4 in 1)Mini/B2_Duck/Animations/Bird2_5.anim using Guid(ffcbaab715162be47b7e798d49e7cf55) Importer(2089858483,b0f066a214c2f5e87bad3c948f4d605d) (ScriptedImporter) -> (artifact id: '46c23b09ba0228beeff92a0d0e1bf803') in 0.0158302 seconds
Number of updated asset objects reloaded before import = 0Number of asset objects unloaded after import = 1

========================================================================
Received Import Request.
  Time since last request: 0.000086 seconds.
  path: Assets/Projects/GravityDash/kenney_ui-pack/PNG/Yellow/Double/slide_vertical_grey.png
  artifactKey: Guid(16c28eea4ed1b434c8f8e62a23b098e9) Importer(2089858483,b0f066a214c2f5e87bad3c948f4d605d)
Start importing Assets/Projects/GravityDash/kenney_ui-pack/PNG/Yellow/Double/slide_vertical_grey.png using Guid(16c28eea4ed1b434c8f8e62a23b098e9) Importer(2089858483,b0f066a214c2f5e87bad3c948f4d605d) (ScriptedImporter) -> (artifact id: 'a5bdc1edd7dbf9be0596765d8e702ced') in 0.0229138 seconds
Number of updated asset objects reloaded before import = 0Number of asset objects unloaded after import = 3

========================================================================
Received Import Request.
  Time since last request: 0.000017 seconds.
  path: Assets/Projects/MegaSuperChallengeShot/Graphics/Cute_Birds(4 in 1)Mini/B1/Animations/Bird1_4_0.controller
  artifactKey: Guid(d3f59ceca22909b4291bff8a08a1cc48) Importer(2089858483,b0f066a214c2f5e87bad3c948f4d605d)
Start importing Assets/Projects/MegaSuperChallengeShot/Graphics/Cute_Birds(4 in 1)Mini/B1/Animations/Bird1_4_0.controller using Guid(d3f59ceca22909b4291bff8a08a1cc48) Importer(2089858483,b0f066a214c2f5e87bad3c948f4d605d) (ScriptedImporter) -> (artifact id: '0482736bd7c0b73ef9d352b38cda08d6') in 0.0114873 seconds
Number of updated asset objects reloaded before import = 0Number of asset objects unloaded after import = 4

========================================================================
Received Import Request.
  Time since last request: 0.000028 seconds.
  path: Assets/Projects/GravityDash/kenney_ui-pack/PNG/Yellow/Double/button_rectangle_border.png
  artifactKey: Guid(2abafef85a3154628aea520e488e9fb5) Importer(2089858483,b0f066a214c2f5e87bad3c948f4d605d)
Start importing Assets/Projects/GravityDash/kenney_ui-pack/PNG/Yellow/Double/button_rectangle_border.png using Guid(2abafef85a3154628aea520e488e9fb5) Importer(2089858483,b0f066a214c2f5e87bad3c948f4d605d) (ScriptedImporter) -> (artifact id: '8cad82308b4c6bfc084e13cf74de60e3') in 0.0207042 seconds
Number of updated asset objects reloaded before import = 0Number of asset objects unloaded after import = 3

========================================================================
Received Import Request.
  Time since last request: 0.000025 seconds.
  path: Assets/Projects/GravityDash/kenney_ui-pack/PNG/Yellow/Double/button_rectangle_depth_line.png
  artifactKey: Guid(4496085a4ed114286bbfd56972e5cb76) Importer(2089858483,b0f066a214c2f5e87bad3c948f4d605d)
Start importing Assets/Projects/GravityDash/kenney_ui-pack/PNG/Yellow/Double/button_rectangle_depth_line.png using Guid(4496085a4ed114286bbfd56972e5cb76) Importer(2089858483,b0f066a214c2f5e87bad3c948f4d605d) (ScriptedImporter) -> (artifact id: 'b275faaf0d77084c5aa44ab70b6ce416') in 0.0200998 seconds
Number of updated asset objects reloaded before import = 0Number of asset objects unloaded after import = 3

========================================================================
Received Import Request.
  Time since last request: 0.000027 seconds.
  path: Assets/Projects/GravityDash/kenney_ui-pack/PNG/Yellow/Double/slide_hangle.png
  artifactKey: Guid(ced0b6ad2be8f409e825a6725f0c4581) Importer(2089858483,b0f066a214c2f5e87bad3c948f4d605d)
Start importing Assets/Projects/GravityDash/kenney_ui-pack/PNG/Yellow/Double/slide_hangle.png using Guid(ced0b6ad2be8f409e825a6725f0c4581) Importer(2089858483,b0f066a214c2f5e87bad3c948f4d605d) (ScriptedImporter) -> (artifact id: '20e7c20cbf5417cc81372f87a0a1f841') in 0.0145445 seconds
Number of updated asset objects reloaded before import = 0Number of asset objects unloaded after import = 3

========================================================================
Received Import Request.
  Time since last request: 0.000025 seconds.
  path: Assets/Projects/MegaSuperChallengeShot/Graphics/Cute_Birds(4 in 1)Mini/B1/Prefabs/Bird1_3_0.prefab
  artifactKey: Guid(915e2aeabbc487940ad1ce4c875c96a2) Importer(2089858483,b0f066a214c2f5e87bad3c948f4d605d)
Start importing Assets/Projects/MegaSuperChallengeShot/Graphics/Cute_Birds(4 in 1)Mini/B1/Prefabs/Bird1_3_0.prefab using Guid(915e2aeabbc487940ad1ce4c875c96a2) Importer(2089858483,b0f066a214c2f5e87bad3c948f4d605d) (ScriptedImporter) -> (artifact id: 'ce0a1943f12750e297094f0b4d3edec1') in 0.032003 seconds
Number of updated asset objects reloaded before import = 0Number of asset objects unloaded after import = 14

========================================================================
Received Import Request.
  Time since last request: 0.000023 seconds.
  path: Assets/Projects/MegaSuperChallengeShot/Graphics/Cute_Birds(4 in 1)Mini/B2_Duck/Animations/Bird2_4.anim
  artifactKey: Guid(a8f174e9e1a299344a23c40780da54e1) Importer(2089858483,b0f066a214c2f5e87bad3c948f4d605d)
Start importing Assets/Projects/MegaSuperChallengeShot/Graphics/Cute_Birds(4 in 1)Mini/B2_Duck/Animations/Bird2_4.anim using Guid(a8f174e9e1a299344a23c40780da54e1) Importer(2089858483,b0f066a214c2f5e87bad3c948f4d605d) (ScriptedImporter) -> (artifact id: '19c6008e090c32c3f3e4cb4f3aed2b7c') in 0.0131261 seconds
Number of updated asset objects reloaded before import = 0Number of asset objects unloaded after import = 1

========================================================================
Received Import Request.
  Time since last request: 0.000077 seconds.
  path: Assets/Projects/GravityDash/kenney_ui-pack/PNG/Red/Default/slide_horizontal_color_section_wide.png
  artifactKey: Guid(2cd0e1020f2fd4d3dab636989f87cc78) Importer(2089858483,b0f066a214c2f5e87bad3c948f4d605d)
Start importing Assets/Projects/GravityDash/kenney_ui-pack/PNG/Red/Default/slide_horizontal_color_section_wide.png using Guid(2cd0e1020f2fd4d3dab636989f87cc78) Importer(2089858483,b0f066a214c2f5e87bad3c948f4d605d) (ScriptedImporter) -> (artifact id: 'd39090d151e841bd065d3dfe99e5abb5') in 0.0211882 seconds
Number of updated asset objects reloaded before import = 0Number of asset objects unloaded after import = 3

========================================================================
Received Import Request.
  Time since last request: 0.000022 seconds.
  path: Assets/Projects/GravityDash/kenney_ui-pack/PNG/Extra/Double/icon_play_light.png
  artifactKey: Guid(e61b778770f0e49aa91cdf893a9c5e2c) Importer(2089858483,b0f066a214c2f5e87bad3c948f4d605d)
Start importing Assets/Projects/GravityDash/kenney_ui-pack/PNG/Extra/Double/icon_play_light.png using Guid(e61b778770f0e49aa91cdf893a9c5e2c) Importer(2089858483,b0f066a214c2f5e87bad3c948f4d605d) (ScriptedImporter) -> (artifact id: '16e30f6affca12d45fd5c286834c7b61') in 0.0225117 seconds
Number of updated asset objects reloaded before import = 0Number of asset objects unloaded after import = 3

========================================================================
Received Import Request.
  Time since last request: 0.000030 seconds.
  path: Assets/Projects/GravityDash/kenney_ui-pack/PNG/Red/Default/arrow_decorative_n_small.png
  artifactKey: Guid(80b55e70bfb0a40db8513e65fe1482db) Importer(2089858483,b0f066a214c2f5e87bad3c948f4d605d)
Start importing Assets/Projects/GravityDash/kenney_ui-pack/PNG/Red/Default/arrow_decorative_n_small.png using Guid(80b55e70bfb0a40db8513e65fe1482db) Importer(2089858483,b0f066a214c2f5e87bad3c948f4d605d) (ScriptedImporter) -> (artifact id: 'b7331d150411b233b7613be44629a94e') in 0.0209813 seconds
Number of updated asset objects reloaded before import = 0Number of asset objects unloaded after import = 3

========================================================================
Received Import Request.
  Time since last request: 0.000025 seconds.
  path: Assets/Projects/GravityDash/kenney_ui-pack/PNG/Red/Double/check_square_grey_square.png
  artifactKey: Guid(8c3cfaedbd8f8465e8924e82ae29f242) Importer(2089858483,b0f066a214c2f5e87bad3c948f4d605d)
Start importing Assets/Projects/GravityDash/kenney_ui-pack/PNG/Red/Double/check_square_grey_square.png using Guid(8c3cfaedbd8f8465e8924e82ae29f242) Importer(2089858483,b0f066a214c2f5e87bad3c948f4d605d) (ScriptedImporter) -> (artifact id: 'b5ff9ea7661633ac33dd50c43a1c367a') in 0.0141767 seconds
Number of updated asset objects reloaded before import = 0Number of asset objects unloaded after import = 3

========================================================================
Received Import Request.
  Time since last request: 0.000021 seconds.
  path: Assets/Projects/GravityDash/kenney_ui-pack/PNG/Grey/Double/button_square_depth_gradient.png
  artifactKey: Guid(3f2d820db62a54dd09215a17f3774dfd) Importer(2089858483,b0f066a214c2f5e87bad3c948f4d605d)
Start importing Assets/Projects/GravityDash/kenney_ui-pack/PNG/Grey/Double/button_square_depth_gradient.png using Guid(3f2d820db62a54dd09215a17f3774dfd) Importer(2089858483,b0f066a214c2f5e87bad3c948f4d605d) (ScriptedImporter) -> (artifact id: 'c43ce6c076013f551f804a30082c2490') in 0.0194681 seconds
Number of updated asset objects reloaded before import = 0Number of asset objects unloaded after import = 3

========================================================================
Received Import Request.
  Time since last request: 0.000022 seconds.
  path: Assets/Projects/GravityDash/kenney_ui-pack/PNG/Grey/Double/arrow_decorative_s_small.png
  artifactKey: Guid(215c9a1d300d140f69d97a40dda3591f) Importer(2089858483,b0f066a214c2f5e87bad3c948f4d605d)
Start importing Assets/Projects/GravityDash/kenney_ui-pack/PNG/Grey/Double/arrow_decorative_s_small.png using Guid(215c9a1d300d140f69d97a40dda3591f) Importer(2089858483,b0f066a214c2f5e87bad3c948f4d605d) (ScriptedImporter) -> (artifact id: '3b8c9a68dc720f4ab705a400cfb591ae') in 0.0177305 seconds
Number of updated asset objects reloaded before import = 0Number of asset objects unloaded after import = 3

========================================================================
Received Import Request.
  Time since last request: 0.000032 seconds.
  path: Assets/Projects/MegaSuperChallengeShot/Graphics/Cute_Birds(4 in 1)Mini/B2_Duck/Prefabs/Bird2 Duck_3_0.prefab
  artifactKey: Guid(b0564db6d1e40eb4d9bf3b2c09ac616e) Importer(2089858483,b0f066a214c2f5e87bad3c948f4d605d)
Start importing Assets/Projects/MegaSuperChallengeShot/Graphics/Cute_Birds(4 in 1)Mini/B2_Duck/Prefabs/Bird2 Duck_3_0.prefab using Guid(b0564db6d1e40eb4d9bf3b2c09ac616e) Importer(2089858483,b0f066a214c2f5e87bad3c948f4d605d) (ScriptedImporter) -> (artifact id: '1823d82c93d640798fc4356e6332907e') in 0.0235928 seconds
Number of updated asset objects reloaded before import = 0Number of asset objects unloaded after import = 14

========================================================================
Received Import Request.
  Time since last request: 0.000029 seconds.
  path: Assets/Projects/GravityDash/kenney_ui-pack/PNG/Grey/Default/check_square_color_cross.png
  artifactKey: Guid(7116412a0339b4077b1d706ad8f8c8e2) Importer(2089858483,b0f066a214c2f5e87bad3c948f4d605d)
Start importing Assets/Projects/GravityDash/kenney_ui-pack/PNG/Grey/Default/check_square_color_cross.png using Guid(7116412a0339b4077b1d706ad8f8c8e2) Importer(2089858483,b0f066a214c2f5e87bad3c948f4d605d) (ScriptedImporter) -> (artifact id: 'cfd04b591ccf44ab81d88d041b0ad451') in 0.0170024 seconds
Number of updated asset objects reloaded before import = 0Number of asset objects unloaded after import = 3

========================================================================
Received Import Request.
  Time since last request: 0.000021 seconds.
  path: Assets/Projects/MegaSuperChallengeShot/Graphics/Farland Skies/!Core/Scripts/DotParams/DotParam.cs
  artifactKey: Guid(e10cce2b0bd046d4daf7240ad64e3537) Importer(2089858483,b0f066a214c2f5e87bad3c948f4d605d)
Start importing Assets/Projects/MegaSuperChallengeShot/Graphics/Farland Skies/!Core/Scripts/DotParams/DotParam.cs using Guid(e10cce2b0bd046d4daf7240ad64e3537) Importer(2089858483,b0f066a214c2f5e87bad3c948f4d605d) (ScriptedImporter) -> (artifact id: 'c10ea792f56ac501c3c57c65870ebf73') in 0.0103163 seconds
Number of updated asset objects reloaded before import = 0Number of asset objects unloaded after import = 0

========================================================================
Received Import Request.
  Time since last request: 0.000042 seconds.
  path: Assets/Sprites/Cainos/Third Party/Lucid Editor/Editor/InspectorProperty/InspectorProperty.cs
  artifactKey: Guid(ffcdb64de16564251aeda3d6c3fd9861) Importer(2089858483,b0f066a214c2f5e87bad3c948f4d605d)
Start importing Assets/Sprites/Cainos/Third Party/Lucid Editor/Editor/InspectorProperty/InspectorProperty.cs using Guid(ffcdb64de16564251aeda3d6c3fd9861) Importer(2089858483,b0f066a214c2f5e87bad3c948f4d605d) (ScriptedImporter) -> (artifact id: 'eb78af7799d3b771ca43c1356e62d8a4') in 0.0105504 seconds
Number of updated asset objects reloaded before import = 0Number of asset objects unloaded after import = 0

========================================================================
Received Import Request.
  Time since last request: 0.000088 seconds.
  path: Assets/Sprites/Cainos/Third Party/Lucid Editor/Editor/Attributes/ShowIfAttributeProcessor.cs
  artifactKey: Guid(49b75efbae43a4c3abd9941511dd16f3) Importer(2089858483,b0f066a214c2f5e87bad3c948f4d605d)
Start importing Assets/Sprites/Cainos/Third Party/Lucid Editor/Editor/Attributes/ShowIfAttributeProcessor.cs using Guid(49b75efbae43a4c3abd9941511dd16f3) Importer(2089858483,b0f066a214c2f5e87bad3c948f4d605d) (ScriptedImporter) -> (artifact id: '6c845e213043375fc75c6ef9f9bb6e92') in 0.0091656 seconds
Number of updated asset objects reloaded before import = 0Number of asset objects unloaded after import = 0

========================================================================
Received Import Request.
  Time since last request: 0.000099 seconds.
  path: Assets/Sprites/Cainos/Third Party/Lucid Editor/Editor/Attributes/BlockquoteAttributeProcessor.cs
  artifactKey: Guid(0ed2d80f5f80a459faf430e73df69e01) Importer(2089858483,b0f066a214c2f5e87bad3c948f4d605d)
Start importing Assets/Sprites/Cainos/Third Party/Lucid Editor/Editor/Attributes/BlockquoteAttributeProcessor.cs using Guid(0ed2d80f5f80a459faf430e73df69e01) Importer(2089858483,b0f066a214c2f5e87bad3c948f4d605d) (ScriptedImporter) -> (artifact id: 'ba38d110c5ff0742d5d0edeae3fd1d5e') in 0.0108356 seconds
Number of updated asset objects reloaded before import = 0Number of asset objects unloaded after import = 0

========================================================================
Received Import Request.
  Time since last request: 0.000071 seconds.
  path: Assets/Projects/MegaSuperChallengeShot/Graphics/Farland Skies/Low Poly/Scripts/DotParams/CelestialParamsList.cs
  artifactKey: Guid(a4bace5607c971e4fab1004b869a7d11) Importer(2089858483,b0f066a214c2f5e87bad3c948f4d605d)
Start importing Assets/Projects/MegaSuperChallengeShot/Graphics/Farland Skies/Low Poly/Scripts/DotParams/CelestialParamsList.cs using Guid(a4bace5607c971e4fab1004b869a7d11) Importer(2089858483,b0f066a214c2f5e87bad3c948f4d605d) (ScriptedImporter) -> (artifact id: 'fed4932f191dbb27d1197eb20e309f14') in 0.0117236 seconds
Number of updated asset objects reloaded before import = 0Number of asset objects unloaded after import = 0

========================================================================
Received Import Request.
  Time since last request: 0.000122 seconds.
  path: Assets/Sprites/Cainos/Third Party/Lucid Editor/Runtime/Attributes/HideIfAttribute.cs
  artifactKey: Guid(00a6385f3e58a408e85760e29c92acda) Importer(2089858483,b0f066a214c2f5e87bad3c948f4d605d)
Start importing Assets/Sprites/Cainos/Third Party/Lucid Editor/Runtime/Attributes/HideIfAttribute.cs using Guid(00a6385f3e58a408e85760e29c92acda) Importer(2089858483,b0f066a214c2f5e87bad3c948f4d605d) (ScriptedImporter) -> (artifact id: '9622e21212e2e85aec626f6ed5897ca8') in 0.0114668 seconds
Number of updated asset objects reloaded before import = 0Number of asset objects unloaded after import = 0

========================================================================
Received Import Request.
  Time since last request: 0.000085 seconds.
  path: Assets/Projects/MegaSuperChallengeShot/Graphics/Farland Skies/Low Poly/Scripts/Controllers/SkyboxController.cs
  artifactKey: Guid(dca6002b33ac5bc48b39588e222296fb) Importer(2089858483,b0f066a214c2f5e87bad3c948f4d605d)
Start importing Assets/Projects/MegaSuperChallengeShot/Graphics/Farland Skies/Low Poly/Scripts/Controllers/SkyboxController.cs using Guid(dca6002b33ac5bc48b39588e222296fb) Importer(2089858483,b0f066a214c2f5e87bad3c948f4d605d) (ScriptedImporter) -> (artifact id: '5c54d9bad353288699d2af8c28061ad3') in 0.0120697 seconds
Number of updated asset objects reloaded before import = 0Number of asset objects unloaded after import = 0

========================================================================
Received Import Request.
  Time since last request: 0.000101 seconds.
  path: Assets/Projects/MegaSuperChallengeShot/Graphics/Farland Skies/Low Poly/Demo/Standart/CustomizationDemo.unity
  artifactKey: Guid(962ae467594794d4886ce2e80746e122) Importer(2089858483,b0f066a214c2f5e87bad3c948f4d605d)
Start importing Assets/Projects/MegaSuperChallengeShot/Graphics/Farland Skies/Low Poly/Demo/Standart/CustomizationDemo.unity using Guid(962ae467594794d4886ce2e80746e122) Importer(2089858483,b0f066a214c2f5e87bad3c948f4d605d) (ScriptedImporter) -> (artifact id: 'ddef8ad78e6cd18e845e0d5a1ad410ce') in 0.0164875 seconds
Number of updated asset objects reloaded before import = 0Number of asset objects unloaded after import = 1

========================================================================
Received Import Request.
  Time since last request: 0.000076 seconds.
  path: Assets/Sprites/Cainos/Third Party/Lucid Editor/Editor/Attributes/HorizontalLineAttributeProcessor.cs
  artifactKey: Guid(ae9d18acdc457450ea42f886ab9a9158) Importer(2089858483,b0f066a214c2f5e87bad3c948f4d605d)
Start importing Assets/Sprites/Cainos/Third Party/Lucid Editor/Editor/Attributes/HorizontalLineAttributeProcessor.cs using Guid(ae9d18acdc457450ea42f886ab9a9158) Importer(2089858483,b0f066a214c2f5e87bad3c948f4d605d) (ScriptedImporter) -> (artifact id: '7bb095b785dea07457e6758f9366f068') in 0.0131495 seconds
Number of updated asset objects reloaded before import = 0Number of asset objects unloaded after import = 0

========================================================================
Received Import Request.
  Time since last request: 0.000099 seconds.
  path: Assets/Sprites/Cainos/Third Party/Lucid Editor/Editor/InspectorProperty/InspectorPropertyGroup.cs
  artifactKey: Guid(36f0a0863c5ba44e7a958fb7d3dc4d38) Importer(2089858483,b0f066a214c2f5e87bad3c948f4d605d)
Start importing Assets/Sprites/Cainos/Third Party/Lucid Editor/Editor/InspectorProperty/InspectorPropertyGroup.cs using Guid(36f0a0863c5ba44e7a958fb7d3dc4d38) Importer(2089858483,b0f066a214c2f5e87bad3c948f4d605d) (ScriptedImporter) -> (artifact id: '2de464501ffb085d640525e07a4071d6') in 0.0126557 seconds
Number of updated asset objects reloaded before import = 0Number of asset objects unloaded after import = 0

========================================================================
Received Import Request.
  Time since last request: 0.000091 seconds.
  path: Assets/Sprites/Cainos/Third Party/Lucid Editor/Editor/Attributes/AssetsOnlyAttributeProcessor.cs
  artifactKey: Guid(fd9e1c6dc2e2a6f41993a36ad5dad550) Importer(2089858483,b0f066a214c2f5e87bad3c948f4d605d)
Start importing Assets/Sprites/Cainos/Third Party/Lucid Editor/Editor/Attributes/AssetsOnlyAttributeProcessor.cs using Guid(fd9e1c6dc2e2a6f41993a36ad5dad550) Importer(2089858483,b0f066a214c2f5e87bad3c948f4d605d) (ScriptedImporter) -> (artifact id: '6ec7a428cb007fc225ef39059676b6b2') in 0.0129713 seconds
Number of updated asset objects reloaded before import = 0Number of asset objects unloaded after import = 0

========================================================================
Received Import Request.
  Time since last request: 0.000108 seconds.
  path: Assets/Projects/MegaSuperChallengeShot/Graphics/Farland Skies/Low Poly/Scripts/DotParams/SkyParamsList.cs
  artifactKey: Guid(3a2363447474ca145985743834c65d45) Importer(2089858483,b0f066a214c2f5e87bad3c948f4d605d)
Start importing Assets/Projects/MegaSuperChallengeShot/Graphics/Farland Skies/Low Poly/Scripts/DotParams/SkyParamsList.cs using Guid(3a2363447474ca145985743834c65d45) Importer(2089858483,b0f066a214c2f5e87bad3c948f4d605d) (ScriptedImporter) -> (artifact id: '461299e580aad11e9bdf54104f5c7a3c') in 0.01393 seconds
Number of updated asset objects reloaded before import = 0Number of asset objects unloaded after import = 0

========================================================================
Received Import Request.
  Time since last request: 0.000080 seconds.
  path: Assets/Projects/MegaSuperChallengeShot/Graphics/Farland Skies/Low Poly/Scripts/DotParams/StarsParamsList.cs
  artifactKey: Guid(f412ebe2b29427943ad2b8ac0d7f5c37) Importer(2089858483,b0f066a214c2f5e87bad3c948f4d605d)
Start importing Assets/Projects/MegaSuperChallengeShot/Graphics/Farland Skies/Low Poly/Scripts/DotParams/StarsParamsList.cs using Guid(f412ebe2b29427943ad2b8ac0d7f5c37) Importer(2089858483,b0f066a214c2f5e87bad3c948f4d605d) (ScriptedImporter) -> (artifact id: '83c9e49099ea79d9ee8be56070313b23') in 0.0123488 seconds
Number of updated asset objects reloaded before import = 0Number of asset objects unloaded after import = 0

========================================================================
Received Import Request.
  Time since last request: 0.000124 seconds.
  path: Assets/Sprites/Cainos/Third Party/Lucid Editor/Editor/Attributes/GroupAttributeProcessor.cs
  artifactKey: Guid(881f22c00ad84426d9c0ac07a3a097e1) Importer(2089858483,b0f066a214c2f5e87bad3c948f4d605d)
Start importing Assets/Sprites/Cainos/Third Party/Lucid Editor/Editor/Attributes/GroupAttributeProcessor.cs using Guid(881f22c00ad84426d9c0ac07a3a097e1) Importer(2089858483,b0f066a214c2f5e87bad3c948f4d605d) (ScriptedImporter) -> (artifact id: 'c44668cff6edaf096d3542c89607f455') in 0.0139734 seconds
Number of updated asset objects reloaded before import = 0Number of asset objects unloaded after import = 0

========================================================================
Received Import Request.
  Time since last request: 0.000132 seconds.
  path: Assets/Sprites/Cainos/Third Party/Lucid Editor/Runtime/Attributes/HorizontalLineAttribute.cs
  artifactKey: Guid(875c2c64a20374cd08ac4eebb6c290d7) Importer(2089858483,b0f066a214c2f5e87bad3c948f4d605d)
Start importing Assets/Sprites/Cainos/Third Party/Lucid Editor/Runtime/Attributes/HorizontalLineAttribute.cs using Guid(875c2c64a20374cd08ac4eebb6c290d7) Importer(2089858483,b0f066a214c2f5e87bad3c948f4d605d) (ScriptedImporter) -> (artifact id: 'ed447a85848524e822117ad35149d6f5') in 0.008392 seconds
Number of updated asset objects reloaded before import = 0Number of asset objects unloaded after import = 0

========================================================================
Received Import Request.
  Time since last request: 0.000104 seconds.
  path: Assets/Sprites/Cainos/Third Party/Lucid Editor/Editor/Attributes/TitleHeaderAttributeProcessor.cs
  artifactKey: Guid(4bf9692430a8b4778bf1d8710eed95f4) Importer(2089858483,b0f066a214c2f5e87bad3c948f4d605d)
Start importing Assets/Sprites/Cainos/Third Party/Lucid Editor/Editor/Attributes/TitleHeaderAttributeProcessor.cs using Guid(4bf9692430a8b4778bf1d8710eed95f4) Importer(2089858483,b0f066a214c2f5e87bad3c948f4d605d) (ScriptedImporter) -> (artifact id: 'be18b93b7750311d4261dd228ae7f878') in 0.0130607 seconds
Number of updated asset objects reloaded before import = 0Number of asset objects unloaded after import = 0

========================================================================
Received Import Request.
  Time since last request: 0.000132 seconds.
  path: Assets/Sprites/Cainos/Third Party/Lucid Editor/Runtime/Attributes/FoldoutGroupAttribute.cs
  artifactKey: Guid(fe1f3a8dfb58c449090899088d5112a5) Importer(2089858483,b0f066a214c2f5e87bad3c948f4d605d)
Start importing Assets/Sprites/Cainos/Third Party/Lucid Editor/Runtime/Attributes/FoldoutGroupAttribute.cs using Guid(fe1f3a8dfb58c449090899088d5112a5) Importer(2089858483,b0f066a214c2f5e87bad3c948f4d605d) (ScriptedImporter) -> (artifact id: 'a2ee3f480e4a284bde3b4488edffb55b') in 0.0127336 seconds
Number of updated asset objects reloaded before import = 0Number of asset objects unloaded after import = 0

========================================================================
Received Import Request.
  Time since last request: 0.000110 seconds.
  path: Assets/Sprites/Cainos/Third Party/Lucid Editor/Editor/Attributes/HideLabelAttributeProcessor.cs
  artifactKey: Guid(a318ee3a513dc4de3aa50762a65136cb) Importer(2089858483,b0f066a214c2f5e87bad3c948f4d605d)
Start importing Assets/Sprites/Cainos/Third Party/Lucid Editor/Editor/Attributes/HideLabelAttributeProcessor.cs using Guid(a318ee3a513dc4de3aa50762a65136cb) Importer(2089858483,b0f066a214c2f5e87bad3c948f4d605d) (ScriptedImporter) -> (artifact id: '16ec5e2d3a39aa846225ac17cd61a81f') in 0.0139711 seconds
Number of updated asset objects reloaded before import = 0Number of asset objects unloaded after import = 0

========================================================================
Received Import Request.
  Time since last request: 0.000096 seconds.
  path: Assets/Projects/MegaSuperChallengeShot/Graphics/Farland Skies/Low Poly/Prefabs/SkyboxCycleManager.prefab
  artifactKey: Guid(d641129db7fbaa047b4268d4789e10a1) Importer(2089858483,b0f066a214c2f5e87bad3c948f4d605d)
Start importing Assets/Projects/MegaSuperChallengeShot/Graphics/Farland Skies/Low Poly/Prefabs/SkyboxCycleManager.prefab using Guid(d641129db7fbaa047b4268d4789e10a1) Importer(2089858483,b0f066a214c2f5e87bad3c948f4d605d) (ScriptedImporter) -> (artifact id: '435d4239c4ca1b8b697de8e9b486e149') in 0.0109561 seconds
Number of updated asset objects reloaded before import = 0Number of asset objects unloaded after import = 5

========================================================================
Received Import Request.
  Time since last request: 0.000106 seconds.
  path: Assets/Projects/GravityDash/kenney_ui-pack/PNG/Green/Double/star.png
  artifactKey: Guid(1a5fa0ba66ffb4f678bf332e8430437e) Importer(2089858483,b0f066a214c2f5e87bad3c948f4d605d)
Start importing Assets/Projects/GravityDash/kenney_ui-pack/PNG/Green/Double/star.png using Guid(1a5fa0ba66ffb4f678bf332e8430437e) Importer(2089858483,b0f066a214c2f5e87bad3c948f4d605d) (ScriptedImporter) -> (artifact id: '79da1bae94e253c4e6c70d94a85649ae') in 0.0254151 seconds
Number of updated asset objects reloaded before import = 0Number of asset objects unloaded after import = 3

========================================================================
Received Import Request.
  Time since last request: 0.000025 seconds.
  path: Assets/Projects/MegaSuperChallengeShot/Graphics/Cute_Birds(4 in 1)Mini/B1/Animations/Bird1_1.anim
  artifactKey: Guid(be0cb65c3e749944590e9721b56053b5) Importer(2089858483,b0f066a214c2f5e87bad3c948f4d605d)
Start importing Assets/Projects/MegaSuperChallengeShot/Graphics/Cute_Birds(4 in 1)Mini/B1/Animations/Bird1_1.anim using Guid(be0cb65c3e749944590e9721b56053b5) Importer(2089858483,b0f066a214c2f5e87bad3c948f4d605d) (ScriptedImporter) -> (artifact id: '6749c23b1552556eb8db0f95747acbb1') in 0.0159081 seconds
Number of updated asset objects reloaded before import = 0Number of asset objects unloaded after import = 1

========================================================================
Received Import Request.
  Time since last request: 0.000026 seconds.
  path: Assets/Projects/GravityDash/kenney_ui-pack/PNG/Green/Double/slide_vertical_grey_section.png
  artifactKey: Guid(6c2540027c48e4b1595d3cd72ca69548) Importer(2089858483,b0f066a214c2f5e87bad3c948f4d605d)
Start importing Assets/Projects/GravityDash/kenney_ui-pack/PNG/Green/Double/slide_vertical_grey_section.png using Guid(6c2540027c48e4b1595d3cd72ca69548) Importer(2089858483,b0f066a214c2f5e87bad3c948f4d605d) (ScriptedImporter) -> (artifact id: '66f436537357510cbd9db239ad2d10bf') in 0.0174529 seconds
Number of updated asset objects reloaded before import = 0Number of asset objects unloaded after import = 3

========================================================================
Received Import Request.
  Time since last request: 0.000027 seconds.
  path: Assets/Projects/GravityDash/kenney_ui-pack/PNG/Green/Double/arrow_decorative_e_small.png
  artifactKey: Guid(33db9840cae62487d8f8b1bb52ace27d) Importer(2089858483,b0f066a214c2f5e87bad3c948f4d605d)
Start importing Assets/Projects/GravityDash/kenney_ui-pack/PNG/Green/Double/arrow_decorative_e_small.png using Guid(33db9840cae62487d8f8b1bb52ace27d) Importer(2089858483,b0f066a214c2f5e87bad3c948f4d605d) (ScriptedImporter) -> (artifact id: '2d05dd9eb12f4d029033cb7df76d1141') in 0.0182434 seconds
Number of updated asset objects reloaded before import = 0Number of asset objects unloaded after import = 3

========================================================================
Received Import Request.
  Time since last request: 0.000027 seconds.
  path: Assets/Projects/GravityDash/kenney_ui-pack/PNG/Yellow/Default/button_rectangle_border.png
  artifactKey: Guid(7e7a14ec5157b408bb1beae2ecbfe11c) Importer(2089858483,b0f066a214c2f5e87bad3c948f4d605d)
Start importing Assets/Projects/GravityDash/kenney_ui-pack/PNG/Yellow/Default/button_rectangle_border.png using Guid(7e7a14ec5157b408bb1beae2ecbfe11c) Importer(2089858483,b0f066a214c2f5e87bad3c948f4d605d) (ScriptedImporter) -> (artifact id: '3cee9f97208b6db6cf4e81b8c12f8c0a') in 0.0169149 seconds
Number of updated asset objects reloaded before import = 0Number of asset objects unloaded after import = 3

========================================================================
Received Import Request.
  Time since last request: 0.000022 seconds.
  path: Assets/Projects/MegaSuperChallengeShot/Graphics/Farland Skies/!Core/Icons/Professional/Star_16.png
  artifactKey: Guid(a1bf0edda508c31499e8c13d7a0759b7) Importer(2089858483,b0f066a214c2f5e87bad3c948f4d605d)
Start importing Assets/Projects/MegaSuperChallengeShot/Graphics/Farland Skies/!Core/Icons/Professional/Star_16.png using Guid(a1bf0edda508c31499e8c13d7a0759b7) Importer(2089858483,b0f066a214c2f5e87bad3c948f4d605d) (ScriptedImporter) -> (artifact id: '2f10fff2130bee717f65fa194a9acabd') in 0.0130806 seconds
Number of updated asset objects reloaded before import = 0Number of asset objects unloaded after import = 1

========================================================================
Received Import Request.
  Time since last request: 0.000096 seconds.
  path: Assets/Projects/GravityDash/kenney_ui-pack/PNG/Red/Double/arrow_decorative_e.png
  artifactKey: Guid(d660746d2aa734a7fa6c262b437497b7) Importer(2089858483,b0f066a214c2f5e87bad3c948f4d605d)
Start importing Assets/Projects/GravityDash/kenney_ui-pack/PNG/Red/Double/arrow_decorative_e.png using Guid(d660746d2aa734a7fa6c262b437497b7) Importer(2089858483,b0f066a214c2f5e87bad3c948f4d605d) (ScriptedImporter) -> (artifact id: '0c74f0506f57c1aa742aaf8392ca37e2') in 0.0173236 seconds
Number of updated asset objects reloaded before import = 0Number of asset objects unloaded after import = 3

========================================================================
Received Import Request.
  Time since last request: 0.000025 seconds.
  path: Assets/Projects/GravityDash/kenney_ui-pack/PNG/Grey/Default/button_rectangle_border.png
  artifactKey: Guid(fd2cf08307316479cab03507a23b3809) Importer(2089858483,b0f066a214c2f5e87bad3c948f4d605d)
Start importing Assets/Projects/GravityDash/kenney_ui-pack/PNG/Grey/Default/button_rectangle_border.png using Guid(fd2cf08307316479cab03507a23b3809) Importer(2089858483,b0f066a214c2f5e87bad3c948f4d605d) (ScriptedImporter) -> (artifact id: '9bd7b34fcc29eb2bb2f8c15d8ba8cbad') in 0.0199655 seconds
Number of updated asset objects reloaded before import = 0Number of asset objects unloaded after import = 3

========================================================================
Received Import Request.
  Time since last request: 0.000024 seconds.
  path: Assets/Projects/MegaSuperChallengeShot/Graphics/Farland Skies/Low Poly/Scripts/DotParams/Editor/StarsParamDrawer.cs
  artifactKey: Guid(2f9a54829d9be7a418486d9b0495aff3) Importer(2089858483,b0f066a214c2f5e87bad3c948f4d605d)
Start importing Assets/Projects/MegaSuperChallengeShot/Graphics/Farland Skies/Low Poly/Scripts/DotParams/Editor/StarsParamDrawer.cs using Guid(2f9a54829d9be7a418486d9b0495aff3) Importer(2089858483,b0f066a214c2f5e87bad3c948f4d605d) (ScriptedImporter) -> (artifact id: 'e85ebea14a619b80051da3791add5a33') in 0.0132527 seconds
Number of updated asset objects reloaded before import = 0Number of asset objects unloaded after import = 0

========================================================================
Received Import Request.
  Time since last request: 0.000125 seconds.
  path: Assets/Projects/MegaSuperChallengeShot/Graphics/Farland Skies/Low Poly/Demo/Standart/Scripts/UI/Buttons/CloudsRotationButton.cs
  artifactKey: Guid(ad65a03e2ba19b346ad04e5fcb9723f5) Importer(2089858483,b0f066a214c2f5e87bad3c948f4d605d)
Start importing Assets/Projects/MegaSuperChallengeShot/Graphics/Farland Skies/Low Poly/Demo/Standart/Scripts/UI/Buttons/CloudsRotationButton.cs using Guid(ad65a03e2ba19b346ad04e5fcb9723f5) Importer(2089858483,b0f066a214c2f5e87bad3c948f4d605d) (ScriptedImporter) -> (artifact id: '17619ddc417bba43e0f6408fba7aca14') in 0.0109663 seconds
Number of updated asset objects reloaded before import = 0Number of asset objects unloaded after import = 0

========================================================================
Received Import Request.
  Time since last request: 0.000052 seconds.
  path: Assets/Projects/MegaSuperChallengeShot/Graphics/Farland Skies/Low Poly/Demo/URP/Materials/Plateau/Snowmat.mat
  artifactKey: Guid(44ba5161548e4ec7a3bd8243baf11327) Importer(2089858483,b0f066a214c2f5e87bad3c948f4d605d)
Start importing Assets/Projects/MegaSuperChallengeShot/Graphics/Farland Skies/Low Poly/Demo/URP/Materials/Plateau/Snowmat.mat using Guid(44ba5161548e4ec7a3bd8243baf11327) Importer(2089858483,b0f066a214c2f5e87bad3c948f4d605d) (ScriptedImporter) -> (artifact id: '8b7d2d1c5834c47afc7123aa20757efc') in 0.0331783 seconds
Number of updated asset objects reloaded before import = 0Number of asset objects unloaded after import = 2

========================================================================
Received Import Request.
  Time since last request: 0.000031 seconds.
  path: Assets/Projects/MegaSuperChallengeShot/Graphics/OccaSoftware/Crosshairs/Art/Textures/Crosshair_27.png
  artifactKey: Guid(7789b657ea330f94d9b70d6d4a117aed) Importer(2089858483,b0f066a214c2f5e87bad3c948f4d605d)
Start importing Assets/Projects/MegaSuperChallengeShot/Graphics/OccaSoftware/Crosshairs/Art/Textures/Crosshair_27.png using Guid(7789b657ea330f94d9b70d6d4a117aed) Importer(2089858483,b0f066a214c2f5e87bad3c948f4d605d) (ScriptedImporter) -> (artifact id: '2fa5c57e5240bf2ffa2ccbf268274c11') in 0.0180567 seconds
Number of updated asset objects reloaded before import = 0Number of asset objects unloaded after import = 3

========================================================================
Received Import Request.
  Time since last request: 0.000029 seconds.
  path: Assets/Projects/MegaSuperChallengeShot/Graphics/OccaSoftware/Crosshairs/Art/Textures/Crosshair_08.png
  artifactKey: Guid(6630dbfefd1c68a42971b0d02b77150e) Importer(2089858483,b0f066a214c2f5e87bad3c948f4d605d)
Start importing Assets/Projects/MegaSuperChallengeShot/Graphics/OccaSoftware/Crosshairs/Art/Textures/Crosshair_08.png using Guid(6630dbfefd1c68a42971b0d02b77150e) Importer(2089858483,b0f066a214c2f5e87bad3c948f4d605d) (ScriptedImporter) -> (artifact id: '3b74f8542a348f2a3395cd71b8d76ee9') in 0.0133912 seconds
Number of updated asset objects reloaded before import = 0Number of asset objects unloaded after import = 3

========================================================================
Received Import Request.
  Time since last request: 0.000018 seconds.
  path: Assets/Projects/MegaSuperChallengeShot/Graphics/OccaSoftware/Crosshairs/DemoResources/Scenes/MassiveCrosshairBundle_P.unity
  artifactKey: Guid(91aeefffaccd39d46916fcef045c0cc9) Importer(2089858483,b0f066a214c2f5e87bad3c948f4d605d)
Start importing Assets/Projects/MegaSuperChallengeShot/Graphics/OccaSoftware/Crosshairs/DemoResources/Scenes/MassiveCrosshairBundle_P.unity using Guid(91aeefffaccd39d46916fcef045c0cc9) Importer(2089858483,b0f066a214c2f5e87bad3c948f4d605d) (ScriptedImporter) -> (artifact id: 'd113a4967cf31b187f4768e1f013e190') in 0.014011 seconds
Number of updated asset objects reloaded before import = 0Number of asset objects unloaded after import = 1

========================================================================
Received Import Request.
  Time since last request: 0.000120 seconds.
  path: Assets/Projects/MegaSuperChallengeShot/Graphics/Farland Skies/Low Poly/Demo/Standart/Scripts/Player/FPSWalkerEnhanced.cs
  artifactKey: Guid(de782a9c01c0337408eeeaf64851687a) Importer(2089858483,b0f066a214c2f5e87bad3c948f4d605d)
Start importing Assets/Projects/MegaSuperChallengeShot/Graphics/Farland Skies/Low Poly/Demo/Standart/Scripts/Player/FPSWalkerEnhanced.cs using Guid(de782a9c01c0337408eeeaf64851687a) Importer(2089858483,b0f066a214c2f5e87bad3c948f4d605d) (ScriptedImporter) -> (artifact id: '51c9daafcb3d7fa04b633aca965403f9') in 0.013477 seconds
Number of updated asset objects reloaded before import = 0Number of asset objects unloaded after import = 0

========================================================================
Received Import Request.
  Time since last request: 0.000109 seconds.
  path: Assets/Projects/MegaSuperChallengeShot/Graphics/Farland Skies/Low Poly/Textures/Moon/Moon_LP_05.png
  artifactKey: Guid(9f42eda02e710ff49b1ba615b31ee896) Importer(2089858483,b0f066a214c2f5e87bad3c948f4d605d)
Start importing Assets/Projects/MegaSuperChallengeShot/Graphics/Farland Skies/Low Poly/Textures/Moon/Moon_LP_05.png using Guid(9f42eda02e710ff49b1ba615b31ee896) Importer(2089858483,b0f066a214c2f5e87bad3c948f4d605d) (ScriptedImporter) -> (artifact id: '582571d9f624ec62adf9db14607c3efe') in 0.0223098 seconds
Number of updated asset objects reloaded before import = 0Number of asset objects unloaded after import = 1

========================================================================
Received Import Request.
  Time since last request: 0.000026 seconds.
  path: Assets/Projects/MegaSuperChallengeShot/Graphics/Farland Skies/Low Poly/Textures/Stars/Stars_LP_01.png
  artifactKey: Guid(0b891b1d885eb654ab18d7a3a5fc87e1) Importer(2089858483,b0f066a214c2f5e87bad3c948f4d605d)
Start importing Assets/Projects/MegaSuperChallengeShot/Graphics/Farland Skies/Low Poly/Textures/Stars/Stars_LP_01.png using Guid(0b891b1d885eb654ab18d7a3a5fc87e1) Importer(2089858483,b0f066a214c2f5e87bad3c948f4d605d) (ScriptedImporter) -> (artifact id: 'edb3e9e997a7a290b113ddb27d1369f9') in 0.0231801 seconds
Number of updated asset objects reloaded before import = 0Number of asset objects unloaded after import = 1

========================================================================
Received Import Request.
  Time since last request: 0.000029 seconds.
  path: Assets/Projects/MegaSuperChallengeShot/Graphics/OccaSoftware/Crosshairs/Art/Textures/Crosshair_03.png
  artifactKey: Guid(8c89ed5746a4faa48bb97701cc2f2e35) Importer(2089858483,b0f066a214c2f5e87bad3c948f4d605d)
Start importing Assets/Projects/MegaSuperChallengeShot/Graphics/OccaSoftware/Crosshairs/Art/Textures/Crosshair_03.png using Guid(8c89ed5746a4faa48bb97701cc2f2e35) Importer(2089858483,b0f066a214c2f5e87bad3c948f4d605d) (ScriptedImporter) -> (artifact id: '22c43ef912c2b23ffa9b050a6f7cde3d') in 0.0160781 seconds
Number of updated asset objects reloaded before import = 0Number of asset objects unloaded after import = 3

========================================================================
Received Import Request.
  Time since last request: 0.000044 seconds.
  path: Assets/Projects/MegaSuperChallengeShot/Graphics/Farland Skies/Low Poly/Demo/Standart/Models/Plateau/Materials/Snowmat.mat
  artifactKey: Guid(3db051f3c6b00a3428fc97409dabb2d4) Importer(2089858483,b0f066a214c2f5e87bad3c948f4d605d)
Start importing Assets/Projects/MegaSuperChallengeShot/Graphics/Farland Skies/Low Poly/Demo/Standart/Models/Plateau/Materials/Snowmat.mat using Guid(3db051f3c6b00a3428fc97409dabb2d4) Importer(2089858483,b0f066a214c2f5e87bad3c948f4d605d) (ScriptedImporter) -> (artifact id: 'baa1cc2cba39203028df7882088bec8f') in 0.0162825 seconds
Number of updated asset objects reloaded before import = 0Number of asset objects unloaded after import = 1

========================================================================
Received Import Request.
  Time since last request: 0.000082 seconds.
  path: Assets/Projects/MegaSuperChallengeShot/Graphics/Farland Skies/Low Poly/Demo/Standart/Models/Boulders/Boulder_02.fbx
  artifactKey: Guid(4146d9eaa2e4ea14fa539de11eaa8d66) Importer(2089858483,b0f066a214c2f5e87bad3c948f4d605d)
Start importing Assets/Projects/MegaSuperChallengeShot/Graphics/Farland Skies/Low Poly/Demo/Standart/Models/Boulders/Boulder_02.fbx using Guid(4146d9eaa2e4ea14fa539de11eaa8d66) Importer(2089858483,b0f066a214c2f5e87bad3c948f4d605d) (ScriptedImporter) -> (artifact id: 'eede9d5ba933a7db6bc9834138b34db8') in 0.034719 seconds
Number of updated asset objects reloaded before import = 0Number of asset objects unloaded after import = 8

========================================================================
Received Import Request.
  Time since last request: 0.000033 seconds.
  path: Assets/Projects/MegaSuperChallengeShot/Graphics/Cute_Birds(4 in 1)Mini/B3_Egret/Animations/Bird3_Egret5_0.controller
  artifactKey: Guid(ca139872c03559042894022ecf08484a) Importer(2089858483,b0f066a214c2f5e87bad3c948f4d605d)
Start importing Assets/Projects/MegaSuperChallengeShot/Graphics/Cute_Birds(4 in 1)Mini/B3_Egret/Animations/Bird3_Egret5_0.controller using Guid(ca139872c03559042894022ecf08484a) Importer(2089858483,b0f066a214c2f5e87bad3c948f4d605d) (ScriptedImporter) -> (artifact id: '45e8e54272f6383ae7913730a55e97bc') in 0.0131033 seconds
Number of updated asset objects reloaded before import = 0Number of asset objects unloaded after import = 4

========================================================================
Received Import Request.
  Time since last request: 0.000055 seconds.
  path: Assets/Projects/GravityDash/kenney_ui-pack/PNG/Grey/Default/icon_outline_cross.png
  artifactKey: Guid(3f776c10c49c34900989613f49d1b70a) Importer(2089858483,b0f066a214c2f5e87bad3c948f4d605d)
Start importing Assets/Projects/GravityDash/kenney_ui-pack/PNG/Grey/Default/icon_outline_cross.png using Guid(3f776c10c49c34900989613f49d1b70a) Importer(2089858483,b0f066a214c2f5e87bad3c948f4d605d) (ScriptedImporter) -> (artifact id: '1f1f191a174e87f389fc56664e8809b5') in 0.0215603 seconds
Number of updated asset objects reloaded before import = 0Number of asset objects unloaded after import = 3

========================================================================
Received Import Request.
  Time since last request: 0.000026 seconds.
  path: Assets/Projects/GravityDash/kenney_ui-pack/PNG/Grey/Double/arrow_decorative_s.png
  artifactKey: Guid(9cc0dc3337ad14d7b8589efd5ffb92a9) Importer(2089858483,b0f066a214c2f5e87bad3c948f4d605d)
Start importing Assets/Projects/GravityDash/kenney_ui-pack/PNG/Grey/Double/arrow_decorative_s.png using Guid(9cc0dc3337ad14d7b8589efd5ffb92a9) Importer(2089858483,b0f066a214c2f5e87bad3c948f4d605d) (ScriptedImporter) -> (artifact id: '12e7271c4dacdf39858878c5a5d6359a') in 0.0213097 seconds
Number of updated asset objects reloaded before import = 0Number of asset objects unloaded after import = 3

========================================================================
Received Import Request.
  Time since last request: 0.000026 seconds.
  path: Assets/Projects/GravityDash/kenney_ui-pack/PNG/Red/Default/check_round_color.png
  artifactKey: Guid(6ddddac9fe09a49789fcf2873de9a4a7) Importer(2089858483,b0f066a214c2f5e87bad3c948f4d605d)
Start importing Assets/Projects/GravityDash/kenney_ui-pack/PNG/Red/Default/check_round_color.png using Guid(6ddddac9fe09a49789fcf2873de9a4a7) Importer(2089858483,b0f066a214c2f5e87bad3c948f4d605d) (ScriptedImporter) -> (artifact id: '37fef39481befc7fa73519b5d3b28db4') in 0.0218159 seconds
Number of updated asset objects reloaded before import = 0Number of asset objects unloaded after import = 3

========================================================================
Received Import Request.
  Time since last request: 0.000024 seconds.
  path: Assets/Projects/GravityDash/kenney_ui-pack/PNG/Red/Double/button_square_gloss.png
  artifactKey: Guid(1d571d0b7f2484d80a207069b094a465) Importer(2089858483,b0f066a214c2f5e87bad3c948f4d605d)
Start importing Assets/Projects/GravityDash/kenney_ui-pack/PNG/Red/Double/button_square_gloss.png using Guid(1d571d0b7f2484d80a207069b094a465) Importer(2089858483,b0f066a214c2f5e87bad3c948f4d605d) (ScriptedImporter) -> (artifact id: '22368e702bbb40bfaeaceb66d6c23b36') in 0.0212428 seconds
Number of updated asset objects reloaded before import = 0Number of asset objects unloaded after import = 3

========================================================================
Received Import Request.
  Time since last request: 0.000032 seconds.
  path: Assets/Projects/GravityDash/kenney_ui-pack/PNG/Red/Default/slide_vertical_color_section_wide.png
  artifactKey: Guid(97f6760cc304d4eee92336c125c18656) Importer(2089858483,b0f066a214c2f5e87bad3c948f4d605d)
Start importing Assets/Projects/GravityDash/kenney_ui-pack/PNG/Red/Default/slide_vertical_color_section_wide.png using Guid(97f6760cc304d4eee92336c125c18656) Importer(2089858483,b0f066a214c2f5e87bad3c948f4d605d) (ScriptedImporter) -> (artifact id: 'e9ce03015bbb2ca73a8668a742136cbd') in 0.022402 seconds
Number of updated asset objects reloaded before import = 0Number of asset objects unloaded after import = 3

========================================================================
Received Import Request.
  Time since last request: 0.000048 seconds.
  path: Assets/Projects/GravityDash/kenney_ui-pack/PNG/Red/Double/slide_vertical_grey_section_wide.png
  artifactKey: Guid(b42c3b01eed1a4801a9eb61a2cf1b182) Importer(2089858483,b0f066a214c2f5e87bad3c948f4d605d)
Start importing Assets/Projects/GravityDash/kenney_ui-pack/PNG/Red/Double/slide_vertical_grey_section_wide.png using Guid(b42c3b01eed1a4801a9eb61a2cf1b182) Importer(2089858483,b0f066a214c2f5e87bad3c948f4d605d) (ScriptedImporter) -> (artifact id: '431297742bf88342e816f5e7d0ccaa69') in 0.0187534 seconds
Number of updated asset objects reloaded before import = 0Number of asset objects unloaded after import = 3

========================================================================
Received Import Request.
  Time since last request: 0.000023 seconds.
  path: Assets/Projects/GravityDash/kenney_ui-pack/PNG/Grey/Double/button_rectangle_depth_gloss.png
  artifactKey: Guid(318aa988ae7b04bbcb8794d6ce15bdc2) Importer(2089858483,b0f066a214c2f5e87bad3c948f4d605d)
Start importing Assets/Projects/GravityDash/kenney_ui-pack/PNG/Grey/Double/button_rectangle_depth_gloss.png using Guid(318aa988ae7b04bbcb8794d6ce15bdc2) Importer(2089858483,b0f066a214c2f5e87bad3c948f4d605d) (ScriptedImporter) -> (artifact id: '3b4f7c0152a9a8e0ed4fe3c2e1d91035') in 0.0220478 seconds
Number of updated asset objects reloaded before import = 0Number of asset objects unloaded after import = 3

========================================================================
Received Import Request.
  Time since last request: 0.000023 seconds.
  path: Assets/Sprites/Cainos/Third Party/Lucid Editor/Runtime/Attributes/HideMonoScript.cs
  artifactKey: Guid(0747ac6687fef43fcbb38ec9e9c8d06c) Importer(2089858483,b0f066a214c2f5e87bad3c948f4d605d)
Start importing Assets/Sprites/Cainos/Third Party/Lucid Editor/Runtime/Attributes/HideMonoScript.cs using Guid(0747ac6687fef43fcbb38ec9e9c8d06c) Importer(2089858483,b0f066a214c2f5e87bad3c948f4d605d) (ScriptedImporter) -> (artifact id: '32f293eb62287ad23972b2038250500a') in 0.0158747 seconds
Number of updated asset objects reloaded before import = 0Number of asset objects unloaded after import = 0

========================================================================
Received Import Request.
  Time since last request: 0.000143 seconds.
  path: Assets/Projects/GravityDash/kenney_ui-pack/PNG/Yellow/Default/arrow_decorative_n_small.png
  artifactKey: Guid(8f30e4afdc0f34a02bd30ad7c440123a) Importer(2089858483,b0f066a214c2f5e87bad3c948f4d605d)
Start importing Assets/Projects/GravityDash/kenney_ui-pack/PNG/Yellow/Default/arrow_decorative_n_small.png using Guid(8f30e4afdc0f34a02bd30ad7c440123a) Importer(2089858483,b0f066a214c2f5e87bad3c948f4d605d) (ScriptedImporter) -> (artifact id: '2e8efedf2f2ad0672f253d0061b641b3') in 0.0217734 seconds
Number of updated asset objects reloaded before import = 0Number of asset objects unloaded after import = 3

========================================================================
Received Import Request.
  Time since last request: 0.000021 seconds.
  path: Assets/Projects/GravityDash/kenney_ui-pack/PNG/Yellow/Default/check_round_color.png
  artifactKey: Guid(5b2f1ea77e4324325bce20351aacea88) Importer(2089858483,b0f066a214c2f5e87bad3c948f4d605d)
Start importing Assets/Projects/GravityDash/kenney_ui-pack/PNG/Yellow/Default/check_round_color.png using Guid(5b2f1ea77e4324325bce20351aacea88) Importer(2089858483,b0f066a214c2f5e87bad3c948f4d605d) (ScriptedImporter) -> (artifact id: '9a6e90dd883d744195ceb06737ea4498') in 0.0213428 seconds
Number of updated asset objects reloaded before import = 0Number of asset objects unloaded after import = 3

========================================================================
Received Import Request.
  Time since last request: 0.000027 seconds.
  path: Assets/Projects/GravityDash/kenney_ui-pack/PNG/Green/Default/arrow_decorative_n.png
  artifactKey: Guid(a8623fc8b102f4a74865bf028f69583d) Importer(2089858483,b0f066a214c2f5e87bad3c948f4d605d)
Start importing Assets/Projects/GravityDash/kenney_ui-pack/PNG/Green/Default/arrow_decorative_n.png using Guid(a8623fc8b102f4a74865bf028f69583d) Importer(2089858483,b0f066a214c2f5e87bad3c948f4d605d) (ScriptedImporter) -> (artifact id: '1c93ae16337140c64133b0b85b229717') in 0.0196869 seconds
Number of updated asset objects reloaded before import = 0Number of asset objects unloaded after import = 3

========================================================================
Received Import Request.
  Time since last request: 0.000045 seconds.
  path: Assets/Projects/GravityDash/kenney_ui-pack/PNG/Yellow/Double/slide_vertical_grey_section.png
  artifactKey: Guid(f06a06eb5446545d2aabc77e663c1378) Importer(2089858483,b0f066a214c2f5e87bad3c948f4d605d)
Start importing Assets/Projects/GravityDash/kenney_ui-pack/PNG/Yellow/Double/slide_vertical_grey_section.png using Guid(f06a06eb5446545d2aabc77e663c1378) Importer(2089858483,b0f066a214c2f5e87bad3c948f4d605d) (ScriptedImporter) -> (artifact id: '0fb8f5e7edbac843c4760fcf7cec83cd') in 0.0205863 seconds
Number of updated asset objects reloaded before import = 0Number of asset objects unloaded after import = 3

========================================================================
Received Import Request.
  Time since last request: 0.000025 seconds.
  path: Assets/Projects/GravityDash/kenney_new-platformer-pack-1.1/Sprites/Tiles/Double/terrain_stone_block_bottom.png
  artifactKey: Guid(a5f3151f07d86460ba765b817a60a52d) Importer(2089858483,b0f066a214c2f5e87bad3c948f4d605d)
Start importing Assets/Projects/GravityDash/kenney_new-platformer-pack-1.1/Sprites/Tiles/Double/terrain_stone_block_bottom.png using Guid(a5f3151f07d86460ba765b817a60a52d) Importer(2089858483,b0f066a214c2f5e87bad3c948f4d605d) (ScriptedImporter) -> (artifact id: '246af8e710359601b02cc1486c05d6f1') in 0.0250331 seconds
Number of updated asset objects reloaded before import = 0Number of asset objects unloaded after import = 3

========================================================================
Received Import Request.
  Time since last request: 0.000043 seconds.
  path: Assets/Projects/GravityDash/kenney_ui-pack/PNG/Red/Default/icon_checkmark.png
  artifactKey: Guid(c96b0671920944c2f92049363150614f) Importer(2089858483,b0f066a214c2f5e87bad3c948f4d605d)
Start importing Assets/Projects/GravityDash/kenney_ui-pack/PNG/Red/Default/icon_checkmark.png using Guid(c96b0671920944c2f92049363150614f) Importer(2089858483,b0f066a214c2f5e87bad3c948f4d605d) (ScriptedImporter) -> (artifact id: 'c0739b58b9d524f61e87159d6507dd3a') in 0.0254035 seconds
Number of updated asset objects reloaded before import = 0Number of asset objects unloaded after import = 3

========================================================================
Received Import Request.
  Time since last request: 0.000027 seconds.
  path: Assets/Sprites/Cainos/Third Party/Lucid Editor/Editor/InspectorProperty/InspectorButton.cs
  artifactKey: Guid(caf111390d23e46798c4df039cd07324) Importer(2089858483,b0f066a214c2f5e87bad3c948f4d605d)
Start importing Assets/Sprites/Cainos/Third Party/Lucid Editor/Editor/InspectorProperty/InspectorButton.cs using Guid(caf111390d23e46798c4df039cd07324) Importer(2089858483,b0f066a214c2f5e87bad3c948f4d605d) (ScriptedImporter) -> (artifact id: 'cf6242db99e0176bba5b67022f7ec279') in 0.0146935 seconds
Number of updated asset objects reloaded before import = 0Number of asset objects unloaded after import = 0

========================================================================
Received Import Request.
  Time since last request: 0.000129 seconds.
  path: Assets/Projects/GravityDash/kenney_ui-pack/PNG/Yellow/Double/arrow_basic_n.png
  artifactKey: Guid(4152c3bd7f73b40508c3e6ef3d9e0dcc) Importer(2089858483,b0f066a214c2f5e87bad3c948f4d605d)
Start importing Assets/Projects/GravityDash/kenney_ui-pack/PNG/Yellow/Double/arrow_basic_n.png using Guid(4152c3bd7f73b40508c3e6ef3d9e0dcc) Importer(2089858483,b0f066a214c2f5e87bad3c948f4d605d) (ScriptedImporter) -> (artifact id: '9d0df865a22d81bd6cee326ab9a08b26') in 0.0213911 seconds
Number of updated asset objects reloaded before import = 0Number of asset objects unloaded after import = 3

========================================================================
Received Import Request.
  Time since last request: 0.000024 seconds.
  path: Assets/Projects/GravityDash/kenney_new-platformer-pack-1.1/Sprites/Tiles/Double/hud_player_helmet_pink.png
  artifactKey: Guid(4fad070dffb144a73a537565bee5719e) Importer(2089858483,b0f066a214c2f5e87bad3c948f4d605d)
Start importing Assets/Projects/GravityDash/kenney_new-platformer-pack-1.1/Sprites/Tiles/Double/hud_player_helmet_pink.png using Guid(4fad070dffb144a73a537565bee5719e) Importer(2089858483,b0f066a214c2f5e87bad3c948f4d605d) (ScriptedImporter) -> (artifact id: 'd4882797bff500cf5fa63c035fd9cc2f') in 0.0206836 seconds
Number of updated asset objects reloaded before import = 0Number of asset objects unloaded after import = 3

========================================================================
Received Import Request.
  Time since last request: 0.000022 seconds.
  path: Assets/Projects/GravityDash/kenney_ui-pack/PNG/Green/Default/arrow_basic_s.png
  artifactKey: Guid(951078c12a89d4c0489e24c5ddac1deb) Importer(2089858483,b0f066a214c2f5e87bad3c948f4d605d)
Start importing Assets/Projects/GravityDash/kenney_ui-pack/PNG/Green/Default/arrow_basic_s.png using Guid(951078c12a89d4c0489e24c5ddac1deb) Importer(2089858483,b0f066a214c2f5e87bad3c948f4d605d) (ScriptedImporter) -> (artifact id: '715e71a4e0c4f097a6329463149ac943') in 0.0171024 seconds
Number of updated asset objects reloaded before import = 0Number of asset objects unloaded after import = 3

========================================================================
Received Import Request.
  Time since last request: 0.000021 seconds.
  path: Assets/Projects/GravityDash/kenney_new-platformer-pack-1.1/Sprites/Tiles/Double/torch_on_a.png
  artifactKey: Guid(d5359ba7d9267411d954cbea6a4ab753) Importer(2089858483,b0f066a214c2f5e87bad3c948f4d605d)
Start importing Assets/Projects/GravityDash/kenney_new-platformer-pack-1.1/Sprites/Tiles/Double/torch_on_a.png using Guid(d5359ba7d9267411d954cbea6a4ab753) Importer(2089858483,b0f066a214c2f5e87bad3c948f4d605d) (ScriptedImporter) -> (artifact id: '59478e80d939c06c2286c6c5cc6ea9ab') in 0.0173707 seconds
Number of updated asset objects reloaded before import = 0Number of asset objects unloaded after import = 3

========================================================================
Received Import Request.
  Time since last request: 0.000036 seconds.
  path: Assets/Projects/GravityDash/kenney_ui-pack/PNG/Blue/Default/slide_vertical_grey_section.png
  artifactKey: Guid(e43fa55fc635343119f0b2cc5a3b0308) Importer(2089858483,b0f066a214c2f5e87bad3c948f4d605d)
Start importing Assets/Projects/GravityDash/kenney_ui-pack/PNG/Blue/Default/slide_vertical_grey_section.png using Guid(e43fa55fc635343119f0b2cc5a3b0308) Importer(2089858483,b0f066a214c2f5e87bad3c948f4d605d) (ScriptedImporter) -> (artifact id: 'f3bf1090fa67b9ed61014c0199d6af51') in 0.0212485 seconds
Number of updated asset objects reloaded before import = 0Number of asset objects unloaded after import = 3

========================================================================
Received Import Request.
  Time since last request: 0.000019 seconds.
  path: Assets/Projects/GravityDash/kenney_new-platformer-pack-1.1/Sprites/Tiles/Double/gem_red.png
  artifactKey: Guid(4426c837228934186a0e58525be3eeef) Importer(2089858483,b0f066a214c2f5e87bad3c948f4d605d)
Start importing Assets/Projects/GravityDash/kenney_new-platformer-pack-1.1/Sprites/Tiles/Double/gem_red.png using Guid(4426c837228934186a0e58525be3eeef) Importer(2089858483,b0f066a214c2f5e87bad3c948f4d605d) (ScriptedImporter) -> (artifact id: '8a0d10db67a7a2e09cfdb9a5f4158c79') in 0.0218291 seconds
Number of updated asset objects reloaded before import = 0Number of asset objects unloaded after import = 3

========================================================================
Received Import Request.
  Time since last request: 0.000028 seconds.
  path: Assets/Projects/GravityDash/kenney_new-platformer-pack-1.1/Sprites/Tiles/Double/rope.png
  artifactKey: Guid(863740305a7d54a72bdd1fec75c35202) Importer(2089858483,b0f066a214c2f5e87bad3c948f4d605d)
Start importing Assets/Projects/GravityDash/kenney_new-platformer-pack-1.1/Sprites/Tiles/Double/rope.png using Guid(863740305a7d54a72bdd1fec75c35202) Importer(2089858483,b0f066a214c2f5e87bad3c948f4d605d) (ScriptedImporter) -> (artifact id: 'db1349f6b64a28c3bc1bcb9759282d50') in 0.0202887 seconds
Number of updated asset objects reloaded before import = 0Number of asset objects unloaded after import = 3

========================================================================
Received Import Request.
  Time since last request: 0.000031 seconds.
  path: Assets/Projects/GravityDash/kenney_ui-pack/PNG/Green/Double/arrow_basic_n_small.png
  artifactKey: Guid(07a70c3c543024633950fcd5f25d031a) Importer(2089858483,b0f066a214c2f5e87bad3c948f4d605d)
Start importing Assets/Projects/GravityDash/kenney_ui-pack/PNG/Green/Double/arrow_basic_n_small.png using Guid(07a70c3c543024633950fcd5f25d031a) Importer(2089858483,b0f066a214c2f5e87bad3c948f4d605d) (ScriptedImporter) -> (artifact id: '57cb302cfbec72d584807c01b6daa674') in 0.0264571 seconds
Number of updated asset objects reloaded before import = 0Number of asset objects unloaded after import = 3

========================================================================
Received Import Request.
  Time since last request: 0.000034 seconds.
  path: Assets/Projects/GravityDash/kenney_ui-pack/PNG/Grey/Default/check_square_color.png
  artifactKey: Guid(cca1d9602115344d7880cf9242bb0d12) Importer(2089858483,b0f066a214c2f5e87bad3c948f4d605d)
Start importing Assets/Projects/GravityDash/kenney_ui-pack/PNG/Grey/Default/check_square_color.png using Guid(cca1d9602115344d7880cf9242bb0d12) Importer(2089858483,b0f066a214c2f5e87bad3c948f4d605d) (ScriptedImporter) -> (artifact id: '161a8311222c94c9561af46ab0a62eef') in 0.0245703 seconds
Number of updated asset objects reloaded before import = 0Number of asset objects unloaded after import = 3

========================================================================
Received Import Request.
  Time since last request: 0.000044 seconds.
  path: Assets/Projects/GravityDash/kenney_ui-pack/PNG/Green/Double/check_round_color.png
  artifactKey: Guid(e96c54d2790df48d5aa0aafe1a65705f) Importer(2089858483,b0f066a214c2f5e87bad3c948f4d605d)
Start importing Assets/Projects/GravityDash/kenney_ui-pack/PNG/Green/Double/check_round_color.png using Guid(e96c54d2790df48d5aa0aafe1a65705f) Importer(2089858483,b0f066a214c2f5e87bad3c948f4d605d) (ScriptedImporter) -> (artifact id: 'f2e33a57fadb71458286434a98df571e') in 0.0220914 seconds
Number of updated asset objects reloaded before import = 0Number of asset objects unloaded after import = 3

========================================================================
Received Import Request.
  Time since last request: 0.000030 seconds.
  path: Assets/Projects/GravityDash/kenney_ui-pack/PNG/Extra/Default/icon_play_outline.png
  artifactKey: Guid(07dfc29dc38004c6aad857d657ab22e9) Importer(2089858483,b0f066a214c2f5e87bad3c948f4d605d)
Start importing Assets/Projects/GravityDash/kenney_ui-pack/PNG/Extra/Default/icon_play_outline.png using Guid(07dfc29dc38004c6aad857d657ab22e9) Importer(2089858483,b0f066a214c2f5e87bad3c948f4d605d) (ScriptedImporter) -> (artifact id: '8859d241139c3ee43a01531a2d196826') in 0.0249348 seconds
Number of updated asset objects reloaded before import = 0Number of asset objects unloaded after import = 3

========================================================================
Received Import Request.
  Time since last request: 0.000039 seconds.
  path: Assets/Projects/GravityDash/kenney_ui-pack/PNG/Grey/Default/arrow_basic_s.png
  artifactKey: Guid(8aa798063c6e54cd1b489ff711355376) Importer(2089858483,b0f066a214c2f5e87bad3c948f4d605d)
Start importing Assets/Projects/GravityDash/kenney_ui-pack/PNG/Grey/Default/arrow_basic_s.png using Guid(8aa798063c6e54cd1b489ff711355376) Importer(2089858483,b0f066a214c2f5e87bad3c948f4d605d) (ScriptedImporter) -> (artifact id: '170aab3ef494723d1cbbeb3ed3fe6bd6') in 0.0270686 seconds
Number of updated asset objects reloaded before import = 0Number of asset objects unloaded after import = 3

========================================================================
Received Import Request.
  Time since last request: 0.000032 seconds.
  path: Assets/Projects/GravityDash/kenney_new-platformer-pack-1.1/Sprites/Tiles/Double/terrain_purple_horizontal_overhang_right.png
  artifactKey: Guid(90de621fea6434dcda09609e7b70aecd) Importer(2089858483,b0f066a214c2f5e87bad3c948f4d605d)
Start importing Assets/Projects/GravityDash/kenney_new-platformer-pack-1.1/Sprites/Tiles/Double/terrain_purple_horizontal_overhang_right.png using Guid(90de621fea6434dcda09609e7b70aecd) Importer(2089858483,b0f066a214c2f5e87bad3c948f4d605d) (ScriptedImporter) -> (artifact id: '732708cec4d273ae83d3078365416dc0') in 0.0258389 seconds
Number of updated asset objects reloaded before import = 0Number of asset objects unloaded after import = 3

========================================================================
Received Import Request.
  Time since last request: 0.000044 seconds.
  path: Assets/Projects/GravityDash/kenney_ui-pack/PNG/Grey/Default/icon_checkmark.png
  artifactKey: Guid(ec4fe891265214ca5b44bd5369a5803e) Importer(2089858483,b0f066a214c2f5e87bad3c948f4d605d)
Start importing Assets/Projects/GravityDash/kenney_ui-pack/PNG/Grey/Default/icon_checkmark.png using Guid(ec4fe891265214ca5b44bd5369a5803e) Importer(2089858483,b0f066a214c2f5e87bad3c948f4d605d) (ScriptedImporter) -> (artifact id: '30112f9ac28b1ffc8b247018ca5e413b') in 0.0266979 seconds
Number of updated asset objects reloaded before import = 0Number of asset objects unloaded after import = 3

========================================================================
Received Import Request.
  Time since last request: 0.000050 seconds.
  path: Assets/Projects/GravityDash/kenney_ui-pack/PNG/Grey/Double/button_square_depth_flat.png
  artifactKey: Guid(31a86e2906968451ca6066cbe5375ff0) Importer(2089858483,b0f066a214c2f5e87bad3c948f4d605d)
Start importing Assets/Projects/GravityDash/kenney_ui-pack/PNG/Grey/Double/button_square_depth_flat.png using Guid(31a86e2906968451ca6066cbe5375ff0) Importer(2089858483,b0f066a214c2f5e87bad3c948f4d605d) (ScriptedImporter) -> (artifact id: '4f68be129629a35ba9b547b282d00005') in 0.0259312 seconds
Number of updated asset objects reloaded before import = 0Number of asset objects unloaded after import = 3

========================================================================
Received Import Request.
  Time since last request: 0.000035 seconds.
  path: Assets/Projects/GravityDash/kenney_ui-pack/PNG/Blue/Double/arrow_basic_w_small.png
  artifactKey: Guid(2838392edfaf6405d830badabdd1962e) Importer(2089858483,b0f066a214c2f5e87bad3c948f4d605d)
Start importing Assets/Projects/GravityDash/kenney_ui-pack/PNG/Blue/Double/arrow_basic_w_small.png using Guid(2838392edfaf6405d830badabdd1962e) Importer(2089858483,b0f066a214c2f5e87bad3c948f4d605d) (ScriptedImporter) -> (artifact id: '6a71782bb3472cbd45ce01388417f225') in 0.0534676 seconds
Number of updated asset objects reloaded before import = 0Number of asset objects unloaded after import = 3

========================================================================
Received Import Request.
  Time since last request: 0.000032 seconds.
  path: Assets/Projects/GravityDash/kenney_ui-pack/PNG/Red/Double/button_square_border.png
  artifactKey: Guid(0da70a8d87caf47ddab8f7f12cde6b1f) Importer(2089858483,b0f066a214c2f5e87bad3c948f4d605d)
Start importing Assets/Projects/GravityDash/kenney_ui-pack/PNG/Red/Double/button_square_border.png using Guid(0da70a8d87caf47ddab8f7f12cde6b1f) Importer(2089858483,b0f066a214c2f5e87bad3c948f4d605d) (ScriptedImporter) -> (artifact id: '9f073f580527011d6ae8f0a68d8e6706') in 0.0317672 seconds
Number of updated asset objects reloaded before import = 0Number of asset objects unloaded after import = 3

========================================================================
Received Import Request.
  Time since last request: 0.000033 seconds.
  path: Assets/Projects/MegaSuperChallengeShot/Graphics/Farland Skies/Low Poly/Demo/Standart/Models/Trees/DeciduousTree_01.fbx
  artifactKey: Guid(837a092cfb605f845b3959cc64f977b0) Importer(2089858483,b0f066a214c2f5e87bad3c948f4d605d)
Start importing Assets/Projects/MegaSuperChallengeShot/Graphics/Farland Skies/Low Poly/Demo/Standart/Models/Trees/DeciduousTree_01.fbx using Guid(837a092cfb605f845b3959cc64f977b0) Importer(2089858483,b0f066a214c2f5e87bad3c948f4d605d) (ScriptedImporter) -> (artifact id: '6e43506733d64e04bc0af1d45613bdbc') in 0.0231154 seconds
Number of updated asset objects reloaded before import = 0Number of asset objects unloaded after import = 14

========================================================================
Received Import Request.
  Time since last request: 0.000036 seconds.
  path: Assets/Projects/GravityDash/kenney_ui-pack/PNG/Extra/Double/button_round_depth_line.png
  artifactKey: Guid(63f92f6d965ce4a7abf1cf565e00dbae) Importer(2089858483,b0f066a214c2f5e87bad3c948f4d605d)
Start importing Assets/Projects/GravityDash/kenney_ui-pack/PNG/Extra/Double/button_round_depth_line.png using Guid(63f92f6d965ce4a7abf1cf565e00dbae) Importer(2089858483,b0f066a214c2f5e87bad3c948f4d605d) (ScriptedImporter) -> (artifact id: '1274471d7f28702951118e9f25a48520') in 0.0256333 seconds
Number of updated asset objects reloaded before import = 0Number of asset objects unloaded after import = 3

========================================================================
Received Import Request.
  Time since last request: 0.000033 seconds.
  path: Assets/Projects/MegaSuperChallengeShot/Graphics/Cute_Birds(4 in 1)Mini/B4/Prefabs/B4_s3_0.prefab
  artifactKey: Guid(9242daabe537572499ae45c49037a66a) Importer(2089858483,b0f066a214c2f5e87bad3c948f4d605d)
Start importing Assets/Projects/MegaSuperChallengeShot/Graphics/Cute_Birds(4 in 1)Mini/B4/Prefabs/B4_s3_0.prefab using Guid(9242daabe537572499ae45c49037a66a) Importer(2089858483,b0f066a214c2f5e87bad3c948f4d605d) (ScriptedImporter) -> (artifact id: '6184296a33cf657dc5c34738060574fb') in 0.0328093 seconds
Number of updated asset objects reloaded before import = 0Number of asset objects unloaded after import = 14

========================================================================
Received Import Request.
  Time since last request: 0.000046 seconds.
  path: Assets/Projects/GravityDash/kenney_ui-pack/PNG/Blue/Default/button_square_gradient.png
  artifactKey: Guid(cfb2ff23aae3840e9a8edb43855b3742) Importer(2089858483,b0f066a214c2f5e87bad3c948f4d605d)
Start importing Assets/Projects/GravityDash/kenney_ui-pack/PNG/Blue/Default/button_square_gradient.png using Guid(cfb2ff23aae3840e9a8edb43855b3742) Importer(2089858483,b0f066a214c2f5e87bad3c948f4d605d) (ScriptedImporter) -> (artifact id: 'eb6021831ca189e0f9cab800d5c5cdaa') in 0.0239486 seconds
Number of updated asset objects reloaded before import = 0Number of asset objects unloaded after import = 3

========================================================================
Received Import Request.
  Time since last request: 0.000031 seconds.
  path: Assets/Projects/GravityDash/kenney_ui-pack/PNG/Yellow/Double/slide_vertical_grey_section_wide.png
  artifactKey: Guid(e032045b11dbd4ca4825cad377dc8d6d) Importer(2089858483,b0f066a214c2f5e87bad3c948f4d605d)
Start importing Assets/Projects/GravityDash/kenney_ui-pack/PNG/Yellow/Double/slide_vertical_grey_section_wide.png using Guid(e032045b11dbd4ca4825cad377dc8d6d) Importer(2089858483,b0f066a214c2f5e87bad3c948f4d605d) (ScriptedImporter) -> (artifact id: '47aa1935798f8d3c0f6dea386749008e') in 0.0242694 seconds
Number of updated asset objects reloaded before import = 0Number of asset objects unloaded after import = 3

========================================================================
Received Import Request.
  Time since last request: 0.000029 seconds.
  path: Assets/Projects/GravityDash/kenney_new-platformer-pack-1.1/Sprites/Tiles/Double/hill_top_smile.png
  artifactKey: Guid(16a2e6b80f18c4c1aa4be85d8863929d) Importer(2089858483,b0f066a214c2f5e87bad3c948f4d605d)
Start importing Assets/Projects/GravityDash/kenney_new-platformer-pack-1.1/Sprites/Tiles/Double/hill_top_smile.png using Guid(16a2e6b80f18c4c1aa4be85d8863929d) Importer(2089858483,b0f066a214c2f5e87bad3c948f4d605d) (ScriptedImporter) -> (artifact id: 'eda944fbacadaf6046e40c4742735f5d') in 0.0220988 seconds
Number of updated asset objects reloaded before import = 0Number of asset objects unloaded after import = 3

========================================================================
Received Import Request.
  Time since last request: 0.000033 seconds.
  path: Assets/Projects/GravityDash/kenney_new-platformer-pack-1.1/Sprites/Tiles/Double/terrain_snow_ramp_short_a.png
  artifactKey: Guid(2786b85465e064fce9f23e1bbfcd048c) Importer(2089858483,b0f066a214c2f5e87bad3c948f4d605d)
Start importing Assets/Projects/GravityDash/kenney_new-platformer-pack-1.1/Sprites/Tiles/Double/terrain_snow_ramp_short_a.png using Guid(2786b85465e064fce9f23e1bbfcd048c) Importer(2089858483,b0f066a214c2f5e87bad3c948f4d605d) (ScriptedImporter) -> (artifact id: '709fc66bcc76f9eefab13126eb33291a') in 0.0281774 seconds
Number of updated asset objects reloaded before import = 0Number of asset objects unloaded after import = 3

========================================================================
Received Import Request.
  Time since last request: 0.000026 seconds.
  path: Assets/Projects/GravityDash/kenney_ui-pack/PNG/Yellow/Default/arrow_basic_e_small.png
  artifactKey: Guid(5ebb16121b85c4a4bb3983edd61efee4) Importer(2089858483,b0f066a214c2f5e87bad3c948f4d605d)
Start importing Assets/Projects/GravityDash/kenney_ui-pack/PNG/Yellow/Default/arrow_basic_e_small.png using Guid(5ebb16121b85c4a4bb3983edd61efee4) Importer(2089858483,b0f066a214c2f5e87bad3c948f4d605d) (ScriptedImporter) -> (artifact id: '3d3d525bd52396edd572dd116954cbe1') in 0.0334639 seconds
Number of updated asset objects reloaded before import = 0Number of asset objects unloaded after import = 3

========================================================================
Received Import Request.
  Time since last request: 0.000037 seconds.
  path: Assets/Projects/GravityDash/kenney_new-platformer-pack-1.1/Sprites/Tiles/Double/flag_yellow_a.png
  artifactKey: Guid(9e8fe4d3fe4f84002a0527fd854be9e5) Importer(2089858483,b0f066a214c2f5e87bad3c948f4d605d)
Start importing Assets/Projects/GravityDash/kenney_new-platformer-pack-1.1/Sprites/Tiles/Double/flag_yellow_a.png using Guid(9e8fe4d3fe4f84002a0527fd854be9e5) Importer(2089858483,b0f066a214c2f5e87bad3c948f4d605d) (ScriptedImporter) -> (artifact id: '75a4b2eccfc1687578fd4b6ab75b6708') in 0.0276355 seconds
Number of updated asset objects reloaded before import = 0Number of asset objects unloaded after import = 3

========================================================================
Received Import Request.
  Time since last request: 0.000057 seconds.
  path: Assets/Projects/GravityDash/kenney_ui-pack/PNG/Grey/Default/button_rectangle_depth_gloss.png
  artifactKey: Guid(078979c12714d41e491cb7973f0e0d4e) Importer(2089858483,b0f066a214c2f5e87bad3c948f4d605d)
Start importing Assets/Projects/GravityDash/kenney_ui-pack/PNG/Grey/Default/button_rectangle_depth_gloss.png using Guid(078979c12714d41e491cb7973f0e0d4e) Importer(2089858483,b0f066a214c2f5e87bad3c948f4d605d) (ScriptedImporter) -> (artifact id: 'deb8076530f796de0f9e16a617859483') in 0.0254568 seconds
Number of updated asset objects reloaded before import = 0Number of asset objects unloaded after import = 3

========================================================================
Received Import Request.
  Time since last request: 0.000046 seconds.
  path: Assets/Projects/GravityDash/kenney_new-platformer-pack-1.1/Sprites/Tiles/Double/grass.png
  artifactKey: Guid(5c160e8e96c4c4b518148749364eb89c) Importer(2089858483,b0f066a214c2f5e87bad3c948f4d605d)
Start importing Assets/Projects/GravityDash/kenney_new-platformer-pack-1.1/Sprites/Tiles/Double/grass.png using Guid(5c160e8e96c4c4b518148749364eb89c) Importer(2089858483,b0f066a214c2f5e87bad3c948f4d605d) (ScriptedImporter) -> (artifact id: '880a16cd2d1ec75d8192325c77445cb5') in 0.0265371 seconds
Number of updated asset objects reloaded before import = 0Number of asset objects unloaded after import = 3

========================================================================
Received Import Request.
  Time since last request: 0.000036 seconds.
  path: Assets/Projects/GravityDash/kenney_new-platformer-pack-1.1/Sprites/Tiles/Double/terrain_snow_cloud.png
  artifactKey: Guid(aedaaddf9c2744c188aaf83cf02c4bf1) Importer(2089858483,b0f066a214c2f5e87bad3c948f4d605d)
Start importing Assets/Projects/GravityDash/kenney_new-platformer-pack-1.1/Sprites/Tiles/Double/terrain_snow_cloud.png using Guid(aedaaddf9c2744c188aaf83cf02c4bf1) Importer(2089858483,b0f066a214c2f5e87bad3c948f4d605d) (ScriptedImporter) -> (artifact id: '3de3d62b68b67610c13421dc1e26b40c') in 0.0250595 seconds
Number of updated asset objects reloaded before import = 0Number of asset objects unloaded after import = 3

========================================================================
Received Import Request.
  Time since last request: 0.000032 seconds.
  path: Assets/Projects/GravityDash/kenney_ui-pack/PNG/Green/Double/slide_horizontal_color.png
  artifactKey: Guid(3aba215bec1d449769472e4a0200f5b5) Importer(2089858483,b0f066a214c2f5e87bad3c948f4d605d)
Start importing Assets/Projects/GravityDash/kenney_ui-pack/PNG/Green/Double/slide_horizontal_color.png using Guid(3aba215bec1d449769472e4a0200f5b5) Importer(2089858483,b0f066a214c2f5e87bad3c948f4d605d) (ScriptedImporter) -> (artifact id: 'b7082ae769035e767e5051aeb4cb1e30') in 0.0205833 seconds
Number of updated asset objects reloaded before import = 0Number of asset objects unloaded after import = 3

========================================================================
Received Import Request.
  Time since last request: 0.000035 seconds.
  path: Assets/Projects/GravityDash/kenney_ui-pack/PNG/Yellow/Default/button_square_gradient.png
  artifactKey: Guid(02c33da6b3b694f759736dd16ea9e760) Importer(2089858483,b0f066a214c2f5e87bad3c948f4d605d)
Start importing Assets/Projects/GravityDash/kenney_ui-pack/PNG/Yellow/Default/button_square_gradient.png using Guid(02c33da6b3b694f759736dd16ea9e760) Importer(2089858483,b0f066a214c2f5e87bad3c948f4d605d) (ScriptedImporter) -> (artifact id: '0deb45371a67f4fc606335ef469076df') in 0.0222544 seconds
Number of updated asset objects reloaded before import = 0Number of asset objects unloaded after import = 3

========================================================================
Received Import Request.
  Time since last request: 0.000029 seconds.
  path: Assets/Sprites/Cainos/Third Party/Lucid Editor/Runtime/Attributes/DisableInPlayModeAttribute.cs
  artifactKey: Guid(475bcff7d1f7d4f87921f9b22ac3e26d) Importer(2089858483,b0f066a214c2f5e87bad3c948f4d605d)
Start importing Assets/Sprites/Cainos/Third Party/Lucid Editor/Runtime/Attributes/DisableInPlayModeAttribute.cs using Guid(475bcff7d1f7d4f87921f9b22ac3e26d) Importer(2089858483,b0f066a214c2f5e87bad3c948f4d605d) (ScriptedImporter) -> (artifact id: 'd334ffef8dbd7645d9ab168928f4a0f9') in 0.0171845 seconds
Number of updated asset objects reloaded before import = 0Number of asset objects unloaded after import = 0

========================================================================
Received Import Request.
  Time since last request: 0.000148 seconds.
  path: Assets/Projects/GravityDash/kenney_ui-pack/PNG/Extra/Double/button_square_depth_line.png
  artifactKey: Guid(6eead211ddc11450aae278f8e9c1ed8f) Importer(2089858483,b0f066a214c2f5e87bad3c948f4d605d)
Start importing Assets/Projects/GravityDash/kenney_ui-pack/PNG/Extra/Double/button_square_depth_line.png using Guid(6eead211ddc11450aae278f8e9c1ed8f) Importer(2089858483,b0f066a214c2f5e87bad3c948f4d605d) (ScriptedImporter) -> (artifact id: 'fb8556b73327d6c57e33289a10f43697') in 0.0277022 seconds
Number of updated asset objects reloaded before import = 0Number of asset objects unloaded after import = 3

========================================================================
Received Import Request.
  Time since last request: 0.000035 seconds.
  path: Assets/Sprites/Cainos/Third Party/Lucid Editor/Runtime/Attributes/GUIColorAttribute.cs
  artifactKey: Guid(6f1c19d7edf314e8bbf3f7ce9acc4fc1) Importer(2089858483,b0f066a214c2f5e87bad3c948f4d605d)
Start importing Assets/Sprites/Cainos/Third Party/Lucid Editor/Runtime/Attributes/GUIColorAttribute.cs using Guid(6f1c19d7edf314e8bbf3f7ce9acc4fc1) Importer(2089858483,b0f066a214c2f5e87bad3c948f4d605d) (ScriptedImporter) -> (artifact id: 'b166b6cdf96206bb0036f9c00da054f0') in 0.0152644 seconds
Number of updated asset objects reloaded before import = 0Number of asset objects unloaded after import = 0

========================================================================
Received Import Request.
  Time since last request: 0.000163 seconds.
  path: Assets/Projects/GravityDash/kenney_ui-pack/PNG/Blue/Default/button_round_depth_gradient.png
  artifactKey: Guid(69a2d3b88fcc146b3a143cbcc6c1b9a6) Importer(2089858483,b0f066a214c2f5e87bad3c948f4d605d)
Start importing Assets/Projects/GravityDash/kenney_ui-pack/PNG/Blue/Default/button_round_depth_gradient.png using Guid(69a2d3b88fcc146b3a143cbcc6c1b9a6) Importer(2089858483,b0f066a214c2f5e87bad3c948f4d605d) (ScriptedImporter) -> (artifact id: '5c8a569a866d962107f4ce800215c2c4') in 0.0271889 seconds
Number of updated asset objects reloaded before import = 0Number of asset objects unloaded after import = 3

========================================================================
Received Import Request.
  Time since last request: 0.000030 seconds.
  path: Assets/Projects/GravityDash/kenney_ui-pack/PNG/Blue/Double/slide_horizontal_color_section_wide.png
  artifactKey: Guid(eb24d4b133d104771bdbb4893121fa79) Importer(2089858483,b0f066a214c2f5e87bad3c948f4d605d)
Start importing Assets/Projects/GravityDash/kenney_ui-pack/PNG/Blue/Double/slide_horizontal_color_section_wide.png using Guid(eb24d4b133d104771bdbb4893121fa79) Importer(2089858483,b0f066a214c2f5e87bad3c948f4d605d) (ScriptedImporter) -> (artifact id: '6592070abbdb2d295967b610b7905d1d') in 0.0262354 seconds
Number of updated asset objects reloaded before import = 0Number of asset objects unloaded after import = 3

========================================================================
Received Import Request.
  Time since last request: 0.000030 seconds.
  path: Assets/Projects/GravityDash/kenney_new-platformer-pack-1.1/Sprites/Tiles/Double/terrain_dirt_block_bottom_right.png
  artifactKey: Guid(b66ebf0d14e244e18b970be279a893e2) Importer(2089858483,b0f066a214c2f5e87bad3c948f4d605d)
Start importing Assets/Projects/GravityDash/kenney_new-platformer-pack-1.1/Sprites/Tiles/Double/terrain_dirt_block_bottom_right.png using Guid(b66ebf0d14e244e18b970be279a893e2) Importer(2089858483,b0f066a214c2f5e87bad3c948f4d605d) (ScriptedImporter) -> (artifact id: '7e9a6d56ed38eb299495b2614796982b') in 0.0250521 seconds
Number of updated asset objects reloaded before import = 0Number of asset objects unloaded after import = 3

========================================================================
Received Import Request.
  Time since last request: 0.000032 seconds.
  path: Assets/Projects/GravityDash/kenney_ui-pack/PNG/Green/Default/button_rectangle_flat.png
  artifactKey: Guid(5082d4d98cfcb4d9f93e215232b9caa9) Importer(2089858483,b0f066a214c2f5e87bad3c948f4d605d)
Start importing Assets/Projects/GravityDash/kenney_ui-pack/PNG/Green/Default/button_rectangle_flat.png using Guid(5082d4d98cfcb4d9f93e215232b9caa9) Importer(2089858483,b0f066a214c2f5e87bad3c948f4d605d) (ScriptedImporter) -> (artifact id: 'f780f3b5964b2c55a2c57d540998fe35') in 0.0219323 seconds
Number of updated asset objects reloaded before import = 0Number of asset objects unloaded after import = 3

========================================================================
Received Import Request.
  Time since last request: 0.000057 seconds.
  path: Assets/Projects/MegaSuperChallengeShot/Graphics/OccaSoftware/Crosshairs/Art/Textures/Crosshair_01.png
  artifactKey: Guid(56f433345b1faa64eb50cdb197d34f71) Importer(2089858483,b0f066a214c2f5e87bad3c948f4d605d)
Start importing Assets/Projects/MegaSuperChallengeShot/Graphics/OccaSoftware/Crosshairs/Art/Textures/Crosshair_01.png using Guid(56f433345b1faa64eb50cdb197d34f71) Importer(2089858483,b0f066a214c2f5e87bad3c948f4d605d) (ScriptedImporter) -> (artifact id: 'f763c01e9379d3db450ce478dc85b79d') in 0.0259544 seconds
Number of updated asset objects reloaded before import = 0Number of asset objects unloaded after import = 3

========================================================================
Received Import Request.
  Time since last request: 0.000027 seconds.
  path: Assets/Projects/GravityDash/kenney_ui-pack/PNG/Green/Double/slide_vertical_color_section.png
  artifactKey: Guid(ddceea000f9db48079d08f1105c639d9) Importer(2089858483,b0f066a214c2f5e87bad3c948f4d605d)
Start importing Assets/Projects/GravityDash/kenney_ui-pack/PNG/Green/Double/slide_vertical_color_section.png using Guid(ddceea000f9db48079d08f1105c639d9) Importer(2089858483,b0f066a214c2f5e87bad3c948f4d605d) (ScriptedImporter) -> (artifact id: 'c20861c88d96edc729a99f37315f1d4c') in 0.0262587 seconds
Number of updated asset objects reloaded before import = 0Number of asset objects unloaded after import = 3

========================================================================
Received Import Request.
  Time since last request: 0.000048 seconds.
  path: Assets/Projects/GravityDash/kenney_ui-pack/PNG/Yellow/Double/button_round_gloss.png
  artifactKey: Guid(ad16b8b8cc4a54f448a569cace82bfed) Importer(2089858483,b0f066a214c2f5e87bad3c948f4d605d)
Start importing Assets/Projects/GravityDash/kenney_ui-pack/PNG/Yellow/Double/button_round_gloss.png using Guid(ad16b8b8cc4a54f448a569cace82bfed) Importer(2089858483,b0f066a214c2f5e87bad3c948f4d605d) (ScriptedImporter) -> (artifact id: 'f99032a65b5959a3c22dc61ff3a1abb2') in 0.0246318 seconds
Number of updated asset objects reloaded before import = 0Number of asset objects unloaded after import = 3

========================================================================
Received Import Request.
  Time since last request: 0.000042 seconds.
  path: Assets/Projects/GravityDash/kenney_new-platformer-pack-1.1/Sprites/Tiles/Double/terrain_purple_block_bottom.png
  artifactKey: Guid(23f2b4dccde6d41df930aac0206e214a) Importer(2089858483,b0f066a214c2f5e87bad3c948f4d605d)
Start importing Assets/Projects/GravityDash/kenney_new-platformer-pack-1.1/Sprites/Tiles/Double/terrain_purple_block_bottom.png using Guid(23f2b4dccde6d41df930aac0206e214a) Importer(2089858483,b0f066a214c2f5e87bad3c948f4d605d) (ScriptedImporter) -> (artifact id: 'da22fbf352edd9f2aa22f99eb1a20da2') in 0.0245597 seconds
Number of updated asset objects reloaded before import = 0Number of asset objects unloaded after import = 3

========================================================================
Received Import Request.
  Time since last request: 0.000023 seconds.
  path: Assets/Projects/GravityDash/kenney_ui-pack/PNG/Blue/Double/button_square_depth_gradient.png
  artifactKey: Guid(9b42eee47f2fe4b49b617e3ee028dba7) Importer(2089858483,b0f066a214c2f5e87bad3c948f4d605d)
Start importing Assets/Projects/GravityDash/kenney_ui-pack/PNG/Blue/Double/button_square_depth_gradient.png using Guid(9b42eee47f2fe4b49b617e3ee028dba7) Importer(2089858483,b0f066a214c2f5e87bad3c948f4d605d) (ScriptedImporter) -> (artifact id: 'edbc970b1cc92256ad3e6e7df3e9d83f') in 0.0327491 seconds
Number of updated asset objects reloaded before import = 0Number of asset objects unloaded after import = 3

========================================================================
Received Import Request.
  Time since last request: 0.000024 seconds.
  path: Assets/Projects/GravityDash/kenney_ui-pack/PNG/Red/Double/button_rectangle_depth_gloss.png
  artifactKey: Guid(b5c6415d5d1d84f65b09766338771025) Importer(2089858483,b0f066a214c2f5e87bad3c948f4d605d)
Start importing Assets/Projects/GravityDash/kenney_ui-pack/PNG/Red/Double/button_rectangle_depth_gloss.png using Guid(b5c6415d5d1d84f65b09766338771025) Importer(2089858483,b0f066a214c2f5e87bad3c948f4d605d) (ScriptedImporter) -> (artifact id: 'ed61d656f8f65cfd159975e1045587ea') in 0.0315734 seconds
Number of updated asset objects reloaded before import = 0Number of asset objects unloaded after import = 3

========================================================================
Received Import Request.
  Time since last request: 0.000024 seconds.
  path: Assets/Projects/GravityDash/kenney_ui-pack/PNG/Green/Double/button_square_depth_flat.png
  artifactKey: Guid(33947d40f5a97464cadf3c1c21a87cda) Importer(2089858483,b0f066a214c2f5e87bad3c948f4d605d)
Start importing Assets/Projects/GravityDash/kenney_ui-pack/PNG/Green/Double/button_square_depth_flat.png using Guid(33947d40f5a97464cadf3c1c21a87cda) Importer(2089858483,b0f066a214c2f5e87bad3c948f4d605d) (ScriptedImporter) -> (artifact id: '0647a295889c2a73662ef0fe7587e092') in 0.0222702 seconds
Number of updated asset objects reloaded before import = 0Number of asset objects unloaded after import = 3

========================================================================
Received Import Request.
  Time since last request: 0.000028 seconds.
  path: Assets/Projects/GravityDash/kenney_new-platformer-pack-1.1/Sprites/Tiles/Double/terrain_snow_cloud_middle.png
  artifactKey: Guid(4c2569a20b6c4488ba2300c34ded4640) Importer(2089858483,b0f066a214c2f5e87bad3c948f4d605d)
Start importing Assets/Projects/GravityDash/kenney_new-platformer-pack-1.1/Sprites/Tiles/Double/terrain_snow_cloud_middle.png using Guid(4c2569a20b6c4488ba2300c34ded4640) Importer(2089858483,b0f066a214c2f5e87bad3c948f4d605d) (ScriptedImporter) -> (artifact id: 'ca0850782211ed16ee9a10a1019f6a8d') in 0.0205031 seconds
Number of updated asset objects reloaded before import = 0Number of asset objects unloaded after import = 3

========================================================================
Received Import Request.
  Time since last request: 0.000156 seconds.
  path: Assets/Projects/MegaSuperChallengeShot/Graphics/Cute_Birds(4 in 1)Mini/B4/Animations/B4_s1.anim
  artifactKey: Guid(d02555940ee60214c9c2a1f37d7ed943) Importer(2089858483,b0f066a214c2f5e87bad3c948f4d605d)
Start importing Assets/Projects/MegaSuperChallengeShot/Graphics/Cute_Birds(4 in 1)Mini/B4/Animations/B4_s1.anim using Guid(d02555940ee60214c9c2a1f37d7ed943) Importer(2089858483,b0f066a214c2f5e87bad3c948f4d605d) (ScriptedImporter) -> (artifact id: 'f50e2783a13a8e4e9e230bc5a255fb8b') in 0.0145105 seconds
Number of updated asset objects reloaded before import = 0Number of asset objects unloaded after import = 1

========================================================================
Received Import Request.
  Time since last request: 0.000042 seconds.
  path: Assets/Projects/GravityDash/kenney_new-platformer-pack-1.1/Sprites/Tiles/Double/terrain_sand_vertical_middle.png
  artifactKey: Guid(6150c6bb55fb945ce87fb3d57b5ce30d) Importer(2089858483,b0f066a214c2f5e87bad3c948f4d605d)
Start importing Assets/Projects/GravityDash/kenney_new-platformer-pack-1.1/Sprites/Tiles/Double/terrain_sand_vertical_middle.png using Guid(6150c6bb55fb945ce87fb3d57b5ce30d) Importer(2089858483,b0f066a214c2f5e87bad3c948f4d605d) (ScriptedImporter) -> (artifact id: '9dfe38f6d4b519ce04ab1ebdf12e7036') in 0.013085 seconds
Number of updated asset objects reloaded before import = 0Number of asset objects unloaded after import = 3

========================================================================
Received Import Request.
  Time since last request: 0.000034 seconds.
  path: Assets/Projects/GravityDash/kenney_ui-pack/PNG/Grey/Default/button_rectangle_line.png
  artifactKey: Guid(1631d1732780f44f88fd756ff8013219) Importer(2089858483,b0f066a214c2f5e87bad3c948f4d605d)
Start importing Assets/Projects/GravityDash/kenney_ui-pack/PNG/Grey/Default/button_rectangle_line.png using Guid(1631d1732780f44f88fd756ff8013219) Importer(2089858483,b0f066a214c2f5e87bad3c948f4d605d) (ScriptedImporter) -> (artifact id: '4f58e09dc8162367f8790b42a84839c6') in 0.0200908 seconds
Number of updated asset objects reloaded before import = 0Number of asset objects unloaded after import = 3

========================================================================
Received Import Request.
  Time since last request: 0.000018 seconds.
  path: Assets/Projects/GravityDash/kenney_ui-pack/PNG/Blue/Default/button_rectangle_border.png
  artifactKey: Guid(bd70d95a15dfd42c19454b72f94946bb) Importer(2089858483,b0f066a214c2f5e87bad3c948f4d605d)
Start importing Assets/Projects/GravityDash/kenney_ui-pack/PNG/Blue/Default/button_rectangle_border.png using Guid(bd70d95a15dfd42c19454b72f94946bb) Importer(2089858483,b0f066a214c2f5e87bad3c948f4d605d) (ScriptedImporter) -> (artifact id: 'bbd4a48a91d86db3f1c63af0364a14ee') in 0.0157642 seconds
Number of updated asset objects reloaded before import = 0Number of asset objects unloaded after import = 3

========================================================================
Received Import Request.
  Time since last request: 0.000027 seconds.
  path: Assets/Projects/GravityDash/kenney_ui-pack/PNG/Green/Default/button_rectangle_depth_line.png
  artifactKey: Guid(a6498bcae0b084a7da27947fe0fc2c58) Importer(2089858483,b0f066a214c2f5e87bad3c948f4d605d)
Start importing Assets/Projects/GravityDash/kenney_ui-pack/PNG/Green/Default/button_rectangle_depth_line.png using Guid(a6498bcae0b084a7da27947fe0fc2c58) Importer(2089858483,b0f066a214c2f5e87bad3c948f4d605d) (ScriptedImporter) -> (artifact id: '81010f535aa8471b58b28b97be64b245') in 0.0227176 seconds
Number of updated asset objects reloaded before import = 0Number of asset objects unloaded after import = 3

========================================================================
Received Import Request.
  Time since last request: 0.000032 seconds.
  path: Assets/Projects/GravityDash/kenney_ui-pack/PNG/Extra/Default/button_rectangle_depth_line.png
  artifactKey: Guid(46e69df26cda04aa78dc4ce2da1a48e1) Importer(2089858483,b0f066a214c2f5e87bad3c948f4d605d)
Start importing Assets/Projects/GravityDash/kenney_ui-pack/PNG/Extra/Default/button_rectangle_depth_line.png using Guid(46e69df26cda04aa78dc4ce2da1a48e1) Importer(2089858483,b0f066a214c2f5e87bad3c948f4d605d) (ScriptedImporter) -> (artifact id: 'd92215b359a3c083e34ec951c2e730b3') in 0.0199866 seconds
Number of updated asset objects reloaded before import = 0Number of asset objects unloaded after import = 3

========================================================================
Received Import Request.
  Time since last request: 0.000035 seconds.
  path: Assets/Projects/GravityDash/kenney_ui-pack/PNG/Grey/Default/slide_horizontal_color.png
  artifactKey: Guid(a44fdbb508d5d4417950e74dc4b77c82) Importer(2089858483,b0f066a214c2f5e87bad3c948f4d605d)
Start importing Assets/Projects/GravityDash/kenney_ui-pack/PNG/Grey/Default/slide_horizontal_color.png using Guid(a44fdbb508d5d4417950e74dc4b77c82) Importer(2089858483,b0f066a214c2f5e87bad3c948f4d605d) (ScriptedImporter) -> (artifact id: 'c95c54643a214985a4883a53b99f1933') in 0.023963 seconds
Number of updated asset objects reloaded before import = 0Number of asset objects unloaded after import = 3

========================================================================
Received Import Request.
  Time since last request: 0.000024 seconds.
  path: Assets/Projects/GravityDash/kenney_new-platformer-pack-1.1/Sprites/Tiles/Double/lava_top_low.png
  artifactKey: Guid(e906e4bad05a344aea8fe4f163365cb6) Importer(2089858483,b0f066a214c2f5e87bad3c948f4d605d)
Start importing Assets/Projects/GravityDash/kenney_new-platformer-pack-1.1/Sprites/Tiles/Double/lava_top_low.png using Guid(e906e4bad05a344aea8fe4f163365cb6) Importer(2089858483,b0f066a214c2f5e87bad3c948f4d605d) (ScriptedImporter) -> (artifact id: '26e2ec77e36fe99a755f6354ab24b9ac') in 0.019632 seconds
Number of updated asset objects reloaded before import = 0Number of asset objects unloaded after import = 3

========================================================================
Received Import Request.
  Time since last request: 0.000027 seconds.
  path: Assets/Projects/GravityDash/kenney_new-platformer-pack-1.1/Sprites/Tiles/Double/terrain_sand_horizontal_middle.png
  artifactKey: Guid(8ec1fd6b848be4be1b5387e1c10af5fc) Importer(2089858483,b0f066a214c2f5e87bad3c948f4d605d)
Start importing Assets/Projects/GravityDash/kenney_new-platformer-pack-1.1/Sprites/Tiles/Double/terrain_sand_horizontal_middle.png using Guid(8ec1fd6b848be4be1b5387e1c10af5fc) Importer(2089858483,b0f066a214c2f5e87bad3c948f4d605d) (ScriptedImporter) -> (artifact id: '400666e543b3dd49961ac45cd1025816') in 0.0190286 seconds
Number of updated asset objects reloaded before import = 0Number of asset objects unloaded after import = 3

========================================================================
Received Import Request.
  Time since last request: 0.000040 seconds.
  path: Assets/Projects/GravityDash/kenney_new-platformer-pack-1.1/Sprites/Tiles/Double/rock.png
  artifactKey: Guid(f2c53c607124e45118d47af68fafd6e9) Importer(2089858483,b0f066a214c2f5e87bad3c948f4d605d)
Start importing Assets/Projects/GravityDash/kenney_new-platformer-pack-1.1/Sprites/Tiles/Double/rock.png using Guid(f2c53c607124e45118d47af68fafd6e9) Importer(2089858483,b0f066a214c2f5e87bad3c948f4d605d) (ScriptedImporter) -> (artifact id: 'e141bd38ec91da8d27053d15fa71a309') in 0.0182889 seconds
Number of updated asset objects reloaded before import = 0Number of asset objects unloaded after import = 3

========================================================================
Received Import Request.
  Time since last request: 0.000042 seconds.
  path: Assets/Projects/GravityDash/kenney_ui-pack/PNG/Yellow/Default/button_rectangle_gloss.png
  artifactKey: Guid(10bb2810127454b279399550a7b990b4) Importer(2089858483,b0f066a214c2f5e87bad3c948f4d605d)
Start importing Assets/Projects/GravityDash/kenney_ui-pack/PNG/Yellow/Default/button_rectangle_gloss.png using Guid(10bb2810127454b279399550a7b990b4) Importer(2089858483,b0f066a214c2f5e87bad3c948f4d605d) (ScriptedImporter) -> (artifact id: '0ee9e6761da0d6fe5c3d3fc1e0fef05c') in 0.0208711 seconds
Number of updated asset objects reloaded before import = 0Number of asset objects unloaded after import = 3

========================================================================
Received Import Request.
  Time since last request: 0.000033 seconds.
  path: Assets/Projects/MegaSuperChallengeShot/Graphics/Farland Skies/Low Poly/Textures/Sun/Sun_LP_03.png
  artifactKey: Guid(89a6b9eaef85da6469da79d68c2ffeaa) Importer(2089858483,b0f066a214c2f5e87bad3c948f4d605d)
Start importing Assets/Projects/MegaSuperChallengeShot/Graphics/Farland Skies/Low Poly/Textures/Sun/Sun_LP_03.png using Guid(89a6b9eaef85da6469da79d68c2ffeaa) Importer(2089858483,b0f066a214c2f5e87bad3c948f4d605d) (ScriptedImporter) -> (artifact id: '2208dafb7f891be7f887db8a7825510e') in 0.0196597 seconds
Number of updated asset objects reloaded before import = 0Number of asset objects unloaded after import = 1

========================================================================
Received Import Request.
  Time since last request: 0.000018 seconds.
  path: Assets/Projects/GravityDash/kenney_new-platformer-pack-1.1/Sprites/Tiles/Double/coin_gold.png
  artifactKey: Guid(e328d093289424f9bbf02823027592a3) Importer(2089858483,b0f066a214c2f5e87bad3c948f4d605d)
Start importing Assets/Projects/GravityDash/kenney_new-platformer-pack-1.1/Sprites/Tiles/Double/coin_gold.png using Guid(e328d093289424f9bbf02823027592a3) Importer(2089858483,b0f066a214c2f5e87bad3c948f4d605d) (ScriptedImporter) -> (artifact id: '75b3e5d037d876a6c8a52489fc17fa9d') in 0.0233983 seconds
Number of updated asset objects reloaded before import = 0Number of asset objects unloaded after import = 3

========================================================================
Received Import Request.
  Time since last request: 0.000036 seconds.
  path: Assets/Projects/MegaSuperChallengeShot/Graphics/OccaSoftware/Crosshairs/Editor/StartMenu.cs
  artifactKey: Guid(1b101b242ded8fe40b2544ce18bea6ba) Importer(2089858483,b0f066a214c2f5e87bad3c948f4d605d)
Start importing Assets/Projects/MegaSuperChallengeShot/Graphics/OccaSoftware/Crosshairs/Editor/StartMenu.cs using Guid(1b101b242ded8fe40b2544ce18bea6ba) Importer(2089858483,b0f066a214c2f5e87bad3c948f4d605d) (ScriptedImporter) -> (artifact id: 'dba9afbb34ea995dedcd2b25c8f333be') in 0.0149885 seconds
Number of updated asset objects reloaded before import = 0Number of asset objects unloaded after import = 0

========================================================================
Received Import Request.
  Time since last request: 0.000173 seconds.
  path: Assets/Projects/GravityDash/kenney_ui-pack/PNG/Yellow/Double/arrow_basic_s.png
  artifactKey: Guid(ecc37219107b04e7d8ef564fbe9494b5) Importer(2089858483,b0f066a214c2f5e87bad3c948f4d605d)
Start importing Assets/Projects/GravityDash/kenney_ui-pack/PNG/Yellow/Double/arrow_basic_s.png using Guid(ecc37219107b04e7d8ef564fbe9494b5) Importer(2089858483,b0f066a214c2f5e87bad3c948f4d605d) (ScriptedImporter) -> (artifact id: '2fcf51b1d4c29899a16c4f5d184f5b5b') in 0.0235464 seconds
Number of updated asset objects reloaded before import = 0Number of asset objects unloaded after import = 3

========================================================================
Received Prepare
WARNING: Shader Unsupported: 'Hidden/Universal Render Pipeline/Terrain/Lit (Base Pass)' - All subshaders removed
WARNING: Shader Did you use #pragma only_renderers and omit this platform?
WARNING: Shader If subshaders removal was intentional, you may have forgotten turning Fallback off?
WARNING: Shader Unsupported: 'Hidden/Universal Render Pipeline/Terrain/Lit (Base Pass)' - All subshaders removed
WARNING: Shader Did you use #pragma only_renderers and omit this platform?
WARNING: Shader If subshaders removal was intentional, you may have forgotten turning Fallback off?
WARNING: Shader Unsupported: 'Universal Render Pipeline/Terrain/Lit' - All subshaders removed
WARNING: Shader Did you use #pragma only_renderers and omit this platform?
WARNING: Shader If subshaders removal was intentional, you may have forgotten turning Fallback off?
WARNING: Shader Unsupported: 'Universal Render Pipeline/Terrain/Lit' - All subshaders removed
WARNING: Shader Did you use #pragma only_renderers and omit this platform?
WARNING: Shader If subshaders removal was intentional, you may have forgotten turning Fallback off?
Refreshing native plugins compatible for Editor in 14.36 ms, found 4 plugins.
Preloading 0 native plugins for Editor in 0.00 ms.
Unloading 45 Unused Serialized files (Serialized files now loaded: 0)
Unloading 8126 unused Assets / (6.6 MB). Loaded Objects now: 8789.
Memory consumption went from 155.8 MB to 149.2 MB.
Total: 38.482100 ms (FindLiveObjects: 0.982300 ms CreateObjectMapping: 1.273200 ms MarkObjects: 28.899000 ms  DeleteObjects: 7.325200 ms)

Prepare: number of updated asset objects reloaded= 0
Editor requested this worker to shutdown with reason: Scaling down because of idle timeout
AssetImportWorker is now disconnected from the server
Process exiting
Exiting without the bug reporter. Application will terminate with return code 0