[Licensing::Module] Trying to connect to existing licensing client channel...
Built from '6000.3/staging' branch; Version is '6000.3.8f1 (1c7db571dde0) revision 1867189'; Using compiler version '194234433'; Build Type 'Release'
[Licensing::IpcConnector] Successfully connected to: "LicenseClient-Vetlik" at "2026-06-13T13:20:22.8233024Z"
OS: 'Windows 11  (10.0.26200) Professional' Language: 'uk' Physical Memory: 32189 MB
BatchMode: 1, IsHumanControllingUs: 0, StartBugReporterOnCrash: 0, Is64bit: 1
System  architecture: x64
Process architecture: x64
Date: 2026-06-13T13:20:22Z

COMMAND LINE ARGUMENTS:
C:\Program Files\Unity\Hub\Editor\6000.3.8f1\Editor\Unity.exe
-adb2
-batchMode
-noUpm
-name
AssetImportWorker1
-projectPath
D:/3 курс_2 семестр_Чайковський/Крос-платформне програмування/fixed_games/lab6/labs_gamedev
-logFile
Logs/AssetImportWorker1.log
-srvPort
60729
-licensingIpc
LicenseClient-Vetlik
-job-worker-count
10
-background-job-worker-count
8
-gc-helper-count
1
-name
AssetImport
Successfully changed project path to: D:/3 курс_2 семестр_Чайковський/Крос-платформне програмування/fixed_games/lab6/labs_gamedev
D:/3 курс_2 семестр_Чайковський/Крос-платформне програмування/fixed_games/lab6/labs_gamedev
[UnityMemory] Configuration Parameters - Can be set up in boot.config
    "memorysetup-temp-allocator-size-nav-mesh-worker=65536"
    "memorysetup-temp-allocator-size-audio-worker=65536"
    "memorysetup-temp-allocator-size-gfx=262144"
    "memorysetup-allocator-temp-initial-block-size-main=262144"
    "memorysetup-allocator-temp-initial-block-size-worker=262144"
    "memorysetup-temp-allocator-size-background-worker=32768"
    "memorysetup-temp-allocator-size-job-worker=262144"
    "memorysetup-temp-allocator-size-preload-manager=33554432"
    "memorysetup-temp-allocator-size-gi-baking-worker=262144"
    "memorysetup-temp-allocator-size-gi-baking-worker=262144"
    "memorysetup-temp-allocator-size-gi-baking-worker=262144"
    "memorysetup-temp-allocator-size-gi-baking-worker=262144"
    "memorysetup-temp-allocator-size-gi-baking-worker=262144"
    "memorysetup-bucket-allocator-granularity=16"
    "memorysetup-bucket-allocator-bucket-count=8"
    "memorysetup-bucket-allocator-block-size=33554432"
    "memorysetup-bucket-allocator-block-count=8"
    "memorysetup-main-allocator-block-size=16777216"
    "memorysetup-thread-allocator-block-size=16777216"
    "memorysetup-gfx-main-allocator-block-size=16777216"
    "memorysetup-gfx-thread-allocator-block-size=16777216"
    "memorysetup-cache-allocator-block-size=4194304"
    "memorysetup-typetree-allocator-block-size=2097152"
    "memorysetup-profiler-bucket-allocator-granularity=16"
    "memorysetup-profiler-bucket-allocator-bucket-count=8"
    "memorysetup-profiler-bucket-allocator-block-size=33554432"
    "memorysetup-profiler-bucket-allocator-block-count=8"
    "memorysetup-profiler-allocator-block-size=16777216"
    "memorysetup-profiler-editor-allocator-block-size=1048576"
    "memorysetup-temp-allocator-size-main=16777216"
    "memorysetup-job-temp-allocator-block-size=2097152"
    "memorysetup-job-temp-allocator-block-size-background=1048576"
    "memorysetup-job-temp-allocator-reduction-small-platforms=262144"
    "memorysetup-temp-allocator-size-cloud-worker=32768"
Player connection [52832]  Target information:

Player connection [52832]  * "[IP] 192.168.56.1 [Port] 0 [Flags] 2 [Guid] 2146759372 [EditorId] 2146759372 [Version] 1048832 [Id] WindowsEditor(7,DESKTOP-0FQ05EC) [Debug] 1 [PackageName] WindowsEditor [ProjectName] Editor" 

Player connection [52832]  * "[IP] 172.31.64.1 [Port] 0 [Flags] 2 [Guid] 2146759372 [EditorId] 2146759372 [Version] 1048832 [Id] WindowsEditor(7,DESKTOP-0FQ05EC) [Debug] 1 [PackageName] WindowsEditor [ProjectName] Editor" 

Player connection [52832]  * "[IP] 192.168.0.110 [Port] 0 [Flags] 2 [Guid] 2146759372 [EditorId] 2146759372 [Version] 1048832 [Id] WindowsEditor(7,DESKTOP-0FQ05EC) [Debug] 1 [PackageName] WindowsEditor [ProjectName] Editor" 

Player connection [52832] Host joined multi-casting on [225.0.0.222:54997]...
Player connection [52832] Host joined alternative multi-casting on [225.0.0.222:34997]...
JobSystem: Creating JobQueue using job-worker-count value 10
Input System module state changed to: Initialized.
[Physics::Module] Initialized fallback backend.
[Physics::Module] Id: 0xdecafbad
Library Redirect Path: Library/
[Physics::Module] Selected backend.
[Physics::Module] Name: PhysX
[Physics::Module] Id: 0xf2b8ea05
[Physics::Module] SDK Version: 4.1.2
[Physics::Module] Integration Version: 1.0.0
[Physics::Module] Threading Mode: Multi-Threaded
Refreshing native plugins compatible for Editor in 12.19 ms, found 4 plugins.
Preloading 0 native plugins for Editor in 0.00 ms.
Initialize engine version: 6000.3.8f1 (1c7db571dde0)
[Subsystems] Discovering subsystems at path C:/Program Files/Unity/Hub/Editor/6000.3.8f1/Editor/Data/Resources/UnitySubsystems
[Subsystems] Discovering subsystems at path D:/3 курс_2 семестр_Чайковський/Крос-платформне програмування/fixed_games/lab6/labs_gamedev/Assets
GfxDevice: creating device client; kGfxThreadingModeNonThreaded
Direct3D:
    Version:  Direct3D 11.0 [level 11.1]
    Renderer: Intel(R) Arc(TM) Graphics (ID=0x7d55)
    Vendor:   Intel
    VRAM:     18347 MB
    Driver:   32.0.101.8132
Shader 'Universal Render Pipeline/Lit': fallback shader 'Hidden/Universal Render Pipeline/FallbackError' not found
Shader 'Universal Render Pipeline/VR/SpatialMapping/Occlusion': fallback shader 'Hidden/Universal Render Pipeline/FallbackError' not found
Shader 'Universal Render Pipeline/VR/SpatialMapping/Wireframe': fallback shader 'Hidden/Universal Render Pipeline/FallbackError' not found
Shader 'Universal Render Pipeline/Particles/Unlit': fallback shader 'Hidden/Universal Render Pipeline/FallbackError' not found
Shader 'Universal Render Pipeline/Simple Lit': fallback shader 'Hidden/Universal Render Pipeline/FallbackError' not found
Shader 'Universal Render Pipeline/Nature/SpeedTree7': fallback shader 'Hidden/Universal Render Pipeline/FallbackError' not found
Shader 'Universal Render Pipeline/Nature/SpeedTree7': dependency 'BillboardShader' shader 'Universal Render Pipeline/Nature/SpeedTree7 Billboard' not found
Shader 'Hidden/Universal Render Pipeline/StencilDeferred': fallback shader 'Hidden/Universal Render Pipeline/FallbackError' not found
Shader 'Hidden/Universal Render Pipeline/ClusterDeferred': fallback shader 'Hidden/Universal Render Pipeline/FallbackError' not found
Shader 'Hidden/Universal Render Pipeline/FallbackError': fallback shader 'Hidden/Core/FallbackError' not found
Shader 'Universal Render Pipeline/Particles/Simple Lit': fallback shader 'Universal Render Pipeline/Particles/Unlit' not found
Shader 'Universal Render Pipeline/Particles/Lit': fallback shader 'Universal Render Pipeline/Particles/Simple Lit' not found
Shader 'Universal Render Pipeline/Nature/SpeedTree7 Billboard': fallback shader 'Hidden/Universal Render Pipeline/FallbackError' not found
Shader 'Universal Render Pipeline/Complex Lit': fallback shader 'Hidden/Universal Render Pipeline/FallbackError' not found
Shader 'Universal Render Pipeline/Nature/SpeedTree8': fallback shader 'Hidden/Universal Render Pipeline/FallbackError' not found
Shader 'Hidden/Universal Render Pipeline/Terrain/Lit (Add Pass)': fallback shader 'Hidden/Universal Render Pipeline/FallbackError' not found
Shader 'TextMeshPro/Distance Field Overlay': fallback shader 'TextMeshPro/Mobile/Distance Field' not found
Shader 'Universal Render Pipeline/Baked Lit': fallback shader 'Universal Render Pipeline/Unlit' not found
Shader 'TextMeshPro/Distance Field SSD': fallback shader 'TextMeshPro/Mobile/Distance Field' not found
Shader 'TextMeshPro/Distance Field': fallback shader 'TextMeshPro/Mobile/Distance Field' not found
Shader 'Universal Render Pipeline/Unlit': fallback shader 'Hidden/Universal Render Pipeline/FallbackError' not found
Initialize mono
Mono path[0] = 'C:/Program Files/Unity/Hub/Editor/6000.3.8f1/Editor/Data/Managed'
Mono path[1] = 'C:/Program Files/Unity/Hub/Editor/6000.3.8f1/Editor/Data/MonoBleedingEdge/lib/mono/unityjit-win32'
Mono config path = 'C:/Program Files/Unity/Hub/Editor/6000.3.8f1/Editor/Data/MonoBleedingEdge/etc'
Using monoOptions --debugger-agent=transport=dt_socket,embedding=1,server=y,suspend=n,address=127.0.0.1:56456
Begin MonoManager ReloadAssembly
Registering precompiled unity dll's ...
Register platform support module: C:/Program Files/Unity/Hub/Editor/6000.3.8f1/Editor/Data/PlaybackEngines/WindowsStandaloneSupport/UnityEditor.WindowsStandalone.Extensions.dll
Registered in 0.003678 seconds.
- Loaded All Assemblies, in  0.945 seconds
Native extension for WindowsStandalone target not found
ScheduleIndexationOnStartup MainProcess:False IndexOnStartup:True
Mono: successfully reloaded assembly
- Finished resetting the current domain, in  0.819 seconds
Domain Reload Profiling: 1759ms
	BeginReloadAssembly (353ms)
		ExecutionOrderSort (0ms)
		DisableScriptedObjects (0ms)
		BackupInstance (0ms)
		ReleaseScriptingObjects (0ms)
		CreateAndSetChildDomain (2ms)
	RebuildCommonClasses (82ms)
	RebuildNativeTypeToScriptingClass (31ms)
	initialDomainReloadingComplete (99ms)
	LoadAllAssembliesAndSetupDomain (373ms)
		LoadAssemblies (347ms)
		RebuildTransferFunctionScriptingTraits (0ms)
		AnalyzeDomain (367ms)
			TypeCache.Refresh (365ms)
				TypeCache.ScanAssembly (345ms)
			BuildScriptInfoCaches (0ms)
			ResolveRequiredComponents (0ms)
	FinalizeReload (820ms)
		ReleaseScriptCaches (0ms)
		RebuildScriptCaches (0ms)
		SetupLoadedEditorAssemblies (745ms)
			LogAssemblyErrors (0ms)
			InitializePlatformSupportModulesInManaged (66ms)
			SetLoadedEditorAssemblies (7ms)
			BeforeProcessingInitializeOnLoad (153ms)
			ProcessInitializeOnLoadAttributes (365ms)
			ProcessInitializeOnLoadMethodAttributes (154ms)
			AfterProcessingInitializeOnLoad (0ms)
			EditorAssembliesLoaded (0ms)
		ExecutionOrderSort2 (0ms)
		AwakeInstancesAfterBackupRestoration (0ms)
========================================================================
Worker process is ready to serve import requests
Import Worker Mode flag is 0x00
Begin MonoManager ReloadAssembly
[Licensing::Module] Licensing is not yet initialized.
[Licensing::Client] Handshaking with LicensingClient:
  Version:                 1.17.4+4293ba1
  Session Id:              2b89e93b1b984d609cd91bde56a7809a
  Correlation Id:          04bed74e7ec85f4ac415e3263256bf27
  External correlation Id: 3887839956973906220
  Machine Id:              XF9qbCF8jYGah7fdRYj1Jhek+PE=
[Licensing::Module] Successfully connected to LicensingClient on channel: "LicenseClient-Vetlik" (connect: 0.00s, validation: 0.00s, handshake: 4.04s)
[Licensing::IpcConnector] Successfully connected to: "LicenseClient-Vetlik-notifications" at "2026-06-13T13:20:26.8690525Z"
[Licensing::Module] Licensing Background thread has ended after 4.05s
[Licensing::Module] Licensing is initialized (took 0.07s).
[Licensing::Client] Successfully resolved entitlement details
[Licensing::Module] License group:
  Id: F4-6GGE-9CKT-UPYG-SP8W-XXXX
  Product: Unity Personal
  Type: ULF
  Expiration: Unlimited
[Licensing::Module] License group:
  Id: 7972560156196-UnityPersXXXX
  Product: Unity Personal
  Type: Assigned
  Expiration: Unlimited
Symbol file LoadedFromMemory is not a mono symbol file
- Loaded All Assemblies, in  1.988 seconds
Refreshing native plugins compatible for Editor in 8.32 ms, found 4 plugins.
Native extension for WindowsStandalone target not found
Refreshing native plugins compatible for Editor in 8.02 ms, found 4 plugins.
Package Manager log level set to [2]
[Package Manager] Failed to launch server process. Reason: Unity was launched with the -noUpm command-line argument
[Package Manager] Unable to send message (not connected to server process).
[Package Manager] Cannot connect to Unity Package Manager local server
DisplayDialog: Error Failed to download MDR; An exception occurred during a WebClient request.
This should not be called in batch mode.
UnityEngine.Debug:ExtractStackTraceNoAlloc (byte*,int,string)
UnityEngine.StackTraceUtility:ExtractStackTrace ()
UnityEditor.EditorDialog:DisplayAlertDialogNative (string,UnityEditor.DialogIconType,string,string)
UnityEditor.EditorDialog:DisplayAlertDialog (string,string,string,UnityEditor.DialogIconType)
UnityEditor.EditorUtility:DisplayDialog (string,string,string)
UnityEngine.Advertisements.Editor.MobileDependencyResolverInstallerUnity:InstallPackage () (at ./Library/PackageCache/com.unity.ads@e89225828059/Editor/Source/MobileDependencyResolverUnity.cs:114)
UnityEngine.Advertisements.Editor.MobileDependencyResolverInstallerUnity:InstallPlayServicesResolverIfNeeded () (at ./Library/PackageCache/com.unity.ads@e89225828059/Editor/Source/MobileDependencyResolverUnity.cs:48)
System.Reflection.RuntimeMethodInfo:Invoke (object,System.Reflection.BindingFlags,System.Reflection.Binder,object[],System.Globalization.CultureInfo)
System.Reflection.MethodBase:Invoke (object,object[])
UnityEditor.EditorAssemblies:ProcessInitializeOnLoadMethodAttributes ()

[./Library/PackageCache/com.unity.ads@e89225828059/Editor/Source/MobileDependencyResolverUnity.cs line 114]

ScheduleIndexationOnStartup MainProcess:False IndexOnStartup:True
Mono: successfully reloaded assembly
- Finished resetting the current domain, in  1.665 seconds
Domain Reload Profiling: 3646ms
	BeginReloadAssembly (460ms)
		ExecutionOrderSort (0ms)
		DisableScriptedObjects (12ms)
		BackupInstance (0ms)
		ReleaseScriptingObjects (0ms)
		CreateAndSetChildDomain (64ms)
	RebuildCommonClasses (65ms)
	RebuildNativeTypeToScriptingClass (22ms)
	initialDomainReloadingComplete (80ms)
	LoadAllAssembliesAndSetupDomain (1353ms)
		LoadAssemblies (902ms)
		RebuildTransferFunctionScriptingTraits (0ms)
		AnalyzeDomain (671ms)
			TypeCache.Refresh (396ms)
				TypeCache.ScanAssembly (362ms)
			BuildScriptInfoCaches (248ms)
			ResolveRequiredComponents (20ms)
	FinalizeReload (1666ms)
		ReleaseScriptCaches (0ms)
		RebuildScriptCaches (0ms)
		SetupLoadedEditorAssemblies (1414ms)
			LogAssemblyErrors (0ms)
			InitializePlatformSupportModulesInManaged (3ms)
			SetLoadedEditorAssemblies (7ms)
			BeforeProcessingInitializeOnLoad (317ms)
			ProcessInitializeOnLoadAttributes (695ms)
			ProcessInitializeOnLoadMethodAttributes (385ms)
			AfterProcessingInitializeOnLoad (6ms)
			EditorAssembliesLoaded (1ms)
		ExecutionOrderSort2 (0ms)
		AwakeInstancesAfterBackupRestoration (11ms)
WARNING: Shader Unsupported: 'Hidden/Universal Render Pipeline/Terrain/Lit (Base Pass)' - All subshaders removed
WARNING: Shader Did you use #pragma only_renderers and omit this platform?
WARNING: Shader If subshaders removal was intentional, you may have forgotten turning Fallback off?
WARNING: Shader Unsupported: 'Hidden/Universal Render Pipeline/Terrain/Lit (Base Pass)' - All subshaders removed
WARNING: Shader Did you use #pragma only_renderers and omit this platform?
WARNING: Shader If subshaders removal was intentional, you may have forgotten turning Fallback off?
WARNING: Shader Unsupported: 'Universal Render Pipeline/Terrain/Lit' - All subshaders removed
WARNING: Shader Did you use #pragma only_renderers and omit this platform?
WARNING: Shader If subshaders removal was intentional, you may have forgotten turning Fallback off?
WARNING: Shader Unsupported: 'Universal Render Pipeline/Terrain/Lit' - All subshaders removed
WARNING: Shader Did you use #pragma only_renderers and omit this platform?
WARNING: Shader If subshaders removal was intentional, you may have forgotten turning Fallback off?
Launched and connected shader compiler UnityShaderCompiler.exe after 0.02 seconds
Refreshing native plugins compatible for Editor in 7.30 ms, found 4 plugins.
Preloading 0 native plugins for Editor in 0.00 ms.
Unloading 45 Unused Serialized files (Serialized files now loaded: 0)
Unloading 8166 unused Assets / (7.9 MB). Loaded Objects now: 8787.
Memory consumption went from 163.5 MB to 155.6 MB.
Total: 23.042300 ms (FindLiveObjects: 0.845200 ms CreateObjectMapping: 0.880700 ms MarkObjects: 14.900100 ms  DeleteObjects: 6.413200 ms)

========================================================================
Received Import Request.
  Time since last request: 262538.747362 seconds.
  path: Assets/Settings/Lit2DSceneTemplate.scenetemplate
  artifactKey: Guid(d03ed43fc9d8a4f2e9fa70c1c7916eb9) Importer(2089858483,b0f066a214c2f5e87bad3c948f4d605d)
Start importing Assets/Settings/Lit2DSceneTemplate.scenetemplate using Guid(d03ed43fc9d8a4f2e9fa70c1c7916eb9) Importer(2089858483,b0f066a214c2f5e87bad3c948f4d605d) (ScriptedImporter) -> (artifact id: '40c830405f3c2f92102f2433d6b094c7') in 0.2232565 seconds
Number of updated asset objects reloaded before import = 0Number of asset objects unloaded after import = 3

========================================================================
Received Import Request.
  Time since last request: 0.000041 seconds.
  path: Assets/Scripts/MoveTitleScreenCharacters.cs
  artifactKey: Guid(cb8e1d884f2a25347813e2ff4a2f1450) Importer(2089858483,b0f066a214c2f5e87bad3c948f4d605d)
Start importing Assets/Scripts/MoveTitleScreenCharacters.cs using Guid(cb8e1d884f2a25347813e2ff4a2f1450) Importer(2089858483,b0f066a214c2f5e87bad3c948f4d605d) (ScriptedImporter) -> (artifact id: '116d2ba968056a0919ec5050cbc0b636') in 0.0309675 seconds
Number of updated asset objects reloaded before import = 0Number of asset objects unloaded after import = 0

========================================================================
Received Import Request.
  Time since last request: 0.000190 seconds.
  path: Assets/Sprites/defaultBackground.png
  artifactKey: Guid(0f1af221c40c1954baaa55b5c4a86be5) Importer(2089858483,b0f066a214c2f5e87bad3c948f4d605d)
Start importing Assets/Sprites/defaultBackground.png using Guid(0f1af221c40c1954baaa55b5c4a86be5) Importer(2089858483,b0f066a214c2f5e87bad3c948f4d605d) (ScriptedImporter) -> (artifact id: 'd6ef953c89df91eedd16aea78cdc256b') in 0.1000879 seconds
Number of updated asset objects reloaded before import = 0Number of asset objects unloaded after import = 3

========================================================================
Received Import Request.
  Time since last request: 0.000040 seconds.
  path: Assets/_Scenes/01 Start_Winter.unity
  artifactKey: Guid(5ff1448b5bc24e74ba39c375adbaae95) Importer(2089858483,b0f066a214c2f5e87bad3c948f4d605d)
Start importing Assets/_Scenes/01 Start_Winter.unity using Guid(5ff1448b5bc24e74ba39c375adbaae95) Importer(2089858483,b0f066a214c2f5e87bad3c948f4d605d) (ScriptedImporter) -> (artifact id: '32a20bc141f42baf930c3899d5aa6375') in 0.0189668 seconds
Number of updated asset objects reloaded before import = 0Number of asset objects unloaded after import = 1

========================================================================
Received Import Request.
  Time since last request: 0.000033 seconds.
  path: Assets/Animations/Coins/_Coins.controller
  artifactKey: Guid(a65369e00c232aa4fbaebc76a4465fd5) Importer(2089858483,b0f066a214c2f5e87bad3c948f4d605d)
Start importing Assets/Animations/Coins/_Coins.controller using Guid(a65369e00c232aa4fbaebc76a4465fd5) Importer(2089858483,b0f066a214c2f5e87bad3c948f4d605d) (ScriptedImporter) -> (artifact id: '53f93d3175f46b0433c328ea6a598b51') in 0.0221592 seconds
Number of updated asset objects reloaded before import = 0Number of asset objects unloaded after import = 8

========================================================================
Received Import Request.
  Time since last request: 0.000067 seconds.
  path: Assets/Scripts/SwipeScript.cs
  artifactKey: Guid(ac68c8f271b5ad4458d927bfdecb8245) Importer(2089858483,b0f066a214c2f5e87bad3c948f4d605d)
Start importing Assets/Scripts/SwipeScript.cs using Guid(ac68c8f271b5ad4458d927bfdecb8245) Importer(2089858483,b0f066a214c2f5e87bad3c948f4d605d) (ScriptedImporter) -> (artifact id: 'cf5ca82e91446135dc071293d0d0d213') in 0.0168131 seconds
Number of updated asset objects reloaded before import = 0Number of asset objects unloaded after import = 0

========================================================================
Received Import Request.
  Time since last request: 0.000179 seconds.
  path: Assets/Sprites/Water.png
  artifactKey: Guid(a99aaa42559bc4c02a33599a8a6be202) Importer(2089858483,b0f066a214c2f5e87bad3c948f4d605d)
Start importing Assets/Sprites/Water.png using Guid(a99aaa42559bc4c02a33599a8a6be202) Importer(2089858483,b0f066a214c2f5e87bad3c948f4d605d) (ScriptedImporter) -> (artifact id: '627a480f02c3aeeafb74fe85d2df8c0a') in 0.022774 seconds
Number of updated asset objects reloaded before import = 0Number of asset objects unloaded after import = 3

========================================================================
Received Import Request.
  Time since last request: 0.000035 seconds.
  path: Assets/Animations/Cat'N'Dog/Dog_Walking.anim
  artifactKey: Guid(bc207c5fe5b00da46a8393aef1478d37) Importer(2089858483,b0f066a214c2f5e87bad3c948f4d605d)
Start importing Assets/Animations/Cat'N'Dog/Dog_Walking.anim using Guid(bc207c5fe5b00da46a8393aef1478d37) Importer(2089858483,b0f066a214c2f5e87bad3c948f4d605d) (ScriptedImporter) -> (artifact id: '60a22c4df2edac575d893feffa561708') in 0.0318786 seconds
Number of updated asset objects reloaded before import = 0Number of asset objects unloaded after import = 1

========================================================================
Received Import Request.
  Time since last request: 0.000116 seconds.
  path: Assets/Scripts/ToggleMusic.cs
  artifactKey: Guid(f94d10b1ff35be142adf82cc00b0d3e5) Importer(2089858483,b0f066a214c2f5e87bad3c948f4d605d)
Start importing Assets/Scripts/ToggleMusic.cs using Guid(f94d10b1ff35be142adf82cc00b0d3e5) Importer(2089858483,b0f066a214c2f5e87bad3c948f4d605d) (ScriptedImporter) -> (artifact id: 'ceeb3ac4796606ded648e58393e1b545') in 0.0198345 seconds
Number of updated asset objects reloaded before import = 0Number of asset objects unloaded after import = 0

========================================================================
Received Import Request.
  Time since last request: 0.000143 seconds.
  path: Assets/Animations/Blood/Bubble_Up.anim
  artifactKey: Guid(4588e15a7e56dc144a67567ea2e1e77c) Importer(2089858483,b0f066a214c2f5e87bad3c948f4d605d)
Start importing Assets/Animations/Blood/Bubble_Up.anim using Guid(4588e15a7e56dc144a67567ea2e1e77c) Importer(2089858483,b0f066a214c2f5e87bad3c948f4d605d) (ScriptedImporter) -> (artifact id: '33efa3fb7c8d7337178be8836348999a') in 0.0181303 seconds
Number of updated asset objects reloaded before import = 0Number of asset objects unloaded after import = 1

========================================================================
Received Import Request.
  Time since last request: 0.000136 seconds.
  path: Assets/Perfabs/Player.prefab
  artifactKey: Guid(125828521d4a5439f9aa0abfe5c78a14) Importer(2089858483,b0f066a214c2f5e87bad3c948f4d605d)
Start importing Assets/Perfabs/Player.prefab using Guid(125828521d4a5439f9aa0abfe5c78a14) Importer(2089858483,b0f066a214c2f5e87bad3c948f4d605d) (ScriptedImporter) -> (artifact id: '0999870c37da0dd374f68359d06e953a') in 0.0814566 seconds
Number of updated asset objects reloaded before import = 0Number of asset objects unloaded after import = 13

========================================================================
Received Import Request.
  Time since last request: 0.000055 seconds.
  path: Assets/Animations/Coins/Flip.anim
  artifactKey: Guid(485433ed0c0890e4ba450def700bb5ca) Importer(2089858483,b0f066a214c2f5e87bad3c948f4d605d)
Start importing Assets/Animations/Coins/Flip.anim using Guid(485433ed0c0890e4ba450def700bb5ca) Importer(2089858483,b0f066a214c2f5e87bad3c948f4d605d) (ScriptedImporter) -> (artifact id: '5bd478edb980520ab98129107541290f') in 0.0199723 seconds
Number of updated asset objects reloaded before import = 0Number of asset objects unloaded after import = 1

========================================================================
Received Import Request.
  Time since last request: 0.000078 seconds.
  path: Assets/Music/240776__f4ngy__card-flip.wav
  artifactKey: Guid(6c5b6f0bb941d3d4e8db04422be673a3) Importer(2089858483,b0f066a214c2f5e87bad3c948f4d605d)
Start importing Assets/Music/240776__f4ngy__card-flip.wav using Guid(6c5b6f0bb941d3d4e8db04422be673a3) Importer(2089858483,b0f066a214c2f5e87bad3c948f4d605d) (ScriptedImporter) -> (artifact id: '9293eb3ca69e51ca3352455e94412edc') in 0.0568919 seconds
Number of updated asset objects reloaded before import = 0Number of asset objects unloaded after import = 1

========================================================================
Received Import Request.
  Time since last request: 0.000053 seconds.
  path: Assets/Sprites/2.png
  artifactKey: Guid(1dd9507e5d2b2724eb1142f8ad2ff942) Importer(2089858483,b0f066a214c2f5e87bad3c948f4d605d)
Start importing Assets/Sprites/2.png using Guid(1dd9507e5d2b2724eb1142f8ad2ff942) Importer(2089858483,b0f066a214c2f5e87bad3c948f4d605d) (ScriptedImporter) -> (artifact id: '024110d315466b8b2348d874b4743bd3') in 0.0223798 seconds
Number of updated asset objects reloaded before import = 0Number of asset objects unloaded after import = 3

========================================================================
Received Import Request.
  Time since last request: 0.000029 seconds.
  path: Assets/Perfabs/fireball.prefab
  artifactKey: Guid(615405b046eb64294853e4928713f257) Importer(2089858483,b0f066a214c2f5e87bad3c948f4d605d)
Start importing Assets/Perfabs/fireball.prefab using Guid(615405b046eb64294853e4928713f257) Importer(2089858483,b0f066a214c2f5e87bad3c948f4d605d) (ScriptedImporter) -> (artifact id: '9683fb4280a9d2941daa9e679cc8e6a5') in 0.0233404 seconds
Number of updated asset objects reloaded before import = 0Number of asset objects unloaded after import = 13

========================================================================
Received Import Request.
  Time since last request: 0.000038 seconds.
  path: Assets/_Scenes/02 Play_Desert.unity
  artifactKey: Guid(5dddb38f4ac6a834ba3511285ae4b771) Importer(2089858483,b0f066a214c2f5e87bad3c948f4d605d)
Start importing Assets/_Scenes/02 Play_Desert.unity using Guid(5dddb38f4ac6a834ba3511285ae4b771) Importer(2089858483,b0f066a214c2f5e87bad3c948f4d605d) (ScriptedImporter) -> (artifact id: '5e8c3b1edb681b0275b249fc8d16725b') in 0.02648 seconds
Number of updated asset objects reloaded before import = 0Number of asset objects unloaded after import = 1

========================================================================
Received Import Request.
  Time since last request: 0.000246 seconds.
  path: Assets/Sprites/zombieTileset.png
  artifactKey: Guid(56bacbe521fce3446beaeca750816dfd) Importer(2089858483,b0f066a214c2f5e87bad3c948f4d605d)
Start importing Assets/Sprites/zombieTileset.png using Guid(56bacbe521fce3446beaeca750816dfd) Importer(2089858483,b0f066a214c2f5e87bad3c948f4d605d) (ScriptedImporter) -> (artifact id: '684dc2c43e921b6202dc6c880dd079dc') in 0.0640425 seconds
Number of updated asset objects reloaded before import = 0Number of asset objects unloaded after import = 18

========================================================================
Received Import Request.
  Time since last request: 0.000049 seconds.
  path: Assets/Sprites/winterBackground.png
  artifactKey: Guid(d5a716c1d7611f74f9788a1cf75bae60) Importer(2089858483,b0f066a214c2f5e87bad3c948f4d605d)
Start importing Assets/Sprites/winterBackground.png using Guid(d5a716c1d7611f74f9788a1cf75bae60) Importer(2089858483,b0f066a214c2f5e87bad3c948f4d605d) (ScriptedImporter) -> (artifact id: '6337db464aa7a264378601836fc541e2') in 0.0728882 seconds
Number of updated asset objects reloaded before import = 0Number of asset objects unloaded after import = 3

========================================================================
Received Import Request.
  Time since last request: 0.000271 seconds.
  path: Assets/Music/242857__plasterbrain__coin-get.ogg
  artifactKey: Guid(85dee8a25b3b5de4ea81f5234736a744) Importer(2089858483,b0f066a214c2f5e87bad3c948f4d605d)
Start importing Assets/Music/242857__plasterbrain__coin-get.ogg using Guid(85dee8a25b3b5de4ea81f5234736a744) Importer(2089858483,b0f066a214c2f5e87bad3c948f4d605d) (ScriptedImporter) -> (artifact id: '3bc5780b8c33ccb407b919dfc5744ef3') in 0.0598404 seconds
Number of updated asset objects reloaded before import = 0Number of asset objects unloaded after import = 1

========================================================================
Received Import Request.
  Time since last request: 0.000142 seconds.
  path: Assets/Animations/Coins/coinGrabAnimation.png
  artifactKey: Guid(625f6721fb7a7aa49ad90fffe80cdc16) Importer(2089858483,b0f066a214c2f5e87bad3c948f4d605d)
Start importing Assets/Animations/Coins/coinGrabAnimation.png using Guid(625f6721fb7a7aa49ad90fffe80cdc16) Importer(2089858483,b0f066a214c2f5e87bad3c948f4d605d) (ScriptedImporter) -> (artifact id: '2ee03fe3a6b2d725fec2f4f8db93fa67') in 0.062097 seconds
Number of updated asset objects reloaded before import = 0Number of asset objects unloaded after import = 11

========================================================================
Received Import Request.
  Time since last request: 0.000064 seconds.
  path: Assets/Fonts/Double_Bubble_shadow_italic.otf
  artifactKey: Guid(8d6c8f381fb1cd94b9b3289814356b5b) Importer(2089858483,b0f066a214c2f5e87bad3c948f4d605d)
Start importing Assets/Fonts/Double_Bubble_shadow_italic.otf using Guid(8d6c8f381fb1cd94b9b3289814356b5b) Importer(2089858483,b0f066a214c2f5e87bad3c948f4d605d) (ScriptedImporter) -> (artifact id: '06c6e43bc73449e723aadd69bfd0ec2b') in 0.0413734 seconds
Number of updated asset objects reloaded before import = 0Number of asset objects unloaded after import = 3

========================================================================
Received Import Request.
  Time since last request: 0.000042 seconds.
  path: Assets/_Scenes/01 Start_Desert.unity
  artifactKey: Guid(eefdb333208a3cc4c82357067bb5458e) Importer(2089858483,b0f066a214c2f5e87bad3c948f4d605d)
Start importing Assets/_Scenes/01 Start_Desert.unity using Guid(eefdb333208a3cc4c82357067bb5458e) Importer(2089858483,b0f066a214c2f5e87bad3c948f4d605d) (ScriptedImporter) -> (artifact id: '4a98f2743bcfc4b404b015a3653760a6') in 0.0211314 seconds
Number of updated asset objects reloaded before import = 0Number of asset objects unloaded after import = 1

========================================================================
Received Import Request.
  Time since last request: 0.000094 seconds.
  path: Assets/Prefabs/Level Canvas.prefab
  artifactKey: Guid(96e5a131b03c1d443a350b706a1e548c) Importer(2089858483,b0f066a214c2f5e87bad3c948f4d605d)
Start importing Assets/Prefabs/Level Canvas.prefab using Guid(96e5a131b03c1d443a350b706a1e548c) Importer(2089858483,b0f066a214c2f5e87bad3c948f4d605d) (ScriptedImporter) -> (artifact id: '9f31d3908ab538b1c2c948be5663d462') in 0.058959 seconds
Number of updated asset objects reloaded before import = 0Number of asset objects unloaded after import = 12

========================================================================
Received Import Request.
  Time since last request: 0.000029 seconds.
  path: Assets/Sprites/characterShop1.png
  artifactKey: Guid(074e18fdee661f948b7395eb57bd3e42) Importer(2089858483,b0f066a214c2f5e87bad3c948f4d605d)
Start importing Assets/Sprites/characterShop1.png using Guid(074e18fdee661f948b7395eb57bd3e42) Importer(2089858483,b0f066a214c2f5e87bad3c948f4d605d) (ScriptedImporter) -> (artifact id: '7c9145e66a881d35d805d103da9c4504') in 0.067457 seconds
Number of updated asset objects reloaded before import = 0Number of asset objects unloaded after import = 17

========================================================================
Received Import Request.
  Time since last request: 0.000030 seconds.
  path: Assets/Sprites/characterShop2.png
  artifactKey: Guid(aeb34dc63b1695c428740554c7806d49) Importer(2089858483,b0f066a214c2f5e87bad3c948f4d605d)
Start importing Assets/Sprites/characterShop2.png using Guid(aeb34dc63b1695c428740554c7806d49) Importer(2089858483,b0f066a214c2f5e87bad3c948f4d605d) (ScriptedImporter) -> (artifact id: '2d87017f917b8f7ccc5fc2938c3ef6c3') in 0.0602266 seconds
Number of updated asset objects reloaded before import = 0Number of asset objects unloaded after import = 17

========================================================================
Received Import Request.
  Time since last request: 0.000033 seconds.
  path: Assets/Animations/Cat'N'Dog/_Cat.controller
  artifactKey: Guid(5b15ee73191c979429c23dfcba673ac4) Importer(2089858483,b0f066a214c2f5e87bad3c948f4d605d)
Start importing Assets/Animations/Cat'N'Dog/_Cat.controller using Guid(5b15ee73191c979429c23dfcba673ac4) Importer(2089858483,b0f066a214c2f5e87bad3c948f4d605d) (ScriptedImporter) -> (artifact id: '2d5f68b473fc586a7a6aaa214460675b') in 0.0256658 seconds
Number of updated asset objects reloaded before import = 0Number of asset objects unloaded after import = 4

========================================================================
Received Import Request.
  Time since last request: 0.000048 seconds.
  path: Assets/InputSystem_Actions.inputactions
  artifactKey: Guid(2bcd2660ca9b64942af0de543d8d7100) Importer(2089858483,b0f066a214c2f5e87bad3c948f4d605d)
Start importing Assets/InputSystem_Actions.inputactions using Guid(2bcd2660ca9b64942af0de543d8d7100) Importer(2089858483,b0f066a214c2f5e87bad3c948f4d605d) (ScriptedImporter) -> (artifact id: 'd311d196fe88ec39b477f70d8e5934bb') in 0.3223991 seconds
Number of updated asset objects reloaded before import = 0Number of asset objects unloaded after import = 22

========================================================================
Received Import Request.
  Time since last request: 0.000031 seconds.
  path: Assets/Animations/Blood/bubblingBlood.png
  artifactKey: Guid(433e904ca83aa24458b1fb5fd45c5d76) Importer(2089858483,b0f066a214c2f5e87bad3c948f4d605d)
Start importing Assets/Animations/Blood/bubblingBlood.png using Guid(433e904ca83aa24458b1fb5fd45c5d76) Importer(2089858483,b0f066a214c2f5e87bad3c948f4d605d) (ScriptedImporter) -> (artifact id: '2eab4de96e8022e9fce61bf7985263a2') in 0.0545797 seconds
Number of updated asset objects reloaded before import = 0Number of asset objects unloaded after import = 26

========================================================================
Received Import Request.
  Time since last request: 0.000041 seconds.
  path: Assets/_Scenes/02 Play_Zombie.unity
  artifactKey: Guid(7154afa268315a94f88fb1820faa468c) Importer(2089858483,b0f066a214c2f5e87bad3c948f4d605d)
Start importing Assets/_Scenes/02 Play_Zombie.unity using Guid(7154afa268315a94f88fb1820faa468c) Importer(2089858483,b0f066a214c2f5e87bad3c948f4d605d) (ScriptedImporter) -> (artifact id: '799c4edc0d18296efa1570f2bf4b4c5a') in 0.0197987 seconds
Number of updated asset objects reloaded before import = 0Number of asset objects unloaded after import = 1

========================================================================
Received Import Request.
  Time since last request: 0.881523 seconds.
  path: Assets/Animations/Elves/Elf_2_Walking.anim
  artifactKey: Guid(d10a30806fc04594e806d90ce61d15c3) Importer(2089858483,b0f066a214c2f5e87bad3c948f4d605d)
Start importing Assets/Animations/Elves/Elf_2_Walking.anim using Guid(d10a30806fc04594e806d90ce61d15c3) Importer(2089858483,b0f066a214c2f5e87bad3c948f4d605d) (ScriptedImporter) -> (artifact id: '5ed74946261004913be46037bf098ad2') in 0.0211664 seconds
Number of updated asset objects reloaded before import = 0Number of asset objects unloaded after import = 1

========================================================================
Received Import Request.
  Time since last request: 0.000034 seconds.
  path: Assets/Animations/Player/_Player.controller
  artifactKey: Guid(5ce07cd694fcc6847a15511bc493ccc6) Importer(2089858483,b0f066a214c2f5e87bad3c948f4d605d)
Start importing Assets/Animations/Player/_Player.controller using Guid(5ce07cd694fcc6847a15511bc493ccc6) Importer(2089858483,b0f066a214c2f5e87bad3c948f4d605d) (ScriptedImporter) -> (artifact id: '7b4c8a23cd353e68c840a10c9a44e3bc') in 0.0196023 seconds
Number of updated asset objects reloaded before import = 0Number of asset objects unloaded after import = 10

========================================================================
Received Import Request.
  Time since last request: 0.000035 seconds.
  path: Assets/Animations/Ninjas Knight/Kinght_Walking.anim
  artifactKey: Guid(2b8fdeba9a9ff704d8c0c73b2825352e) Importer(2089858483,b0f066a214c2f5e87bad3c948f4d605d)
Start importing Assets/Animations/Ninjas Knight/Kinght_Walking.anim using Guid(2b8fdeba9a9ff704d8c0c73b2825352e) Importer(2089858483,b0f066a214c2f5e87bad3c948f4d605d) (ScriptedImporter) -> (artifact id: '7f3be4ca98a4c154a07c9a10989a7462') in 0.0135737 seconds
Number of updated asset objects reloaded before import = 0Number of asset objects unloaded after import = 1

========================================================================
Received Import Request.
  Time since last request: 0.000025 seconds.
  path: Assets/Animations/Zombie/Zombie_Walking.anim
  artifactKey: Guid(4f3aa10230dd30b4bb0361e140aa60ca) Importer(2089858483,b0f066a214c2f5e87bad3c948f4d605d)
Start importing Assets/Animations/Zombie/Zombie_Walking.anim using Guid(4f3aa10230dd30b4bb0361e140aa60ca) Importer(2089858483,b0f066a214c2f5e87bad3c948f4d605d) (ScriptedImporter) -> (artifact id: '4c024d8d74850caa5ae9526a22c2dd63') in 0.0136883 seconds
Number of updated asset objects reloaded before import = 0Number of asset objects unloaded after import = 1

========================================================================
Received Import Request.
  Time since last request: 0.000037 seconds.
  path: Assets/Prefabs/Block Segments/Segment 1.prefab
  artifactKey: Guid(6b47fda0a40df7f449f5a787dabfc2ee) Importer(2089858483,b0f066a214c2f5e87bad3c948f4d605d)
Start importing Assets/Prefabs/Block Segments/Segment 1.prefab using Guid(6b47fda0a40df7f449f5a787dabfc2ee) Importer(2089858483,b0f066a214c2f5e87bad3c948f4d605d) (ScriptedImporter) -> (artifact id: '25615b36253dc6f67f2a65fb2ffbd618') in 0.0200797 seconds
Number of updated asset objects reloaded before import = 0Number of asset objects unloaded after import = 268

========================================================================
Received Import Request.
  Time since last request: 0.000023 seconds.
  path: Assets/Prefabs/Block Segments/Desert Segment 1.prefab
  artifactKey: Guid(67e8f0cb0d4585a45bd1e05af44ae9bf) Importer(2089858483,b0f066a214c2f5e87bad3c948f4d605d)
Start importing Assets/Prefabs/Block Segments/Desert Segment 1.prefab using Guid(67e8f0cb0d4585a45bd1e05af44ae9bf) Importer(2089858483,b0f066a214c2f5e87bad3c948f4d605d) (ScriptedImporter) -> (artifact id: '74ca1b3c8b35a1c8c19167d5c34e901e') in 0.0188881 seconds
Number of updated asset objects reloaded before import = 0Number of asset objects unloaded after import = 159

========================================================================
Received Import Request.
  Time since last request: 0.000062 seconds.
  path: Assets/Prefabs/Block Segments/Winter Segment 9.prefab
  artifactKey: Guid(c49b3fe675322c74ba90b47dd34035db) Importer(2089858483,b0f066a214c2f5e87bad3c948f4d605d)
Start importing Assets/Prefabs/Block Segments/Winter Segment 9.prefab using Guid(c49b3fe675322c74ba90b47dd34035db) Importer(2089858483,b0f066a214c2f5e87bad3c948f4d605d) (ScriptedImporter) -> (artifact id: 'b20e5a645a97199740b0c534ef9c9f29') in 0.0302365 seconds
Number of updated asset objects reloaded before import = 0Number of asset objects unloaded after import = 436

========================================================================
Received Import Request.
  Time since last request: 0.000030 seconds.
  path: Assets/Animations/Water/Water.controller
  artifactKey: Guid(a25bdc026efdebb4abe05ea889124c60) Importer(2089858483,b0f066a214c2f5e87bad3c948f4d605d)
Start importing Assets/Animations/Water/Water.controller using Guid(a25bdc026efdebb4abe05ea889124c60) Importer(2089858483,b0f066a214c2f5e87bad3c948f4d605d) (ScriptedImporter) -> (artifact id: '5b717944d9fff6a6eb68f7e65ed5da1c') in 0.0160157 seconds
Number of updated asset objects reloaded before import = 0Number of asset objects unloaded after import = 4

========================================================================
Received Import Request.
  Time since last request: 0.000033 seconds.
  path: Assets/Animations/Ninjas Knight/knight.png
  artifactKey: Guid(7ab78c71351c053409a3484d1a9a8039) Importer(2089858483,b0f066a214c2f5e87bad3c948f4d605d)
Start importing Assets/Animations/Ninjas Knight/knight.png using Guid(7ab78c71351c053409a3484d1a9a8039) Importer(2089858483,b0f066a214c2f5e87bad3c948f4d605d) (ScriptedImporter) -> (artifact id: '49777b1d2f605ca0d8f8cb78be9a2cb7') in 0.0333463 seconds
Number of updated asset objects reloaded before import = 0Number of asset objects unloaded after import = 12

========================================================================
Received Import Request.
  Time since last request: 0.000031 seconds.
  path: Assets/Animations/Zombie/_Zombie.controller
  artifactKey: Guid(79bf60967d702984db8582faf3bbd74e) Importer(2089858483,b0f066a214c2f5e87bad3c948f4d605d)
Start importing Assets/Animations/Zombie/_Zombie.controller using Guid(79bf60967d702984db8582faf3bbd74e) Importer(2089858483,b0f066a214c2f5e87bad3c948f4d605d) (ScriptedImporter) -> (artifact id: 'e65adc70f5aac5edb35adb966c2d5614') in 0.0219578 seconds
Number of updated asset objects reloaded before import = 0Number of asset objects unloaded after import = 4

========================================================================
Received Import Request.
  Time since last request: 0.000044 seconds.
  path: Assets/Prefabs/Block Segments/Segment 9.prefab
  artifactKey: Guid(5a21de0e854bb0e4487fe73e1c794b3c) Importer(2089858483,b0f066a214c2f5e87bad3c948f4d605d)
Start importing Assets/Prefabs/Block Segments/Segment 9.prefab using Guid(5a21de0e854bb0e4487fe73e1c794b3c) Importer(2089858483,b0f066a214c2f5e87bad3c948f4d605d) (ScriptedImporter) -> (artifact id: 'dd85e5d9c59491b1279738246f0e211a') in 0.0250526 seconds
Number of updated asset objects reloaded before import = 0Number of asset objects unloaded after import = 250

========================================================================
Received Import Request.
  Time since last request: 0.000029 seconds.
  path: Assets/Prefabs/Block Segments/Zombie Segment 1.prefab
  artifactKey: Guid(98b649bde5d597c479c41be57bc4e726) Importer(2089858483,b0f066a214c2f5e87bad3c948f4d605d)
Start importing Assets/Prefabs/Block Segments/Zombie Segment 1.prefab using Guid(98b649bde5d597c479c41be57bc4e726) Importer(2089858483,b0f066a214c2f5e87bad3c948f4d605d) (ScriptedImporter) -> (artifact id: 'e9b3986b73c0ef622ed406a1d72bcac7') in 0.0262 seconds
Number of updated asset objects reloaded before import = 0Number of asset objects unloaded after import = 241

========================================================================
Received Import Request.
  Time since last request: 0.000049 seconds.
  path: Assets/Animations/Temple_People/Girl_Walking.anim
  artifactKey: Guid(ca8c261ffdd7bc546ad628429f2de47d) Importer(2089858483,b0f066a214c2f5e87bad3c948f4d605d)
Start importing Assets/Animations/Temple_People/Girl_Walking.anim using Guid(ca8c261ffdd7bc546ad628429f2de47d) Importer(2089858483,b0f066a214c2f5e87bad3c948f4d605d) (ScriptedImporter) -> (artifact id: 'f8280abad0369e126f25c32b012d056b') in 0.0226215 seconds
Number of updated asset objects reloaded before import = 0Number of asset objects unloaded after import = 1

========================================================================
Received Import Request.
  Time since last request: 0.000081 seconds.
  path: Assets/Animations/Zombie/ZombieWalking.png
  artifactKey: Guid(82c1f3dae4e42d647a9f843b5fd49399) Importer(2089858483,b0f066a214c2f5e87bad3c948f4d605d)
Start importing Assets/Animations/Zombie/ZombieWalking.png using Guid(82c1f3dae4e42d647a9f843b5fd49399) Importer(2089858483,b0f066a214c2f5e87bad3c948f4d605d) (ScriptedImporter) -> (artifact id: 'e8a137a3e63de87beb867b2c3fa82f1b') in 0.0374841 seconds
Number of updated asset objects reloaded before import = 0Number of asset objects unloaded after import = 12

========================================================================
Received Import Request.
  Time since last request: 0.000023 seconds.
  path: Assets/Animations/Girl and Jack/cuteGirl.png
  artifactKey: Guid(a951e9c9b62dd8741bc2d5168bfcfd06) Importer(2089858483,b0f066a214c2f5e87bad3c948f4d605d)
Start importing Assets/Animations/Girl and Jack/cuteGirl.png using Guid(a951e9c9b62dd8741bc2d5168bfcfd06) Importer(2089858483,b0f066a214c2f5e87bad3c948f4d605d) (ScriptedImporter) -> (artifact id: '494bea9e4e94fb8c4a99e9dc0bae6a8e') in 0.0433669 seconds
Number of updated asset objects reloaded before import = 0Number of asset objects unloaded after import = 22

========================================================================
Received Import Request.
  Time since last request: 0.000025 seconds.
  path: Assets/Animations/Santa/_Santa.controller
  artifactKey: Guid(ee3a43339afe3204ea55a9983fbaa8b3) Importer(2089858483,b0f066a214c2f5e87bad3c948f4d605d)
Start importing Assets/Animations/Santa/_Santa.controller using Guid(ee3a43339afe3204ea55a9983fbaa8b3) Importer(2089858483,b0f066a214c2f5e87bad3c948f4d605d) (ScriptedImporter) -> (artifact id: '2a6dc74886ac42daebd73520590431f2') in 0.0155448 seconds
Number of updated asset objects reloaded before import = 0Number of asset objects unloaded after import = 4

========================================================================
Received Import Request.
  Time since last request: 0.000030 seconds.
  path: Assets/Prefabs/Blocks/Block_03.prefab
  artifactKey: Guid(6b10195e5dc9a7640a091191754b0b91) Importer(2089858483,b0f066a214c2f5e87bad3c948f4d605d)
Start importing Assets/Prefabs/Blocks/Block_03.prefab using Guid(6b10195e5dc9a7640a091191754b0b91) Importer(2089858483,b0f066a214c2f5e87bad3c948f4d605d) (ScriptedImporter) -> (artifact id: 'ea1a175aabfc84b2657f3d13af7b2b4a') in 0.0161645 seconds
Number of updated asset objects reloaded before import = 0Number of asset objects unloaded after import = 12

========================================================================
Received Import Request.
  Time since last request: 0.000025 seconds.
  path: Assets/Prefabs/Block Segments/Segment 2.prefab
  artifactKey: Guid(3eb0099de544d0341a8c3fd0754c4b1c) Importer(2089858483,b0f066a214c2f5e87bad3c948f4d605d)
Start importing Assets/Prefabs/Block Segments/Segment 2.prefab using Guid(3eb0099de544d0341a8c3fd0754c4b1c) Importer(2089858483,b0f066a214c2f5e87bad3c948f4d605d) (ScriptedImporter) -> (artifact id: '0382bcbe567f21d0252e1068b7c47237') in 0.0208599 seconds
Number of updated asset objects reloaded before import = 0Number of asset objects unloaded after import = 254

========================================================================
Received Import Request.
  Time since last request: 0.000038 seconds.
  path: Assets/Animations/Player/Run.anim
  artifactKey: Guid(1be3828e38b12f84d8b3c5c5c899bce8) Importer(2089858483,b0f066a214c2f5e87bad3c948f4d605d)
Start importing Assets/Animations/Player/Run.anim using Guid(1be3828e38b12f84d8b3c5c5c899bce8) Importer(2089858483,b0f066a214c2f5e87bad3c948f4d605d) (ScriptedImporter) -> (artifact id: 'f779896f01b2b032549b774b9b7768d7') in 0.0167832 seconds
Number of updated asset objects reloaded before import = 0Number of asset objects unloaded after import = 1

========================================================================
Received Import Request.
  Time since last request: 0.000070 seconds.
  path: Assets/Prefabs/Block Segments/Segment 6.prefab
  artifactKey: Guid(1cdcef77d323fb443b2333c410d4a246) Importer(2089858483,b0f066a214c2f5e87bad3c948f4d605d)
Start importing Assets/Prefabs/Block Segments/Segment 6.prefab using Guid(1cdcef77d323fb443b2333c410d4a246) Importer(2089858483,b0f066a214c2f5e87bad3c948f4d605d) (ScriptedImporter) -> (artifact id: '40149c349412f89ee29f370e73107ec4') in 0.0220885 seconds
Number of updated asset objects reloaded before import = 0Number of asset objects unloaded after import = 242

========================================================================
Received Import Request.
  Time since last request: 0.000025 seconds.
  path: Assets/Animations/Player/Title_Screen.controller
  artifactKey: Guid(7da3d05c3f5d8334593df0137cd7966d) Importer(2089858483,b0f066a214c2f5e87bad3c948f4d605d)
Start importing Assets/Animations/Player/Title_Screen.controller using Guid(7da3d05c3f5d8334593df0137cd7966d) Importer(2089858483,b0f066a214c2f5e87bad3c948f4d605d) (ScriptedImporter) -> (artifact id: 'f40590d871989b46526ea1c31c18228d') in 0.0159976 seconds
Number of updated asset objects reloaded before import = 0Number of asset objects unloaded after import = 4

========================================================================
Received Import Request.
  Time since last request: 0.000023 seconds.
  path: Assets/Animations/Ninjas Knight/_Ninja_Boy.controller
  artifactKey: Guid(6afc2261dd6a8d54cbc293c2ea429e6e) Importer(2089858483,b0f066a214c2f5e87bad3c948f4d605d)
Start importing Assets/Animations/Ninjas Knight/_Ninja_Boy.controller using Guid(6afc2261dd6a8d54cbc293c2ea429e6e) Importer(2089858483,b0f066a214c2f5e87bad3c948f4d605d) (ScriptedImporter) -> (artifact id: 'e59db189bcf794e3de7fbbeb1f8c0a7d') in 0.018521 seconds
Number of updated asset objects reloaded before import = 0Number of asset objects unloaded after import = 4

========================================================================
Received Import Request.
  Time since last request: 0.000025 seconds.
  path: Assets/Animations/Snowman/snowman.png
  artifactKey: Guid(4e22a7e1f2282e34798297e51d74af26) Importer(2089858483,b0f066a214c2f5e87bad3c948f4d605d)
Start importing Assets/Animations/Snowman/snowman.png using Guid(4e22a7e1f2282e34798297e51d74af26) Importer(2089858483,b0f066a214c2f5e87bad3c948f4d605d) (ScriptedImporter) -> (artifact id: 'bc0a5ca2eb48abb631c81a173d186ea5') in 0.0252571 seconds
Number of updated asset objects reloaded before import = 0Number of asset objects unloaded after import = 10

========================================================================
Received Import Request.
  Time since last request: 2.262491 seconds.
  path: Assets/Prefabs/Blocks/Block_07.prefab
  artifactKey: Guid(a790cc51111be234fb1bec294c557b2e) Importer(2089858483,b0f066a214c2f5e87bad3c948f4d605d)
Start importing Assets/Prefabs/Blocks/Block_07.prefab using Guid(a790cc51111be234fb1bec294c557b2e) Importer(2089858483,b0f066a214c2f5e87bad3c948f4d605d) (ScriptedImporter) -> (artifact id: '198d99df3e11134fd0e900545bfb9247') in 0.0374682 seconds
Number of updated asset objects reloaded before import = 0Number of asset objects unloaded after import = 12

========================================================================
Received Import Request.
  Time since last request: 0.000043 seconds.
  path: Assets/TextMesh Pro/Shaders/TMP_SDF.shader
  artifactKey: Guid(68e6db2ebdc24f95958faec2be5558d6) Importer(2089858483,b0f066a214c2f5e87bad3c948f4d605d)
Start importing Assets/TextMesh Pro/Shaders/TMP_SDF.shader using Guid(68e6db2ebdc24f95958faec2be5558d6) Importer(2089858483,b0f066a214c2f5e87bad3c948f4d605d) (ScriptedImporter) -> (artifact id: 'c1affeec758d7261c23b49958537329a') in 0.0389902 seconds
Number of updated asset objects reloaded before import = 0Number of asset objects unloaded after import = 1

========================================================================
Received Import Request.
  Time since last request: 0.000042 seconds.
  path: Assets/Projects/GravityDash/kenney_new-platformer-pack-1.1/Preview (Tiles).png
  artifactKey: Guid(ac41ab5c802cf4b10a96e431166710a1) Importer(2089858483,b0f066a214c2f5e87bad3c948f4d605d)
Start importing Assets/Projects/GravityDash/kenney_new-platformer-pack-1.1/Preview (Tiles).png using Guid(ac41ab5c802cf4b10a96e431166710a1) Importer(2089858483,b0f066a214c2f5e87bad3c948f4d605d) (ScriptedImporter) -> (artifact id: '688561ab21165516d13d45ec1de2fbd1') in 0.0776968 seconds
Number of updated asset objects reloaded before import = 0Number of asset objects unloaded after import = 3

========================================================================
Received Import Request.
  Time since last request: 0.000061 seconds.
  path: Assets/Prefabs/Characters/Ninja_Girl.prefab
  artifactKey: Guid(b9a40e367e37846409316adc44c319b3) Importer(2089858483,b0f066a214c2f5e87bad3c948f4d605d)
Start importing Assets/Prefabs/Characters/Ninja_Girl.prefab using Guid(b9a40e367e37846409316adc44c319b3) Importer(2089858483,b0f066a214c2f5e87bad3c948f4d605d) (ScriptedImporter) -> (artifact id: '70592db4a5332d8f4323fae767e90e19') in 0.115485 seconds
Number of updated asset objects reloaded before import = 0Number of asset objects unloaded after import = 23

========================================================================
Received Import Request.
  Time since last request: 0.000055 seconds.
  path: Assets/Sprites/icons/icon_96.png
  artifactKey: Guid(6a655c53d6753d7438e4544328e80a36) Importer(2089858483,b0f066a214c2f5e87bad3c948f4d605d)
Start importing Assets/Sprites/icons/icon_96.png using Guid(6a655c53d6753d7438e4544328e80a36) Importer(2089858483,b0f066a214c2f5e87bad3c948f4d605d) (ScriptedImporter) -> (artifact id: '24cca28788d1d0684aa0b3e2d1f758d8') in 0.0392809 seconds
Number of updated asset objects reloaded before import = 0Number of asset objects unloaded after import = 3

========================================================================
Received Import Request.
  Time since last request: 0.000042 seconds.
  path: Assets/Scripts/Components/Utility/ScreenClamper.cs
  artifactKey: Guid(47ceaa51a53224a3db83439f56b16b8d) Importer(2089858483,b0f066a214c2f5e87bad3c948f4d605d)
Start importing Assets/Scripts/Components/Utility/ScreenClamper.cs using Guid(47ceaa51a53224a3db83439f56b16b8d) Importer(2089858483,b0f066a214c2f5e87bad3c948f4d605d) (ScriptedImporter) -> (artifact id: 'f45f4f2576a40c9ad2ba36d964f6c240') in 0.0425263 seconds
Number of updated asset objects reloaded before import = 0Number of asset objects unloaded after import = 0

========================================================================
Received Import Request.
  Time since last request: 0.000122 seconds.
  path: Assets/TextMesh Pro/Shaders/TMP_SDF-URP Lit.shadergraph
  artifactKey: Guid(a3d800b099a06e0478fb790c5e79057a) Importer(2089858483,b0f066a214c2f5e87bad3c948f4d605d)
Start importing Assets/TextMesh Pro/Shaders/TMP_SDF-URP Lit.shadergraph using Guid(a3d800b099a06e0478fb790c5e79057a) Importer(2089858483,b0f066a214c2f5e87bad3c948f4d605d) (ScriptedImporter) -> (artifact id: '0117b8c960e186508cefefeed85aa1b2') in 0.0872946 seconds
Number of updated asset objects reloaded before import = 0Number of asset objects unloaded after import = 4

========================================================================
Received Import Request.
  Time since last request: 0.000033 seconds.
  path: Assets/Scripts/Components/Utility/DestroyOnCollision.cs
  artifactKey: Guid(41e3680af996d4079ba794b4083eb567) Importer(2089858483,b0f066a214c2f5e87bad3c948f4d605d)
Start importing Assets/Scripts/Components/Utility/DestroyOnCollision.cs using Guid(41e3680af996d4079ba794b4083eb567) Importer(2089858483,b0f066a214c2f5e87bad3c948f4d605d) (ScriptedImporter) -> (artifact id: '12572629eceebab52c7b316c7d2e435e') in 0.0233088 seconds
Number of updated asset objects reloaded before import = 0Number of asset objects unloaded after import = 0

========================================================================
Received Import Request.
  Time since last request: 0.000090 seconds.
  path: Assets/Sprites/Maps/desertMapHover.png
  artifactKey: Guid(e9dc1b73d62212d449391f31c69509d1) Importer(2089858483,b0f066a214c2f5e87bad3c948f4d605d)
Start importing Assets/Sprites/Maps/desertMapHover.png using Guid(e9dc1b73d62212d449391f31c69509d1) Importer(2089858483,b0f066a214c2f5e87bad3c948f4d605d) (ScriptedImporter) -> (artifact id: 'a277251743847345a49267422ecb5ee2') in 0.0345041 seconds
Number of updated asset objects reloaded before import = 0Number of asset objects unloaded after import = 3

========================================================================
Received Import Request.
  Time since last request: 0.000036 seconds.
  path: Assets/Scripts/Components/Utility/Timer.cs
  artifactKey: Guid(b9c2e988a322e4495a7dff5d4834742d) Importer(2089858483,b0f066a214c2f5e87bad3c948f4d605d)
Start importing Assets/Scripts/Components/Utility/Timer.cs using Guid(b9c2e988a322e4495a7dff5d4834742d) Importer(2089858483,b0f066a214c2f5e87bad3c948f4d605d) (ScriptedImporter) -> (artifact id: '13c9b385c42db750bca0412e2aa79da7') in 0.0216284 seconds
Number of updated asset objects reloaded before import = 0Number of asset objects unloaded after import = 0

========================================================================
Received Import Request.
  Time since last request: 0.000236 seconds.
  path: Assets/TextMesh Pro/Resources/LineBreaking Leading Characters.txt
  artifactKey: Guid(d82c1b31c7e74239bff1220585707d2b) Importer(2089858483,b0f066a214c2f5e87bad3c948f4d605d)
Start importing Assets/TextMesh Pro/Resources/LineBreaking Leading Characters.txt using Guid(d82c1b31c7e74239bff1220585707d2b) Importer(2089858483,b0f066a214c2f5e87bad3c948f4d605d) (ScriptedImporter) -> (artifact id: '6caf8a5b8027191b184c7bf5e5ca5be5') in 0.0188846 seconds
Number of updated asset objects reloaded before import = 0Number of asset objects unloaded after import = 1

========================================================================
Received Import Request.
  Time since last request: 0.000044 seconds.
  path: Assets/Scripts/Components/Spawn/ProjectileShooter.cs
  artifactKey: Guid(ccc250bb3ff584c1eb5523913334e031) Importer(2089858483,b0f066a214c2f5e87bad3c948f4d605d)
Start importing Assets/Scripts/Components/Spawn/ProjectileShooter.cs using Guid(ccc250bb3ff584c1eb5523913334e031) Importer(2089858483,b0f066a214c2f5e87bad3c948f4d605d) (ScriptedImporter) -> (artifact id: '5d88f84174ebec8fe0c56ed0f2f0effa') in 0.0212362 seconds
Number of updated asset objects reloaded before import = 0Number of asset objects unloaded after import = 0

========================================================================
Received Import Request.
  Time since last request: 0.000104 seconds.
  path: Assets/Sprites/Knight Files/Demo.unity
  artifactKey: Guid(27f123e5d28716f4d85538a63403ea87) Importer(2089858483,b0f066a214c2f5e87bad3c948f4d605d)
Start importing Assets/Sprites/Knight Files/Demo.unity using Guid(27f123e5d28716f4d85538a63403ea87) Importer(2089858483,b0f066a214c2f5e87bad3c948f4d605d) (ScriptedImporter) -> (artifact id: 'b56ad4f23c66b416d60291d46fbcedab') in 0.025613 seconds
Number of updated asset objects reloaded before import = 0Number of asset objects unloaded after import = 1

========================================================================
Received Import Request.
  Time since last request: 0.000191 seconds.
  path: Assets/Projects/GravityDash/kenney_new-platformer-pack-1.1/Preview (Backgrounds).png
  artifactKey: Guid(93e29ee8d193845ce98331f9959f29ab) Importer(2089858483,b0f066a214c2f5e87bad3c948f4d605d)
Start importing Assets/Projects/GravityDash/kenney_new-platformer-pack-1.1/Preview (Backgrounds).png using Guid(93e29ee8d193845ce98331f9959f29ab) Importer(2089858483,b0f066a214c2f5e87bad3c948f4d605d) (ScriptedImporter) -> (artifact id: 'af3ef2e12ac758288135e2f16498294e') in 0.0350192 seconds
Number of updated asset objects reloaded before import = 0Number of asset objects unloaded after import = 3

========================================================================
Received Import Request.
  Time since last request: 0.000044 seconds.
  path: Assets/Scripts/Components/Utility/ScreenWrapper.cs
  artifactKey: Guid(1a579f308f962497ba27489f11ab2f84) Importer(2089858483,b0f066a214c2f5e87bad3c948f4d605d)
Start importing Assets/Scripts/Components/Utility/ScreenWrapper.cs using Guid(1a579f308f962497ba27489f11ab2f84) Importer(2089858483,b0f066a214c2f5e87bad3c948f4d605d) (ScriptedImporter) -> (artifact id: '9a2b1a95ce68eaf493dcb8ee4c328c49') in 0.0228475 seconds
Number of updated asset objects reloaded before import = 0Number of asset objects unloaded after import = 0

========================================================================
Received Import Request.
  Time since last request: 0.000134 seconds.
  path: Assets/TextMesh Pro/Fonts/LiberationSans - OFL.txt
  artifactKey: Guid(6e59c59b81ab47f9b6ec5781fa725d2c) Importer(2089858483,b0f066a214c2f5e87bad3c948f4d605d)
Start importing Assets/TextMesh Pro/Fonts/LiberationSans - OFL.txt using Guid(6e59c59b81ab47f9b6ec5781fa725d2c) Importer(2089858483,b0f066a214c2f5e87bad3c948f4d605d) (ScriptedImporter) -> (artifact id: '97a73edda3942d2aec74556fc6129b9e') in 0.020813 seconds
Number of updated asset objects reloaded before import = 0Number of asset objects unloaded after import = 1

========================================================================
Received Import Request.
  Time since last request: 0.000185 seconds.
  path: Assets/Sprites/Cainos/Pixel Art Platformer - Village Props/Changelog.txt
  artifactKey: Guid(042aaf459f74cb341bca9c0e6b430868) Importer(2089858483,b0f066a214c2f5e87bad3c948f4d605d)
Start importing Assets/Sprites/Cainos/Pixel Art Platformer - Village Props/Changelog.txt using Guid(042aaf459f74cb341bca9c0e6b430868) Importer(2089858483,b0f066a214c2f5e87bad3c948f4d605d) (ScriptedImporter) -> (artifact id: 'ecee5d6512088de26c1d676f51ed6141') in 0.020672 seconds
Number of updated asset objects reloaded before import = 0Number of asset objects unloaded after import = 1

========================================================================
Received Import Request.
  Time since last request: 0.000163 seconds.
  path: Assets/TextMesh Pro/Sprites/EmojiOne Attribution.txt
  artifactKey: Guid(381dcb09d5029d14897e55f98031fca5) Importer(2089858483,b0f066a214c2f5e87bad3c948f4d605d)
Start importing Assets/TextMesh Pro/Sprites/EmojiOne Attribution.txt using Guid(381dcb09d5029d14897e55f98031fca5) Importer(2089858483,b0f066a214c2f5e87bad3c948f4d605d) (ScriptedImporter) -> (artifact id: '42b8730a6bea915aaba43d3b6fc6ccd3') in 0.025089 seconds
Number of updated asset objects reloaded before import = 0Number of asset objects unloaded after import = 1

========================================================================
Received Import Request.
  Time since last request: 0.000112 seconds.
  path: Assets/TextMesh Pro/Shaders/TMP_SDF-Mobile SSD.shader
  artifactKey: Guid(c8d12adcee749c344b8117cf7c7eb912) Importer(2089858483,b0f066a214c2f5e87bad3c948f4d605d)
Start importing Assets/TextMesh Pro/Shaders/TMP_SDF-Mobile SSD.shader using Guid(c8d12adcee749c344b8117cf7c7eb912) Importer(2089858483,b0f066a214c2f5e87bad3c948f4d605d) (ScriptedImporter) -> (artifact id: '3178823fab3a21e65f5ddfb9a721a513') in 0.0253592 seconds
Number of updated asset objects reloaded before import = 0Number of asset objects unloaded after import = 1

========================================================================
Received Import Request.
  Time since last request: 0.000120 seconds.
  path: Assets/TextMesh Pro/Shaders/TMP_SDF-HDRP LIT.shadergraph
  artifactKey: Guid(ca2ed216f98028c4dae6c5224a952b3c) Importer(2089858483,b0f066a214c2f5e87bad3c948f4d605d)
Start importing Assets/TextMesh Pro/Shaders/TMP_SDF-HDRP LIT.shadergraph using Guid(ca2ed216f98028c4dae6c5224a952b3c) Importer(2089858483,b0f066a214c2f5e87bad3c948f4d605d) (ScriptedImporter) -> (artifact id: 'e9a8a1db96cfd74f23fbcfd7555436e0') in 0.0533051 seconds
Number of updated asset objects reloaded before import = 0Number of asset objects unloaded after import = 3

========================================================================
Received Import Request.
  Time since last request: 0.000067 seconds.
  path: Assets/Sprites/Maps/Default.png
  artifactKey: Guid(61aae7f1c24aadf43972d37e362c54ec) Importer(2089858483,b0f066a214c2f5e87bad3c948f4d605d)
Start importing Assets/Sprites/Maps/Default.png using Guid(61aae7f1c24aadf43972d37e362c54ec) Importer(2089858483,b0f066a214c2f5e87bad3c948f4d605d) (ScriptedImporter) -> (artifact id: 'bdaf83209aa69624328fbdbeda7bc016') in 0.0363259 seconds
Number of updated asset objects reloaded before import = 0Number of asset objects unloaded after import = 3

========================================================================
Received Import Request.
  Time since last request: 0.000053 seconds.
  path: Assets/Scripts/Components/Utility/FlashOnDamage.cs
  artifactKey: Guid(bb26e668d4c24493c81620cc2091a8f5) Importer(2089858483,b0f066a214c2f5e87bad3c948f4d605d)
Start importing Assets/Scripts/Components/Utility/FlashOnDamage.cs using Guid(bb26e668d4c24493c81620cc2091a8f5) Importer(2089858483,b0f066a214c2f5e87bad3c948f4d605d) (ScriptedImporter) -> (artifact id: '1a650d5ffb75be07db58feb67f84f452') in 0.0237559 seconds
Number of updated asset objects reloaded before import = 0Number of asset objects unloaded after import = 0

========================================================================
Received Import Request.
  Time since last request: 0.000138 seconds.
  path: Assets/Projects/MegaSuperChallengeShot/Scripts/CrosshairController.cs
  artifactKey: Guid(aa2f5c619d82a4357ad0771645a30b7a) Importer(2089858483,b0f066a214c2f5e87bad3c948f4d605d)
Start importing Assets/Projects/MegaSuperChallengeShot/Scripts/CrosshairController.cs using Guid(aa2f5c619d82a4357ad0771645a30b7a) Importer(2089858483,b0f066a214c2f5e87bad3c948f4d605d) (ScriptedImporter) -> (artifact id: '89e30ce17e20359707abc84a30895815') in 0.0199394 seconds
Number of updated asset objects reloaded before import = 0Number of asset objects unloaded after import = 0

========================================================================
Received Import Request.
  Time since last request: 0.000199 seconds.
  path: Assets/TextMesh Pro/Shaders/TMP_SDF SSD.shader
  artifactKey: Guid(14eb328de4b8eb245bb7cea29e4ac00b) Importer(2089858483,b0f066a214c2f5e87bad3c948f4d605d)
Start importing Assets/TextMesh Pro/Shaders/TMP_SDF SSD.shader using Guid(14eb328de4b8eb245bb7cea29e4ac00b) Importer(2089858483,b0f066a214c2f5e87bad3c948f4d605d) (ScriptedImporter) -> (artifact id: 'c50c043c0fdd43e560ae68af65584db1') in 0.0356499 seconds
Number of updated asset objects reloaded before import = 0Number of asset objects unloaded after import = 1

========================================================================
Received Import Request.
  Time since last request: 0.000060 seconds.
  path: Assets/Prefabs/Blocks/Blood_Block.prefab
  artifactKey: Guid(be0148bf77a56e04daf380f8f1b9569f) Importer(2089858483,b0f066a214c2f5e87bad3c948f4d605d)
Start importing Assets/Prefabs/Blocks/Blood_Block.prefab using Guid(be0148bf77a56e04daf380f8f1b9569f) Importer(2089858483,b0f066a214c2f5e87bad3c948f4d605d) (ScriptedImporter) -> (artifact id: '26b043063f45a5a72b11b0f0818c8573') in 0.0362126 seconds
Number of updated asset objects reloaded before import = 0Number of asset objects unloaded after import = 14

========================================================================
Received Import Request.
  Time since last request: 0.000068 seconds.
  path: Assets/Scripts/Components/Interaction/Knockback.cs
  artifactKey: Guid(d51c126c00ddb418883c4c942e6d59e6) Importer(2089858483,b0f066a214c2f5e87bad3c948f4d605d)
Start importing Assets/Scripts/Components/Interaction/Knockback.cs using Guid(d51c126c00ddb418883c4c942e6d59e6) Importer(2089858483,b0f066a214c2f5e87bad3c948f4d605d) (ScriptedImporter) -> (artifact id: '17a1832ad372e24d25a70b5d80a1bfa5') in 0.0294172 seconds
Number of updated asset objects reloaded before import = 0Number of asset objects unloaded after import = 0

========================================================================
Received Import Request.
  Time since last request: 0.000214 seconds.
  path: Assets/TextMesh Pro/Shaders/TMP_SDF Overlay.shader
  artifactKey: Guid(dd89cf5b9246416f84610a006f916af7) Importer(2089858483,b0f066a214c2f5e87bad3c948f4d605d)
Start importing Assets/TextMesh Pro/Shaders/TMP_SDF Overlay.shader using Guid(dd89cf5b9246416f84610a006f916af7) Importer(2089858483,b0f066a214c2f5e87bad3c948f4d605d) (ScriptedImporter) -> (artifact id: '3e9c6d5df8680c30a4233d96456b3fa1') in 0.0335835 seconds
Number of updated asset objects reloaded before import = 0Number of asset objects unloaded after import = 1

========================================================================
Received Import Request.
  Time since last request: 0.000146 seconds.
  path: Assets/Prefabs/Characters/Elf_1.prefab
  artifactKey: Guid(141ef49bbecec9447bcceaf65f3eb45c) Importer(2089858483,b0f066a214c2f5e87bad3c948f4d605d)
Start importing Assets/Prefabs/Characters/Elf_1.prefab using Guid(141ef49bbecec9447bcceaf65f3eb45c) Importer(2089858483,b0f066a214c2f5e87bad3c948f4d605d) (ScriptedImporter) -> (artifact id: 'a37e15b0c5ce2e1aacc4a574e48d2991') in 0.0604483 seconds
Number of updated asset objects reloaded before import = 0Number of asset objects unloaded after import = 23

========================================================================
Received Import Request.
  Time since last request: 0.000033 seconds.
  path: Assets/Prefabs/Characters/Robot.prefab
  artifactKey: Guid(64de10a9e1e341c4e8ac100f90548c5d) Importer(2089858483,b0f066a214c2f5e87bad3c948f4d605d)
Start importing Assets/Prefabs/Characters/Robot.prefab using Guid(64de10a9e1e341c4e8ac100f90548c5d) Importer(2089858483,b0f066a214c2f5e87bad3c948f4d605d) (ScriptedImporter) -> (artifact id: 'a9f2f7862b81a20b9f6f267bf75cbc44') in 0.0580367 seconds
Number of updated asset objects reloaded before import = 0Number of asset objects unloaded after import = 29

========================================================================
Received Import Request.
  Time since last request: 0.000068 seconds.
  path: Assets/Prefabs/Characters/Cute_Girl.prefab
  artifactKey: Guid(b10e65e2579279c43a2c41ff41d837e5) Importer(2089858483,b0f066a214c2f5e87bad3c948f4d605d)
Start importing Assets/Prefabs/Characters/Cute_Girl.prefab using Guid(b10e65e2579279c43a2c41ff41d837e5) Importer(2089858483,b0f066a214c2f5e87bad3c948f4d605d) (ScriptedImporter) -> (artifact id: 'c03d5ce26f678e438bdce9b86f84d948') in 0.0561235 seconds
Number of updated asset objects reloaded before import = 0Number of asset objects unloaded after import = 23

========================================================================
Received Import Request.
  Time since last request: 1.177044 seconds.
  path: Assets/Sprites/Knight Files/Effect & FireBalls/dashwind_04.png
  artifactKey: Guid(11b06cbf4f893364d9735dbb77333dd5) Importer(2089858483,b0f066a214c2f5e87bad3c948f4d605d)
Start importing Assets/Sprites/Knight Files/Effect & FireBalls/dashwind_04.png using Guid(11b06cbf4f893364d9735dbb77333dd5) Importer(2089858483,b0f066a214c2f5e87bad3c948f4d605d) (ScriptedImporter) -> (artifact id: '006110a076fbd7a020a6348fbee8bdb0') in 0.0172687 seconds
Number of updated asset objects reloaded before import = 0Number of asset objects unloaded after import = 3

========================================================================
Received Import Request.
  Time since last request: 0.000054 seconds.
  path: Assets/Sprites/Knight Files/Knight PNG/Knight_die_05.png
  artifactKey: Guid(8143c843fd2934a4880584640fa50c21) Importer(2089858483,b0f066a214c2f5e87bad3c948f4d605d)
Start importing Assets/Sprites/Knight Files/Knight PNG/Knight_die_05.png using Guid(8143c843fd2934a4880584640fa50c21) Importer(2089858483,b0f066a214c2f5e87bad3c948f4d605d) (ScriptedImporter) -> (artifact id: 'f7d0d9b74b84172775da46f1a565d17c') in 0.0144877 seconds
Number of updated asset objects reloaded before import = 0Number of asset objects unloaded after import = 3

========================================================================
Received Import Request.
  Time since last request: 0.000029 seconds.
  path: Assets/Projects/GravityDash/kenney_new-platformer-pack-1.1/Sounds/sfx_coin.ogg
  artifactKey: Guid(aaa63aa56f29a41779ad2140bbb3fb31) Importer(2089858483,b0f066a214c2f5e87bad3c948f4d605d)
Start importing Assets/Projects/GravityDash/kenney_new-platformer-pack-1.1/Sounds/sfx_coin.ogg using Guid(aaa63aa56f29a41779ad2140bbb3fb31) Importer(2089858483,b0f066a214c2f5e87bad3c948f4d605d) (ScriptedImporter) -> (artifact id: '969f6ad26ac5e0c4df249f51430d79f5') in 0.0211735 seconds
Number of updated asset objects reloaded before import = 0Number of asset objects unloaded after import = 1

========================================================================
Received Import Request.
  Time since last request: 0.000039 seconds.
  path: Assets/Sprites/Knight Files/Knight PNG/Knight_win_01.png
  artifactKey: Guid(9d7341a607e490544941ffda3017599d) Importer(2089858483,b0f066a214c2f5e87bad3c948f4d605d)
Start importing Assets/Sprites/Knight Files/Knight PNG/Knight_win_01.png using Guid(9d7341a607e490544941ffda3017599d) Importer(2089858483,b0f066a214c2f5e87bad3c948f4d605d) (ScriptedImporter) -> (artifact id: '15adb0a43219565eb62b309c986e9bc3') in 0.0162534 seconds
Number of updated asset objects reloaded before import = 0Number of asset objects unloaded after import = 3

========================================================================
Received Import Request.
  Time since last request: 0.000023 seconds.
  path: Assets/Sprites/Cainos/Pixel Art Platformer - Village Props/Prefab/PF Village Props - Barricade.prefab
  artifactKey: Guid(e0868e2099f22704cb8f4781f4dffe5f) Importer(2089858483,b0f066a214c2f5e87bad3c948f4d605d)
Start importing Assets/Sprites/Cainos/Pixel Art Platformer - Village Props/Prefab/PF Village Props - Barricade.prefab using Guid(e0868e2099f22704cb8f4781f4dffe5f) Importer(2089858483,b0f066a214c2f5e87bad3c948f4d605d) (ScriptedImporter) -> (artifact id: '197fc7e0ee9ad9055d76c94f4e2c59f8') in 0.0168609 seconds
Number of updated asset objects reloaded before import = 0Number of asset objects unloaded after import = 8

========================================================================
Received Import Request.
  Time since last request: 0.000022 seconds.
  path: Assets/Sprites/Cainos/Pixel Art Platformer - Village Props/Prefab/PF Village Props - Brick Wall 01.prefab
  artifactKey: Guid(d4071901789ed384389951219d1e0315) Importer(2089858483,b0f066a214c2f5e87bad3c948f4d605d)
Start importing Assets/Sprites/Cainos/Pixel Art Platformer - Village Props/Prefab/PF Village Props - Brick Wall 01.prefab using Guid(d4071901789ed384389951219d1e0315) Importer(2089858483,b0f066a214c2f5e87bad3c948f4d605d) (ScriptedImporter) -> (artifact id: '56ddb9e5938703bd4be6307e736e59e6') in 0.0178765 seconds
Number of updated asset objects reloaded before import = 0Number of asset objects unloaded after import = 8

========================================================================
Received Import Request.
  Time since last request: 0.000028 seconds.
  path: Assets/Sprites/Knight Files/Knight PNG/Knight_jump_01.png
  artifactKey: Guid(7aa182603b724964d971bbfdfa1d309d) Importer(2089858483,b0f066a214c2f5e87bad3c948f4d605d)
Start importing Assets/Sprites/Knight Files/Knight PNG/Knight_jump_01.png using Guid(7aa182603b724964d971bbfdfa1d309d) Importer(2089858483,b0f066a214c2f5e87bad3c948f4d605d) (ScriptedImporter) -> (artifact id: 'b92d691a3be26ea5ff43564828cf6e88') in 0.0183755 seconds
Number of updated asset objects reloaded before import = 0Number of asset objects unloaded after import = 3

========================================================================
Received Import Request.
  Time since last request: 0.000020 seconds.
  path: Assets/Sprites/Knight Files/Effect & FireBalls/explosion_03.png
  artifactKey: Guid(75a3e049c8703dd4c8c520102a77bd15) Importer(2089858483,b0f066a214c2f5e87bad3c948f4d605d)
Start importing Assets/Sprites/Knight Files/Effect & FireBalls/explosion_03.png using Guid(75a3e049c8703dd4c8c520102a77bd15) Importer(2089858483,b0f066a214c2f5e87bad3c948f4d605d) (ScriptedImporter) -> (artifact id: '9853b48c67bb8c65439367ea1cac7c74') in 0.0190294 seconds
Number of updated asset objects reloaded before import = 0Number of asset objects unloaded after import = 3

========================================================================
Received Import Request.
  Time since last request: 0.000018 seconds.
  path: Assets/Sprites/Cainos/Pixel Art Platformer - Village Props/Prefab/PF Village Props - Crate Large.prefab
  artifactKey: Guid(78538c3cab4610f4d914a10e71bdf46b) Importer(2089858483,b0f066a214c2f5e87bad3c948f4d605d)
Start importing Assets/Sprites/Cainos/Pixel Art Platformer - Village Props/Prefab/PF Village Props - Crate Large.prefab using Guid(78538c3cab4610f4d914a10e71bdf46b) Importer(2089858483,b0f066a214c2f5e87bad3c948f4d605d) (ScriptedImporter) -> (artifact id: 'd70c27587e89b75f19c05f2ae87807db') in 0.0235099 seconds
Number of updated asset objects reloaded before import = 0Number of asset objects unloaded after import = 10

========================================================================
Received Import Request.
  Time since last request: 0.000023 seconds.
  path: Assets/Sprites/Knight Files/Effect & FireBalls/dashwind_06.png
  artifactKey: Guid(4cb7b9b52e6ff634d996fa09d0a74305) Importer(2089858483,b0f066a214c2f5e87bad3c948f4d605d)
Start importing Assets/Sprites/Knight Files/Effect & FireBalls/dashwind_06.png using Guid(4cb7b9b52e6ff634d996fa09d0a74305) Importer(2089858483,b0f066a214c2f5e87bad3c948f4d605d) (ScriptedImporter) -> (artifact id: 'a74eaed40004c225c0322b553ff056d9') in 0.0154169 seconds
Number of updated asset objects reloaded before import = 0Number of asset objects unloaded after import = 3

========================================================================
Received Import Request.
  Time since last request: 0.000024 seconds.
  path: Assets/Sprites/Knight Files/Effect & FireBalls/particlel.png
  artifactKey: Guid(6dec5c53ddfb4414b95f16b2cdde7280) Importer(2089858483,b0f066a214c2f5e87bad3c948f4d605d)
Start importing Assets/Sprites/Knight Files/Effect & FireBalls/particlel.png using Guid(6dec5c53ddfb4414b95f16b2cdde7280) Importer(2089858483,b0f066a214c2f5e87bad3c948f4d605d) (ScriptedImporter) -> (artifact id: '546825cb7e04eaaf6cc6953f77e64b0f') in 0.0169046 seconds
Number of updated asset objects reloaded before import = 0Number of asset objects unloaded after import = 3

========================================================================
Received Import Request.
  Time since last request: 0.000018 seconds.
  path: Assets/Sprites/Knight Files/Knight PNG/Knight_die_06.png
  artifactKey: Guid(98dda13dc8bdd7942a802db594a5fae3) Importer(2089858483,b0f066a214c2f5e87bad3c948f4d605d)
Start importing Assets/Sprites/Knight Files/Knight PNG/Knight_die_06.png using Guid(98dda13dc8bdd7942a802db594a5fae3) Importer(2089858483,b0f066a214c2f5e87bad3c948f4d605d) (ScriptedImporter) -> (artifact id: '23334fb10409f1fa520ae439d22c3da7') in 0.0205217 seconds
Number of updated asset objects reloaded before import = 0Number of asset objects unloaded after import = 3

========================================================================
Received Import Request.
  Time since last request: 0.000032 seconds.
  path: Assets/Sprites/Knight Files/Knight PNG/Knight_idle_03.png
  artifactKey: Guid(754f43f8fc4997f42b16428846136321) Importer(2089858483,b0f066a214c2f5e87bad3c948f4d605d)
Start importing Assets/Sprites/Knight Files/Knight PNG/Knight_idle_03.png using Guid(754f43f8fc4997f42b16428846136321) Importer(2089858483,b0f066a214c2f5e87bad3c948f4d605d) (ScriptedImporter) -> (artifact id: 'c420b2d6436603b28f6fc695754d39f7') in 0.0203114 seconds
Number of updated asset objects reloaded before import = 0Number of asset objects unloaded after import = 3

========================================================================
Received Import Request.
  Time since last request: 0.000030 seconds.
  path: Assets/Sprites/Knight Files/Knight PNG/Knight_block_04.png
  artifactKey: Guid(18ffd7c532c870c4d8ac5bfa7f53be4f) Importer(2089858483,b0f066a214c2f5e87bad3c948f4d605d)
Start importing Assets/Sprites/Knight Files/Knight PNG/Knight_block_04.png using Guid(18ffd7c532c870c4d8ac5bfa7f53be4f) Importer(2089858483,b0f066a214c2f5e87bad3c948f4d605d) (ScriptedImporter) -> (artifact id: '087548c4a3195c0109b29b7f8aec4fa2') in 0.020785 seconds
Number of updated asset objects reloaded before import = 0Number of asset objects unloaded after import = 3

========================================================================
Received Import Request.
  Time since last request: 0.000055 seconds.
  path: Assets/TextMesh Pro/Resources/Fonts & Materials/LiberationSans SDF - Drop Shadow.mat
  artifactKey: Guid(e73a58f6e2794ae7b1b7e50b7fb811b0) Importer(2089858483,b0f066a214c2f5e87bad3c948f4d605d)
Start importing Assets/TextMesh Pro/Resources/Fonts & Materials/LiberationSans SDF - Drop Shadow.mat using Guid(e73a58f6e2794ae7b1b7e50b7fb811b0) Importer(2089858483,b0f066a214c2f5e87bad3c948f4d605d) (ScriptedImporter) -> (artifact id: '8dbe23af1969c64579936c30df2ab192') in 0.0237295 seconds
Number of updated asset objects reloaded before import = 0Number of asset objects unloaded after import = 2

========================================================================
Received Import Request.
  Time since last request: 0.000036 seconds.
  path: Assets/Sprites/Cainos/Pixel Art Platformer - Village Props/Prefab/PF Village Props - Cup.prefab
  artifactKey: Guid(4d8ad400922c4a343911784077c26568) Importer(2089858483,b0f066a214c2f5e87bad3c948f4d605d)
Start importing Assets/Sprites/Cainos/Pixel Art Platformer - Village Props/Prefab/PF Village Props - Cup.prefab using Guid(4d8ad400922c4a343911784077c26568) Importer(2089858483,b0f066a214c2f5e87bad3c948f4d605d) (ScriptedImporter) -> (artifact id: 'e938023a4338de8c06a71e80913b63f7') in 0.0196174 seconds
Number of updated asset objects reloaded before import = 0Number of asset objects unloaded after import = 10

========================================================================
Received Import Request.
  Time since last request: 0.000023 seconds.
  path: Assets/Sprites/Knight Files/Effect & FireBalls/New Sprite Atlas.spriteatlasv2
  artifactKey: Guid(f5e9e0615c55d410e8a15ae8ac0b64ff) Importer(2089858483,b0f066a214c2f5e87bad3c948f4d605d)
Start importing Assets/Sprites/Knight Files/Effect & FireBalls/New Sprite Atlas.spriteatlasv2 using Guid(f5e9e0615c55d410e8a15ae8ac0b64ff) Importer(2089858483,b0f066a214c2f5e87bad3c948f4d605d) (ScriptedImporter) -> (artifact id: 'a078f1e7f31592e98f15b4a4dd815cd5') in 0.0155608 seconds
Number of updated asset objects reloaded before import = 0Number of asset objects unloaded after import = 1

========================================================================
Received Import Request.
  Time since last request: 0.000112 seconds.
  path: Assets/Sprites/Cainos/Pixel Art Platformer - Village Props/Prefab/PF Village Props - Clother Hanger.prefab
  artifactKey: Guid(cbdefb422455c2a4aab364028b4b5e10) Importer(2089858483,b0f066a214c2f5e87bad3c948f4d605d)
Start importing Assets/Sprites/Cainos/Pixel Art Platformer - Village Props/Prefab/PF Village Props - Clother Hanger.prefab using Guid(cbdefb422455c2a4aab364028b4b5e10) Importer(2089858483,b0f066a214c2f5e87bad3c948f4d605d) (ScriptedImporter) -> (artifact id: 'b414f5c1d9541af38b0ed5fb37826139') in 0.0195416 seconds
Number of updated asset objects reloaded before import = 0Number of asset objects unloaded after import = 71

========================================================================
Received Import Request.
  Time since last request: 0.000021 seconds.
  path: Assets/Sprites/Knight Files/Knight PNG/Knight_jumpAttack_06.png
  artifactKey: Guid(527707203b619af4180340ab399245bd) Importer(2089858483,b0f066a214c2f5e87bad3c948f4d605d)
Start importing Assets/Sprites/Knight Files/Knight PNG/Knight_jumpAttack_06.png using Guid(527707203b619af4180340ab399245bd) Importer(2089858483,b0f066a214c2f5e87bad3c948f4d605d) (ScriptedImporter) -> (artifact id: '53f7618b0a46ccb2f46230f50ad53b82') in 0.0178151 seconds
Number of updated asset objects reloaded before import = 0Number of asset objects unloaded after import = 3

========================================================================
Received Import Request.
  Time since last request: 0.000019 seconds.
  path: Assets/Projects/GravityDash/kenney_new-platformer-pack-1.1/Sounds/sfx_jump.ogg
  artifactKey: Guid(b86b6d32fab0a40c580e2c01c4496cfb) Importer(2089858483,b0f066a214c2f5e87bad3c948f4d605d)
Start importing Assets/Projects/GravityDash/kenney_new-platformer-pack-1.1/Sounds/sfx_jump.ogg using Guid(b86b6d32fab0a40c580e2c01c4496cfb) Importer(2089858483,b0f066a214c2f5e87bad3c948f4d605d) (ScriptedImporter) -> (artifact id: '900636f628e5d92b99ff8d480ceaba97') in 0.0201065 seconds
Number of updated asset objects reloaded before import = 0Number of asset objects unloaded after import = 1

========================================================================
Received Import Request.
  Time since last request: 0.000038 seconds.
  path: Assets/Sprites/Knight Files/Knight PNG/Knight_attack_03.png
  artifactKey: Guid(0ffdf19da652afe48a12609e61ed7b94) Importer(2089858483,b0f066a214c2f5e87bad3c948f4d605d)
Start importing Assets/Sprites/Knight Files/Knight PNG/Knight_attack_03.png using Guid(0ffdf19da652afe48a12609e61ed7b94) Importer(2089858483,b0f066a214c2f5e87bad3c948f4d605d) (ScriptedImporter) -> (artifact id: 'c731ade9e18ed18051d24a24dcbc0283') in 0.018728 seconds
Number of updated asset objects reloaded before import = 0Number of asset objects unloaded after import = 3

========================================================================
Received Import Request.
  Time since last request: 0.000023 seconds.
  path: Assets/Sprites/Knight Files/Knight PNG/Knight_dash_01.png
  artifactKey: Guid(cc3764316778c2342933cd8b955a0606) Importer(2089858483,b0f066a214c2f5e87bad3c948f4d605d)
Start importing Assets/Sprites/Knight Files/Knight PNG/Knight_dash_01.png using Guid(cc3764316778c2342933cd8b955a0606) Importer(2089858483,b0f066a214c2f5e87bad3c948f4d605d) (ScriptedImporter) -> (artifact id: 'cbacaa1bf7d3282fff2e28401b255b7c') in 0.0191704 seconds
Number of updated asset objects reloaded before import = 0Number of asset objects unloaded after import = 3

========================================================================
Received Import Request.
  Time since last request: 0.000045 seconds.
  path: Assets/Projects/GravityDash/kenney_new-platformer-pack-1.1/Sounds/sfx_disappear.ogg
  artifactKey: Guid(7c5c84f4d3804475a8e2378319d764a1) Importer(2089858483,b0f066a214c2f5e87bad3c948f4d605d)
Start importing Assets/Projects/GravityDash/kenney_new-platformer-pack-1.1/Sounds/sfx_disappear.ogg using Guid(7c5c84f4d3804475a8e2378319d764a1) Importer(2089858483,b0f066a214c2f5e87bad3c948f4d605d) (ScriptedImporter) -> (artifact id: 'f9dca029734a1a0d4fc06ea0803137d7') in 0.020038 seconds
Number of updated asset objects reloaded before import = 0Number of asset objects unloaded after import = 1

========================================================================
Received Import Request.
  Time since last request: 0.000075 seconds.
  path: Assets/Sprites/Knight Files/Knight PNG/Knight_block_02.png
  artifactKey: Guid(276de7332cc176343be57d605b70bdb3) Importer(2089858483,b0f066a214c2f5e87bad3c948f4d605d)
Start importing Assets/Sprites/Knight Files/Knight PNG/Knight_block_02.png using Guid(276de7332cc176343be57d605b70bdb3) Importer(2089858483,b0f066a214c2f5e87bad3c948f4d605d) (ScriptedImporter) -> (artifact id: 'ed3fd0e2777b5686ee400820c33c66df') in 0.0168386 seconds
Number of updated asset objects reloaded before import = 0Number of asset objects unloaded after import = 3

========================================================================
Received Import Request.
  Time since last request: 0.000019 seconds.
  path: Assets/Projects/GravityDash/kenney_new-platformer-pack-1.1/Spritesheets/spritesheet-enemies-default.png
  artifactKey: Guid(ba9e4d014c83343b7b0f27a6c5fc9ddc) Importer(2089858483,b0f066a214c2f5e87bad3c948f4d605d)
Start importing Assets/Projects/GravityDash/kenney_new-platformer-pack-1.1/Spritesheets/spritesheet-enemies-default.png using Guid(ba9e4d014c83343b7b0f27a6c5fc9ddc) Importer(2089858483,b0f066a214c2f5e87bad3c948f4d605d) (ScriptedImporter) -> (artifact id: 'e66874d95c0b36dbb83587944021b1bb') in 0.0675599 seconds
Number of updated asset objects reloaded before import = 0Number of asset objects unloaded after import = 62

========================================================================
Received Import Request.
  Time since last request: 0.000021 seconds.
  path: Assets/Sprites/Knight Files/Effect & FireBalls/fireball_01.png
  artifactKey: Guid(2c961366528f28c458c619797d0bbb2f) Importer(2089858483,b0f066a214c2f5e87bad3c948f4d605d)
Start importing Assets/Sprites/Knight Files/Effect & FireBalls/fireball_01.png using Guid(2c961366528f28c458c619797d0bbb2f) Importer(2089858483,b0f066a214c2f5e87bad3c948f4d605d) (ScriptedImporter) -> (artifact id: '0fea3cbd30fc2e389133c9c89e4f0f88') in 0.0186097 seconds
Number of updated asset objects reloaded before import = 0Number of asset objects unloaded after import = 3

========================================================================
Received Import Request.
  Time since last request: 0.000021 seconds.
  path: Assets/Sprites/Knight Files/Knight PNG/Knight_walk_06.png
  artifactKey: Guid(969fce9da2f69834182f5618b7ec2975) Importer(2089858483,b0f066a214c2f5e87bad3c948f4d605d)
Start importing Assets/Sprites/Knight Files/Knight PNG/Knight_walk_06.png using Guid(969fce9da2f69834182f5618b7ec2975) Importer(2089858483,b0f066a214c2f5e87bad3c948f4d605d) (ScriptedImporter) -> (artifact id: '325e17f67419f9f7e679139c9f862599') in 0.0188277 seconds
Number of updated asset objects reloaded before import = 0Number of asset objects unloaded after import = 3

========================================================================
Received Import Request.
  Time since last request: 0.000021 seconds.
  path: Assets/Projects/GravityDash/kenney_new-platformer-pack-1.1/Sounds/sfx_magic.ogg
  artifactKey: Guid(8ce74d1316fe64a47ad5995292d43d04) Importer(2089858483,b0f066a214c2f5e87bad3c948f4d605d)
Start importing Assets/Projects/GravityDash/kenney_new-platformer-pack-1.1/Sounds/sfx_magic.ogg using Guid(8ce74d1316fe64a47ad5995292d43d04) Importer(2089858483,b0f066a214c2f5e87bad3c948f4d605d) (ScriptedImporter) -> (artifact id: 'db6c7e818b5a7bfd6fc31e451c7960a2') in 0.0250145 seconds
Number of updated asset objects reloaded before import = 0Number of asset objects unloaded after import = 1

========================================================================
Received Import Request.
  Time since last request: 0.000081 seconds.
  path: Assets/Sprites/Cainos/Pixel Art Platformer - Village Props/Prefab/PF Village Props - Chest Golden.prefab
  artifactKey: Guid(cea950ff3b9b0804f967eaec919f19f7) Importer(2089858483,b0f066a214c2f5e87bad3c948f4d605d)
Start importing Assets/Sprites/Cainos/Pixel Art Platformer - Village Props/Prefab/PF Village Props - Chest Golden.prefab using Guid(cea950ff3b9b0804f967eaec919f19f7) Importer(2089858483,b0f066a214c2f5e87bad3c948f4d605d) (ScriptedImporter) -> (artifact id: '0e5b854a90e295c08dea44f0cd020ec6') in 0.020321 seconds
Number of updated asset objects reloaded before import = 0Number of asset objects unloaded after import = 26

========================================================================
Received Import Request.
  Time since last request: 0.000022 seconds.
  path: Assets/Sprites/Cainos/Pixel Art Platformer - Village Props/Prefab/PF Village Props - Chest Iron.prefab
  artifactKey: Guid(5abf20f0457997348bd80242fe916388) Importer(2089858483,b0f066a214c2f5e87bad3c948f4d605d)
Start importing Assets/Sprites/Cainos/Pixel Art Platformer - Village Props/Prefab/PF Village Props - Chest Iron.prefab using Guid(5abf20f0457997348bd80242fe916388) Importer(2089858483,b0f066a214c2f5e87bad3c948f4d605d) (ScriptedImporter) -> (artifact id: 'acdd2483fbd02fd7ba6d812ff872188c') in 0.0191495 seconds
Number of updated asset objects reloaded before import = 0Number of asset objects unloaded after import = 26

========================================================================
Received Import Request.
  Time since last request: 0.000043 seconds.
  path: Assets/Sprites/Knight Files/Knight PNG/Knight_crouch_0.png
  artifactKey: Guid(852ed71025819974eaee06b652ba82bb) Importer(2089858483,b0f066a214c2f5e87bad3c948f4d605d)
Start importing Assets/Sprites/Knight Files/Knight PNG/Knight_crouch_0.png using Guid(852ed71025819974eaee06b652ba82bb) Importer(2089858483,b0f066a214c2f5e87bad3c948f4d605d) (ScriptedImporter) -> (artifact id: '45e8b03f74e1430a36531ace9d7d530f') in 0.0188331 seconds
Number of updated asset objects reloaded before import = 0Number of asset objects unloaded after import = 3

========================================================================
Received Import Request.
  Time since last request: 0.000023 seconds.
  path: Assets/Sprites/Cainos/Pixel Art Platformer - Village Props/Prefab/PF Village Props - Bucket 01.prefab
  artifactKey: Guid(75e84fbdb66ab5647a06b786c6662307) Importer(2089858483,b0f066a214c2f5e87bad3c948f4d605d)
Start importing Assets/Sprites/Cainos/Pixel Art Platformer - Village Props/Prefab/PF Village Props - Bucket 01.prefab using Guid(75e84fbdb66ab5647a06b786c6662307) Importer(2089858483,b0f066a214c2f5e87bad3c948f4d605d) (ScriptedImporter) -> (artifact id: '9604ac80e967897ccfdd379ace92205f') in 0.0196786 seconds
Number of updated asset objects reloaded before import = 0Number of asset objects unloaded after import = 8

========================================================================
Received Import Request.
  Time since last request: 0.000031 seconds.
  path: Assets/Sprites/Knight Files/Knight PNG/Knight_cast_02.png
  artifactKey: Guid(e0ee6519b33fbfb408dffd97edee7ebd) Importer(2089858483,b0f066a214c2f5e87bad3c948f4d605d)
Start importing Assets/Sprites/Knight Files/Knight PNG/Knight_cast_02.png using Guid(e0ee6519b33fbfb408dffd97edee7ebd) Importer(2089858483,b0f066a214c2f5e87bad3c948f4d605d) (ScriptedImporter) -> (artifact id: '0f68c30e0e141323f5f38d5419edd12f') in 0.0168677 seconds
Number of updated asset objects reloaded before import = 0Number of asset objects unloaded after import = 3

========================================================================
Received Import Request.
  Time since last request: 2.074609 seconds.
  path: Assets/Sprites/Cainos/Pixel Art Platformer - Village Props/Prefab/PF Village Props - Grain Box.prefab
  artifactKey: Guid(945a24dea7767f846ad8007110a371f3) Importer(2089858483,b0f066a214c2f5e87bad3c948f4d605d)
Start importing Assets/Sprites/Cainos/Pixel Art Platformer - Village Props/Prefab/PF Village Props - Grain Box.prefab using Guid(945a24dea7767f846ad8007110a371f3) Importer(2089858483,b0f066a214c2f5e87bad3c948f4d605d) (ScriptedImporter) -> (artifact id: '2b1580961b3b6e61a9391bb65df819ea') in 0.0189218 seconds
Number of updated asset objects reloaded before import = 0Number of asset objects unloaded after import = 8

========================================================================
Received Import Request.
  Time since last request: 0.000023 seconds.
  path: Assets/Projects/GravityDash/kenney_new-platformer-pack-1.1/Vector/Backgrounds/background_color_hills.svg
  artifactKey: Guid(7d11789fa86b5431a8fb0d6d216616cd) Importer(2089858483,b0f066a214c2f5e87bad3c948f4d605d)
Start importing Assets/Projects/GravityDash/kenney_new-platformer-pack-1.1/Vector/Backgrounds/background_color_hills.svg using Guid(7d11789fa86b5431a8fb0d6d216616cd) Importer(2089858483,b0f066a214c2f5e87bad3c948f4d605d) (ScriptedImporter) -> (artifact id: '374155618042002dd7cca27b19d8bddd') in 0.0198013 seconds
Number of updated asset objects reloaded before import = 0Number of asset objects unloaded after import = 1

========================================================================
Received Import Request.
  Time since last request: 0.000043 seconds.
  path: Assets/Sprites/Cainos/Pixel Art Platformer - Village Props/Prefab/PF Village Props - Tree 02.prefab
  artifactKey: Guid(c5f8f079905bce04f945cd8ff4ba545a) Importer(2089858483,b0f066a214c2f5e87bad3c948f4d605d)
Start importing Assets/Sprites/Cainos/Pixel Art Platformer - Village Props/Prefab/PF Village Props - Tree 02.prefab using Guid(c5f8f079905bce04f945cd8ff4ba545a) Importer(2089858483,b0f066a214c2f5e87bad3c948f4d605d) (ScriptedImporter) -> (artifact id: '5d845f4ea3c928be79883c0d68bce62b') in 0.0184864 seconds
Number of updated asset objects reloaded before import = 0Number of asset objects unloaded after import = 8

========================================================================
Received Import Request.
  Time since last request: 0.000019 seconds.
  path: Assets/Sprites/Cainos/Pixel Art Platformer - Village Props/Prefab/PF Village Props - Pumpkin A.prefab
  artifactKey: Guid(4c7668f32ddf4c843bc8d57bf6b43000) Importer(2089858483,b0f066a214c2f5e87bad3c948f4d605d)
Start importing Assets/Sprites/Cainos/Pixel Art Platformer - Village Props/Prefab/PF Village Props - Pumpkin A.prefab using Guid(4c7668f32ddf4c843bc8d57bf6b43000) Importer(2089858483,b0f066a214c2f5e87bad3c948f4d605d) (ScriptedImporter) -> (artifact id: '8be75cc56dd292f62c13971d28e2a0e9') in 0.019403 seconds
Number of updated asset objects reloaded before import = 0Number of asset objects unloaded after import = 8

========================================================================
Received Import Request.
  Time since last request: 0.000040 seconds.
  path: Assets/Projects/GravityDash/kenney_new-platformer-pack-1.1/Vector/Characters/character_yellow_walk_b.svg
  artifactKey: Guid(a91e4507a4db4491585aaba3323ae95a) Importer(2089858483,b0f066a214c2f5e87bad3c948f4d605d)
Start importing Assets/Projects/GravityDash/kenney_new-platformer-pack-1.1/Vector/Characters/character_yellow_walk_b.svg using Guid(a91e4507a4db4491585aaba3323ae95a) Importer(2089858483,b0f066a214c2f5e87bad3c948f4d605d) (ScriptedImporter) -> (artifact id: '82afa12c7c233e3ec5fae6433303e010') in 0.0199058 seconds
Number of updated asset objects reloaded before import = 0Number of asset objects unloaded after import = 2

========================================================================
Received Import Request.
  Time since last request: 0.000038 seconds.
  path: Assets/Projects/GravityDash/kenney_new-platformer-pack-1.1/Vector/Backgrounds/background_clouds.svg
  artifactKey: Guid(5f44539862d9e49428327601fdb83363) Importer(2089858483,b0f066a214c2f5e87bad3c948f4d605d)
Start importing Assets/Projects/GravityDash/kenney_new-platformer-pack-1.1/Vector/Backgrounds/background_clouds.svg using Guid(5f44539862d9e49428327601fdb83363) Importer(2089858483,b0f066a214c2f5e87bad3c948f4d605d) (ScriptedImporter) -> (artifact id: 'f489442a64f401afcca72c41fefb3995') in 0.0206974 seconds
Number of updated asset objects reloaded before import = 0Number of asset objects unloaded after import = 1

========================================================================
Received Import Request.
  Time since last request: 0.000271 seconds.
  path: Assets/Sprites/Cainos/Pixel Art Platformer - Village Props/Prefab/PF Village Props - Heavy Sword.prefab
  artifactKey: Guid(9af026272fa8fd144b992aa10e9a13b5) Importer(2089858483,b0f066a214c2f5e87bad3c948f4d605d)
Start importing Assets/Sprites/Cainos/Pixel Art Platformer - Village Props/Prefab/PF Village Props - Heavy Sword.prefab using Guid(9af026272fa8fd144b992aa10e9a13b5) Importer(2089858483,b0f066a214c2f5e87bad3c948f4d605d) (ScriptedImporter) -> (artifact id: '28f177f021229cb3d7c6340eabc4ddb2') in 0.0259282 seconds
Number of updated asset objects reloaded before import = 0Number of asset objects unloaded after import = 8

========================================================================
Received Import Request.
  Time since last request: 0.000031 seconds.
  path: Assets/Projects/GravityDash/kenney_new-platformer-pack-1.1/Vector/Characters/character_pink_duck.svg
  artifactKey: Guid(754ca33a26a144da8bde03a0e74950be) Importer(2089858483,b0f066a214c2f5e87bad3c948f4d605d)
Start importing Assets/Projects/GravityDash/kenney_new-platformer-pack-1.1/Vector/Characters/character_pink_duck.svg using Guid(754ca33a26a144da8bde03a0e74950be) Importer(2089858483,b0f066a214c2f5e87bad3c948f4d605d) (ScriptedImporter) -> (artifact id: '7f90c46f8578cda5d357a234155c5469') in 0.0201605 seconds
Number of updated asset objects reloaded before import = 0Number of asset objects unloaded after import = 2

========================================================================
Received Import Request.
  Time since last request: 0.000022 seconds.
  path: Assets/Projects/GravityDash/kenney_new-platformer-pack-1.1/Vector/Characters/character_purple_climb_b.svg
  artifactKey: Guid(4a00399d122aa46e9a6edbbd7f0f3af3) Importer(2089858483,b0f066a214c2f5e87bad3c948f4d605d)
Start importing Assets/Projects/GravityDash/kenney_new-platformer-pack-1.1/Vector/Characters/character_purple_climb_b.svg using Guid(4a00399d122aa46e9a6edbbd7f0f3af3) Importer(2089858483,b0f066a214c2f5e87bad3c948f4d605d) (ScriptedImporter) -> (artifact id: '3ab02081648df570ea880690e66edc74') in 0.022999 seconds
Number of updated asset objects reloaded before import = 0Number of asset objects unloaded after import = 2

========================================================================
Received Import Request.
  Time since last request: 0.000023 seconds.
  path: Assets/Projects/GravityDash/kenney_new-platformer-pack-1.1/Vector/Enemies/barnacle_attack_b.svg
  artifactKey: Guid(57feca5c3a55f4b83b8b3008af2eab18) Importer(2089858483,b0f066a214c2f5e87bad3c948f4d605d)
Start importing Assets/Projects/GravityDash/kenney_new-platformer-pack-1.1/Vector/Enemies/barnacle_attack_b.svg using Guid(57feca5c3a55f4b83b8b3008af2eab18) Importer(2089858483,b0f066a214c2f5e87bad3c948f4d605d) (ScriptedImporter) -> (artifact id: '9f5e67cebfe8b17995e9206815bba775') in 0.0189222 seconds
Number of updated asset objects reloaded before import = 0Number of asset objects unloaded after import = 1

========================================================================
Received Import Request.
  Time since last request: 0.000140 seconds.
  path: Assets/Projects/GravityDash/kenney_new-platformer-pack-1.1/Vector/Enemies/fish_yellow_rest.svg
  artifactKey: Guid(dd6b243e8541b447791bd4f7446932c4) Importer(2089858483,b0f066a214c2f5e87bad3c948f4d605d)
Start importing Assets/Projects/GravityDash/kenney_new-platformer-pack-1.1/Vector/Enemies/fish_yellow_rest.svg using Guid(dd6b243e8541b447791bd4f7446932c4) Importer(2089858483,b0f066a214c2f5e87bad3c948f4d605d) (ScriptedImporter) -> (artifact id: '57697a65b811587687c5a7fe08d1c825') in 0.021547 seconds
Number of updated asset objects reloaded before import = 0Number of asset objects unloaded after import = 2

========================================================================
Received Import Request.
  Time since last request: 0.000028 seconds.
  path: Assets/Projects/GravityDash/kenney_new-platformer-pack-1.1/Vector/Backgrounds/background_fade_trees.svg
  artifactKey: Guid(35f6213e1e3d94c05a073ca970d7981d) Importer(2089858483,b0f066a214c2f5e87bad3c948f4d605d)
Start importing Assets/Projects/GravityDash/kenney_new-platformer-pack-1.1/Vector/Backgrounds/background_fade_trees.svg using Guid(35f6213e1e3d94c05a073ca970d7981d) Importer(2089858483,b0f066a214c2f5e87bad3c948f4d605d) (ScriptedImporter) -> (artifact id: '74594d5452181443628933c42c52a584') in 0.0224042 seconds
Number of updated asset objects reloaded before import = 0Number of asset objects unloaded after import = 1

========================================================================
Received Import Request.
  Time since last request: 0.000156 seconds.
  path: Assets/Sprites/Cainos/Pixel Art Platformer - Village Props/Prefab/PF Village Props - Torch.prefab
  artifactKey: Guid(c759bb922e42eda4eb6f7e6e4e2fbe63) Importer(2089858483,b0f066a214c2f5e87bad3c948f4d605d)
Start importing Assets/Sprites/Cainos/Pixel Art Platformer - Village Props/Prefab/PF Village Props - Torch.prefab using Guid(c759bb922e42eda4eb6f7e6e4e2fbe63) Importer(2089858483,b0f066a214c2f5e87bad3c948f4d605d) (ScriptedImporter) -> (artifact id: '561ac783bfb3b79ae8bb731e75a7c503') in 0.0297592 seconds
Number of updated asset objects reloaded before import = 0Number of asset objects unloaded after import = 20

========================================================================
Received Import Request.
  Time since last request: 0.000039 seconds.
  path: Assets/Projects/GravityDash/kenney_new-platformer-pack-1.1/Vector/Enemies/worm_ring_move_a.svg
  artifactKey: Guid(104e9f36ac6574d1d9f7946f9432de7a) Importer(2089858483,b0f066a214c2f5e87bad3c948f4d605d)
Start importing Assets/Projects/GravityDash/kenney_new-platformer-pack-1.1/Vector/Enemies/worm_ring_move_a.svg using Guid(104e9f36ac6574d1d9f7946f9432de7a) Importer(2089858483,b0f066a214c2f5e87bad3c948f4d605d) (ScriptedImporter) -> (artifact id: 'd00bdeead478df034c02dc1bbc20db78') in 0.0186523 seconds
Number of updated asset objects reloaded before import = 0Number of asset objects unloaded after import = 1

========================================================================
Received Import Request.
  Time since last request: 0.000045 seconds.
  path: Assets/Sprites/Cainos/Pixel Art Platformer - Village Props/Prefab/PF Village Props - Weapon Rack.prefab
  artifactKey: Guid(db3033d1b9a69204ebc8a3bc98f3c254) Importer(2089858483,b0f066a214c2f5e87bad3c948f4d605d)
Start importing Assets/Sprites/Cainos/Pixel Art Platformer - Village Props/Prefab/PF Village Props - Weapon Rack.prefab using Guid(db3033d1b9a69204ebc8a3bc98f3c254) Importer(2089858483,b0f066a214c2f5e87bad3c948f4d605d) (ScriptedImporter) -> (artifact id: '9ba3dd9a89c01c6deec5f54506346b30') in 0.0223779 seconds
Number of updated asset objects reloaded before import = 0Number of asset objects unloaded after import = 24

========================================================================
Received Import Request.
  Time since last request: 0.000022 seconds.
  path: Assets/Sprites/Cainos/Pixel Art Platformer - Village Props/Texture/TX Village Props.png
  artifactKey: Guid(7810966f0f690954c87305933cabf2b0) Importer(2089858483,b0f066a214c2f5e87bad3c948f4d605d)
Start importing Assets/Sprites/Cainos/Pixel Art Platformer - Village Props/Texture/TX Village Props.png using Guid(7810966f0f690954c87305933cabf2b0) Importer(2089858483,b0f066a214c2f5e87bad3c948f4d605d) (ScriptedImporter) -> (artifact id: '8af5be297c41627f1f4901cf3ea7fe9b') in 0.3289947 seconds
Number of updated asset objects reloaded before import = 0Number of asset objects unloaded after import = 193

========================================================================
Received Import Request.
  Time since last request: 0.000031 seconds.
  path: Assets/Sprites/Cainos/Pixel Art Platformer - Village Props/Prefab/PF Village Props - Scarecrow 01.prefab
  artifactKey: Guid(ef2b6e3a0904d0a488fb7a1bd47ce073) Importer(2089858483,b0f066a214c2f5e87bad3c948f4d605d)
Start importing Assets/Sprites/Cainos/Pixel Art Platformer - Village Props/Prefab/PF Village Props - Scarecrow 01.prefab using Guid(ef2b6e3a0904d0a488fb7a1bd47ce073) Importer(2089858483,b0f066a214c2f5e87bad3c948f4d605d) (ScriptedImporter) -> (artifact id: 'b5d2873141b252164ba1be61672c2bc0') in 0.0205289 seconds
Number of updated asset objects reloaded before import = 0Number of asset objects unloaded after import = 8

========================================================================
Received Import Request.
  Time since last request: 0.000040 seconds.
  path: Assets/Projects/GravityDash/kenney_new-platformer-pack-1.1/Vector/Enemies/ladybug_fly.svg
  artifactKey: Guid(51241de9a26f345449f1210272faf887) Importer(2089858483,b0f066a214c2f5e87bad3c948f4d605d)
Start importing Assets/Projects/GravityDash/kenney_new-platformer-pack-1.1/Vector/Enemies/ladybug_fly.svg using Guid(51241de9a26f345449f1210272faf887) Importer(2089858483,b0f066a214c2f5e87bad3c948f4d605d) (ScriptedImporter) -> (artifact id: '32032ccc6930877aaa1424cc612c4caa') in 0.0214144 seconds
Number of updated asset objects reloaded before import = 0Number of asset objects unloaded after import = 1

========================================================================
Received Import Request.
  Time since last request: 0.000079 seconds.
  path: Assets/Sprites/Cainos/Pixel Art Platformer - Village Props/Prefab/PF Village Props - Wooden Bridge X6.prefab
  artifactKey: Guid(d9997400142b1f14281284870012ac00) Importer(2089858483,b0f066a214c2f5e87bad3c948f4d605d)
Start importing Assets/Sprites/Cainos/Pixel Art Platformer - Village Props/Prefab/PF Village Props - Wooden Bridge X6.prefab using Guid(d9997400142b1f14281284870012ac00) Importer(2089858483,b0f066a214c2f5e87bad3c948f4d605d) (ScriptedImporter) -> (artifact id: '58884a744f4d3166268a162e63e81ec9') in 0.0191536 seconds
Number of updated asset objects reloaded before import = 0Number of asset objects unloaded after import = 145

========================================================================
Received Import Request.
  Time since last request: 0.000025 seconds.
  path: Assets/Sprites/Cainos/Pixel Art Platformer - Village Props/Prefab/PF Village Props - Wheat 04.prefab
  artifactKey: Guid(e25962a23b0ae06459d988ce85f4476e) Importer(2089858483,b0f066a214c2f5e87bad3c948f4d605d)
Start importing Assets/Sprites/Cainos/Pixel Art Platformer - Village Props/Prefab/PF Village Props - Wheat 04.prefab using Guid(e25962a23b0ae06459d988ce85f4476e) Importer(2089858483,b0f066a214c2f5e87bad3c948f4d605d) (ScriptedImporter) -> (artifact id: '731c62d46acb2cfa0844d317a3dfb5b8') in 0.02169 seconds
Number of updated asset objects reloaded before import = 0Number of asset objects unloaded after import = 8

========================================================================
Received Import Request.
  Time since last request: 0.000025 seconds.
  path: Assets/Projects/GravityDash/kenney_new-platformer-pack-1.1/Vector/Characters/character_beige_hit.svg
  artifactKey: Guid(eb84f1e888d91416bbba702ea3cfa131) Importer(2089858483,b0f066a214c2f5e87bad3c948f4d605d)
Start importing Assets/Projects/GravityDash/kenney_new-platformer-pack-1.1/Vector/Characters/character_beige_hit.svg using Guid(eb84f1e888d91416bbba702ea3cfa131) Importer(2089858483,b0f066a214c2f5e87bad3c948f4d605d) (ScriptedImporter) -> (artifact id: '775aa5613c796b9492cdb01ae449f19c') in 0.0199143 seconds
Number of updated asset objects reloaded before import = 0Number of asset objects unloaded after import = 2

========================================================================
Received Import Request.
  Time since last request: 0.000021 seconds.
  path: Assets/Projects/GravityDash/kenney_new-platformer-pack-1.1/Vector/Enemies/ladybug_walk_b.svg
  artifactKey: Guid(21f302b5f22724e1ab92632a7c5c51ce) Importer(2089858483,b0f066a214c2f5e87bad3c948f4d605d)
Start importing Assets/Projects/GravityDash/kenney_new-platformer-pack-1.1/Vector/Enemies/ladybug_walk_b.svg using Guid(21f302b5f22724e1ab92632a7c5c51ce) Importer(2089858483,b0f066a214c2f5e87bad3c948f4d605d) (ScriptedImporter) -> (artifact id: '63574f3d3bfac8ffdd317f6b43322ff9') in 0.0211199 seconds
Number of updated asset objects reloaded before import = 0Number of asset objects unloaded after import = 1

========================================================================
Received Import Request.
  Time since last request: 0.000054 seconds.
  path: Assets/Projects/GravityDash/kenney_new-platformer-pack-1.1/Vector/Enemies/saw_b.svg
  artifactKey: Guid(3de8d81a215d74fd980a5d411c024202) Importer(2089858483,b0f066a214c2f5e87bad3c948f4d605d)
Start importing Assets/Projects/GravityDash/kenney_new-platformer-pack-1.1/Vector/Enemies/saw_b.svg using Guid(3de8d81a215d74fd980a5d411c024202) Importer(2089858483,b0f066a214c2f5e87bad3c948f4d605d) (ScriptedImporter) -> (artifact id: '921130c5381f73bbc3617390b130799e') in 0.0179345 seconds
Number of updated asset objects reloaded before import = 0Number of asset objects unloaded after import = 1

========================================================================
Received Import Request.
  Time since last request: 0.000076 seconds.
  path: Assets/Projects/GravityDash/kenney_new-platformer-pack-1.1/Vector/Characters/character_yellow_front.svg
  artifactKey: Guid(eee6bc7d177d9404e841866ce3086405) Importer(2089858483,b0f066a214c2f5e87bad3c948f4d605d)
Start importing Assets/Projects/GravityDash/kenney_new-platformer-pack-1.1/Vector/Characters/character_yellow_front.svg using Guid(eee6bc7d177d9404e841866ce3086405) Importer(2089858483,b0f066a214c2f5e87bad3c948f4d605d) (ScriptedImporter) -> (artifact id: '9d2bae151852046ee93e3ff271e4aaa9') in 0.0206842 seconds
Number of updated asset objects reloaded before import = 0Number of asset objects unloaded after import = 2

========================================================================
Received Import Request.
  Time since last request: 0.000029 seconds.
  path: Assets/Projects/GravityDash/kenney_new-platformer-pack-1.1/Vector/Enemies/worm_normal_move_b.svg
  artifactKey: Guid(c9b60c224256045e7a429875d7a16eb8) Importer(2089858483,b0f066a214c2f5e87bad3c948f4d605d)
Start importing Assets/Projects/GravityDash/kenney_new-platformer-pack-1.1/Vector/Enemies/worm_normal_move_b.svg using Guid(c9b60c224256045e7a429875d7a16eb8) Importer(2089858483,b0f066a214c2f5e87bad3c948f4d605d) (ScriptedImporter) -> (artifact id: '3f78bf932340e4ebbc19162225d6bc70') in 0.0201173 seconds
Number of updated asset objects reloaded before import = 0Number of asset objects unloaded after import = 1

========================================================================
Received Import Request.
  Time since last request: 0.000037 seconds.
  path: Assets/Sprites/Cainos/Pixel Art Platformer - Village Props/Prefab/PF Village Props - Rock 02.prefab
  artifactKey: Guid(b076c268235cb7348a5d9a036ec254c4) Importer(2089858483,b0f066a214c2f5e87bad3c948f4d605d)
Start importing Assets/Sprites/Cainos/Pixel Art Platformer - Village Props/Prefab/PF Village Props - Rock 02.prefab using Guid(b076c268235cb7348a5d9a036ec254c4) Importer(2089858483,b0f066a214c2f5e87bad3c948f4d605d) (ScriptedImporter) -> (artifact id: '98a2540db7f88f578b590940455bf97f') in 0.0224527 seconds
Number of updated asset objects reloaded before import = 0Number of asset objects unloaded after import = 8

========================================================================
Received Import Request.
  Time since last request: 0.000033 seconds.
  path: Assets/Sprites/Cainos/Pixel Art Platformer - Village Props/Prefab/PF Village Props - Gravestone 04.prefab
  artifactKey: Guid(5105ccaacad8d714b94dfb93084fa936) Importer(2089858483,b0f066a214c2f5e87bad3c948f4d605d)
Start importing Assets/Sprites/Cainos/Pixel Art Platformer - Village Props/Prefab/PF Village Props - Gravestone 04.prefab using Guid(5105ccaacad8d714b94dfb93084fa936) Importer(2089858483,b0f066a214c2f5e87bad3c948f4d605d) (ScriptedImporter) -> (artifact id: 'b6fd284946caf2c17e38c673861e7cea') in 0.0210989 seconds
Number of updated asset objects reloaded before import = 0Number of asset objects unloaded after import = 8

========================================================================
Received Import Request.
  Time since last request: 0.000024 seconds.
  path: Assets/Sprites/Cainos/Pixel Art Platformer - Village Props/Prefab/PF Village Props - Grass 07.prefab
  artifactKey: Guid(91aebb278b095f843a6d4213d7df47fd) Importer(2089858483,b0f066a214c2f5e87bad3c948f4d605d)
Start importing Assets/Sprites/Cainos/Pixel Art Platformer - Village Props/Prefab/PF Village Props - Grass 07.prefab using Guid(91aebb278b095f843a6d4213d7df47fd) Importer(2089858483,b0f066a214c2f5e87bad3c948f4d605d) (ScriptedImporter) -> (artifact id: '9d2102bd83db568743fab2b64158841e') in 0.0222943 seconds
Number of updated asset objects reloaded before import = 0Number of asset objects unloaded after import = 8

========================================================================
Received Import Request.
  Time since last request: 0.000027 seconds.
  path: Assets/Projects/GravityDash/kenney_new-platformer-pack-1.1/Vector/Enemies/bee_a.svg
  artifactKey: Guid(21b06a57fdb0444ca9527fdbaa0f4586) Importer(2089858483,b0f066a214c2f5e87bad3c948f4d605d)
Start importing Assets/Projects/GravityDash/kenney_new-platformer-pack-1.1/Vector/Enemies/bee_a.svg using Guid(21b06a57fdb0444ca9527fdbaa0f4586) Importer(2089858483,b0f066a214c2f5e87bad3c948f4d605d) (ScriptedImporter) -> (artifact id: 'f80f97d9095b9e2127bb3a9e754934f7') in 0.0252042 seconds
Number of updated asset objects reloaded before import = 0Number of asset objects unloaded after import = 2

========================================================================
Received Import Request.
  Time since last request: 0.000042 seconds.
  path: Assets/Sprites/Cainos/Pixel Art Platformer - Village Props/Prefab/PF Village Props - Ladder 01 Side L.prefab
  artifactKey: Guid(3373af298f123a849a61f9aefe9ec4c4) Importer(2089858483,b0f066a214c2f5e87bad3c948f4d605d)
Start importing Assets/Sprites/Cainos/Pixel Art Platformer - Village Props/Prefab/PF Village Props - Ladder 01 Side L.prefab using Guid(3373af298f123a849a61f9aefe9ec4c4) Importer(2089858483,b0f066a214c2f5e87bad3c948f4d605d) (ScriptedImporter) -> (artifact id: '76bdf1cfd8bd3112ae41e56c9bdbe011') in 0.0230263 seconds
Number of updated asset objects reloaded before import = 0Number of asset objects unloaded after import = 22

========================================================================
Received Import Request.
  Time since last request: 0.000033 seconds.
  path: Assets/Projects/GravityDash/kenney_new-platformer-pack-1.1/Vector/Enemies/worm_normal_move_a.svg
  artifactKey: Guid(ef438e504bfe54457b542f434c4f1bc2) Importer(2089858483,b0f066a214c2f5e87bad3c948f4d605d)
Start importing Assets/Projects/GravityDash/kenney_new-platformer-pack-1.1/Vector/Enemies/worm_normal_move_a.svg using Guid(ef438e504bfe54457b542f434c4f1bc2) Importer(2089858483,b0f066a214c2f5e87bad3c948f4d605d) (ScriptedImporter) -> (artifact id: '3b2f837bea0711fc243892d62f7a45a0') in 0.0235015 seconds
Number of updated asset objects reloaded before import = 0Number of asset objects unloaded after import = 1

========================================================================
Received Import Request.
  Time since last request: 0.000094 seconds.
  path: Assets/Projects/GravityDash/kenney_new-platformer-pack-1.1/Vector/Characters/character_beige_duck.svg
  artifactKey: Guid(415358bb4822a4447b6366e5792c315c) Importer(2089858483,b0f066a214c2f5e87bad3c948f4d605d)
Start importing Assets/Projects/GravityDash/kenney_new-platformer-pack-1.1/Vector/Characters/character_beige_duck.svg using Guid(415358bb4822a4447b6366e5792c315c) Importer(2089858483,b0f066a214c2f5e87bad3c948f4d605d) (ScriptedImporter) -> (artifact id: 'ccd096fc45e5e4df003d15495f00d189') in 0.023797 seconds
Number of updated asset objects reloaded before import = 0Number of asset objects unloaded after import = 2

========================================================================
Received Import Request.
  Time since last request: 0.000028 seconds.
  path: Assets/Sprites/Cainos/Pixel Art Platformer - Village Props/Prefab/PF Village Props - Platform 01 R X2.prefab
  artifactKey: Guid(948a335f2eab4d944a21f7654ca9e467) Importer(2089858483,b0f066a214c2f5e87bad3c948f4d605d)
Start importing Assets/Sprites/Cainos/Pixel Art Platformer - Village Props/Prefab/PF Village Props - Platform 01 R X2.prefab using Guid(948a335f2eab4d944a21f7654ca9e467) Importer(2089858483,b0f066a214c2f5e87bad3c948f4d605d) (ScriptedImporter) -> (artifact id: 'cf656da3a24f727b6f64863853cfb597') in 0.0210421 seconds
Number of updated asset objects reloaded before import = 0Number of asset objects unloaded after import = 16

========================================================================
Received Import Request.
  Time since last request: 0.000051 seconds.
  path: Assets/Projects/GravityDash/kenney_new-platformer-pack-1.1/Vector/Enemies/fish_purple_down.svg
  artifactKey: Guid(0261459c225df4b15abcaf6e6792f108) Importer(2089858483,b0f066a214c2f5e87bad3c948f4d605d)
Start importing Assets/Projects/GravityDash/kenney_new-platformer-pack-1.1/Vector/Enemies/fish_purple_down.svg using Guid(0261459c225df4b15abcaf6e6792f108) Importer(2089858483,b0f066a214c2f5e87bad3c948f4d605d) (ScriptedImporter) -> (artifact id: '0fd0f9e2017ce4a22cddeda8aad7fbdf') in 0.0197833 seconds
Number of updated asset objects reloaded before import = 0Number of asset objects unloaded after import = 2

========================================================================
Received Import Request.
  Time since last request: 0.000023 seconds.
  path: Assets/Sprites/Cainos/Pixel Art Platformer - Village Props/Prefab/PF Village Props - Sword.prefab
  artifactKey: Guid(b8fd7e9f16def9745b8b8b4c3928d52d) Importer(2089858483,b0f066a214c2f5e87bad3c948f4d605d)
Start importing Assets/Sprites/Cainos/Pixel Art Platformer - Village Props/Prefab/PF Village Props - Sword.prefab using Guid(b8fd7e9f16def9745b8b8b4c3928d52d) Importer(2089858483,b0f066a214c2f5e87bad3c948f4d605d) (ScriptedImporter) -> (artifact id: '64af20e40e51ba5a6dafda9979ff24e4') in 0.0214217 seconds
Number of updated asset objects reloaded before import = 0Number of asset objects unloaded after import = 8

========================================================================
Received Import Request.
  Time since last request: 0.000027 seconds.
  path: Assets/Projects/GravityDash/kenney_new-platformer-pack-1.1/Vector/Enemies/fish_yellow_swim_b.svg
  artifactKey: Guid(56380cdb336ac4f6caf97c0c4566a182) Importer(2089858483,b0f066a214c2f5e87bad3c948f4d605d)
Start importing Assets/Projects/GravityDash/kenney_new-platformer-pack-1.1/Vector/Enemies/fish_yellow_swim_b.svg using Guid(56380cdb336ac4f6caf97c0c4566a182) Importer(2089858483,b0f066a214c2f5e87bad3c948f4d605d) (ScriptedImporter) -> (artifact id: '17263c000f2ce1a8ad5e2a88398e2e98') in 0.0186995 seconds
Number of updated asset objects reloaded before import = 0Number of asset objects unloaded after import = 2

========================================================================
Received Import Request.
  Time since last request: 0.000032 seconds.
  path: Assets/Projects/GravityDash/kenney_new-platformer-pack-1.1/Vector/Characters/character_purple_jump.svg
  artifactKey: Guid(498949b768ab14fcd9585b5050c93624) Importer(2089858483,b0f066a214c2f5e87bad3c948f4d605d)
Start importing Assets/Projects/GravityDash/kenney_new-platformer-pack-1.1/Vector/Characters/character_purple_jump.svg using Guid(498949b768ab14fcd9585b5050c93624) Importer(2089858483,b0f066a214c2f5e87bad3c948f4d605d) (ScriptedImporter) -> (artifact id: '49ba8cc62ddd80d4c5e0a78672aa3a91') in 0.0202089 seconds
Number of updated asset objects reloaded before import = 0Number of asset objects unloaded after import = 2

========================================================================
Received Import Request.
  Time since last request: 0.000024 seconds.
  path: Assets/Sprites/Cainos/Pixel Art Platformer - Village Props/Prefab/PF Village Props - Platform 02 X3.prefab
  artifactKey: Guid(8f0b414806fcbda47b9f242883104bb5) Importer(2089858483,b0f066a214c2f5e87bad3c948f4d605d)
Start importing Assets/Sprites/Cainos/Pixel Art Platformer - Village Props/Prefab/PF Village Props - Platform 02 X3.prefab using Guid(8f0b414806fcbda47b9f242883104bb5) Importer(2089858483,b0f066a214c2f5e87bad3c948f4d605d) (ScriptedImporter) -> (artifact id: '6aeb179062b2ecff5522f8d0c5113fdd') in 0.020779 seconds
Number of updated asset objects reloaded before import = 0Number of asset objects unloaded after import = 20

========================================================================
Received Import Request.
  Time since last request: 0.000025 seconds.
  path: Assets/Projects/GravityDash/kenney_new-platformer-pack-1.1/Vector/Enemies/mouse_walk_a.svg
  artifactKey: Guid(92cc89f09dfe042e9bf27231c8e08667) Importer(2089858483,b0f066a214c2f5e87bad3c948f4d605d)
Start importing Assets/Projects/GravityDash/kenney_new-platformer-pack-1.1/Vector/Enemies/mouse_walk_a.svg using Guid(92cc89f09dfe042e9bf27231c8e08667) Importer(2089858483,b0f066a214c2f5e87bad3c948f4d605d) (ScriptedImporter) -> (artifact id: '75f06f7c48d774260e08338e9c330685') in 0.0186663 seconds
Number of updated asset objects reloaded before import = 0Number of asset objects unloaded after import = 1

========================================================================
Received Import Request.
  Time since last request: 0.000036 seconds.
  path: Assets/Sprites/Cainos/Pixel Art Platformer - Village Props/Script/Chest.cs
  artifactKey: Guid(564a40ab997e88549a733c999c980526) Importer(2089858483,b0f066a214c2f5e87bad3c948f4d605d)
Start importing Assets/Sprites/Cainos/Pixel Art Platformer - Village Props/Script/Chest.cs using Guid(564a40ab997e88549a733c999c980526) Importer(2089858483,b0f066a214c2f5e87bad3c948f4d605d) (ScriptedImporter) -> (artifact id: 'b193a3ab7691d838ab7b015afa7807cc') in 0.0154004 seconds
Number of updated asset objects reloaded before import = 0Number of asset objects unloaded after import = 0

========================================================================
Received Import Request.
  Time since last request: 0.000098 seconds.
  path: Assets/Projects/GravityDash/kenney_new-platformer-pack-1.1/Vector/Characters/character_purple_walk_a.svg
  artifactKey: Guid(a9379a75acb574573a440dca5867d2b0) Importer(2089858483,b0f066a214c2f5e87bad3c948f4d605d)
Start importing Assets/Projects/GravityDash/kenney_new-platformer-pack-1.1/Vector/Characters/character_purple_walk_a.svg using Guid(a9379a75acb574573a440dca5867d2b0) Importer(2089858483,b0f066a214c2f5e87bad3c948f4d605d) (ScriptedImporter) -> (artifact id: '70c5c3b6d8797b24c230855c3d6653d4') in 0.0192541 seconds
Number of updated asset objects reloaded before import = 0Number of asset objects unloaded after import = 2

========================================================================
Received Import Request.
  Time since last request: 1.423554 seconds.
  path: Assets/Projects/GravityDash/kenney_new-platformer-pack-1.1/Vector/Tiles/block_coin.svg
  artifactKey: Guid(0872dbbfb668c4acd8ff36467eddbfdd) Importer(2089858483,b0f066a214c2f5e87bad3c948f4d605d)
Start importing Assets/Projects/GravityDash/kenney_new-platformer-pack-1.1/Vector/Tiles/block_coin.svg using Guid(0872dbbfb668c4acd8ff36467eddbfdd) Importer(2089858483,b0f066a214c2f5e87bad3c948f4d605d) (ScriptedImporter) -> (artifact id: '595bb20fa978adadb7caaadf88034978') in 0.026102 seconds
Number of updated asset objects reloaded before import = 0Number of asset objects unloaded after import = 1

========================================================================
Received Import Request.
  Time since last request: 0.000027 seconds.
  path: Assets/Projects/GravityDash/kenney_new-platformer-pack-1.1/Vector/Tiles/hud_coin.svg
  artifactKey: Guid(b942dd8087db6408dab2bf962ef54fb3) Importer(2089858483,b0f066a214c2f5e87bad3c948f4d605d)
Start importing Assets/Projects/GravityDash/kenney_new-platformer-pack-1.1/Vector/Tiles/hud_coin.svg using Guid(b942dd8087db6408dab2bf962ef54fb3) Importer(2089858483,b0f066a214c2f5e87bad3c948f4d605d) (ScriptedImporter) -> (artifact id: '692f5e2f443f92dd45aeb6b44a32d208') in 0.0234349 seconds
Number of updated asset objects reloaded before import = 0Number of asset objects unloaded after import = 2

========================================================================
Received Import Request.
  Time since last request: 0.000020 seconds.
  path: Assets/Projects/GravityDash/kenney_new-platformer-pack-1.1/Vector/Tiles/conveyor.svg
  artifactKey: Guid(a6235ed0523ad48c4940206a250c33ec) Importer(2089858483,b0f066a214c2f5e87bad3c948f4d605d)
Start importing Assets/Projects/GravityDash/kenney_new-platformer-pack-1.1/Vector/Tiles/conveyor.svg using Guid(a6235ed0523ad48c4940206a250c33ec) Importer(2089858483,b0f066a214c2f5e87bad3c948f4d605d) (ScriptedImporter) -> (artifact id: '596adc7b54cd87c6f03c9a985c6af7ed') in 0.0158675 seconds
Number of updated asset objects reloaded before import = 0Number of asset objects unloaded after import = 1

========================================================================
Received Import Request.
  Time since last request: 0.000110 seconds.
  path: Assets/Projects/GravityDash/kenney_new-platformer-pack-1.1/Vector/Tiles/cactus.svg
  artifactKey: Guid(a2036e8393193492b81ed40e60c9cff1) Importer(2089858483,b0f066a214c2f5e87bad3c948f4d605d)
Start importing Assets/Projects/GravityDash/kenney_new-platformer-pack-1.1/Vector/Tiles/cactus.svg using Guid(a2036e8393193492b81ed40e60c9cff1) Importer(2089858483,b0f066a214c2f5e87bad3c948f4d605d) (ScriptedImporter) -> (artifact id: 'e477847e6d57341fa5f603879b92fb7c') in 0.0149826 seconds
Number of updated asset objects reloaded before import = 0Number of asset objects unloaded after import = 2

========================================================================
Received Import Request.
  Time since last request: 0.000044 seconds.
  path: Assets/Projects/GravityDash/kenney_new-platformer-pack-1.1/Vector/Tiles/spikes.svg
  artifactKey: Guid(2cdf2e78ae2664bbbb92cac16d66d955) Importer(2089858483,b0f066a214c2f5e87bad3c948f4d605d)
Start importing Assets/Projects/GravityDash/kenney_new-platformer-pack-1.1/Vector/Tiles/spikes.svg using Guid(2cdf2e78ae2664bbbb92cac16d66d955) Importer(2089858483,b0f066a214c2f5e87bad3c948f4d605d) (ScriptedImporter) -> (artifact id: '33e552413ca0540433500951112326f3') in 0.0172446 seconds
Number of updated asset objects reloaded before import = 0Number of asset objects unloaded after import = 2

========================================================================
Received Import Request.
  Time since last request: 0.000022 seconds.
  path: Assets/Projects/GravityDash/kenney_new-platformer-pack-1.1/Vector/Tiles/sign.svg
  artifactKey: Guid(6f39f1e8b1f4e4a4c9eaf738a66c3214) Importer(2089858483,b0f066a214c2f5e87bad3c948f4d605d)
Start importing Assets/Projects/GravityDash/kenney_new-platformer-pack-1.1/Vector/Tiles/sign.svg using Guid(6f39f1e8b1f4e4a4c9eaf738a66c3214) Importer(2089858483,b0f066a214c2f5e87bad3c948f4d605d) (ScriptedImporter) -> (artifact id: '5579e991ade6b2c99c0a11e7b73d1f07') in 0.0169898 seconds
Number of updated asset objects reloaded before import = 0Number of asset objects unloaded after import = 1

========================================================================
Received Import Request.
  Time since last request: 0.000028 seconds.
  path: Assets/Projects/GravityDash/kenney_new-platformer-pack-1.1/Vector/Tiles/flag_green_a.svg
  artifactKey: Guid(93c04c7b2185241bbadbe081d607a414) Importer(2089858483,b0f066a214c2f5e87bad3c948f4d605d)
Start importing Assets/Projects/GravityDash/kenney_new-platformer-pack-1.1/Vector/Tiles/flag_green_a.svg using Guid(93c04c7b2185241bbadbe081d607a414) Importer(2089858483,b0f066a214c2f5e87bad3c948f4d605d) (ScriptedImporter) -> (artifact id: '046910067ac894826d7ed6a044ba4d54') in 0.016662 seconds
Number of updated asset objects reloaded before import = 0Number of asset objects unloaded after import = 2

========================================================================
Received Import Request.
  Time since last request: 0.000032 seconds.
  path: Assets/Projects/GravityDash/kenney_new-platformer-pack-1.1/Vector/Tiles/terrain_purple_ramp_short_a.svg
  artifactKey: Guid(b7ed3893d42934e9a9327ee7d30349c7) Importer(2089858483,b0f066a214c2f5e87bad3c948f4d605d)
Start importing Assets/Projects/GravityDash/kenney_new-platformer-pack-1.1/Vector/Tiles/terrain_purple_ramp_short_a.svg using Guid(b7ed3893d42934e9a9327ee7d30349c7) Importer(2089858483,b0f066a214c2f5e87bad3c948f4d605d) (ScriptedImporter) -> (artifact id: '800b48ec6cf155e2b73694d260a9a010') in 0.0209021 seconds
Number of updated asset objects reloaded before import = 0Number of asset objects unloaded after import = 1

========================================================================
Received Import Request.
  Time since last request: 0.000033 seconds.
  path: Assets/Projects/GravityDash/kenney_new-platformer-pack-1.1/Vector/Tiles/mushroom_brown.svg
  artifactKey: Guid(7c6955d455fb047ecaa9da14ed37315f) Importer(2089858483,b0f066a214c2f5e87bad3c948f4d605d)
Start importing Assets/Projects/GravityDash/kenney_new-platformer-pack-1.1/Vector/Tiles/mushroom_brown.svg using Guid(7c6955d455fb047ecaa9da14ed37315f) Importer(2089858483,b0f066a214c2f5e87bad3c948f4d605d) (ScriptedImporter) -> (artifact id: '2c96463f16f4ed4d211a3288e192330c') in 0.0156731 seconds
Number of updated asset objects reloaded before import = 0Number of asset objects unloaded after import = 2

========================================================================
Received Import Request.
  Time since last request: 0.000056 seconds.
  path: Assets/Projects/GravityDash/kenney_new-platformer-pack-1.1/Vector/Tiles/terrain_dirt_block_bottom_right.svg
  artifactKey: Guid(eb647897e4f0b40a19fdab7d6b79eb3c) Importer(2089858483,b0f066a214c2f5e87bad3c948f4d605d)
Start importing Assets/Projects/GravityDash/kenney_new-platformer-pack-1.1/Vector/Tiles/terrain_dirt_block_bottom_right.svg using Guid(eb647897e4f0b40a19fdab7d6b79eb3c) Importer(2089858483,b0f066a214c2f5e87bad3c948f4d605d) (ScriptedImporter) -> (artifact id: '9df55fc88940368ae9894c61e7a78051') in 0.0178919 seconds
Number of updated asset objects reloaded before import = 0Number of asset objects unloaded after import = 1

========================================================================
Received Import Request.
  Time since last request: 0.000103 seconds.
  path: Assets/Projects/GravityDash/kenney_new-platformer-pack-1.1/Vector/Tiles/terrain_dirt_horizontal_overhang_right.svg
  artifactKey: Guid(417e91ac02bda4278bdeb229ef29de77) Importer(2089858483,b0f066a214c2f5e87bad3c948f4d605d)
Start importing Assets/Projects/GravityDash/kenney_new-platformer-pack-1.1/Vector/Tiles/terrain_dirt_horizontal_overhang_right.svg using Guid(417e91ac02bda4278bdeb229ef29de77) Importer(2089858483,b0f066a214c2f5e87bad3c948f4d605d) (ScriptedImporter) -> (artifact id: '1ed2360f8ce34e5494f5215f4349be42') in 0.0149074 seconds
Number of updated asset objects reloaded before import = 0Number of asset objects unloaded after import = 1

========================================================================
Received Import Request.
  Time since last request: 0.000054 seconds.
  path: Assets/Projects/GravityDash/kenney_new-platformer-pack-1.1/Vector/Tiles/flag_yellow_a.svg
  artifactKey: Guid(7e35504e52b164172b387dfc9435aeab) Importer(2089858483,b0f066a214c2f5e87bad3c948f4d605d)
Start importing Assets/Projects/GravityDash/kenney_new-platformer-pack-1.1/Vector/Tiles/flag_yellow_a.svg using Guid(7e35504e52b164172b387dfc9435aeab) Importer(2089858483,b0f066a214c2f5e87bad3c948f4d605d) (ScriptedImporter) -> (artifact id: '4afdf9660acebf5f94862dd351ab8e7e') in 0.0162752 seconds
Number of updated asset objects reloaded before import = 0Number of asset objects unloaded after import = 2

========================================================================
Received Import Request.
  Time since last request: 0.000029 seconds.
  path: Assets/Projects/GravityDash/kenney_new-platformer-pack-1.1/Vector/Tiles/terrain_dirt_block_center.svg
  artifactKey: Guid(858cd1b19478b43d4bbd18ad6ade72f7) Importer(2089858483,b0f066a214c2f5e87bad3c948f4d605d)
Start importing Assets/Projects/GravityDash/kenney_new-platformer-pack-1.1/Vector/Tiles/terrain_dirt_block_center.svg using Guid(858cd1b19478b43d4bbd18ad6ade72f7) Importer(2089858483,b0f066a214c2f5e87bad3c948f4d605d) (ScriptedImporter) -> (artifact id: '1a0081348993d122b4899c17c0021b2e') in 0.0163791 seconds
Number of updated asset objects reloaded before import = 0Number of asset objects unloaded after import = 1

========================================================================
Received Import Request.
  Time since last request: 0.000074 seconds.
  path: Assets/Projects/GravityDash/kenney_new-platformer-pack-1.1/Vector/Tiles/hud_character_5.svg
  artifactKey: Guid(0b1b220fdf03d476dad10a37fd5552ca) Importer(2089858483,b0f066a214c2f5e87bad3c948f4d605d)
Start importing Assets/Projects/GravityDash/kenney_new-platformer-pack-1.1/Vector/Tiles/hud_character_5.svg using Guid(0b1b220fdf03d476dad10a37fd5552ca) Importer(2089858483,b0f066a214c2f5e87bad3c948f4d605d) (ScriptedImporter) -> (artifact id: 'bea4b866140e60142d8f6cafa2f6cf94') in 0.015157 seconds
Number of updated asset objects reloaded before import = 0Number of asset objects unloaded after import = 1

========================================================================
Received Import Request.
  Time since last request: 0.000023 seconds.
  path: Assets/Projects/GravityDash/kenney_new-platformer-pack-1.1/Vector/Tiles/terrain_dirt_block_left.svg
  artifactKey: Guid(70251b6c5f40f48ab8e902d6e7bbb395) Importer(2089858483,b0f066a214c2f5e87bad3c948f4d605d)
Start importing Assets/Projects/GravityDash/kenney_new-platformer-pack-1.1/Vector/Tiles/terrain_dirt_block_left.svg using Guid(70251b6c5f40f48ab8e902d6e7bbb395) Importer(2089858483,b0f066a214c2f5e87bad3c948f4d605d) (ScriptedImporter) -> (artifact id: '40866ffbb9b1d8441e70f716ca8034ed') in 0.0173882 seconds
Number of updated asset objects reloaded before import = 0Number of asset objects unloaded after import = 1

========================================================================
Received Import Request.
  Time since last request: 0.000114 seconds.
  path: Assets/Projects/GravityDash/kenney_new-platformer-pack-1.1/Vector/Tiles/block_exclamation.svg
  artifactKey: Guid(9e0395fc20e77499291b90f9bac9b915) Importer(2089858483,b0f066a214c2f5e87bad3c948f4d605d)
Start importing Assets/Projects/GravityDash/kenney_new-platformer-pack-1.1/Vector/Tiles/block_exclamation.svg using Guid(9e0395fc20e77499291b90f9bac9b915) Importer(2089858483,b0f066a214c2f5e87bad3c948f4d605d) (ScriptedImporter) -> (artifact id: '1ac22be4f92400ddccd03d1b2f8ae747') in 0.0144335 seconds
Number of updated asset objects reloaded before import = 0Number of asset objects unloaded after import = 1

========================================================================
Received Import Request.
  Time since last request: 0.000030 seconds.
  path: Assets/Projects/GravityDash/kenney_new-platformer-pack-1.1/Vector/Tiles/brick_brown.svg
  artifactKey: Guid(baf09f37b7a07455b8e7c17c0babe91d) Importer(2089858483,b0f066a214c2f5e87bad3c948f4d605d)
Start importing Assets/Projects/GravityDash/kenney_new-platformer-pack-1.1/Vector/Tiles/brick_brown.svg using Guid(baf09f37b7a07455b8e7c17c0babe91d) Importer(2089858483,b0f066a214c2f5e87bad3c948f4d605d) (ScriptedImporter) -> (artifact id: '9a6dd15ebb33d4f6b085793428ab788d') in 0.0155682 seconds
Number of updated asset objects reloaded before import = 0Number of asset objects unloaded after import = 1

========================================================================
Received Import Request.
  Time since last request: 0.000170 seconds.
  path: Assets/Projects/GravityDash/kenney_new-platformer-pack-1.1/Vector/Tiles/brick_grey.svg
  artifactKey: Guid(a0977956cd6c84c18848873ccea01f8c) Importer(2089858483,b0f066a214c2f5e87bad3c948f4d605d)
Start importing Assets/Projects/GravityDash/kenney_new-platformer-pack-1.1/Vector/Tiles/brick_grey.svg using Guid(a0977956cd6c84c18848873ccea01f8c) Importer(2089858483,b0f066a214c2f5e87bad3c948f4d605d) (ScriptedImporter) -> (artifact id: '424e02983eb94a5ef8895c725f5aa90a') in 0.0165852 seconds
Number of updated asset objects reloaded before import = 0Number of asset objects unloaded after import = 1

========================================================================
Received Import Request.
  Time since last request: 0.000134 seconds.
  path: Assets/Projects/GravityDash/kenney_new-platformer-pack-1.1/Vector/Tiles/block_strong_exclamation.svg
  artifactKey: Guid(45c9c7c9bb1c14e30838794583d39113) Importer(2089858483,b0f066a214c2f5e87bad3c948f4d605d)
Start importing Assets/Projects/GravityDash/kenney_new-platformer-pack-1.1/Vector/Tiles/block_strong_exclamation.svg using Guid(45c9c7c9bb1c14e30838794583d39113) Importer(2089858483,b0f066a214c2f5e87bad3c948f4d605d) (ScriptedImporter) -> (artifact id: 'c02233825f7e33869bf01377bd08410e') in 0.0161208 seconds
Number of updated asset objects reloaded before import = 0Number of asset objects unloaded after import = 1

========================================================================
Received Import Request.
  Time since last request: 0.000077 seconds.
  path: Assets/Projects/GravityDash/kenney_new-platformer-pack-1.1/Vector/Tiles/key_red.svg
  artifactKey: Guid(33fdf610f442e42cc91906e835445549) Importer(2089858483,b0f066a214c2f5e87bad3c948f4d605d)
Start importing Assets/Projects/GravityDash/kenney_new-platformer-pack-1.1/Vector/Tiles/key_red.svg using Guid(33fdf610f442e42cc91906e835445549) Importer(2089858483,b0f066a214c2f5e87bad3c948f4d605d) (ScriptedImporter) -> (artifact id: '9ae025b095177e25290135fb9c9725ab') in 0.019531 seconds
Number of updated asset objects reloaded before import = 0Number of asset objects unloaded after import = 2

========================================================================
Received Import Request.
  Time since last request: 0.000034 seconds.
  path: Assets/Projects/GravityDash/kenney_new-platformer-pack-1.1/Vector/Tiles/spring_out.svg
  artifactKey: Guid(8af6d36bb0c5542238572ff87c05e56b) Importer(2089858483,b0f066a214c2f5e87bad3c948f4d605d)
Start importing Assets/Projects/GravityDash/kenney_new-platformer-pack-1.1/Vector/Tiles/spring_out.svg using Guid(8af6d36bb0c5542238572ff87c05e56b) Importer(2089858483,b0f066a214c2f5e87bad3c948f4d605d) (ScriptedImporter) -> (artifact id: 'b04d52568b49e4525d216d026b2f3975') in 0.0189108 seconds
Number of updated asset objects reloaded before import = 0Number of asset objects unloaded after import = 2

========================================================================
Received Import Request.
  Time since last request: 0.000024 seconds.
  path: Assets/Projects/GravityDash/kenney_new-platformer-pack-1.1/Vector/Tiles/terrain_grass_ramp_long_a.svg
  artifactKey: Guid(e480e1db75a7249eca06f1fe8c3eca9a) Importer(2089858483,b0f066a214c2f5e87bad3c948f4d605d)
Start importing Assets/Projects/GravityDash/kenney_new-platformer-pack-1.1/Vector/Tiles/terrain_grass_ramp_long_a.svg using Guid(e480e1db75a7249eca06f1fe8c3eca9a) Importer(2089858483,b0f066a214c2f5e87bad3c948f4d605d) (ScriptedImporter) -> (artifact id: 'd6de593af8a8b168f6fcaf8e089b2e64') in 0.020214 seconds
Number of updated asset objects reloaded before import = 0Number of asset objects unloaded after import = 1

========================================================================
Received Import Request.
  Time since last request: 0.000029 seconds.
  path: Assets/Projects/GravityDash/kenney_new-platformer-pack-1.1/Vector/Tiles/rock.svg
  artifactKey: Guid(abcc69b3edc3541ec8f48917dcffceb3) Importer(2089858483,b0f066a214c2f5e87bad3c948f4d605d)
Start importing Assets/Projects/GravityDash/kenney_new-platformer-pack-1.1/Vector/Tiles/rock.svg using Guid(abcc69b3edc3541ec8f48917dcffceb3) Importer(2089858483,b0f066a214c2f5e87bad3c948f4d605d) (ScriptedImporter) -> (artifact id: 'f8859338a1aca04f4ef28c7ce772155b') in 0.0151968 seconds
Number of updated asset objects reloaded before import = 0Number of asset objects unloaded after import = 1

========================================================================
Received Import Request.
  Time since last request: 0.000068 seconds.
  path: Assets/Projects/GravityDash/kenney_new-platformer-pack-1.1/Vector/Tiles/terrain_purple_cloud_background.svg
  artifactKey: Guid(3626e3b7d183f415495af8e9b868b657) Importer(2089858483,b0f066a214c2f5e87bad3c948f4d605d)
Start importing Assets/Projects/GravityDash/kenney_new-platformer-pack-1.1/Vector/Tiles/terrain_purple_cloud_background.svg using Guid(3626e3b7d183f415495af8e9b868b657) Importer(2089858483,b0f066a214c2f5e87bad3c948f4d605d) (ScriptedImporter) -> (artifact id: '391be5583e2095a948759bd5b31ca1f1') in 0.0179517 seconds
Number of updated asset objects reloaded before import = 0Number of asset objects unloaded after import = 1

========================================================================
Received Import Request.
  Time since last request: 0.000053 seconds.
  path: Assets/Projects/GravityDash/kenney_new-platformer-pack-1.1/Vector/Tiles/hud_character_7.svg
  artifactKey: Guid(0911d2cadec6f418f9e985ad1422a22f) Importer(2089858483,b0f066a214c2f5e87bad3c948f4d605d)
Start importing Assets/Projects/GravityDash/kenney_new-platformer-pack-1.1/Vector/Tiles/hud_character_7.svg using Guid(0911d2cadec6f418f9e985ad1422a22f) Importer(2089858483,b0f066a214c2f5e87bad3c948f4d605d) (ScriptedImporter) -> (artifact id: '74b0d8a4ace4d1a20d676e864c157dd3') in 0.0176152 seconds
Number of updated asset objects reloaded before import = 0Number of asset objects unloaded after import = 1

========================================================================
Received Import Request.
  Time since last request: 0.000073 seconds.
  path: Assets/Projects/GravityDash/kenney_new-platformer-pack-1.1/Vector/Tiles/terrain_purple_block_bottom.svg
  artifactKey: Guid(3cb58b6b76f22466b87b5caa838dda88) Importer(2089858483,b0f066a214c2f5e87bad3c948f4d605d)
Start importing Assets/Projects/GravityDash/kenney_new-platformer-pack-1.1/Vector/Tiles/terrain_purple_block_bottom.svg using Guid(3cb58b6b76f22466b87b5caa838dda88) Importer(2089858483,b0f066a214c2f5e87bad3c948f4d605d) (ScriptedImporter) -> (artifact id: '5f72366306b187e7f36b03c98aa3f52a') in 0.0173062 seconds
Number of updated asset objects reloaded before import = 0Number of asset objects unloaded after import = 1

========================================================================
Received Import Request.
  Time since last request: 0.000095 seconds.
  path: Assets/Projects/GravityDash/kenney_new-platformer-pack-1.1/Vector/Tiles/snow.svg
  artifactKey: Guid(9a0692362c3a94e88adbc3a03b01ce9a) Importer(2089858483,b0f066a214c2f5e87bad3c948f4d605d)
Start importing Assets/Projects/GravityDash/kenney_new-platformer-pack-1.1/Vector/Tiles/snow.svg using Guid(9a0692362c3a94e88adbc3a03b01ce9a) Importer(2089858483,b0f066a214c2f5e87bad3c948f4d605d) (ScriptedImporter) -> (artifact id: 'f7faca07fb285e49d40f37d50a522ba2') in 0.0196857 seconds
Number of updated asset objects reloaded before import = 0Number of asset objects unloaded after import = 1

========================================================================
Received Import Request.
  Time since last request: 0.000120 seconds.
  path: Assets/Projects/GravityDash/kenney_new-platformer-pack-1.1/Vector/Tiles/terrain_purple_horizontal_right.svg
  artifactKey: Guid(bb4a812b6dd1d466c9ce750e55a6837c) Importer(2089858483,b0f066a214c2f5e87bad3c948f4d605d)
Start importing Assets/Projects/GravityDash/kenney_new-platformer-pack-1.1/Vector/Tiles/terrain_purple_horizontal_right.svg using Guid(bb4a812b6dd1d466c9ce750e55a6837c) Importer(2089858483,b0f066a214c2f5e87bad3c948f4d605d) (ScriptedImporter) -> (artifact id: '78d4f15c4b90926287b28306ef390180') in 0.0198917 seconds
Number of updated asset objects reloaded before import = 0Number of asset objects unloaded after import = 1

========================================================================
Received Import Request.
  Time since last request: 0.000153 seconds.
  path: Assets/Projects/GravityDash/kenney_new-platformer-pack-1.1/Vector/Tiles/door_open.svg
  artifactKey: Guid(54796e508ab4a40edb81265e8b182b09) Importer(2089858483,b0f066a214c2f5e87bad3c948f4d605d)
Start importing Assets/Projects/GravityDash/kenney_new-platformer-pack-1.1/Vector/Tiles/door_open.svg using Guid(54796e508ab4a40edb81265e8b182b09) Importer(2089858483,b0f066a214c2f5e87bad3c948f4d605d) (ScriptedImporter) -> (artifact id: '34c6f5d1acaafc8cbc6ad156c58d8c32') in 0.0168158 seconds
Number of updated asset objects reloaded before import = 0Number of asset objects unloaded after import = 1

========================================================================
Received Import Request.
  Time since last request: 0.000062 seconds.
  path: Assets/Projects/GravityDash/kenney_new-platformer-pack-1.1/Vector/Tiles/terrain_purple_ramp_long_c.svg
  artifactKey: Guid(0461036ac73934b578eaa50a33d6c6d1) Importer(2089858483,b0f066a214c2f5e87bad3c948f4d605d)
Start importing Assets/Projects/GravityDash/kenney_new-platformer-pack-1.1/Vector/Tiles/terrain_purple_ramp_long_c.svg using Guid(0461036ac73934b578eaa50a33d6c6d1) Importer(2089858483,b0f066a214c2f5e87bad3c948f4d605d) (ScriptedImporter) -> (artifact id: '0d9c18918601d83b971afd7196fde66a') in 0.0222052 seconds
Number of updated asset objects reloaded before import = 0Number of asset objects unloaded after import = 1

========================================================================
Received Import Request.
  Time since last request: 0.000101 seconds.
  path: Assets/Projects/GravityDash/kenney_new-platformer-pack-1.1/Vector/Tiles/block_red.svg
  artifactKey: Guid(6d18a2d3fecec4b2da208664da533470) Importer(2089858483,b0f066a214c2f5e87bad3c948f4d605d)
Start importing Assets/Projects/GravityDash/kenney_new-platformer-pack-1.1/Vector/Tiles/block_red.svg using Guid(6d18a2d3fecec4b2da208664da533470) Importer(2089858483,b0f066a214c2f5e87bad3c948f4d605d) (ScriptedImporter) -> (artifact id: '5c33abdd9a3bc74f3e71050bfc9c89eb') in 0.0164591 seconds
Number of updated asset objects reloaded before import = 0Number of asset objects unloaded after import = 1

========================================================================
Received Import Request.
  Time since last request: 0.000028 seconds.
  path: Assets/Projects/GravityDash/kenney_new-platformer-pack-1.1/Vector/Tiles/hud_character_0.svg
  artifactKey: Guid(5ddd81a1230af4b4394288c37ee0a002) Importer(2089858483,b0f066a214c2f5e87bad3c948f4d605d)
Start importing Assets/Projects/GravityDash/kenney_new-platformer-pack-1.1/Vector/Tiles/hud_character_0.svg using Guid(5ddd81a1230af4b4394288c37ee0a002) Importer(2089858483,b0f066a214c2f5e87bad3c948f4d605d) (ScriptedImporter) -> (artifact id: 'fe90bb9abd9444841dd246f8740a00d5') in 0.0182399 seconds
Number of updated asset objects reloaded before import = 0Number of asset objects unloaded after import = 1

========================================================================
Received Import Request.
  Time since last request: 0.000063 seconds.
  path: Assets/Projects/GravityDash/kenney_new-platformer-pack-1.1/Vector/Tiles/terrain_grass_block_top_left.svg
  artifactKey: Guid(0545e3169d12a4edfbbe66dc4ea712de) Importer(2089858483,b0f066a214c2f5e87bad3c948f4d605d)
Start importing Assets/Projects/GravityDash/kenney_new-platformer-pack-1.1/Vector/Tiles/terrain_grass_block_top_left.svg using Guid(0545e3169d12a4edfbbe66dc4ea712de) Importer(2089858483,b0f066a214c2f5e87bad3c948f4d605d) (ScriptedImporter) -> (artifact id: 'd6ef1fda6481cbebe0b4899dae30192c') in 0.0184205 seconds
Number of updated asset objects reloaded before import = 0Number of asset objects unloaded after import = 1

========================================================================
Received Import Request.
  Time since last request: 0.000101 seconds.
  path: Assets/Projects/GravityDash/kenney_new-platformer-pack-1.1/Vector/Tiles/terrain_purple_cloud_left.svg
  artifactKey: Guid(eba8e9bccec6d4e5fbc415c11efa5558) Importer(2089858483,b0f066a214c2f5e87bad3c948f4d605d)
Start importing Assets/Projects/GravityDash/kenney_new-platformer-pack-1.1/Vector/Tiles/terrain_purple_cloud_left.svg using Guid(eba8e9bccec6d4e5fbc415c11efa5558) Importer(2089858483,b0f066a214c2f5e87bad3c948f4d605d) (ScriptedImporter) -> (artifact id: 'c6647936b860cb739af9790c9b927361') in 0.0188947 seconds
Number of updated asset objects reloaded before import = 0Number of asset objects unloaded after import = 1

========================================================================
Received Import Request.
  Time since last request: 0.000096 seconds.
  path: Assets/Projects/GravityDash/kenney_new-platformer-pack-1.1/Vector/Tiles/terrain_grass_horizontal_overhang_left.svg
  artifactKey: Guid(d33988b4f8db9449ca08fc4f0e44d169) Importer(2089858483,b0f066a214c2f5e87bad3c948f4d605d)
Start importing Assets/Projects/GravityDash/kenney_new-platformer-pack-1.1/Vector/Tiles/terrain_grass_horizontal_overhang_left.svg using Guid(d33988b4f8db9449ca08fc4f0e44d169) Importer(2089858483,b0f066a214c2f5e87bad3c948f4d605d) (ScriptedImporter) -> (artifact id: '90a86ec36188c08ee152d0bb8b1c15a8') in 0.0186527 seconds
Number of updated asset objects reloaded before import = 0Number of asset objects unloaded after import = 1

========================================================================
Received Import Request.
  Time since last request: 0.000098 seconds.
  path: Assets/Projects/GravityDash/kenney_new-platformer-pack-1.1/Vector/Tiles/terrain_purple_ramp_long_a.svg
  artifactKey: Guid(02f0539636edd41ac869039254c05aa3) Importer(2089858483,b0f066a214c2f5e87bad3c948f4d605d)
Start importing Assets/Projects/GravityDash/kenney_new-platformer-pack-1.1/Vector/Tiles/terrain_purple_ramp_long_a.svg using Guid(02f0539636edd41ac869039254c05aa3) Importer(2089858483,b0f066a214c2f5e87bad3c948f4d605d) (ScriptedImporter) -> (artifact id: '1de0b9065c1303078d67442ed568a20e') in 0.0174918 seconds
Number of updated asset objects reloaded before import = 0Number of asset objects unloaded after import = 1

========================================================================
Received Import Request.
  Time since last request: 0.000111 seconds.
  path: Assets/Projects/GravityDash/kenney_new-platformer-pack-1.1/Vector/Tiles/coin_silver.svg
  artifactKey: Guid(fb4e636504b4b4c26a85eaecb49fd7a3) Importer(2089858483,b0f066a214c2f5e87bad3c948f4d605d)
Start importing Assets/Projects/GravityDash/kenney_new-platformer-pack-1.1/Vector/Tiles/coin_silver.svg using Guid(fb4e636504b4b4c26a85eaecb49fd7a3) Importer(2089858483,b0f066a214c2f5e87bad3c948f4d605d) (ScriptedImporter) -> (artifact id: '578ea5128c68ccae2b8c0a00d6112da4') in 0.0175596 seconds
Number of updated asset objects reloaded before import = 0Number of asset objects unloaded after import = 2

========================================================================
Received Import Request.
  Time since last request: 0.000024 seconds.
  path: Assets/Projects/GravityDash/kenney_new-platformer-pack-1.1/Vector/Tiles/switch_yellow_pressed.svg
  artifactKey: Guid(d19a44f393e8f4876b74c1fb87b57140) Importer(2089858483,b0f066a214c2f5e87bad3c948f4d605d)
Start importing Assets/Projects/GravityDash/kenney_new-platformer-pack-1.1/Vector/Tiles/switch_yellow_pressed.svg using Guid(d19a44f393e8f4876b74c1fb87b57140) Importer(2089858483,b0f066a214c2f5e87bad3c948f4d605d) (ScriptedImporter) -> (artifact id: '76afac87bf39cd0799536f9e59a3f972') in 0.0187756 seconds
Number of updated asset objects reloaded before import = 0Number of asset objects unloaded after import = 1

========================================================================
Received Import Request.
  Time since last request: 0.000133 seconds.
  path: Assets/Projects/GravityDash/kenney_new-platformer-pack-1.1/Vector/Tiles/bomb.svg
  artifactKey: Guid(e280987f9feb54aa8aa828e40c70eb0e) Importer(2089858483,b0f066a214c2f5e87bad3c948f4d605d)
Start importing Assets/Projects/GravityDash/kenney_new-platformer-pack-1.1/Vector/Tiles/bomb.svg using Guid(e280987f9feb54aa8aa828e40c70eb0e) Importer(2089858483,b0f066a214c2f5e87bad3c948f4d605d) (ScriptedImporter) -> (artifact id: '2ebaa210c111d1ed1a6c7183aa7cf195') in 0.0210086 seconds
Number of updated asset objects reloaded before import = 0Number of asset objects unloaded after import = 2

========================================================================
Received Import Request.
  Time since last request: 0.000035 seconds.
  path: Assets/Projects/GravityDash/kenney_new-platformer-pack-1.1/Vector/Tiles/door_closed.svg
  artifactKey: Guid(74a5608eb30574448a2347f74aefc64a) Importer(2089858483,b0f066a214c2f5e87bad3c948f4d605d)
Start importing Assets/Projects/GravityDash/kenney_new-platformer-pack-1.1/Vector/Tiles/door_closed.svg using Guid(74a5608eb30574448a2347f74aefc64a) Importer(2089858483,b0f066a214c2f5e87bad3c948f4d605d) (ScriptedImporter) -> (artifact id: 'ad491a1a4953563605e0a3c8c94983d5') in 0.0222439 seconds
Number of updated asset objects reloaded before import = 0Number of asset objects unloaded after import = 1

========================================================================
Received Import Request.
  Time since last request: 0.000137 seconds.
  path: Assets/Projects/GravityDash/kenney_new-platformer-pack-1.1/Vector/Tiles/key_green.svg
  artifactKey: Guid(0eb8a9079c37046b0ae1b60be869bc0a) Importer(2089858483,b0f066a214c2f5e87bad3c948f4d605d)
Start importing Assets/Projects/GravityDash/kenney_new-platformer-pack-1.1/Vector/Tiles/key_green.svg using Guid(0eb8a9079c37046b0ae1b60be869bc0a) Importer(2089858483,b0f066a214c2f5e87bad3c948f4d605d) (ScriptedImporter) -> (artifact id: '1839b90ca7dc2b28db91cb9267fcd0d3') in 0.0205235 seconds
Number of updated asset objects reloaded before import = 0Number of asset objects unloaded after import = 2

========================================================================
Received Import Request.
  Time since last request: 0.000029 seconds.
  path: Assets/Projects/GravityDash/kenney_new-platformer-pack-1.1/Vector/Tiles/terrain_purple_horizontal_overhang_right.svg
  artifactKey: Guid(66948c7054878474286ecac4bb7c55f2) Importer(2089858483,b0f066a214c2f5e87bad3c948f4d605d)
Start importing Assets/Projects/GravityDash/kenney_new-platformer-pack-1.1/Vector/Tiles/terrain_purple_horizontal_overhang_right.svg using Guid(66948c7054878474286ecac4bb7c55f2) Importer(2089858483,b0f066a214c2f5e87bad3c948f4d605d) (ScriptedImporter) -> (artifact id: '88d97ee37ee11b33f4977294e582872a') in 0.0197773 seconds
Number of updated asset objects reloaded before import = 0Number of asset objects unloaded after import = 1

========================================================================
Received Import Request.
  Time since last request: 0.000100 seconds.
  path: Assets/Projects/GravityDash/kenney_new-platformer-pack-1.1/Vector/Tiles/hud_player_yellow.svg
  artifactKey: Guid(5dad8cb7f3f7e4efebdb4332f1db46bc) Importer(2089858483,b0f066a214c2f5e87bad3c948f4d605d)
Start importing Assets/Projects/GravityDash/kenney_new-platformer-pack-1.1/Vector/Tiles/hud_player_yellow.svg using Guid(5dad8cb7f3f7e4efebdb4332f1db46bc) Importer(2089858483,b0f066a214c2f5e87bad3c948f4d605d) (ScriptedImporter) -> (artifact id: 'dc059bb7620fd00cbf044d6fe7251698') in 0.0230472 seconds
Number of updated asset objects reloaded before import = 0Number of asset objects unloaded after import = 1

========================================================================
Received Import Request.
  Time since last request: 0.000255 seconds.
  path: Assets/Projects/GravityDash/kenney_new-platformer-pack-1.1/Vector/Tiles/terrain_dirt_block_top.svg
  artifactKey: Guid(9f540ac388a954094b2b18d933cdc4cc) Importer(2089858483,b0f066a214c2f5e87bad3c948f4d605d)
Start importing Assets/Projects/GravityDash/kenney_new-platformer-pack-1.1/Vector/Tiles/terrain_dirt_block_top.svg using Guid(9f540ac388a954094b2b18d933cdc4cc) Importer(2089858483,b0f066a214c2f5e87bad3c948f4d605d) (ScriptedImporter) -> (artifact id: 'a98ff6cfde6ab6d0b66e8abcaf7cbc87') in 0.019184 seconds
Number of updated asset objects reloaded before import = 0Number of asset objects unloaded after import = 1

========================================================================
Received Import Request.
  Time since last request: 0.000125 seconds.
  path: Assets/Projects/GravityDash/kenney_new-platformer-pack-1.1/Vector/Tiles/terrain_grass_block_center.svg
  artifactKey: Guid(e0a12fbc3dc934a8dbbbb515ce50a19b) Importer(2089858483,b0f066a214c2f5e87bad3c948f4d605d)
Start importing Assets/Projects/GravityDash/kenney_new-platformer-pack-1.1/Vector/Tiles/terrain_grass_block_center.svg using Guid(e0a12fbc3dc934a8dbbbb515ce50a19b) Importer(2089858483,b0f066a214c2f5e87bad3c948f4d605d) (ScriptedImporter) -> (artifact id: 'fa575dca5542491cadceb374e06ad72b') in 0.017683 seconds
Number of updated asset objects reloaded before import = 0Number of asset objects unloaded after import = 1

========================================================================
Received Import Request.
  Time since last request: 1.764313 seconds.
  path: Assets/Projects/GravityDash/kenney_new-platformer-pack-1.1/Vector/Tiles/terrain_sand_block_bottom_left.svg
  artifactKey: Guid(93ca97dee841a4331ada35ca786c2d0f) Importer(2089858483,b0f066a214c2f5e87bad3c948f4d605d)
Start importing Assets/Projects/GravityDash/kenney_new-platformer-pack-1.1/Vector/Tiles/terrain_sand_block_bottom_left.svg using Guid(93ca97dee841a4331ada35ca786c2d0f) Importer(2089858483,b0f066a214c2f5e87bad3c948f4d605d) (ScriptedImporter) -> (artifact id: '8128e31f9071ea359a5c8d0043b1c124') in 0.0336334 seconds
Number of updated asset objects reloaded before import = 0Number of asset objects unloaded after import = 1

========================================================================
Received Import Request.
  Time since last request: 0.000068 seconds.
  path: Assets/Projects/GravityDash/kenney_ui-pack/Vector/Blue/slide_vertical_color_section_wide.svg
  artifactKey: Guid(a2c55fe65ba5f41a2904034e1ca7ebdc) Importer(2089858483,b0f066a214c2f5e87bad3c948f4d605d)
Start importing Assets/Projects/GravityDash/kenney_ui-pack/Vector/Blue/slide_vertical_color_section_wide.svg using Guid(a2c55fe65ba5f41a2904034e1ca7ebdc) Importer(2089858483,b0f066a214c2f5e87bad3c948f4d605d) (ScriptedImporter) -> (artifact id: '002d32beec96edd14e8346970e1c9394') in 0.0329847 seconds
Number of updated asset objects reloaded before import = 0Number of asset objects unloaded after import = 1

========================================================================
Received Import Request.
  Time since last request: 0.000167 seconds.
  path: Assets/Projects/GravityDash/kenney_ui-pack/Vector/Green/icon_outline_circle.svg
  artifactKey: Guid(4e2e5dd6bea344dbc9d825763382d1e6) Importer(2089858483,b0f066a214c2f5e87bad3c948f4d605d)
Start importing Assets/Projects/GravityDash/kenney_ui-pack/Vector/Green/icon_outline_circle.svg using Guid(4e2e5dd6bea344dbc9d825763382d1e6) Importer(2089858483,b0f066a214c2f5e87bad3c948f4d605d) (ScriptedImporter) -> (artifact id: '4a6befa384aa2f7c26d73d3ed9029072') in 0.0387184 seconds
Number of updated asset objects reloaded before import = 0Number of asset objects unloaded after import = 1

========================================================================
Received Import Request.
  Time since last request: 0.000124 seconds.
  path: Assets/Projects/GravityDash/kenney_ui-pack/Vector/Green/slide_horizontal_color_section.svg
  artifactKey: Guid(4f36bd343bf404d5686bfd440ca95053) Importer(2089858483,b0f066a214c2f5e87bad3c948f4d605d)
Start importing Assets/Projects/GravityDash/kenney_ui-pack/Vector/Green/slide_horizontal_color_section.svg using Guid(4f36bd343bf404d5686bfd440ca95053) Importer(2089858483,b0f066a214c2f5e87bad3c948f4d605d) (ScriptedImporter) -> (artifact id: '5ec83176cbc28bace0063659e47ba053') in 0.0357696 seconds
Number of updated asset objects reloaded before import = 0Number of asset objects unloaded after import = 1

========================================================================
Received Import Request.
  Time since last request: 0.000184 seconds.
  path: Assets/Projects/GravityDash/kenney_ui-pack/Vector/Grey/button_square_gloss.svg
  artifactKey: Guid(931d7d05bf3364ad186506b39f1a1ee7) Importer(2089858483,b0f066a214c2f5e87bad3c948f4d605d)
Start importing Assets/Projects/GravityDash/kenney_ui-pack/Vector/Grey/button_square_gloss.svg using Guid(931d7d05bf3364ad186506b39f1a1ee7) Importer(2089858483,b0f066a214c2f5e87bad3c948f4d605d) (ScriptedImporter) -> (artifact id: 'b98a161693f12dbb6e194372599199d3') in 0.0355369 seconds
Number of updated asset objects reloaded before import = 0Number of asset objects unloaded after import = 1

========================================================================
Received Import Request.
  Time since last request: 0.000068 seconds.
  path: Assets/Projects/GravityDash/kenney_ui-pack/Vector/Blue/button_rectangle_flat.svg
  artifactKey: Guid(aa8d2063316d5452cb6c10c0cb5d0045) Importer(2089858483,b0f066a214c2f5e87bad3c948f4d605d)
Start importing Assets/Projects/GravityDash/kenney_ui-pack/Vector/Blue/button_rectangle_flat.svg using Guid(aa8d2063316d5452cb6c10c0cb5d0045) Importer(2089858483,b0f066a214c2f5e87bad3c948f4d605d) (ScriptedImporter) -> (artifact id: '9d01e5a13643c997737e0c1fcbe271e3') in 0.0351199 seconds
Number of updated asset objects reloaded before import = 0Number of asset objects unloaded after import = 1

========================================================================
Received Import Request.
  Time since last request: 0.000218 seconds.
  path: Assets/Projects/GravityDash/kenney_ui-pack/Vector/Green/arrow_basic_n_small.svg
  artifactKey: Guid(031668ea2824b46f0ab8446d666ba5c6) Importer(2089858483,b0f066a214c2f5e87bad3c948f4d605d)
Start importing Assets/Projects/GravityDash/kenney_ui-pack/Vector/Green/arrow_basic_n_small.svg using Guid(031668ea2824b46f0ab8446d666ba5c6) Importer(2089858483,b0f066a214c2f5e87bad3c948f4d605d) (ScriptedImporter) -> (artifact id: '63df660ac261eb127b29ec4de2d9ad92') in 0.0330676 seconds
Number of updated asset objects reloaded before import = 0Number of asset objects unloaded after import = 1

========================================================================
Received Import Request.
  Time since last request: 0.000154 seconds.
  path: Assets/Projects/GravityDash/kenney_new-platformer-pack-1.1/Vector/Tiles/terrain_snow_ramp_long_c.svg
  artifactKey: Guid(e6ce8be684a47442da67bcc750876c62) Importer(2089858483,b0f066a214c2f5e87bad3c948f4d605d)
Start importing Assets/Projects/GravityDash/kenney_new-platformer-pack-1.1/Vector/Tiles/terrain_snow_ramp_long_c.svg using Guid(e6ce8be684a47442da67bcc750876c62) Importer(2089858483,b0f066a214c2f5e87bad3c948f4d605d) (ScriptedImporter) -> (artifact id: '8615c9c8af59e780eda1f3e2ccc4c404') in 0.0306734 seconds
Number of updated asset objects reloaded before import = 0Number of asset objects unloaded after import = 1

========================================================================
Received Import Request.
  Time since last request: 0.000090 seconds.
  path: Assets/Projects/GravityDash/kenney_ui-pack/Vector/Green/check_square_grey.svg
  artifactKey: Guid(b617cdb4c107147c7a3855a8a7744aa4) Importer(2089858483,b0f066a214c2f5e87bad3c948f4d605d)
Start importing Assets/Projects/GravityDash/kenney_ui-pack/Vector/Green/check_square_grey.svg using Guid(b617cdb4c107147c7a3855a8a7744aa4) Importer(2089858483,b0f066a214c2f5e87bad3c948f4d605d) (ScriptedImporter) -> (artifact id: '4c389c1491836f76440931e64decd09e') in 0.0271339 seconds
Number of updated asset objects reloaded before import = 0Number of asset objects unloaded after import = 1

========================================================================
Received Import Request.
  Time since last request: 0.000089 seconds.
  path: Assets/Projects/GravityDash/kenney_ui-pack/Vector/Green/icon_outline_cross.svg
  artifactKey: Guid(655f1f59e8ad3494b947394f8a8fd664) Importer(2089858483,b0f066a214c2f5e87bad3c948f4d605d)
Start importing Assets/Projects/GravityDash/kenney_ui-pack/Vector/Green/icon_outline_cross.svg using Guid(655f1f59e8ad3494b947394f8a8fd664) Importer(2089858483,b0f066a214c2f5e87bad3c948f4d605d) (ScriptedImporter) -> (artifact id: '3b6da3ec80fc131017e49ca6e454a507') in 0.0306304 seconds
Number of updated asset objects reloaded before import = 0Number of asset objects unloaded after import = 1

========================================================================
Received Import Request.
  Time since last request: 0.000147 seconds.
  path: Assets/Projects/GravityDash/kenney_ui-pack/Vector/Grey/button_square_gradient.svg
  artifactKey: Guid(e6c92d8c7b3b14fbf96a553e3b603869) Importer(2089858483,b0f066a214c2f5e87bad3c948f4d605d)
Start importing Assets/Projects/GravityDash/kenney_ui-pack/Vector/Grey/button_square_gradient.svg using Guid(e6c92d8c7b3b14fbf96a553e3b603869) Importer(2089858483,b0f066a214c2f5e87bad3c948f4d605d) (ScriptedImporter) -> (artifact id: '1c1d4bfb3b0381001a1077386379069d') in 0.0337051 seconds
Number of updated asset objects reloaded before import = 0Number of asset objects unloaded after import = 2

========================================================================
Received Import Request.
  Time since last request: 0.000036 seconds.
  path: Assets/Projects/GravityDash/kenney_ui-pack/Vector/Extra/button_round_line.svg
  artifactKey: Guid(4876caf44cae845699253c6d9efefe86) Importer(2089858483,b0f066a214c2f5e87bad3c948f4d605d)
Start importing Assets/Projects/GravityDash/kenney_ui-pack/Vector/Extra/button_round_line.svg using Guid(4876caf44cae845699253c6d9efefe86) Importer(2089858483,b0f066a214c2f5e87bad3c948f4d605d) (ScriptedImporter) -> (artifact id: '166ca49f70fb33a8d2835ab28aaa21df') in 0.0296972 seconds
Number of updated asset objects reloaded before import = 0Number of asset objects unloaded after import = 1

========================================================================
Received Import Request.
  Time since last request: 0.000191 seconds.
  path: Assets/Projects/GravityDash/kenney_ui-pack/Vector/Blue/button_round_flat.svg
  artifactKey: Guid(6fc1f90051bc04bc8ba17ea455ae7f77) Importer(2089858483,b0f066a214c2f5e87bad3c948f4d605d)
Start importing Assets/Projects/GravityDash/kenney_ui-pack/Vector/Blue/button_round_flat.svg using Guid(6fc1f90051bc04bc8ba17ea455ae7f77) Importer(2089858483,b0f066a214c2f5e87bad3c948f4d605d) (ScriptedImporter) -> (artifact id: '7389ad3bd9e877c8b76a53eb90e87ed0') in 0.0280332 seconds
Number of updated asset objects reloaded before import = 0Number of asset objects unloaded after import = 1

========================================================================
Received Import Request.
  Time since last request: 0.000107 seconds.
  path: Assets/Projects/GravityDash/kenney_ui-pack/Vector/Green/check_square_grey_square.svg
  artifactKey: Guid(cab9dae0d0ea642f39174196c3e1d6f3) Importer(2089858483,b0f066a214c2f5e87bad3c948f4d605d)
Start importing Assets/Projects/GravityDash/kenney_ui-pack/Vector/Green/check_square_grey_square.svg using Guid(cab9dae0d0ea642f39174196c3e1d6f3) Importer(2089858483,b0f066a214c2f5e87bad3c948f4d605d) (ScriptedImporter) -> (artifact id: '6b8fb99e4b75dd74f1450a172bb341a3') in 0.0297622 seconds
Number of updated asset objects reloaded before import = 0Number of asset objects unloaded after import = 1

========================================================================
Received Import Request.
  Time since last request: 0.000119 seconds.
  path: Assets/Projects/GravityDash/kenney_ui-pack/Vector/Blue/arrow_decorative_s.svg
  artifactKey: Guid(43bf80fbde89f4b51b619a1e22678f42) Importer(2089858483,b0f066a214c2f5e87bad3c948f4d605d)
Start importing Assets/Projects/GravityDash/kenney_ui-pack/Vector/Blue/arrow_decorative_s.svg using Guid(43bf80fbde89f4b51b619a1e22678f42) Importer(2089858483,b0f066a214c2f5e87bad3c948f4d605d) (ScriptedImporter) -> (artifact id: '0b1b13a9ea6858b4ca91f10424d68812') in 0.0286251 seconds
Number of updated asset objects reloaded before import = 0Number of asset objects unloaded after import = 1

========================================================================
Received Import Request.
  Time since last request: 0.000132 seconds.
  path: Assets/Projects/GravityDash/kenney_ui-pack/Vector/Green/star_outline_depth.svg
  artifactKey: Guid(e52163aec951e48fb8d93273105a02d1) Importer(2089858483,b0f066a214c2f5e87bad3c948f4d605d)
Start importing Assets/Projects/GravityDash/kenney_ui-pack/Vector/Green/star_outline_depth.svg using Guid(e52163aec951e48fb8d93273105a02d1) Importer(2089858483,b0f066a214c2f5e87bad3c948f4d605d) (ScriptedImporter) -> (artifact id: '676309c3a6429ba09cae3235a37c2684') in 0.0289809 seconds
Number of updated asset objects reloaded before import = 0Number of asset objects unloaded after import = 2

========================================================================
Received Import Request.
  Time since last request: 0.000035 seconds.
  path: Assets/Projects/GravityDash/kenney_ui-pack/Vector/Grey/button_round_depth_border.svg
  artifactKey: Guid(79c25ef471a7b4bc3beaba7523ba45e3) Importer(2089858483,b0f066a214c2f5e87bad3c948f4d605d)
Start importing Assets/Projects/GravityDash/kenney_ui-pack/Vector/Grey/button_round_depth_border.svg using Guid(79c25ef471a7b4bc3beaba7523ba45e3) Importer(2089858483,b0f066a214c2f5e87bad3c948f4d605d) (ScriptedImporter) -> (artifact id: '0217b0f18743c7bc4df759223fdb0e38') in 0.0322974 seconds
Number of updated asset objects reloaded before import = 0Number of asset objects unloaded after import = 1

========================================================================
Received Import Request.
  Time since last request: 0.000130 seconds.
  path: Assets/Projects/GravityDash/kenney_ui-pack/Vector/Blue/icon_outline_circle.svg
  artifactKey: Guid(96ebb0076112249238c342f537aafd49) Importer(2089858483,b0f066a214c2f5e87bad3c948f4d605d)
Start importing Assets/Projects/GravityDash/kenney_ui-pack/Vector/Blue/icon_outline_circle.svg using Guid(96ebb0076112249238c342f537aafd49) Importer(2089858483,b0f066a214c2f5e87bad3c948f4d605d) (ScriptedImporter) -> (artifact id: '967ec62898aec2d0da4054d5fa7314ad') in 0.0333851 seconds
Number of updated asset objects reloaded before import = 0Number of asset objects unloaded after import = 1

========================================================================
Received Import Request.
  Time since last request: 0.000140 seconds.
  path: Assets/Projects/GravityDash/kenney_new-platformer-pack-1.1/Vector/Tiles/terrain_snow_ramp_short_a.svg
  artifactKey: Guid(f1a308de0c34048a2ab4c413dfc2d5b4) Importer(2089858483,b0f066a214c2f5e87bad3c948f4d605d)
Start importing Assets/Projects/GravityDash/kenney_new-platformer-pack-1.1/Vector/Tiles/terrain_snow_ramp_short_a.svg using Guid(f1a308de0c34048a2ab4c413dfc2d5b4) Importer(2089858483,b0f066a214c2f5e87bad3c948f4d605d) (ScriptedImporter) -> (artifact id: '21cc7a3cce11f586a954aca69845af4b') in 0.0258108 seconds
Number of updated asset objects reloaded before import = 0Number of asset objects unloaded after import = 1

========================================================================
Received Import Request.
  Time since last request: 0.000180 seconds.
  path: Assets/Projects/GravityDash/kenney_new-platformer-pack-1.1/Vector/Tiles/terrain_snow_block_top.svg
  artifactKey: Guid(8d0c9fdee1f754cceabf3a56973d5dc0) Importer(2089858483,b0f066a214c2f5e87bad3c948f4d605d)
Start importing Assets/Projects/GravityDash/kenney_new-platformer-pack-1.1/Vector/Tiles/terrain_snow_block_top.svg using Guid(8d0c9fdee1f754cceabf3a56973d5dc0) Importer(2089858483,b0f066a214c2f5e87bad3c948f4d605d) (ScriptedImporter) -> (artifact id: '35c56423f2e6693291a613bfc7f5c740') in 0.0293525 seconds
Number of updated asset objects reloaded before import = 0Number of asset objects unloaded after import = 1

========================================================================
Received Import Request.
  Time since last request: 0.000116 seconds.
  path: Assets/Projects/GravityDash/kenney_new-platformer-pack-1.1/Vector/Tiles/terrain_stone_block_center.svg
  artifactKey: Guid(85168b09db06447aaaab268ba0c0e60d) Importer(2089858483,b0f066a214c2f5e87bad3c948f4d605d)
Start importing Assets/Projects/GravityDash/kenney_new-platformer-pack-1.1/Vector/Tiles/terrain_stone_block_center.svg using Guid(85168b09db06447aaaab268ba0c0e60d) Importer(2089858483,b0f066a214c2f5e87bad3c948f4d605d) (ScriptedImporter) -> (artifact id: 'f0873eb6a284788b71b0be3a1b3356bc') in 0.028121 seconds
Number of updated asset objects reloaded before import = 0Number of asset objects unloaded after import = 1

========================================================================
Received Import Request.
  Time since last request: 0.000106 seconds.
  path: Assets/Projects/GravityDash/kenney_ui-pack/Vector/Extra/button_rectangle_line.svg
  artifactKey: Guid(527e96bd4d71347898a300d0724d28fb) Importer(2089858483,b0f066a214c2f5e87bad3c948f4d605d)
Start importing Assets/Projects/GravityDash/kenney_ui-pack/Vector/Extra/button_rectangle_line.svg using Guid(527e96bd4d71347898a300d0724d28fb) Importer(2089858483,b0f066a214c2f5e87bad3c948f4d605d) (ScriptedImporter) -> (artifact id: 'b35c69dbbbe9ca0c92f16f1d8bac83b9') in 0.0285699 seconds
Number of updated asset objects reloaded before import = 0Number of asset objects unloaded after import = 1

========================================================================
Received Import Request.
  Time since last request: 0.000246 seconds.
  path: Assets/Projects/GravityDash/kenney_ui-pack/Vector/Extra/icon_repeat_dark.svg
  artifactKey: Guid(84fe1796766a143dcbc40ac25cdbbde5) Importer(2089858483,b0f066a214c2f5e87bad3c948f4d605d)
Start importing Assets/Projects/GravityDash/kenney_ui-pack/Vector/Extra/icon_repeat_dark.svg using Guid(84fe1796766a143dcbc40ac25cdbbde5) Importer(2089858483,b0f066a214c2f5e87bad3c948f4d605d) (ScriptedImporter) -> (artifact id: '982779b3e65d417fc4e4363d6e03c335') in 0.0286178 seconds
Number of updated asset objects reloaded before import = 0Number of asset objects unloaded after import = 1

========================================================================
Received Import Request.
  Time since last request: 0.000139 seconds.
  path: Assets/Projects/GravityDash/kenney_ui-pack/Vector/Green/check_square_color.svg
  artifactKey: Guid(1f5d13507133b4455aadfe002645f3c8) Importer(2089858483,b0f066a214c2f5e87bad3c948f4d605d)
Start importing Assets/Projects/GravityDash/kenney_ui-pack/Vector/Green/check_square_color.svg using Guid(1f5d13507133b4455aadfe002645f3c8) Importer(2089858483,b0f066a214c2f5e87bad3c948f4d605d) (ScriptedImporter) -> (artifact id: '2dd4d9060d9a85dbc39b0c505e1aa3be') in 0.0294004 seconds
Number of updated asset objects reloaded before import = 0Number of asset objects unloaded after import = 1

========================================================================
Received Import Request.
  Time since last request: 0.000074 seconds.
  path: Assets/Projects/GravityDash/kenney_ui-pack/Vector/Extra/input_rectangle.svg
  artifactKey: Guid(621f8398daa6f4647bff14869e338c31) Importer(2089858483,b0f066a214c2f5e87bad3c948f4d605d)
Start importing Assets/Projects/GravityDash/kenney_ui-pack/Vector/Extra/input_rectangle.svg using Guid(621f8398daa6f4647bff14869e338c31) Importer(2089858483,b0f066a214c2f5e87bad3c948f4d605d) (ScriptedImporter) -> (artifact id: '7411d227b7fd64a883216072968db27f') in 0.0292723 seconds
Number of updated asset objects reloaded before import = 0Number of asset objects unloaded after import = 1

========================================================================
Received Import Request.
  Time since last request: 0.000109 seconds.
  path: Assets/Projects/GravityDash/kenney_ui-pack/Vector/Extra/icon_repeat_light.svg
  artifactKey: Guid(82e0c0733cdc645c5b5c99ad75fb5940) Importer(2089858483,b0f066a214c2f5e87bad3c948f4d605d)
Start importing Assets/Projects/GravityDash/kenney_ui-pack/Vector/Extra/icon_repeat_light.svg using Guid(82e0c0733cdc645c5b5c99ad75fb5940) Importer(2089858483,b0f066a214c2f5e87bad3c948f4d605d) (ScriptedImporter) -> (artifact id: 'b57d039057d6a444a16ee30c962a4bb2') in 0.0256616 seconds
Number of updated asset objects reloaded before import = 0Number of asset objects unloaded after import = 1

========================================================================
Received Import Request.
  Time since last request: 0.000106 seconds.
  path: Assets/Projects/GravityDash/kenney_ui-pack/Vector/Blue/button_square_depth_flat.svg
  artifactKey: Guid(f7bae6dfca8de454a98feed68c2099f0) Importer(2089858483,b0f066a214c2f5e87bad3c948f4d605d)
Start importing Assets/Projects/GravityDash/kenney_ui-pack/Vector/Blue/button_square_depth_flat.svg using Guid(f7bae6dfca8de454a98feed68c2099f0) Importer(2089858483,b0f066a214c2f5e87bad3c948f4d605d) (ScriptedImporter) -> (artifact id: '1e1a908ecb959618b6314a0e35e3ffe4') in 0.0239184 seconds
Number of updated asset objects reloaded before import = 0Number of asset objects unloaded after import = 1

========================================================================
Received Import Request.
  Time since last request: 0.000099 seconds.
  path: Assets/Projects/GravityDash/kenney_new-platformer-pack-1.1/Vector/Tiles/terrain_snow_cloud_right.svg
  artifactKey: Guid(bf664f4dbed7541a68accd395d3b4bb1) Importer(2089858483,b0f066a214c2f5e87bad3c948f4d605d)
Start importing Assets/Projects/GravityDash/kenney_new-platformer-pack-1.1/Vector/Tiles/terrain_snow_cloud_right.svg using Guid(bf664f4dbed7541a68accd395d3b4bb1) Importer(2089858483,b0f066a214c2f5e87bad3c948f4d605d) (ScriptedImporter) -> (artifact id: 'b1cec26679660062f2426de6b62e228a') in 0.0296552 seconds
Number of updated asset objects reloaded before import = 0Number of asset objects unloaded after import = 1

========================================================================
Received Import Request.
  Time since last request: 0.000188 seconds.
  path: Assets/Projects/GravityDash/kenney_ui-pack/Vector/Green/button_round_depth_gloss.svg
  artifactKey: Guid(74c9a75b1606b47beae3a8838db7e9b6) Importer(2089858483,b0f066a214c2f5e87bad3c948f4d605d)
Start importing Assets/Projects/GravityDash/kenney_ui-pack/Vector/Green/button_round_depth_gloss.svg using Guid(74c9a75b1606b47beae3a8838db7e9b6) Importer(2089858483,b0f066a214c2f5e87bad3c948f4d605d) (ScriptedImporter) -> (artifact id: '8847266a885e93549f9c1475b8100ef6') in 0.0310983 seconds
Number of updated asset objects reloaded before import = 0Number of asset objects unloaded after import = 1

========================================================================
Received Import Request.
  Time since last request: 0.000168 seconds.
  path: Assets/Projects/GravityDash/kenney_ui-pack/Vector/Green/slide_hangle.svg
  artifactKey: Guid(981450b8ea1c14cd1a7ae3b50c48e495) Importer(2089858483,b0f066a214c2f5e87bad3c948f4d605d)
Start importing Assets/Projects/GravityDash/kenney_ui-pack/Vector/Green/slide_hangle.svg using Guid(981450b8ea1c14cd1a7ae3b50c48e495) Importer(2089858483,b0f066a214c2f5e87bad3c948f4d605d) (ScriptedImporter) -> (artifact id: 'c98d90d92bc2a7ae7753610ccef9aecc') in 0.0436604 seconds
Number of updated asset objects reloaded before import = 0Number of asset objects unloaded after import = 1

========================================================================
Received Import Request.
  Time since last request: 0.000340 seconds.
  path: Assets/Projects/GravityDash/kenney_ui-pack/Vector/Green/button_rectangle_line.svg
  artifactKey: Guid(361f652444fb64f20aa67a7537adb7cf) Importer(2089858483,b0f066a214c2f5e87bad3c948f4d605d)
Start importing Assets/Projects/GravityDash/kenney_ui-pack/Vector/Green/button_rectangle_line.svg using Guid(361f652444fb64f20aa67a7537adb7cf) Importer(2089858483,b0f066a214c2f5e87bad3c948f4d605d) (ScriptedImporter) -> (artifact id: '6cb648deac8c3c31e1e95f65f0745308') in 0.0364016 seconds
Number of updated asset objects reloaded before import = 0Number of asset objects unloaded after import = 1

========================================================================
Received Import Request.
  Time since last request: 0.000054 seconds.
  path: Assets/Projects/GravityDash/kenney_ui-pack/Vector/Grey/arrow_decorative_e.svg
  artifactKey: Guid(1376ffa61a0b24f01b1e57abd4632e23) Importer(2089858483,b0f066a214c2f5e87bad3c948f4d605d)
Start importing Assets/Projects/GravityDash/kenney_ui-pack/Vector/Grey/arrow_decorative_e.svg using Guid(1376ffa61a0b24f01b1e57abd4632e23) Importer(2089858483,b0f066a214c2f5e87bad3c948f4d605d) (ScriptedImporter) -> (artifact id: '89fa1e8518892f45e6eee50ee76ff4ba') in 0.0401233 seconds
Number of updated asset objects reloaded before import = 0Number of asset objects unloaded after import = 1

========================================================================
Received Import Request.
  Time since last request: 0.000312 seconds.
  path: Assets/Projects/GravityDash/kenney_ui-pack/Vector/Grey/button_rectangle_border.svg
  artifactKey: Guid(a116495ba0beb4411ab63c052424d419) Importer(2089858483,b0f066a214c2f5e87bad3c948f4d605d)
Start importing Assets/Projects/GravityDash/kenney_ui-pack/Vector/Grey/button_rectangle_border.svg using Guid(a116495ba0beb4411ab63c052424d419) Importer(2089858483,b0f066a214c2f5e87bad3c948f4d605d) (ScriptedImporter) -> (artifact id: 'cc5b6a209b8f18514f3178a91bddb606') in 0.0380441 seconds
Number of updated asset objects reloaded before import = 0Number of asset objects unloaded after import = 1

========================================================================
Received Import Request.
  Time since last request: 0.000327 seconds.
  path: Assets/Projects/GravityDash/kenney_new-platformer-pack-1.1/Vector/Tiles/terrain_sand_vertical_middle.svg
  artifactKey: Guid(31918332aa0b343beaa06c8dc355946d) Importer(2089858483,b0f066a214c2f5e87bad3c948f4d605d)
Start importing Assets/Projects/GravityDash/kenney_new-platformer-pack-1.1/Vector/Tiles/terrain_sand_vertical_middle.svg using Guid(31918332aa0b343beaa06c8dc355946d) Importer(2089858483,b0f066a214c2f5e87bad3c948f4d605d) (ScriptedImporter) -> (artifact id: '789c17ea4e7c561e6f83f42f77c31f46') in 0.0288179 seconds
Number of updated asset objects reloaded before import = 0Number of asset objects unloaded after import = 1

========================================================================
Received Import Request.
  Time since last request: 0.000061 seconds.
  path: Assets/Projects/GravityDash/kenney_new-platformer-pack-1.1/Vector/Tiles/terrain_sand_ramp_long_a.svg
  artifactKey: Guid(9f3513b609c4647079a894a5503c019c) Importer(2089858483,b0f066a214c2f5e87bad3c948f4d605d)
Start importing Assets/Projects/GravityDash/kenney_new-platformer-pack-1.1/Vector/Tiles/terrain_sand_ramp_long_a.svg using Guid(9f3513b609c4647079a894a5503c019c) Importer(2089858483,b0f066a214c2f5e87bad3c948f4d605d) (ScriptedImporter) -> (artifact id: '4d7b1e34dd359bcc45b279ca1d3f429f') in 0.0256198 seconds
Number of updated asset objects reloaded before import = 0Number of asset objects unloaded after import = 1

========================================================================
Received Import Request.
  Time since last request: 0.000087 seconds.
  path: Assets/Projects/GravityDash/kenney_ui-pack/Vector/Blue/icon_outline_square.svg
  artifactKey: Guid(dc99ae1f4682c49c8b3667a7707e0d7c) Importer(2089858483,b0f066a214c2f5e87bad3c948f4d605d)
Start importing Assets/Projects/GravityDash/kenney_ui-pack/Vector/Blue/icon_outline_square.svg using Guid(dc99ae1f4682c49c8b3667a7707e0d7c) Importer(2089858483,b0f066a214c2f5e87bad3c948f4d605d) (ScriptedImporter) -> (artifact id: 'fd380798f2321ba72d88c8ce4bb97e70') in 0.0317401 seconds
Number of updated asset objects reloaded before import = 0Number of asset objects unloaded after import = 1

========================================================================
Received Import Request.
  Time since last request: 0.000083 seconds.
  path: Assets/Projects/GravityDash/kenney_new-platformer-pack-1.1/Vector/Tiles/terrain_stone_ramp_long_a.svg
  artifactKey: Guid(227cef1574275433c9f66e9a536eac76) Importer(2089858483,b0f066a214c2f5e87bad3c948f4d605d)
Start importing Assets/Projects/GravityDash/kenney_new-platformer-pack-1.1/Vector/Tiles/terrain_stone_ramp_long_a.svg using Guid(227cef1574275433c9f66e9a536eac76) Importer(2089858483,b0f066a214c2f5e87bad3c948f4d605d) (ScriptedImporter) -> (artifact id: '77da0db6e9c7ce3433cd3d42649be998') in 0.0328356 seconds
Number of updated asset objects reloaded before import = 0Number of asset objects unloaded after import = 1

========================================================================
Received Import Request.
  Time since last request: 0.000174 seconds.
  path: Assets/Projects/GravityDash/kenney_ui-pack/Vector/Grey/arrow_basic_s_small.svg
  artifactKey: Guid(550408d11bb584f3297f744eeb696678) Importer(2089858483,b0f066a214c2f5e87bad3c948f4d605d)
Start importing Assets/Projects/GravityDash/kenney_ui-pack/Vector/Grey/arrow_basic_s_small.svg using Guid(550408d11bb584f3297f744eeb696678) Importer(2089858483,b0f066a214c2f5e87bad3c948f4d605d) (ScriptedImporter) -> (artifact id: '8d5c8a9f57bf7f44cc0ff3b600dc9c04') in 0.0257465 seconds
Number of updated asset objects reloaded before import = 0Number of asset objects unloaded after import = 1

========================================================================
Received Import Request.
  Time since last request: 0.000079 seconds.
  path: Assets/Projects/GravityDash/kenney_new-platformer-pack-1.1/Vector/Tiles/terrain_stone_ramp_short_b.svg
  artifactKey: Guid(602586e27b09b4f19a370c51c401178c) Importer(2089858483,b0f066a214c2f5e87bad3c948f4d605d)
Start importing Assets/Projects/GravityDash/kenney_new-platformer-pack-1.1/Vector/Tiles/terrain_stone_ramp_short_b.svg using Guid(602586e27b09b4f19a370c51c401178c) Importer(2089858483,b0f066a214c2f5e87bad3c948f4d605d) (ScriptedImporter) -> (artifact id: '4b8786143882ef4b34545496c6a2736b') in 0.0226678 seconds
Number of updated asset objects reloaded before import = 0Number of asset objects unloaded after import = 1

========================================================================
Received Import Request.
  Time since last request: 0.000091 seconds.
  path: Assets/Projects/GravityDash/kenney_ui-pack/Vector/Blue/button_round_depth_flat.svg
  artifactKey: Guid(6f4ccc75827e941e1a6e77717c9da597) Importer(2089858483,b0f066a214c2f5e87bad3c948f4d605d)
Start importing Assets/Projects/GravityDash/kenney_ui-pack/Vector/Blue/button_round_depth_flat.svg using Guid(6f4ccc75827e941e1a6e77717c9da597) Importer(2089858483,b0f066a214c2f5e87bad3c948f4d605d) (ScriptedImporter) -> (artifact id: '554910732269972deb8bd0a1c764ad0f') in 0.0156609 seconds
Number of updated asset objects reloaded before import = 0Number of asset objects unloaded after import = 1

========================================================================
Received Import Request.
  Time since last request: 0.000110 seconds.
  path: Assets/Projects/GravityDash/kenney_new-platformer-pack-1.1/Vector/Tiles/terrain_stone_horizontal_overhang_left.svg
  artifactKey: Guid(2c443fd31e5354e3792e0d7d8bbd7b63) Importer(2089858483,b0f066a214c2f5e87bad3c948f4d605d)
Start importing Assets/Projects/GravityDash/kenney_new-platformer-pack-1.1/Vector/Tiles/terrain_stone_horizontal_overhang_left.svg using Guid(2c443fd31e5354e3792e0d7d8bbd7b63) Importer(2089858483,b0f066a214c2f5e87bad3c948f4d605d) (ScriptedImporter) -> (artifact id: 'a48c104d0ce918386214e15bf5431680') in 0.0175225 seconds
Number of updated asset objects reloaded before import = 0Number of asset objects unloaded after import = 1

========================================================================
Received Import Request.
  Time since last request: 0.000033 seconds.
  path: Assets/Projects/GravityDash/kenney_ui-pack/Vector/Grey/arrow_basic_n_small.svg
  artifactKey: Guid(e26e3c2b62978466e8ddf6bb546c17b4) Importer(2089858483,b0f066a214c2f5e87bad3c948f4d605d)
Start importing Assets/Projects/GravityDash/kenney_ui-pack/Vector/Grey/arrow_basic_n_small.svg using Guid(e26e3c2b62978466e8ddf6bb546c17b4) Importer(2089858483,b0f066a214c2f5e87bad3c948f4d605d) (ScriptedImporter) -> (artifact id: '1560a17e32b312579c9d649992d9635a') in 0.0225192 seconds
Number of updated asset objects reloaded before import = 0Number of asset objects unloaded after import = 1

========================================================================
Received Import Request.
  Time since last request: 0.000053 seconds.
  path: Assets/Projects/GravityDash/kenney_new-platformer-pack-1.1/Vector/Tiles/terrain_sand_cloud_middle.svg
  artifactKey: Guid(0be95d8d8ed9f468f801b281d5a41f9c) Importer(2089858483,b0f066a214c2f5e87bad3c948f4d605d)
Start importing Assets/Projects/GravityDash/kenney_new-platformer-pack-1.1/Vector/Tiles/terrain_sand_cloud_middle.svg using Guid(0be95d8d8ed9f468f801b281d5a41f9c) Importer(2089858483,b0f066a214c2f5e87bad3c948f4d605d) (ScriptedImporter) -> (artifact id: '1214c4906e8ca0b3cfae0eb781685fba') in 0.0193127 seconds
Number of updated asset objects reloaded before import = 0Number of asset objects unloaded after import = 1

========================================================================
Received Import Request.
  Time since last request: 0.000079 seconds.
  path: Assets/Projects/GravityDash/kenney_ui-pack/Vector/Green/button_square_line.svg
  artifactKey: Guid(28b45de41bab6462092a9e0d4ea78269) Importer(2089858483,b0f066a214c2f5e87bad3c948f4d605d)
Start importing Assets/Projects/GravityDash/kenney_ui-pack/Vector/Green/button_square_line.svg using Guid(28b45de41bab6462092a9e0d4ea78269) Importer(2089858483,b0f066a214c2f5e87bad3c948f4d605d) (ScriptedImporter) -> (artifact id: 'f67f5b3e3a45c6bdd98c943fe293563c') in 0.0189175 seconds
Number of updated asset objects reloaded before import = 0Number of asset objects unloaded after import = 1

========================================================================
Received Import Request.
  Time since last request: 0.000091 seconds.
  path: Assets/Projects/GravityDash/kenney_ui-pack/Vector/Grey/button_rectangle_depth_flat.svg
  artifactKey: Guid(d708613f15c1a4b5d9cf943ef015f87e) Importer(2089858483,b0f066a214c2f5e87bad3c948f4d605d)
Start importing Assets/Projects/GravityDash/kenney_ui-pack/Vector/Grey/button_rectangle_depth_flat.svg using Guid(d708613f15c1a4b5d9cf943ef015f87e) Importer(2089858483,b0f066a214c2f5e87bad3c948f4d605d) (ScriptedImporter) -> (artifact id: 'cb252ff1b2d1218bf1faa04f68450e59') in 0.0174991 seconds
Number of updated asset objects reloaded before import = 0Number of asset objects unloaded after import = 1

========================================================================
Received Import Request.
  Time since last request: 0.000131 seconds.
  path: Assets/Projects/GravityDash/kenney_ui-pack/Vector/Blue/star.svg
  artifactKey: Guid(47d713fad49254b7f831b1c1d8c316f3) Importer(2089858483,b0f066a214c2f5e87bad3c948f4d605d)
Start importing Assets/Projects/GravityDash/kenney_ui-pack/Vector/Blue/star.svg using Guid(47d713fad49254b7f831b1c1d8c316f3) Importer(2089858483,b0f066a214c2f5e87bad3c948f4d605d) (ScriptedImporter) -> (artifact id: '906970e2cdc5ca78e214579ce0db3db8') in 0.0219098 seconds
Number of updated asset objects reloaded before import = 0Number of asset objects unloaded after import = 2

========================================================================
Received Import Request.
  Time since last request: 0.000076 seconds.
  path: Assets/Projects/GravityDash/kenney_ui-pack/Vector/Blue/button_rectangle_border.svg
  artifactKey: Guid(cedd671e96bf04e1cb5a80849fe8f84b) Importer(2089858483,b0f066a214c2f5e87bad3c948f4d605d)
Start importing Assets/Projects/GravityDash/kenney_ui-pack/Vector/Blue/button_rectangle_border.svg using Guid(cedd671e96bf04e1cb5a80849fe8f84b) Importer(2089858483,b0f066a214c2f5e87bad3c948f4d605d) (ScriptedImporter) -> (artifact id: '6b33926ed26216cb06dd49d5a442c666') in 0.0156789 seconds
Number of updated asset objects reloaded before import = 0Number of asset objects unloaded after import = 1

========================================================================
Received Import Request.
  Time since last request: 0.000094 seconds.
  path: Assets/Projects/GravityDash/kenney_ui-pack/Vector/Blue/button_square_depth_line.svg
  artifactKey: Guid(fd4cf3517e08c4a1c9799aba4dc9d5c5) Importer(2089858483,b0f066a214c2f5e87bad3c948f4d605d)
Start importing Assets/Projects/GravityDash/kenney_ui-pack/Vector/Blue/button_square_depth_line.svg using Guid(fd4cf3517e08c4a1c9799aba4dc9d5c5) Importer(2089858483,b0f066a214c2f5e87bad3c948f4d605d) (ScriptedImporter) -> (artifact id: 'e1e203f3c54d9f1397d9a75f8627fd9b') in 0.0206769 seconds
Number of updated asset objects reloaded before import = 0Number of asset objects unloaded after import = 1

========================================================================
Received Import Request.
  Time since last request: 0.000077 seconds.
  path: Assets/Projects/GravityDash/kenney_ui-pack/Vector/Green/button_rectangle_border.svg
  artifactKey: Guid(7769b8ef1203640a8a6d76ddc917ae8e) Importer(2089858483,b0f066a214c2f5e87bad3c948f4d605d)
Start importing Assets/Projects/GravityDash/kenney_ui-pack/Vector/Green/button_rectangle_border.svg using Guid(7769b8ef1203640a8a6d76ddc917ae8e) Importer(2089858483,b0f066a214c2f5e87bad3c948f4d605d) (ScriptedImporter) -> (artifact id: 'a22e5fcf387160f04a430c9f5ca1db55') in 0.0224475 seconds
Number of updated asset objects reloaded before import = 0Number of asset objects unloaded after import = 1

========================================================================
Received Import Request.
  Time since last request: 0.000133 seconds.
  path: Assets/Projects/GravityDash/kenney_ui-pack/Vector/Blue/check_square_grey_square.svg
  artifactKey: Guid(dd748422e3033430d8d50713c91a45b0) Importer(2089858483,b0f066a214c2f5e87bad3c948f4d605d)
Start importing Assets/Projects/GravityDash/kenney_ui-pack/Vector/Blue/check_square_grey_square.svg using Guid(dd748422e3033430d8d50713c91a45b0) Importer(2089858483,b0f066a214c2f5e87bad3c948f4d605d) (ScriptedImporter) -> (artifact id: '74bcb826e86c9ac11b860c9b9361cc53') in 0.0312645 seconds
Number of updated asset objects reloaded before import = 0Number of asset objects unloaded after import = 1

========================================================================
Received Import Request.
  Time since last request: 0.000130 seconds.
  path: Assets/Projects/GravityDash/kenney_ui-pack/Vector/Grey/button_rectangle_line.svg
  artifactKey: Guid(302afd0b27f374428b06810f91503e72) Importer(2089858483,b0f066a214c2f5e87bad3c948f4d605d)
Start importing Assets/Projects/GravityDash/kenney_ui-pack/Vector/Grey/button_rectangle_line.svg using Guid(302afd0b27f374428b06810f91503e72) Importer(2089858483,b0f066a214c2f5e87bad3c948f4d605d) (ScriptedImporter) -> (artifact id: 'daa1366c3b5a0940c8e5fd40424892a3') in 0.0272955 seconds
Number of updated asset objects reloaded before import = 0Number of asset objects unloaded after import = 1

========================================================================
Received Import Request.
  Time since last request: 0.000036 seconds.
  path: Assets/Projects/GravityDash/kenney_ui-pack/Vector/Green/check_square_grey_checkmark.svg
  artifactKey: Guid(1375f6c04827b482396bbb8a39edb05a) Importer(2089858483,b0f066a214c2f5e87bad3c948f4d605d)
Start importing Assets/Projects/GravityDash/kenney_ui-pack/Vector/Green/check_square_grey_checkmark.svg using Guid(1375f6c04827b482396bbb8a39edb05a) Importer(2089858483,b0f066a214c2f5e87bad3c948f4d605d) (ScriptedImporter) -> (artifact id: 'c93fd72d317a51e024ac490c6b0fd540') in 0.0231493 seconds
Number of updated asset objects reloaded before import = 0Number of asset objects unloaded after import = 1

========================================================================
Received Import Request.
  Time since last request: 0.000052 seconds.
  path: Assets/Projects/GravityDash/kenney_ui-pack/Vector/Green/button_square_gradient.svg
  artifactKey: Guid(1013859aa1a8e497a85601cedb382c1c) Importer(2089858483,b0f066a214c2f5e87bad3c948f4d605d)
Start importing Assets/Projects/GravityDash/kenney_ui-pack/Vector/Green/button_square_gradient.svg using Guid(1013859aa1a8e497a85601cedb382c1c) Importer(2089858483,b0f066a214c2f5e87bad3c948f4d605d) (ScriptedImporter) -> (artifact id: '74c840ab4958549cd0c6caae5dbcc50a') in 0.0279703 seconds
Number of updated asset objects reloaded before import = 0Number of asset objects unloaded after import = 2

========================================================================
Received Import Request.
  Time since last request: 0.000039 seconds.
  path: Assets/Projects/GravityDash/kenney_ui-pack/Vector/Grey/button_square_flat.svg
  artifactKey: Guid(3212340d9fe814f9bb9fba74d37dc196) Importer(2089858483,b0f066a214c2f5e87bad3c948f4d605d)
Start importing Assets/Projects/GravityDash/kenney_ui-pack/Vector/Grey/button_square_flat.svg using Guid(3212340d9fe814f9bb9fba74d37dc196) Importer(2089858483,b0f066a214c2f5e87bad3c948f4d605d) (ScriptedImporter) -> (artifact id: '172c3ed5ff6e2c31946bd8ff7c005009') in 0.0209232 seconds
Number of updated asset objects reloaded before import = 0Number of asset objects unloaded after import = 1

========================================================================
Received Import Request.
  Time since last request: 0.000096 seconds.
  path: Assets/Projects/GravityDash/kenney_ui-pack/Vector/Blue/arrow_basic_w_small.svg
  artifactKey: Guid(9fc196bc828244dec99bc5b4130db306) Importer(2089858483,b0f066a214c2f5e87bad3c948f4d605d)
Start importing Assets/Projects/GravityDash/kenney_ui-pack/Vector/Blue/arrow_basic_w_small.svg using Guid(9fc196bc828244dec99bc5b4130db306) Importer(2089858483,b0f066a214c2f5e87bad3c948f4d605d) (ScriptedImporter) -> (artifact id: '633a581b5de4791638fd4881564a702e') in 0.018746 seconds
Number of updated asset objects reloaded before import = 0Number of asset objects unloaded after import = 1

========================================================================
Received Import Request.
  Time since last request: 0.000056 seconds.
  path: Assets/Projects/GravityDash/kenney_new-platformer-pack-1.1/Vector/Tiles/terrain_sand_horizontal_middle.svg
  artifactKey: Guid(5a02ce704210b4a80b89d300cfc36401) Importer(2089858483,b0f066a214c2f5e87bad3c948f4d605d)
Start importing Assets/Projects/GravityDash/kenney_new-platformer-pack-1.1/Vector/Tiles/terrain_sand_horizontal_middle.svg using Guid(5a02ce704210b4a80b89d300cfc36401) Importer(2089858483,b0f066a214c2f5e87bad3c948f4d605d) (ScriptedImporter) -> (artifact id: 'a4e1ce7809cc5f7e5b7811dd77b0acd4') in 0.0233323 seconds
Number of updated asset objects reloaded before import = 0Number of asset objects unloaded after import = 1

========================================================================
Received Import Request.
  Time since last request: 0.000044 seconds.
  path: Assets/Projects/GravityDash/kenney_new-platformer-pack-1.1/Vector/Tiles/terrain_stone_cloud_left.svg
  artifactKey: Guid(567d7adc4a4cd40fcadb1e5df4ce0750) Importer(2089858483,b0f066a214c2f5e87bad3c948f4d605d)
Start importing Assets/Projects/GravityDash/kenney_new-platformer-pack-1.1/Vector/Tiles/terrain_stone_cloud_left.svg using Guid(567d7adc4a4cd40fcadb1e5df4ce0750) Importer(2089858483,b0f066a214c2f5e87bad3c948f4d605d) (ScriptedImporter) -> (artifact id: '65cad040dd8a0888c6d73754de4e02b9') in 0.0204216 seconds
Number of updated asset objects reloaded before import = 0Number of asset objects unloaded after import = 1

========================================================================
Received Import Request.
  Time since last request: 0.000110 seconds.
  path: Assets/Projects/GravityDash/kenney_new-platformer-pack-1.1/Vector/Tiles/terrain_snow_block_right.svg
  artifactKey: Guid(14e43eadb009243cf8e173069ca33348) Importer(2089858483,b0f066a214c2f5e87bad3c948f4d605d)
Start importing Assets/Projects/GravityDash/kenney_new-platformer-pack-1.1/Vector/Tiles/terrain_snow_block_right.svg using Guid(14e43eadb009243cf8e173069ca33348) Importer(2089858483,b0f066a214c2f5e87bad3c948f4d605d) (ScriptedImporter) -> (artifact id: '35d35512181832126e4fb1e075e93f0f') in 0.0187438 seconds
Number of updated asset objects reloaded before import = 0Number of asset objects unloaded after import = 1

========================================================================
Received Import Request.
  Time since last request: 0.000087 seconds.
  path: Assets/Projects/GravityDash/kenney_new-platformer-pack-1.1/Vector/Tiles/terrain_snow_block_top_left.svg
  artifactKey: Guid(d29d41e04b698440e814ab6cd96f39e1) Importer(2089858483,b0f066a214c2f5e87bad3c948f4d605d)
Start importing Assets/Projects/GravityDash/kenney_new-platformer-pack-1.1/Vector/Tiles/terrain_snow_block_top_left.svg using Guid(d29d41e04b698440e814ab6cd96f39e1) Importer(2089858483,b0f066a214c2f5e87bad3c948f4d605d) (ScriptedImporter) -> (artifact id: 'aed1e28a73f912147d5a515b349a03e6') in 0.0315538 seconds
Number of updated asset objects reloaded before import = 0Number of asset objects unloaded after import = 1

========================================================================
Received Import Request.
  Time since last request: 0.000219 seconds.
  path: Assets/Projects/GravityDash/kenney_ui-pack/Vector/Blue/check_square_color_checkmark.svg
  artifactKey: Guid(27cf46c71c6ca4a14934640b202cc772) Importer(2089858483,b0f066a214c2f5e87bad3c948f4d605d)
Start importing Assets/Projects/GravityDash/kenney_ui-pack/Vector/Blue/check_square_color_checkmark.svg using Guid(27cf46c71c6ca4a14934640b202cc772) Importer(2089858483,b0f066a214c2f5e87bad3c948f4d605d) (ScriptedImporter) -> (artifact id: '2895836be111d43361a52dddaa5b6e27') in 0.0512251 seconds
Number of updated asset objects reloaded before import = 0Number of asset objects unloaded after import = 1

========================================================================
Received Import Request.
  Time since last request: 0.000170 seconds.
  path: Assets/Projects/GravityDash/kenney_new-platformer-pack-1.1/Vector/Tiles/terrain_sand_cloud_background.svg
  artifactKey: Guid(5a73d206850844cfcb7735c16328b4c5) Importer(2089858483,b0f066a214c2f5e87bad3c948f4d605d)
Start importing Assets/Projects/GravityDash/kenney_new-platformer-pack-1.1/Vector/Tiles/terrain_sand_cloud_background.svg using Guid(5a73d206850844cfcb7735c16328b4c5) Importer(2089858483,b0f066a214c2f5e87bad3c948f4d605d) (ScriptedImporter) -> (artifact id: 'c0a110bfbd39b87b80dffe6d67e2aff7') in 0.0473195 seconds
Number of updated asset objects reloaded before import = 0Number of asset objects unloaded after import = 1

========================================================================
Received Import Request.
  Time since last request: 0.000185 seconds.
  path: Assets/Projects/GravityDash/kenney_ui-pack/Vector/Grey/button_round_depth_line.svg
  artifactKey: Guid(93f71fcf72db34c318a52ff2cd65bfc8) Importer(2089858483,b0f066a214c2f5e87bad3c948f4d605d)
Start importing Assets/Projects/GravityDash/kenney_ui-pack/Vector/Grey/button_round_depth_line.svg using Guid(93f71fcf72db34c318a52ff2cd65bfc8) Importer(2089858483,b0f066a214c2f5e87bad3c948f4d605d) (ScriptedImporter) -> (artifact id: 'ccf1ace5b619e0e542e1db3dbb30097b') in 0.0350842 seconds
Number of updated asset objects reloaded before import = 0Number of asset objects unloaded after import = 1

========================================================================
Received Import Request.
  Time since last request: 0.000221 seconds.
  path: Assets/Projects/GravityDash/kenney_ui-pack/Vector/Yellow/button_square_gradient.svg
  artifactKey: Guid(275fa4b7c7cac4dadb9768803ffcc510) Importer(2089858483,b0f066a214c2f5e87bad3c948f4d605d)
Start importing Assets/Projects/GravityDash/kenney_ui-pack/Vector/Yellow/button_square_gradient.svg using Guid(275fa4b7c7cac4dadb9768803ffcc510) Importer(2089858483,b0f066a214c2f5e87bad3c948f4d605d) (ScriptedImporter) -> (artifact id: '1905d569a37765c53f06c698e05c452d') in 0.0370023 seconds
Number of updated asset objects reloaded before import = 0Number of asset objects unloaded after import = 2

========================================================================
Received Import Request.
  Time since last request: 0.000060 seconds.
  path: Assets/Sprites/Cainos/Pixel Art Platformer - Village Props/Animation/Chest Iron/AM Chest Iron - Closed.anim
  artifactKey: Guid(9311ed355d757b349b89e7dd462f15f1) Importer(2089858483,b0f066a214c2f5e87bad3c948f4d605d)
Start importing Assets/Sprites/Cainos/Pixel Art Platformer - Village Props/Animation/Chest Iron/AM Chest Iron - Closed.anim using Guid(9311ed355d757b349b89e7dd462f15f1) Importer(2089858483,b0f066a214c2f5e87bad3c948f4d605d) (ScriptedImporter) -> (artifact id: '5ffe1a256a94d2e8178ed3f74bf33880') in 0.0286 seconds
Number of updated asset objects reloaded before import = 0Number of asset objects unloaded after import = 1

========================================================================
Received Import Request.
  Time since last request: 0.000200 seconds.
  path: Assets/Projects/GravityDash/kenney_ui-pack/Vector/Red/button_round_depth_border.svg
  artifactKey: Guid(829ef36de0dca406898cf75ff717020e) Importer(2089858483,b0f066a214c2f5e87bad3c948f4d605d)
Start importing Assets/Projects/GravityDash/kenney_ui-pack/Vector/Red/button_round_depth_border.svg using Guid(829ef36de0dca406898cf75ff717020e) Importer(2089858483,b0f066a214c2f5e87bad3c948f4d605d) (ScriptedImporter) -> (artifact id: '2f4c29fa38709f9965701846b14f54e0') in 0.035324 seconds
Number of updated asset objects reloaded before import = 0Number of asset objects unloaded after import = 1

========================================================================
Received Import Request.
  Time since last request: 0.000104 seconds.
  path: Assets/Projects/GravityDash/kenney_ui-pack/Vector/Yellow/slide_vertical_color_section_wide.svg
  artifactKey: Guid(051d4b260c2624e84bd0483626f13778) Importer(2089858483,b0f066a214c2f5e87bad3c948f4d605d)
Start importing Assets/Projects/GravityDash/kenney_ui-pack/Vector/Yellow/slide_vertical_color_section_wide.svg using Guid(051d4b260c2624e84bd0483626f13778) Importer(2089858483,b0f066a214c2f5e87bad3c948f4d605d) (ScriptedImporter) -> (artifact id: '54d557bf4dd84657a8ddafd39985991f') in 0.0323385 seconds
Number of updated asset objects reloaded before import = 0Number of asset objects unloaded after import = 1

========================================================================
Received Import Request.
  Time since last request: 0.000078 seconds.
  path: Assets/Projects/GravityDash/kenney_ui-pack/Vector/Yellow/check_square_color_cross.svg
  artifactKey: Guid(a7c25dd0c73284f75a8e40e953ff44f7) Importer(2089858483,b0f066a214c2f5e87bad3c948f4d605d)
Start importing Assets/Projects/GravityDash/kenney_ui-pack/Vector/Yellow/check_square_color_cross.svg using Guid(a7c25dd0c73284f75a8e40e953ff44f7) Importer(2089858483,b0f066a214c2f5e87bad3c948f4d605d) (ScriptedImporter) -> (artifact id: '7d6fbcffc915e73e38ca599e1bf6c5ec') in 0.0343256 seconds
Number of updated asset objects reloaded before import = 0Number of asset objects unloaded after import = 1

========================================================================
Received Import Request.
  Time since last request: 0.000509 seconds.
  path: Assets/Sprites/Cainos/Pixel Art Platformer - Village Props/Tileset Palette/TP Ground/TX Tileset Ground_163.asset
  artifactKey: Guid(cd13949505506714b8c7a5ca40d34cb9) Importer(2089858483,b0f066a214c2f5e87bad3c948f4d605d)
Start importing Assets/Sprites/Cainos/Pixel Art Platformer - Village Props/Tileset Palette/TP Ground/TX Tileset Ground_163.asset using Guid(cd13949505506714b8c7a5ca40d34cb9) Importer(2089858483,b0f066a214c2f5e87bad3c948f4d605d) (ScriptedImporter) -> (artifact id: 'ec515b338e442d80f24d1bee4d8c3fcd') in 0.0486772 seconds
Number of updated asset objects reloaded before import = 0Number of asset objects unloaded after import = 2

========================================================================
Received Import Request.
  Time since last request: 0.000054 seconds.
  path: Assets/Projects/GravityDash/kenney_ui-pack/Vector/Yellow/slide_vertical_grey_section_wide.svg
  artifactKey: Guid(a976a6230a85f458cb9b2cd69deabd12) Importer(2089858483,b0f066a214c2f5e87bad3c948f4d605d)
Start importing Assets/Projects/GravityDash/kenney_ui-pack/Vector/Yellow/slide_vertical_grey_section_wide.svg using Guid(a976a6230a85f458cb9b2cd69deabd12) Importer(2089858483,b0f066a214c2f5e87bad3c948f4d605d) (ScriptedImporter) -> (artifact id: '465802f999277d6372a435ab41076174') in 0.0446198 seconds
Number of updated asset objects reloaded before import = 0Number of asset objects unloaded after import = 1

========================================================================
Received Import Request.
  Time since last request: 0.000195 seconds.
  path: Assets/Sprites/Cainos/Pixel Art Platformer - Village Props/Tileset Palette/TP Ground/TX Tileset Ground_131.asset
  artifactKey: Guid(58b9124ad7c96ce4084e43a7de10b0e4) Importer(2089858483,b0f066a214c2f5e87bad3c948f4d605d)
Start importing Assets/Sprites/Cainos/Pixel Art Platformer - Village Props/Tileset Palette/TP Ground/TX Tileset Ground_131.asset using Guid(58b9124ad7c96ce4084e43a7de10b0e4) Importer(2089858483,b0f066a214c2f5e87bad3c948f4d605d) (ScriptedImporter) -> (artifact id: 'c62fb6fee095618abde99081c1fd59a8') in 0.0357126 seconds
Number of updated asset objects reloaded before import = 0Number of asset objects unloaded after import = 2

========================================================================
Received Import Request.
  Time since last request: 0.000039 seconds.
  path: Assets/Projects/GravityDash/kenney_ui-pack/Vector/Red/button_rectangle_gloss.svg
  artifactKey: Guid(4f7926a10930f40a892402edc0f697de) Importer(2089858483,b0f066a214c2f5e87bad3c948f4d605d)
Start importing Assets/Projects/GravityDash/kenney_ui-pack/Vector/Red/button_rectangle_gloss.svg using Guid(4f7926a10930f40a892402edc0f697de) Importer(2089858483,b0f066a214c2f5e87bad3c948f4d605d) (ScriptedImporter) -> (artifact id: '7323a3fcf95deffcec547ffdf3b833f2') in 0.0323187 seconds
Number of updated asset objects reloaded before import = 0Number of asset objects unloaded after import = 1

========================================================================
Received Import Request.
  Time since last request: 0.000922 seconds.
  path: Assets/Projects/GravityDash/kenney_ui-pack/Vector/Red/check_round_round_circle.svg
  artifactKey: Guid(ae9b0ab366818409fae8103e1b77205e) Importer(2089858483,b0f066a214c2f5e87bad3c948f4d605d)
Start importing Assets/Projects/GravityDash/kenney_ui-pack/Vector/Red/check_round_round_circle.svg using Guid(ae9b0ab366818409fae8103e1b77205e) Importer(2089858483,b0f066a214c2f5e87bad3c948f4d605d) (ScriptedImporter) -> (artifact id: 'a660836819e1778d90effa700eac50a6') in 0.0265278 seconds
Number of updated asset objects reloaded before import = 0Number of asset objects unloaded after import = 1

========================================================================
Received Import Request.
  Time since last request: 0.000100 seconds.
  path: Assets/Sprites/Cainos/Pixel Art Platformer - Village Props/Material/FX/MT FX Flame Spark.mat
  artifactKey: Guid(23524a906e8f5eb4384f92eb87af52f4) Importer(2089858483,b0f066a214c2f5e87bad3c948f4d605d)
Start importing Assets/Sprites/Cainos/Pixel Art Platformer - Village Props/Material/FX/MT FX Flame Spark.mat using Guid(23524a906e8f5eb4384f92eb87af52f4) Importer(2089858483,b0f066a214c2f5e87bad3c948f4d605d) (ScriptedImporter) -> (artifact id: '974efb18f210dd36f71b4818d444be6c') in 0.0206264 seconds
Number of updated asset objects reloaded before import = 0Number of asset objects unloaded after import = 1

========================================================================
Received Import Request.
  Time since last request: 0.000042 seconds.
  path: Assets/Projects/GravityDash/kenney_ui-pack/Vector/Red/button_square_border.svg
  artifactKey: Guid(c011f56e95c7549f8bef3bcd545994b6) Importer(2089858483,b0f066a214c2f5e87bad3c948f4d605d)
Start importing Assets/Projects/GravityDash/kenney_ui-pack/Vector/Red/button_square_border.svg using Guid(c011f56e95c7549f8bef3bcd545994b6) Importer(2089858483,b0f066a214c2f5e87bad3c948f4d605d) (ScriptedImporter) -> (artifact id: '8138eea581426c105325e8d359438004') in 0.0310901 seconds
Number of updated asset objects reloaded before import = 0Number of asset objects unloaded after import = 1

========================================================================
Received Import Request.
  Time since last request: 0.000057 seconds.
  path: Assets/Projects/GravityDash/kenney_ui-pack/Vector/Yellow/slide_vertical_color.svg
  artifactKey: Guid(d6df37bc84bd64feea43f63a2e95248d) Importer(2089858483,b0f066a214c2f5e87bad3c948f4d605d)
Start importing Assets/Projects/GravityDash/kenney_ui-pack/Vector/Yellow/slide_vertical_color.svg using Guid(d6df37bc84bd64feea43f63a2e95248d) Importer(2089858483,b0f066a214c2f5e87bad3c948f4d605d) (ScriptedImporter) -> (artifact id: 'b27e1b0f8f4044880149e7dde32e01bd') in 0.0257159 seconds
Number of updated asset objects reloaded before import = 0Number of asset objects unloaded after import = 1

========================================================================
Received Import Request.
  Time since last request: 0.000355 seconds.
  path: Assets/Sprites/Cainos/Pixel Art Platformer - Village Props/Tileset Palette/TP Ground/TX Tileset Ground_11.asset
  artifactKey: Guid(8613d5b86ea5e7841912b99d6710d83e) Importer(2089858483,b0f066a214c2f5e87bad3c948f4d605d)
Start importing Assets/Sprites/Cainos/Pixel Art Platformer - Village Props/Tileset Palette/TP Ground/TX Tileset Ground_11.asset using Guid(8613d5b86ea5e7841912b99d6710d83e) Importer(2089858483,b0f066a214c2f5e87bad3c948f4d605d) (ScriptedImporter) -> (artifact id: '5fda6900ac8712cd1f681237ba35a027') in 0.0197649 seconds
Number of updated asset objects reloaded before import = 0Number of asset objects unloaded after import = 2

========================================================================
Received Import Request.
  Time since last request: 0.000046 seconds.
  path: Assets/Sprites/Cainos/Pixel Art Platformer - Village Props/Material/FX/MT FX Torch Flame.mat
  artifactKey: Guid(51c04926d5a84b246af84e8756757023) Importer(2089858483,b0f066a214c2f5e87bad3c948f4d605d)
Start importing Assets/Sprites/Cainos/Pixel Art Platformer - Village Props/Material/FX/MT FX Torch Flame.mat using Guid(51c04926d5a84b246af84e8756757023) Importer(2089858483,b0f066a214c2f5e87bad3c948f4d605d) (ScriptedImporter) -> (artifact id: '18a291f24c28d74ec43a0ac5f1a511f2') in 0.0221799 seconds
Number of updated asset objects reloaded before import = 0Number of asset objects unloaded after import = 2

========================================================================
Received Import Request.
  Time since last request: 0.000026 seconds.
  path: Assets/Projects/GravityDash/kenney_ui-pack/Vector/Yellow/arrow_decorative_n.svg
  artifactKey: Guid(112a5a2e4fd72481c9c45b8b858c3287) Importer(2089858483,b0f066a214c2f5e87bad3c948f4d605d)
Start importing Assets/Projects/GravityDash/kenney_ui-pack/Vector/Yellow/arrow_decorative_n.svg using Guid(112a5a2e4fd72481c9c45b8b858c3287) Importer(2089858483,b0f066a214c2f5e87bad3c948f4d605d) (ScriptedImporter) -> (artifact id: '4a1e27f78089bd89b1340ea736122f7b') in 0.0177655 seconds
Number of updated asset objects reloaded before import = 0Number of asset objects unloaded after import = 1

========================================================================
Received Import Request.
  Time since last request: 0.000026 seconds.
  path: Assets/Sprites/Cainos/Pixel Art Platformer - Village Props/Tileset Palette/TP Ground/TX Tileset Ground_161.asset
  artifactKey: Guid(73bdb66c42525514ea0569adc4e34898) Importer(2089858483,b0f066a214c2f5e87bad3c948f4d605d)
Start importing Assets/Sprites/Cainos/Pixel Art Platformer - Village Props/Tileset Palette/TP Ground/TX Tileset Ground_161.asset using Guid(73bdb66c42525514ea0569adc4e34898) Importer(2089858483,b0f066a214c2f5e87bad3c948f4d605d) (ScriptedImporter) -> (artifact id: '0a848dd701e1a50df504281bc265b4e9') in 0.0190896 seconds
Number of updated asset objects reloaded before import = 0Number of asset objects unloaded after import = 2

========================================================================
Received Import Request.
  Time since last request: 0.000028 seconds.
  path: Assets/Projects/GravityDash/kenney_ui-pack/Vector/Red/arrow_basic_s.svg
  artifactKey: Guid(8b63c4c2931f645e89d577b133bd8697) Importer(2089858483,b0f066a214c2f5e87bad3c948f4d605d)
Start importing Assets/Projects/GravityDash/kenney_ui-pack/Vector/Red/arrow_basic_s.svg using Guid(8b63c4c2931f645e89d577b133bd8697) Importer(2089858483,b0f066a214c2f5e87bad3c948f4d605d) (ScriptedImporter) -> (artifact id: '181baecc1562fafdaed8a57290497deb') in 0.0199694 seconds
Number of updated asset objects reloaded before import = 0Number of asset objects unloaded after import = 1

========================================================================
Received Import Request.
  Time since last request: 0.000037 seconds.
  path: Assets/Projects/GravityDash/kenney_ui-pack/Vector/Red/slide_vertical_grey_section.svg
  artifactKey: Guid(9230d784474e142189cb7c40c0eca2c2) Importer(2089858483,b0f066a214c2f5e87bad3c948f4d605d)
Start importing Assets/Projects/GravityDash/kenney_ui-pack/Vector/Red/slide_vertical_grey_section.svg using Guid(9230d784474e142189cb7c40c0eca2c2) Importer(2089858483,b0f066a214c2f5e87bad3c948f4d605d) (ScriptedImporter) -> (artifact id: '82063f0d126579e19090d8c28ed49074') in 0.0194424 seconds
Number of updated asset objects reloaded before import = 0Number of asset objects unloaded after import = 1

========================================================================
Received Import Request.
  Time since last request: 0.000087 seconds.
  path: Assets/Projects/GravityDash/kenney_ui-pack/Vector/Grey/slide_vertical_color_section.svg
  artifactKey: Guid(2f6a5774bfcd744e8b840e920f2d2d64) Importer(2089858483,b0f066a214c2f5e87bad3c948f4d605d)
Start importing Assets/Projects/GravityDash/kenney_ui-pack/Vector/Grey/slide_vertical_color_section.svg using Guid(2f6a5774bfcd744e8b840e920f2d2d64) Importer(2089858483,b0f066a214c2f5e87bad3c948f4d605d) (ScriptedImporter) -> (artifact id: 'e37c6f30a4dc29c6c2d238f712980af7') in 0.0177581 seconds
Number of updated asset objects reloaded before import = 0Number of asset objects unloaded after import = 1

========================================================================
Received Import Request.
  Time since last request: 0.000026 seconds.
  path: Assets/Projects/GravityDash/kenney_ui-pack/Vector/Yellow/button_round_gloss.svg
  artifactKey: Guid(a8aef67c65e9e4159a5b45f7f79c5d67) Importer(2089858483,b0f066a214c2f5e87bad3c948f4d605d)
Start importing Assets/Projects/GravityDash/kenney_ui-pack/Vector/Yellow/button_round_gloss.svg using Guid(a8aef67c65e9e4159a5b45f7f79c5d67) Importer(2089858483,b0f066a214c2f5e87bad3c948f4d605d) (ScriptedImporter) -> (artifact id: 'dfbd1b9949c7d6f3ee5587b31d92f301') in 0.0160868 seconds
Number of updated asset objects reloaded before import = 0Number of asset objects unloaded after import = 1

========================================================================
Received Import Request.
  Time since last request: 0.000098 seconds.
  path: Assets/Projects/GravityDash/kenney_ui-pack/Vector/Red/icon_outline_checkmark.svg
  artifactKey: Guid(d47f7e24c6d1a4646aaace4e49d645e7) Importer(2089858483,b0f066a214c2f5e87bad3c948f4d605d)
Start importing Assets/Projects/GravityDash/kenney_ui-pack/Vector/Red/icon_outline_checkmark.svg using Guid(d47f7e24c6d1a4646aaace4e49d645e7) Importer(2089858483,b0f066a214c2f5e87bad3c948f4d605d) (ScriptedImporter) -> (artifact id: '93387d90e546c2e9bc15baa285ce490b') in 0.0167539 seconds
Number of updated asset objects reloaded before import = 0Number of asset objects unloaded after import = 1

========================================================================
Received Import Request.
  Time since last request: 0.000154 seconds.
  path: Assets/Projects/GravityDash/kenney_ui-pack/Vector/Grey/check_square_grey.svg
  artifactKey: Guid(add10d81ea48a449ab442fe256fc06d4) Importer(2089858483,b0f066a214c2f5e87bad3c948f4d605d)
Start importing Assets/Projects/GravityDash/kenney_ui-pack/Vector/Grey/check_square_grey.svg using Guid(add10d81ea48a449ab442fe256fc06d4) Importer(2089858483,b0f066a214c2f5e87bad3c948f4d605d) (ScriptedImporter) -> (artifact id: 'efc1f0f3839f18b6e4fd6e79c18dad12') in 0.017593 seconds
Number of updated asset objects reloaded before import = 0Number of asset objects unloaded after import = 1

========================================================================
Received Import Request.
  Time since last request: 0.000104 seconds.
  path: Assets/Sprites/Cainos/Pixel Art Platformer - Village Props/Tileset Palette/TP Ground/TX Tileset Ground_114.asset
  artifactKey: Guid(319525b28c1ee774da735b06d4820b8e) Importer(2089858483,b0f066a214c2f5e87bad3c948f4d605d)
Start importing Assets/Sprites/Cainos/Pixel Art Platformer - Village Props/Tileset Palette/TP Ground/TX Tileset Ground_114.asset using Guid(319525b28c1ee774da735b06d4820b8e) Importer(2089858483,b0f066a214c2f5e87bad3c948f4d605d) (ScriptedImporter) -> (artifact id: '66cc06fe7b19a6d8b7318d0d3c6db544') in 0.0163352 seconds
Number of updated asset objects reloaded before import = 0Number of asset objects unloaded after import = 2

========================================================================
Received Import Request.
  Time since last request: 0.000030 seconds.
  path: Assets/Projects/GravityDash/kenney_ui-pack/Vector/Yellow/slide_horizontal_grey_section.svg
  artifactKey: Guid(8f33ca418c36c443c86b8aef77c7d6c0) Importer(2089858483,b0f066a214c2f5e87bad3c948f4d605d)
Start importing Assets/Projects/GravityDash/kenney_ui-pack/Vector/Yellow/slide_horizontal_grey_section.svg using Guid(8f33ca418c36c443c86b8aef77c7d6c0) Importer(2089858483,b0f066a214c2f5e87bad3c948f4d605d) (ScriptedImporter) -> (artifact id: 'ae3342df37e98be1e76763ab12af01a5') in 0.0134237 seconds
Number of updated asset objects reloaded before import = 0Number of asset objects unloaded after import = 1

========================================================================
Received Import Request.
  Time since last request: 0.000141 seconds.
  path: Assets/Projects/GravityDash/kenney_ui-pack/Vector/Red/icon_outline_circle.svg
  artifactKey: Guid(c891ff70b1b3e4df4beca6425406aba7) Importer(2089858483,b0f066a214c2f5e87bad3c948f4d605d)
Start importing Assets/Projects/GravityDash/kenney_ui-pack/Vector/Red/icon_outline_circle.svg using Guid(c891ff70b1b3e4df4beca6425406aba7) Importer(2089858483,b0f066a214c2f5e87bad3c948f4d605d) (ScriptedImporter) -> (artifact id: '4f7cf67bfda87b90fad8408654a4905c') in 0.0150086 seconds
Number of updated asset objects reloaded before import = 0Number of asset objects unloaded after import = 1

========================================================================
Received Import Request.
  Time since last request: 0.000063 seconds.
  path: Assets/Projects/GravityDash/kenney_ui-pack/Vector/Grey/star_outline_depth.svg
  artifactKey: Guid(b651b5081d36f47ebaa467899b7e02da) Importer(2089858483,b0f066a214c2f5e87bad3c948f4d605d)
Start importing Assets/Projects/GravityDash/kenney_ui-pack/Vector/Grey/star_outline_depth.svg using Guid(b651b5081d36f47ebaa467899b7e02da) Importer(2089858483,b0f066a214c2f5e87bad3c948f4d605d) (ScriptedImporter) -> (artifact id: '2bfb9793fe683fe561f060880625db1c') in 0.0210157 seconds
Number of updated asset objects reloaded before import = 0Number of asset objects unloaded after import = 2

========================================================================
Received Import Request.
  Time since last request: 0.000036 seconds.
  path: Assets/Sprites/Cainos/Pixel Art Platformer - Village Props/Tileset Palette/TP Ground/TX Tileset Ground_164.asset
  artifactKey: Guid(579daf13f24c2f44b9485542078819c2) Importer(2089858483,b0f066a214c2f5e87bad3c948f4d605d)
Start importing Assets/Sprites/Cainos/Pixel Art Platformer - Village Props/Tileset Palette/TP Ground/TX Tileset Ground_164.asset using Guid(579daf13f24c2f44b9485542078819c2) Importer(2089858483,b0f066a214c2f5e87bad3c948f4d605d) (ScriptedImporter) -> (artifact id: 'a2627de9e6da9597c3021c247a03d69e') in 0.0161458 seconds
Number of updated asset objects reloaded before import = 0Number of asset objects unloaded after import = 2

========================================================================
Received Import Request.
  Time since last request: 0.000035 seconds.
  path: Assets/Projects/GravityDash/kenney_ui-pack/Vector/Grey/check_square_color_square.svg
  artifactKey: Guid(65641179ccb364639973f95ac45ca6d7) Importer(2089858483,b0f066a214c2f5e87bad3c948f4d605d)
Start importing Assets/Projects/GravityDash/kenney_ui-pack/Vector/Grey/check_square_color_square.svg using Guid(65641179ccb364639973f95ac45ca6d7) Importer(2089858483,b0f066a214c2f5e87bad3c948f4d605d) (ScriptedImporter) -> (artifact id: 'bf96e4ed2c639c524708799028304aef') in 0.0176385 seconds
Number of updated asset objects reloaded before import = 0Number of asset objects unloaded after import = 1

========================================================================
Received Import Request.
  Time since last request: 0.000049 seconds.
  path: Assets/Sprites/Cainos/Pixel Art Platformer - Village Props/Tileset Palette/TP Ground/TX Tileset Ground_130.asset
  artifactKey: Guid(5693273b93af0b546a5216dc3b7b4dd9) Importer(2089858483,b0f066a214c2f5e87bad3c948f4d605d)
Start importing Assets/Sprites/Cainos/Pixel Art Platformer - Village Props/Tileset Palette/TP Ground/TX Tileset Ground_130.asset using Guid(5693273b93af0b546a5216dc3b7b4dd9) Importer(2089858483,b0f066a214c2f5e87bad3c948f4d605d) (ScriptedImporter) -> (artifact id: '17fe16be2e1f291d34fdd2b1f61e7b5d') in 0.0210906 seconds
Number of updated asset objects reloaded before import = 0Number of asset objects unloaded after import = 2

========================================================================
Received Import Request.
  Time since last request: 0.000039 seconds.
  path: Assets/Projects/GravityDash/kenney_ui-pack/Vector/Yellow/check_square_color_checkmark.svg
  artifactKey: Guid(bdf80e9b3dd2e41dcb1a572a8df30b59) Importer(2089858483,b0f066a214c2f5e87bad3c948f4d605d)
Start importing Assets/Projects/GravityDash/kenney_ui-pack/Vector/Yellow/check_square_color_checkmark.svg using Guid(bdf80e9b3dd2e41dcb1a572a8df30b59) Importer(2089858483,b0f066a214c2f5e87bad3c948f4d605d) (ScriptedImporter) -> (artifact id: 'f6ebb13324701356a8beb97a2ff952b8') in 0.018736 seconds
Number of updated asset objects reloaded before import = 0Number of asset objects unloaded after import = 1

========================================================================
Received Import Request.
  Time since last request: 0.000079 seconds.
  path: Assets/Sprites/Cainos/Pixel Art Platformer - Village Props/Tileset Palette/TP Ground/TX Tileset Ground_116.asset
  artifactKey: Guid(816432509043e31499f0270a73371040) Importer(2089858483,b0f066a214c2f5e87bad3c948f4d605d)
Start importing Assets/Sprites/Cainos/Pixel Art Platformer - Village Props/Tileset Palette/TP Ground/TX Tileset Ground_116.asset using Guid(816432509043e31499f0270a73371040) Importer(2089858483,b0f066a214c2f5e87bad3c948f4d605d) (ScriptedImporter) -> (artifact id: 'bda946e548bf7f14ea5c2aba602c5e50') in 0.0187184 seconds
Number of updated asset objects reloaded before import = 0Number of asset objects unloaded after import = 2

========================================================================
Received Import Request.
  Time since last request: 0.000059 seconds.
  path: Assets/Projects/GravityDash/kenney_ui-pack/Vector/Yellow/button_round_flat.svg
  artifactKey: Guid(3fdfe25794d7248a4898e2deae793de7) Importer(2089858483,b0f066a214c2f5e87bad3c948f4d605d)
Start importing Assets/Projects/GravityDash/kenney_ui-pack/Vector/Yellow/button_round_flat.svg using Guid(3fdfe25794d7248a4898e2deae793de7) Importer(2089858483,b0f066a214c2f5e87bad3c948f4d605d) (ScriptedImporter) -> (artifact id: '544b8374020abea75b653d40b3f8a0a5') in 0.0217877 seconds
Number of updated asset objects reloaded before import = 0Number of asset objects unloaded after import = 1

========================================================================
Received Import Request.
  Time since last request: 0.000086 seconds.
  path: Assets/Projects/GravityDash/kenney_ui-pack/Vector/Yellow/icon_cross.svg
  artifactKey: Guid(439c04b849d7e4254a6a439f117add31) Importer(2089858483,b0f066a214c2f5e87bad3c948f4d605d)
Start importing Assets/Projects/GravityDash/kenney_ui-pack/Vector/Yellow/icon_cross.svg using Guid(439c04b849d7e4254a6a439f117add31) Importer(2089858483,b0f066a214c2f5e87bad3c948f4d605d) (ScriptedImporter) -> (artifact id: 'ad311034c5ed7b49bfa0d73ab469029d') in 0.01871 seconds
Number of updated asset objects reloaded before import = 0Number of asset objects unloaded after import = 1

========================================================================
Received Import Request.
  Time since last request: 0.000026 seconds.
  path: Assets/Projects/GravityDash/kenney_ui-pack/Vector/Grey/icon_checkmark.svg
  artifactKey: Guid(176555c267dab4fcd863b6b656ed8388) Importer(2089858483,b0f066a214c2f5e87bad3c948f4d605d)
Start importing Assets/Projects/GravityDash/kenney_ui-pack/Vector/Grey/icon_checkmark.svg using Guid(176555c267dab4fcd863b6b656ed8388) Importer(2089858483,b0f066a214c2f5e87bad3c948f4d605d) (ScriptedImporter) -> (artifact id: 'c2367694998a25651b89f2f0b1586b78') in 0.0263279 seconds
Number of updated asset objects reloaded before import = 0Number of asset objects unloaded after import = 1

========================================================================
Received Import Request.
  Time since last request: 0.000090 seconds.
  path: Assets/Sprites/Cainos/Pixel Art Platformer - Village Props/Tileset Palette/TP Ground/TX Tileset Ground_156.asset
  artifactKey: Guid(0b533c9a41d3bc940a7b3fc1c4579d23) Importer(2089858483,b0f066a214c2f5e87bad3c948f4d605d)
Start importing Assets/Sprites/Cainos/Pixel Art Platformer - Village Props/Tileset Palette/TP Ground/TX Tileset Ground_156.asset using Guid(0b533c9a41d3bc940a7b3fc1c4579d23) Importer(2089858483,b0f066a214c2f5e87bad3c948f4d605d) (ScriptedImporter) -> (artifact id: '5e011a48e61589c4362cc3d267d81138') in 0.0234008 seconds
Number of updated asset objects reloaded before import = 0Number of asset objects unloaded after import = 2

========================================================================
Received Import Request.
  Time since last request: 0.000082 seconds.
  path: Assets/Sprites/Cainos/Pixel Art Platformer - Village Props/Tileset Palette/TP Ground/TX Tileset Ground_113.asset
  artifactKey: Guid(29da9ab6b6918b34b8406afb49be907b) Importer(2089858483,b0f066a214c2f5e87bad3c948f4d605d)
Start importing Assets/Sprites/Cainos/Pixel Art Platformer - Village Props/Tileset Palette/TP Ground/TX Tileset Ground_113.asset using Guid(29da9ab6b6918b34b8406afb49be907b) Importer(2089858483,b0f066a214c2f5e87bad3c948f4d605d) (ScriptedImporter) -> (artifact id: 'ac6ea22d11efce04e16f42716bf1e85d') in 0.0202566 seconds
Number of updated asset objects reloaded before import = 0Number of asset objects unloaded after import = 2

========================================================================
Received Import Request.
  Time since last request: 0.000054 seconds.
  path: Assets/Projects/GravityDash/kenney_ui-pack/Vector/Red/arrow_basic_e_small.svg
  artifactKey: Guid(02edf03db752543afa295e419496d741) Importer(2089858483,b0f066a214c2f5e87bad3c948f4d605d)
Start importing Assets/Projects/GravityDash/kenney_ui-pack/Vector/Red/arrow_basic_e_small.svg using Guid(02edf03db752543afa295e419496d741) Importer(2089858483,b0f066a214c2f5e87bad3c948f4d605d) (ScriptedImporter) -> (artifact id: 'd6c4472a763625a5a82475012607d49e') in 0.0283903 seconds
Number of updated asset objects reloaded before import = 0Number of asset objects unloaded after import = 1

========================================================================
Received Import Request.
  Time since last request: 0.000082 seconds.
  path: Assets/Projects/GravityDash/kenney_ui-pack/Vector/Red/button_round_flat.svg
  artifactKey: Guid(5778e42f488f549acbe9b732bf904c08) Importer(2089858483,b0f066a214c2f5e87bad3c948f4d605d)
Start importing Assets/Projects/GravityDash/kenney_ui-pack/Vector/Red/button_round_flat.svg using Guid(5778e42f488f549acbe9b732bf904c08) Importer(2089858483,b0f066a214c2f5e87bad3c948f4d605d) (ScriptedImporter) -> (artifact id: 'fa56c7dbb8e21357503c3bd8084b0b84') in 0.0209649 seconds
Number of updated asset objects reloaded before import = 0Number of asset objects unloaded after import = 1

========================================================================
Received Import Request.
  Time since last request: 0.000074 seconds.
  path: Assets/Projects/GravityDash/kenney_ui-pack/Vector/Yellow/arrow_decorative_e.svg
  artifactKey: Guid(d418272043b4f47ea810962e8c6669e5) Importer(2089858483,b0f066a214c2f5e87bad3c948f4d605d)
Start importing Assets/Projects/GravityDash/kenney_ui-pack/Vector/Yellow/arrow_decorative_e.svg using Guid(d418272043b4f47ea810962e8c6669e5) Importer(2089858483,b0f066a214c2f5e87bad3c948f4d605d) (ScriptedImporter) -> (artifact id: 'dabc6b05b3f48cee65790a0038828082') in 0.0330427 seconds
Number of updated asset objects reloaded before import = 0Number of asset objects unloaded after import = 1

========================================================================
Received Import Request.
  Time since last request: 0.000036 seconds.
  path: Assets/Sprites/Cainos/Pixel Art Platformer - Village Props/Tileset Palette/TP Ground/TX Tileset Ground_139.asset
  artifactKey: Guid(9f7b0258be151ab438fd95fde11437c6) Importer(2089858483,b0f066a214c2f5e87bad3c948f4d605d)
Start importing Assets/Sprites/Cainos/Pixel Art Platformer - Village Props/Tileset Palette/TP Ground/TX Tileset Ground_139.asset using Guid(9f7b0258be151ab438fd95fde11437c6) Importer(2089858483,b0f066a214c2f5e87bad3c948f4d605d) (ScriptedImporter) -> (artifact id: '5613e20fc1b27472e5e7d4dfc273e544') in 0.0274283 seconds
Number of updated asset objects reloaded before import = 0Number of asset objects unloaded after import = 2

========================================================================
Received Import Request.
  Time since last request: 0.000033 seconds.
  path: Assets/Projects/MegaSuperChallengeShot/Graphics/Cute_Birds(4 in 1)Mini/Props/Props_Bird(Mini).png
  artifactKey: Guid(48685d3df0d51a2409d7bc55048442c1) Importer(2089858483,b0f066a214c2f5e87bad3c948f4d605d)
Start importing Assets/Projects/MegaSuperChallengeShot/Graphics/Cute_Birds(4 in 1)Mini/Props/Props_Bird(Mini).png using Guid(48685d3df0d51a2409d7bc55048442c1) Importer(2089858483,b0f066a214c2f5e87bad3c948f4d605d) (ScriptedImporter) -> (artifact id: '05756f5a5c734357faba1a71088656ab') in 0.0462154 seconds
Number of updated asset objects reloaded before import = 0Number of asset objects unloaded after import = 9

========================================================================
Received Import Request.
  Time since last request: 0.000049 seconds.
  path: Assets/Projects/GravityDash/kenney_ui-pack/Vector/Grey/slide_horizontal_color.svg
  artifactKey: Guid(7448a5cfc41934cb0965def978f3ed5b) Importer(2089858483,b0f066a214c2f5e87bad3c948f4d605d)
Start importing Assets/Projects/GravityDash/kenney_ui-pack/Vector/Grey/slide_horizontal_color.svg using Guid(7448a5cfc41934cb0965def978f3ed5b) Importer(2089858483,b0f066a214c2f5e87bad3c948f4d605d) (ScriptedImporter) -> (artifact id: '4d5156fa92b49267b5a5fb2c02149d8f') in 0.0185821 seconds
Number of updated asset objects reloaded before import = 0Number of asset objects unloaded after import = 1

========================================================================
Received Import Request.
  Time since last request: 0.000099 seconds.
  path: Assets/Projects/GravityDash/kenney_ui-pack/Vector/Red/star_outline_depth.svg
  artifactKey: Guid(059d67647f7644f64a741230472bf70f) Importer(2089858483,b0f066a214c2f5e87bad3c948f4d605d)
Start importing Assets/Projects/GravityDash/kenney_ui-pack/Vector/Red/star_outline_depth.svg using Guid(059d67647f7644f64a741230472bf70f) Importer(2089858483,b0f066a214c2f5e87bad3c948f4d605d) (ScriptedImporter) -> (artifact id: 'bf45bdd9dee42b683d79850877bf08c6') in 0.0194028 seconds
Number of updated asset objects reloaded before import = 0Number of asset objects unloaded after import = 2

========================================================================
Received Import Request.
  Time since last request: 0.000039 seconds.
  path: Assets/Projects/GravityDash/kenney_ui-pack/Vector/Red/arrow_basic_w.svg
  artifactKey: Guid(f03faef22fd7e44fca327c78ec14bd01) Importer(2089858483,b0f066a214c2f5e87bad3c948f4d605d)
Start importing Assets/Projects/GravityDash/kenney_ui-pack/Vector/Red/arrow_basic_w.svg using Guid(f03faef22fd7e44fca327c78ec14bd01) Importer(2089858483,b0f066a214c2f5e87bad3c948f4d605d) (ScriptedImporter) -> (artifact id: 'c1be24c431ea4b2d672d321f96b7fd96') in 0.0216223 seconds
Number of updated asset objects reloaded before import = 0Number of asset objects unloaded after import = 1

========================================================================
Received Import Request.
  Time since last request: 0.000128 seconds.
  path: Assets/Sprites/Cainos/Pixel Art Platformer - Village Props/Tileset Palette/TP Ground/TX Tileset Ground_141.asset
  artifactKey: Guid(af04755bd4d3f304f8204f2227c58cf1) Importer(2089858483,b0f066a214c2f5e87bad3c948f4d605d)
Start importing Assets/Sprites/Cainos/Pixel Art Platformer - Village Props/Tileset Palette/TP Ground/TX Tileset Ground_141.asset using Guid(af04755bd4d3f304f8204f2227c58cf1) Importer(2089858483,b0f066a214c2f5e87bad3c948f4d605d) (ScriptedImporter) -> (artifact id: '20c3e0f8a3ab55c3bfa52a93dd9ba2f1') in 0.0199186 seconds
Number of updated asset objects reloaded before import = 0Number of asset objects unloaded after import = 2

========================================================================
Received Import Request.
  Time since last request: 0.000039 seconds.
  path: Assets/Projects/GravityDash/kenney_ui-pack/Vector/Yellow/check_round_grey.svg
  artifactKey: Guid(291d7a1bba7ca4423b875fbc1e99adb0) Importer(2089858483,b0f066a214c2f5e87bad3c948f4d605d)
Start importing Assets/Projects/GravityDash/kenney_ui-pack/Vector/Yellow/check_round_grey.svg using Guid(291d7a1bba7ca4423b875fbc1e99adb0) Importer(2089858483,b0f066a214c2f5e87bad3c948f4d605d) (ScriptedImporter) -> (artifact id: '6ef4ae8712179f5f679727c7ed6a8f36') in 0.0261054 seconds
Number of updated asset objects reloaded before import = 0Number of asset objects unloaded after import = 1

========================================================================
Received Import Request.
  Time since last request: 0.000076 seconds.
  path: Assets/Sprites/Cainos/Pixel Art Platformer - Village Props/Tileset Palette/TP Ground/TX Tileset Ground_119.asset
  artifactKey: Guid(b661b62a2a317e04c9b29f3a07c74005) Importer(2089858483,b0f066a214c2f5e87bad3c948f4d605d)
Start importing Assets/Sprites/Cainos/Pixel Art Platformer - Village Props/Tileset Palette/TP Ground/TX Tileset Ground_119.asset using Guid(b661b62a2a317e04c9b29f3a07c74005) Importer(2089858483,b0f066a214c2f5e87bad3c948f4d605d) (ScriptedImporter) -> (artifact id: '3bb3cfb169a5bf1f59d60dcda2a0363d') in 0.0184973 seconds
Number of updated asset objects reloaded before import = 0Number of asset objects unloaded after import = 2

========================================================================
Received Import Request.
  Time since last request: 0.000022 seconds.
  path: Assets/Projects/GravityDash/kenney_ui-pack/Vector/Red/button_rectangle_depth_line.svg
  artifactKey: Guid(99d296f93ff044f2d86631f5ca046fad) Importer(2089858483,b0f066a214c2f5e87bad3c948f4d605d)
Start importing Assets/Projects/GravityDash/kenney_ui-pack/Vector/Red/button_rectangle_depth_line.svg using Guid(99d296f93ff044f2d86631f5ca046fad) Importer(2089858483,b0f066a214c2f5e87bad3c948f4d605d) (ScriptedImporter) -> (artifact id: 'c6acb6bb68e78c95e2e249ed4ecd35ec') in 0.0188558 seconds
Number of updated asset objects reloaded before import = 0Number of asset objects unloaded after import = 1

========================================================================
Received Import Request.
  Time since last request: 0.000033 seconds.
  path: Assets/Sprites/Cainos/Pixel Art Platformer - Village Props/Animation/Chest Golden/AM Chest Golden - Open.anim
  artifactKey: Guid(182f66054d23a1c4aa682eeb465e2595) Importer(2089858483,b0f066a214c2f5e87bad3c948f4d605d)
Start importing Assets/Sprites/Cainos/Pixel Art Platformer - Village Props/Animation/Chest Golden/AM Chest Golden - Open.anim using Guid(182f66054d23a1c4aa682eeb465e2595) Importer(2089858483,b0f066a214c2f5e87bad3c948f4d605d) (ScriptedImporter) -> (artifact id: '0c01bdb513191c831d2e17ddfcc992cf') in 0.0171583 seconds
Number of updated asset objects reloaded before import = 0Number of asset objects unloaded after import = 1

========================================================================
Received Import Request.
  Time since last request: 0.000111 seconds.
  path: Assets/Projects/GravityDash/kenney_ui-pack/Vector/Red/slide_horizontal_grey_section.svg
  artifactKey: Guid(952008f5840534e51b14fb77a6a1b708) Importer(2089858483,b0f066a214c2f5e87bad3c948f4d605d)
Start importing Assets/Projects/GravityDash/kenney_ui-pack/Vector/Red/slide_horizontal_grey_section.svg using Guid(952008f5840534e51b14fb77a6a1b708) Importer(2089858483,b0f066a214c2f5e87bad3c948f4d605d) (ScriptedImporter) -> (artifact id: '3806b708adc2e9a0be63d4ffbb63a806') in 0.0206184 seconds
Number of updated asset objects reloaded before import = 0Number of asset objects unloaded after import = 1

========================================================================
Received Import Request.
  Time since last request: 0.000043 seconds.
  path: Assets/Projects/GravityDash/kenney_ui-pack/Vector/Red/arrow_basic_n.svg
  artifactKey: Guid(559899c9bd650464ba9eceb729763043) Importer(2089858483,b0f066a214c2f5e87bad3c948f4d605d)
Start importing Assets/Projects/GravityDash/kenney_ui-pack/Vector/Red/arrow_basic_n.svg using Guid(559899c9bd650464ba9eceb729763043) Importer(2089858483,b0f066a214c2f5e87bad3c948f4d605d) (ScriptedImporter) -> (artifact id: '594c82ff016f462aafaef058abe17c9c') in 0.0205186 seconds
Number of updated asset objects reloaded before import = 0Number of asset objects unloaded after import = 1

========================================================================
Received Import Request.
  Time since last request: 0.000062 seconds.
  path: Assets/Projects/MegaSuperChallengeShot/Graphics/OccaSoftware/Crosshairs/Readme.txt
  artifactKey: Guid(1d6074d5b3b7b284b8c9fb8fab040ffb) Importer(2089858483,b0f066a214c2f5e87bad3c948f4d605d)
Start importing Assets/Projects/MegaSuperChallengeShot/Graphics/OccaSoftware/Crosshairs/Readme.txt using Guid(1d6074d5b3b7b284b8c9fb8fab040ffb) Importer(2089858483,b0f066a214c2f5e87bad3c948f4d605d) (ScriptedImporter) -> (artifact id: 'eae9adb409d2ee7f3ec41d6dbd3cef8f') in 0.0157075 seconds
Number of updated asset objects reloaded before import = 0Number of asset objects unloaded after import = 1

========================================================================
Received Import Request.
  Time since last request: 0.000167 seconds.
  path: Assets/Sprites/Cainos/Pixel Art Platformer - Village Props/Animation/Chest Wooden/AC Chest Wooden.controller
  artifactKey: Guid(c03720f7745e89548905250b2e5fe391) Importer(2089858483,b0f066a214c2f5e87bad3c948f4d605d)
Start importing Assets/Sprites/Cainos/Pixel Art Platformer - Village Props/Animation/Chest Wooden/AC Chest Wooden.controller using Guid(c03720f7745e89548905250b2e5fe391) Importer(2089858483,b0f066a214c2f5e87bad3c948f4d605d) (ScriptedImporter) -> (artifact id: '3a1cff1ec9c6b997724343e098051f4b') in 0.0188676 seconds
Number of updated asset objects reloaded before import = 0Number of asset objects unloaded after import = 14

========================================================================
Received Import Request.
  Time since last request: 0.000033 seconds.
  path: Assets/Projects/GravityDash/kenney_ui-pack/Vector/Grey/star.svg
  artifactKey: Guid(c14fbe304676249c7b08c36bb3ffba61) Importer(2089858483,b0f066a214c2f5e87bad3c948f4d605d)
Start importing Assets/Projects/GravityDash/kenney_ui-pack/Vector/Grey/star.svg using Guid(c14fbe304676249c7b08c36bb3ffba61) Importer(2089858483,b0f066a214c2f5e87bad3c948f4d605d) (ScriptedImporter) -> (artifact id: 'f21b53daf5c37cc893178ed37b782b57') in 0.0212293 seconds
Number of updated asset objects reloaded before import = 0Number of asset objects unloaded after import = 2

========================================================================
Received Import Request.
  Time since last request: 0.000035 seconds.
  path: Assets/Projects/GravityDash/kenney_ui-pack/Vector/Grey/icon_circle.svg
  artifactKey: Guid(2e867bacf9a3044d4b40e94512fb3066) Importer(2089858483,b0f066a214c2f5e87bad3c948f4d605d)
Start importing Assets/Projects/GravityDash/kenney_ui-pack/Vector/Grey/icon_circle.svg using Guid(2e867bacf9a3044d4b40e94512fb3066) Importer(2089858483,b0f066a214c2f5e87bad3c948f4d605d) (ScriptedImporter) -> (artifact id: 'f28e214f41585969ab256483be01277b') in 0.0225455 seconds
Number of updated asset objects reloaded before import = 0Number of asset objects unloaded after import = 1

========================================================================
Received Import Request.
  Time since last request: 0.000025 seconds.
  path: Assets/Projects/GravityDash/kenney_ui-pack/Vector/Blue/slide_horizontal_grey_section_wide.svg
  artifactKey: Guid(6a7813d3e3d1d4e848be7f16f7f086d9) Importer(2089858483,b0f066a214c2f5e87bad3c948f4d605d)
Start importing Assets/Projects/GravityDash/kenney_ui-pack/Vector/Blue/slide_horizontal_grey_section_wide.svg using Guid(6a7813d3e3d1d4e848be7f16f7f086d9) Importer(2089858483,b0f066a214c2f5e87bad3c948f4d605d) (ScriptedImporter) -> (artifact id: 'd0286d3058b1aa726d5af0964ddfb910') in 0.0225027 seconds
Number of updated asset objects reloaded before import = 0Number of asset objects unloaded after import = 1

========================================================================
Received Import Request.
  Time since last request: 0.000091 seconds.
  path: Assets/Projects/GravityDash/kenney_ui-pack/Vector/Red/button_square_depth_gradient.svg
  artifactKey: Guid(86f576f1e894642669d3c15e70d5650b) Importer(2089858483,b0f066a214c2f5e87bad3c948f4d605d)
Start importing Assets/Projects/GravityDash/kenney_ui-pack/Vector/Red/button_square_depth_gradient.svg using Guid(86f576f1e894642669d3c15e70d5650b) Importer(2089858483,b0f066a214c2f5e87bad3c948f4d605d) (ScriptedImporter) -> (artifact id: '9ad753e02386b8857fb90c1aea2c4578') in 0.0299425 seconds
Number of updated asset objects reloaded before import = 0Number of asset objects unloaded after import = 2

========================================================================
Received Import Request.
  Time since last request: 0.000031 seconds.
  path: Assets/Projects/GravityDash/kenney_ui-pack/Vector/Red/button_rectangle_depth_gloss.svg
  artifactKey: Guid(44ee177179e8e48a183de2c7330d7676) Importer(2089858483,b0f066a214c2f5e87bad3c948f4d605d)
Start importing Assets/Projects/GravityDash/kenney_ui-pack/Vector/Red/button_rectangle_depth_gloss.svg using Guid(44ee177179e8e48a183de2c7330d7676) Importer(2089858483,b0f066a214c2f5e87bad3c948f4d605d) (ScriptedImporter) -> (artifact id: '039084994d5cb3590693ef54cb165691') in 0.0229944 seconds
Number of updated asset objects reloaded before import = 0Number of asset objects unloaded after import = 1

========================================================================
Received Import Request.
  Time since last request: 0.000037 seconds.
  path: Assets/Projects/GravityDash/kenney_ui-pack/Vector/Green/arrow_decorative_s_small.svg
  artifactKey: Guid(963f184e9870f44d7a620ab66b088986) Importer(2089858483,b0f066a214c2f5e87bad3c948f4d605d)
Start importing Assets/Projects/GravityDash/kenney_ui-pack/Vector/Green/arrow_decorative_s_small.svg using Guid(963f184e9870f44d7a620ab66b088986) Importer(2089858483,b0f066a214c2f5e87bad3c948f4d605d) (ScriptedImporter) -> (artifact id: '717d90907395951c4aa382b567a52814') in 0.021151 seconds
Number of updated asset objects reloaded before import = 0Number of asset objects unloaded after import = 1

========================================================================
Received Import Request.
  Time since last request: 0.000084 seconds.
  path: Assets/Projects/GravityDash/kenney_ui-pack/Vector/Red/check_square_grey_cross.svg
  artifactKey: Guid(457da5a24513743958fd7af4a040c8a2) Importer(2089858483,b0f066a214c2f5e87bad3c948f4d605d)
Start importing Assets/Projects/GravityDash/kenney_ui-pack/Vector/Red/check_square_grey_cross.svg using Guid(457da5a24513743958fd7af4a040c8a2) Importer(2089858483,b0f066a214c2f5e87bad3c948f4d605d) (ScriptedImporter) -> (artifact id: '9dbd81ff23fcd0e9b7c300a4ac10bb78') in 0.0208558 seconds
Number of updated asset objects reloaded before import = 0Number of asset objects unloaded after import = 1

========================================================================
Received Import Request.
  Time since last request: 0.000028 seconds.
  path: Assets/Sprites/Cainos/Pixel Art Platformer - Village Props/Tileset Palette/TP Ground/TX Tileset Ground_100.asset
  artifactKey: Guid(2e6a403417fe9e742a8fbab3eda7214b) Importer(2089858483,b0f066a214c2f5e87bad3c948f4d605d)
Start importing Assets/Sprites/Cainos/Pixel Art Platformer - Village Props/Tileset Palette/TP Ground/TX Tileset Ground_100.asset using Guid(2e6a403417fe9e742a8fbab3eda7214b) Importer(2089858483,b0f066a214c2f5e87bad3c948f4d605d) (ScriptedImporter) -> (artifact id: '18b31e20b8c8bdf14bec58dd25ee8621') in 0.0203557 seconds
Number of updated asset objects reloaded before import = 0Number of asset objects unloaded after import = 2

========================================================================
Received Import Request.
  Time since last request: 0.000025 seconds.
  path: Assets/Projects/GravityDash/kenney_ui-pack/Vector/Yellow/check_round_round_circle.svg
  artifactKey: Guid(ff8e7b773e17245e7af1eb13a555d037) Importer(2089858483,b0f066a214c2f5e87bad3c948f4d605d)
Start importing Assets/Projects/GravityDash/kenney_ui-pack/Vector/Yellow/check_round_round_circle.svg using Guid(ff8e7b773e17245e7af1eb13a555d037) Importer(2089858483,b0f066a214c2f5e87bad3c948f4d605d) (ScriptedImporter) -> (artifact id: 'f012590e8f39e3a872f6863fff06b547') in 0.0199191 seconds
Number of updated asset objects reloaded before import = 0Number of asset objects unloaded after import = 1

========================================================================
Received Import Request.
  Time since last request: 0.000025 seconds.
  path: Assets/Projects/GravityDash/kenney_ui-pack/Vector/Yellow/button_rectangle_depth_border.svg
  artifactKey: Guid(e76e7d7b6fa404f5584f8c44ecb7e5d3) Importer(2089858483,b0f066a214c2f5e87bad3c948f4d605d)
Start importing Assets/Projects/GravityDash/kenney_ui-pack/Vector/Yellow/button_rectangle_depth_border.svg using Guid(e76e7d7b6fa404f5584f8c44ecb7e5d3) Importer(2089858483,b0f066a214c2f5e87bad3c948f4d605d) (ScriptedImporter) -> (artifact id: '7d07f9191497a1e30c437900d973804c') in 0.0209884 seconds
Number of updated asset objects reloaded before import = 0Number of asset objects unloaded after import = 1

========================================================================
Received Import Request.
  Time since last request: 0.000085 seconds.
  path: Assets/Sprites/Cainos/Pixel Art Platformer - Village Props/Tileset Palette/TP Ground/TX Tileset Ground_37.asset
  artifactKey: Guid(4b2821be5dcee8c40996a7f35f19ebc3) Importer(2089858483,b0f066a214c2f5e87bad3c948f4d605d)
Start importing Assets/Sprites/Cainos/Pixel Art Platformer - Village Props/Tileset Palette/TP Ground/TX Tileset Ground_37.asset using Guid(4b2821be5dcee8c40996a7f35f19ebc3) Importer(2089858483,b0f066a214c2f5e87bad3c948f4d605d) (ScriptedImporter) -> (artifact id: 'f39cdc5d75e55f93ea410915cb13763c') in 0.0155353 seconds
Number of updated asset objects reloaded before import = 0Number of asset objects unloaded after import = 2

========================================================================
Received Import Request.
  Time since last request: 0.000027 seconds.
  path: Assets/Projects/GravityDash/kenney_new-platformer-pack-1.1/Sprites/Characters/Default/character_purple_walk_b.png
  artifactKey: Guid(18269537882164601a44d9d798e40894) Importer(2089858483,b0f066a214c2f5e87bad3c948f4d605d)
Start importing Assets/Projects/GravityDash/kenney_new-platformer-pack-1.1/Sprites/Characters/Default/character_purple_walk_b.png using Guid(18269537882164601a44d9d798e40894) Importer(2089858483,b0f066a214c2f5e87bad3c948f4d605d) (ScriptedImporter) -> (artifact id: 'a238f0becbf948c48375bd4937dc6b33') in 0.0212308 seconds
Number of updated asset objects reloaded before import = 0Number of asset objects unloaded after import = 3

========================================================================
Received Import Request.
  Time since last request: 0.000025 seconds.
  path: Assets/Projects/GravityDash/kenney_new-platformer-pack-1.1/Sprites/Backgrounds/Double/background_color_hills.png
  artifactKey: Guid(215643f362c2f4b5ab7ee3d1ae56859f) Importer(2089858483,b0f066a214c2f5e87bad3c948f4d605d)
Start importing Assets/Projects/GravityDash/kenney_new-platformer-pack-1.1/Sprites/Backgrounds/Double/background_color_hills.png using Guid(215643f362c2f4b5ab7ee3d1ae56859f) Importer(2089858483,b0f066a214c2f5e87bad3c948f4d605d) (ScriptedImporter) -> (artifact id: 'c295db4ed6ede206184cbe6bdda9eb20') in 0.0213125 seconds
Number of updated asset objects reloaded before import = 0Number of asset objects unloaded after import = 3

========================================================================
Received Import Request.
  Time since last request: 0.000031 seconds.
  path: Assets/Projects/GravityDash/kenney_new-platformer-pack-1.1/Sprites/Enemies/Default/barnacle_attack_a.png
  artifactKey: Guid(850cbd86dad8747d199e9eb8f57183c1) Importer(2089858483,b0f066a214c2f5e87bad3c948f4d605d)
Start importing Assets/Projects/GravityDash/kenney_new-platformer-pack-1.1/Sprites/Enemies/Default/barnacle_attack_a.png using Guid(850cbd86dad8747d199e9eb8f57183c1) Importer(2089858483,b0f066a214c2f5e87bad3c948f4d605d) (ScriptedImporter) -> (artifact id: '89cc845b51d63e81fb8693e40c9a3e87') in 0.0211236 seconds
Number of updated asset objects reloaded before import = 0Number of asset objects unloaded after import = 3

========================================================================
Received Import Request.
  Time since last request: 0.000025 seconds.
  path: Assets/Projects/GravityDash/kenney_new-platformer-pack-1.1/Sprites/Backgrounds/Default/background_color_desert.png
  artifactKey: Guid(d5cc6992b0e934746b842c3b97f14799) Importer(2089858483,b0f066a214c2f5e87bad3c948f4d605d)
Start importing Assets/Projects/GravityDash/kenney_new-platformer-pack-1.1/Sprites/Backgrounds/Default/background_color_desert.png using Guid(d5cc6992b0e934746b842c3b97f14799) Importer(2089858483,b0f066a214c2f5e87bad3c948f4d605d) (ScriptedImporter) -> (artifact id: 'b7350d4018f0dc70b783844e9c60ad54') in 0.0223849 seconds
Number of updated asset objects reloaded before import = 0Number of asset objects unloaded after import = 3

========================================================================
Received Import Request.
  Time since last request: 0.000032 seconds.
  path: Assets/Sprites/Cainos/Pixel Art Platformer - Village Props/Tileset Palette/TP Ground/TX Tileset Ground_28.asset
  artifactKey: Guid(c1e8e06d567a8be40ae505b506e7254b) Importer(2089858483,b0f066a214c2f5e87bad3c948f4d605d)
Start importing Assets/Sprites/Cainos/Pixel Art Platformer - Village Props/Tileset Palette/TP Ground/TX Tileset Ground_28.asset using Guid(c1e8e06d567a8be40ae505b506e7254b) Importer(2089858483,b0f066a214c2f5e87bad3c948f4d605d) (ScriptedImporter) -> (artifact id: 'de1b25ca0ab17b0c34331900872ad791') in 0.0184483 seconds
Number of updated asset objects reloaded before import = 0Number of asset objects unloaded after import = 2

========================================================================
Received Import Request.
  Time since last request: 0.000030 seconds.
  path: Assets/Projects/GravityDash/kenney_new-platformer-pack-1.1/Sprites/Backgrounds/Default/background_clouds.png
  artifactKey: Guid(0aea30c2fc6a74b4bbfc338ce4caba6b) Importer(2089858483,b0f066a214c2f5e87bad3c948f4d605d)
Start importing Assets/Projects/GravityDash/kenney_new-platformer-pack-1.1/Sprites/Backgrounds/Default/background_clouds.png using Guid(0aea30c2fc6a74b4bbfc338ce4caba6b) Importer(2089858483,b0f066a214c2f5e87bad3c948f4d605d) (ScriptedImporter) -> (artifact id: '70a11a6cd65e5204928cb935d256595c') in 0.019193 seconds
Number of updated asset objects reloaded before import = 0Number of asset objects unloaded after import = 3

========================================================================
Received Import Request.
  Time since last request: 0.000033 seconds.
  path: Assets/Projects/GravityDash/kenney_new-platformer-pack-1.1/Sprites/Backgrounds/Double/background_color_desert.png
  artifactKey: Guid(a4bba63b79a404262ae3fd6ea665e0b1) Importer(2089858483,b0f066a214c2f5e87bad3c948f4d605d)
Start importing Assets/Projects/GravityDash/kenney_new-platformer-pack-1.1/Sprites/Backgrounds/Double/background_color_desert.png using Guid(a4bba63b79a404262ae3fd6ea665e0b1) Importer(2089858483,b0f066a214c2f5e87bad3c948f4d605d) (ScriptedImporter) -> (artifact id: 'c05699c59201cad324da86851dc45437') in 0.0284324 seconds
Number of updated asset objects reloaded before import = 0Number of asset objects unloaded after import = 3

========================================================================
Received Import Request.
  Time since last request: 0.000064 seconds.
  path: Assets/Projects/GravityDash/kenney_new-platformer-pack-1.1/Sprites/Enemies/Default/fish_yellow_rest.png
  artifactKey: Guid(f2808187d1eb6445f9ef8d57589bbeb3) Importer(2089858483,b0f066a214c2f5e87bad3c948f4d605d)
Start importing Assets/Projects/GravityDash/kenney_new-platformer-pack-1.1/Sprites/Enemies/Default/fish_yellow_rest.png using Guid(f2808187d1eb6445f9ef8d57589bbeb3) Importer(2089858483,b0f066a214c2f5e87bad3c948f4d605d) (ScriptedImporter) -> (artifact id: '0a1199e5863c81f002d4c6888ddd1518') in 0.0189574 seconds
Number of updated asset objects reloaded before import = 0Number of asset objects unloaded after import = 3

========================================================================
Received Import Request.
  Time since last request: 0.000028 seconds.
  path: Assets/Projects/GravityDash/kenney_new-platformer-pack-1.1/Sprites/Enemies/Default/fish_blue_rest.png
  artifactKey: Guid(72b502739008648c2a6dfe43782a87d9) Importer(2089858483,b0f066a214c2f5e87bad3c948f4d605d)
Start importing Assets/Projects/GravityDash/kenney_new-platformer-pack-1.1/Sprites/Enemies/Default/fish_blue_rest.png using Guid(72b502739008648c2a6dfe43782a87d9) Importer(2089858483,b0f066a214c2f5e87bad3c948f4d605d) (ScriptedImporter) -> (artifact id: 'a1fb3091f2fcede07530c4147fd55a3f') in 0.0283565 seconds
Number of updated asset objects reloaded before import = 0Number of asset objects unloaded after import = 3

========================================================================
Received Import Request.
  Time since last request: 0.000026 seconds.
  path: Assets/Projects/GravityDash/kenney_new-platformer-pack-1.1/Sprites/Characters/Default/character_pink_walk_a.png
  artifactKey: Guid(10fdd57f1b12942c69ac8c8057913593) Importer(2089858483,b0f066a214c2f5e87bad3c948f4d605d)
Start importing Assets/Projects/GravityDash/kenney_new-platformer-pack-1.1/Sprites/Characters/Default/character_pink_walk_a.png using Guid(10fdd57f1b12942c69ac8c8057913593) Importer(2089858483,b0f066a214c2f5e87bad3c948f4d605d) (ScriptedImporter) -> (artifact id: '33067f879f0e628f907af77b28e3e5df') in 0.0266839 seconds
Number of updated asset objects reloaded before import = 0Number of asset objects unloaded after import = 3

========================================================================
Received Import Request.
  Time since last request: 0.000036 seconds.
  path: Assets/Projects/GravityDash/kenney_new-platformer-pack-1.1/Sprites/Characters/Double/character_beige_hit.png
  artifactKey: Guid(2a815a505655742aa9f60f503d08b0ce) Importer(2089858483,b0f066a214c2f5e87bad3c948f4d605d)
Start importing Assets/Projects/GravityDash/kenney_new-platformer-pack-1.1/Sprites/Characters/Double/character_beige_hit.png using Guid(2a815a505655742aa9f60f503d08b0ce) Importer(2089858483,b0f066a214c2f5e87bad3c948f4d605d) (ScriptedImporter) -> (artifact id: '0b9f650e3d595f3da8ce49446f9ce96d') in 0.0275161 seconds
Number of updated asset objects reloaded before import = 0Number of asset objects unloaded after import = 3

========================================================================
Received Import Request.
  Time since last request: 0.000036 seconds.
  path: Assets/Projects/GravityDash/kenney_new-platformer-pack-1.1/Sprites/Characters/Double/character_purple_jump.png
  artifactKey: Guid(a03a476fa62fe46349c3c6a0362cbc01) Importer(2089858483,b0f066a214c2f5e87bad3c948f4d605d)
Start importing Assets/Projects/GravityDash/kenney_new-platformer-pack-1.1/Sprites/Characters/Double/character_purple_jump.png using Guid(a03a476fa62fe46349c3c6a0362cbc01) Importer(2089858483,b0f066a214c2f5e87bad3c948f4d605d) (ScriptedImporter) -> (artifact id: 'b92f8bf9d1b1cb13a9c3ca5ee0cf793a') in 0.0225282 seconds
Number of updated asset objects reloaded before import = 0Number of asset objects unloaded after import = 3

========================================================================
Received Import Request.
  Time since last request: 0.000033 seconds.
  path: Assets/Projects/GravityDash/kenney_new-platformer-pack-1.1/Sprites/Enemies/Default/slime_spike_rest.png
  artifactKey: Guid(5205b598cc6c1499a95176985a5b4bda) Importer(2089858483,b0f066a214c2f5e87bad3c948f4d605d)
Start importing Assets/Projects/GravityDash/kenney_new-platformer-pack-1.1/Sprites/Enemies/Default/slime_spike_rest.png using Guid(5205b598cc6c1499a95176985a5b4bda) Importer(2089858483,b0f066a214c2f5e87bad3c948f4d605d) (ScriptedImporter) -> (artifact id: '6ffce7948e5c49f2a0e155cf92c59e4e') in 0.0166318 seconds
Number of updated asset objects reloaded before import = 0Number of asset objects unloaded after import = 3

========================================================================
Received Import Request.
  Time since last request: 0.000027 seconds.
  path: Assets/Projects/GravityDash/kenney_new-platformer-pack-1.1/Sprites/Characters/Double/character_purple_climb_a.png
  artifactKey: Guid(fbe336e8bb0064744a53befa3a7981e8) Importer(2089858483,b0f066a214c2f5e87bad3c948f4d605d)
Start importing Assets/Projects/GravityDash/kenney_new-platformer-pack-1.1/Sprites/Characters/Double/character_purple_climb_a.png using Guid(fbe336e8bb0064744a53befa3a7981e8) Importer(2089858483,b0f066a214c2f5e87bad3c948f4d605d) (ScriptedImporter) -> (artifact id: 'f74c535bb39b1e5c25bf2fa2e53dc4a3') in 0.017829 seconds
Number of updated asset objects reloaded before import = 0Number of asset objects unloaded after import = 3

========================================================================
Received Import Request.
  Time since last request: 0.000036 seconds.
  path: Assets/Projects/GravityDash/kenney_new-platformer-pack-1.1/Sprites/Characters/Double/character_green_climb_a.png
  artifactKey: Guid(47fe6749c02b24ffda594f9569f1d355) Importer(2089858483,b0f066a214c2f5e87bad3c948f4d605d)
Start importing Assets/Projects/GravityDash/kenney_new-platformer-pack-1.1/Sprites/Characters/Double/character_green_climb_a.png using Guid(47fe6749c02b24ffda594f9569f1d355) Importer(2089858483,b0f066a214c2f5e87bad3c948f4d605d) (ScriptedImporter) -> (artifact id: '5ab433799d8d2ce94d3b8d8cb444b196') in 0.0184814 seconds
Number of updated asset objects reloaded before import = 0Number of asset objects unloaded after import = 3

========================================================================
Received Import Request.
  Time since last request: 0.000031 seconds.
  path: Assets/Sprites/Cainos/Pixel Art Platformer - Village Props/Tileset Palette/TP Ground/TX Tileset Ground_3.asset
  artifactKey: Guid(d6573f5efa2fa8048b202304dac39c9e) Importer(2089858483,b0f066a214c2f5e87bad3c948f4d605d)
Start importing Assets/Sprites/Cainos/Pixel Art Platformer - Village Props/Tileset Palette/TP Ground/TX Tileset Ground_3.asset using Guid(d6573f5efa2fa8048b202304dac39c9e) Importer(2089858483,b0f066a214c2f5e87bad3c948f4d605d) (ScriptedImporter) -> (artifact id: '53a67c302640d69e140c5dd5ec8d1cbb') in 0.0169705 seconds
Number of updated asset objects reloaded before import = 0Number of asset objects unloaded after import = 2

========================================================================
Received Import Request.
  Time since last request: 0.000031 seconds.
  path: Assets/Projects/GravityDash/kenney_new-platformer-pack-1.1/Sprites/Characters/Default/character_pink_duck.png
  artifactKey: Guid(db88e346fc55c4d9a85be671ac262979) Importer(2089858483,b0f066a214c2f5e87bad3c948f4d605d)
Start importing Assets/Projects/GravityDash/kenney_new-platformer-pack-1.1/Sprites/Characters/Default/character_pink_duck.png using Guid(db88e346fc55c4d9a85be671ac262979) Importer(2089858483,b0f066a214c2f5e87bad3c948f4d605d) (ScriptedImporter) -> (artifact id: '138227886fa105dce24fafd3ef1b8e7e') in 0.0186239 seconds
Number of updated asset objects reloaded before import = 0Number of asset objects unloaded after import = 3

========================================================================
Received Import Request.
  Time since last request: 0.000036 seconds.
  path: Assets/Projects/GravityDash/kenney_new-platformer-pack-1.1/Sprites/Characters/Double/character_purple_climb_b.png
  artifactKey: Guid(5ff417546d3f84fecb132da0bdf90119) Importer(2089858483,b0f066a214c2f5e87bad3c948f4d605d)
Start importing Assets/Projects/GravityDash/kenney_new-platformer-pack-1.1/Sprites/Characters/Double/character_purple_climb_b.png using Guid(5ff417546d3f84fecb132da0bdf90119) Importer(2089858483,b0f066a214c2f5e87bad3c948f4d605d) (ScriptedImporter) -> (artifact id: '145b69c6d1462b3974e76b96bfc63e73') in 0.0186982 seconds
Number of updated asset objects reloaded before import = 0Number of asset objects unloaded after import = 3

========================================================================
Received Import Request.
  Time since last request: 0.000027 seconds.
  path: Assets/Projects/GravityDash/kenney_new-platformer-pack-1.1/Sprites/Enemies/Default/slime_normal_walk_a.png
  artifactKey: Guid(bd3b733e79bc840cc816851b55cfb9fe) Importer(2089858483,b0f066a214c2f5e87bad3c948f4d605d)
Start importing Assets/Projects/GravityDash/kenney_new-platformer-pack-1.1/Sprites/Enemies/Default/slime_normal_walk_a.png using Guid(bd3b733e79bc840cc816851b55cfb9fe) Importer(2089858483,b0f066a214c2f5e87bad3c948f4d605d) (ScriptedImporter) -> (artifact id: '116166b2ca382629746cfbbbe66d6505') in 0.018623 seconds
Number of updated asset objects reloaded before import = 0Number of asset objects unloaded after import = 3

========================================================================
Received Import Request.
  Time since last request: 0.000020 seconds.
  path: Assets/Sprites/Cainos/Third Party/Lucid Editor/Runtime/PropertyGroupAttribute.cs
  artifactKey: Guid(7b392fbe0b30f41f5a72d7f6d4eb3164) Importer(2089858483,b0f066a214c2f5e87bad3c948f4d605d)
Start importing Assets/Sprites/Cainos/Third Party/Lucid Editor/Runtime/PropertyGroupAttribute.cs using Guid(7b392fbe0b30f41f5a72d7f6d4eb3164) Importer(2089858483,b0f066a214c2f5e87bad3c948f4d605d) (ScriptedImporter) -> (artifact id: '6c4d31fb83b8928e61d0b30bf2d706ae') in 0.0136379 seconds
Number of updated asset objects reloaded before import = 0Number of asset objects unloaded after import = 0

========================================================================
Received Import Request.
  Time since last request: 0.000165 seconds.
  path: Assets/Sprites/Cainos/Pixel Art Platformer - Village Props/Tileset Palette/TP Ground/TX Tileset Ground_55.asset
  artifactKey: Guid(421626d2e0c20134aab91c55b4ce632b) Importer(2089858483,b0f066a214c2f5e87bad3c948f4d605d)
Start importing Assets/Sprites/Cainos/Pixel Art Platformer - Village Props/Tileset Palette/TP Ground/TX Tileset Ground_55.asset using Guid(421626d2e0c20134aab91c55b4ce632b) Importer(2089858483,b0f066a214c2f5e87bad3c948f4d605d) (ScriptedImporter) -> (artifact id: 'ae92f6f4741469a07eb715b19abea065') in 0.0154691 seconds
Number of updated asset objects reloaded before import = 0Number of asset objects unloaded after import = 2

========================================================================
Received Import Request.
  Time since last request: 0.000051 seconds.
  path: Assets/Projects/GravityDash/kenney_new-platformer-pack-1.1/Sprites/Backgrounds/Default/background_solid_cloud.png
  artifactKey: Guid(5659d60d52f6e4a079f169e92df03802) Importer(2089858483,b0f066a214c2f5e87bad3c948f4d605d)
Start importing Assets/Projects/GravityDash/kenney_new-platformer-pack-1.1/Sprites/Backgrounds/Default/background_solid_cloud.png using Guid(5659d60d52f6e4a079f169e92df03802) Importer(2089858483,b0f066a214c2f5e87bad3c948f4d605d) (ScriptedImporter) -> (artifact id: '0f2b8dd58bc09590ff603720b25220e2') in 0.0187923 seconds
Number of updated asset objects reloaded before import = 0Number of asset objects unloaded after import = 3

========================================================================
Received Import Request.
  Time since last request: 0.000026 seconds.
  path: Assets/Projects/GravityDash/kenney_new-platformer-pack-1.1/Sprites/Characters/Default/character_yellow_climb_a.png
  artifactKey: Guid(ed5e9b1641c954a6bab5735642193428) Importer(2089858483,b0f066a214c2f5e87bad3c948f4d605d)
Start importing Assets/Projects/GravityDash/kenney_new-platformer-pack-1.1/Sprites/Characters/Default/character_yellow_climb_a.png using Guid(ed5e9b1641c954a6bab5735642193428) Importer(2089858483,b0f066a214c2f5e87bad3c948f4d605d) (ScriptedImporter) -> (artifact id: 'a22cb104edfab85c9e467e3102d561f9') in 0.0188393 seconds
Number of updated asset objects reloaded before import = 0Number of asset objects unloaded after import = 3

========================================================================
Received Import Request.
  Time since last request: 0.000046 seconds.
  path: Assets/Projects/GravityDash/kenney_new-platformer-pack-1.1/Sprites/Characters/Default/character_beige_climb_b.png
  artifactKey: Guid(ac8ee38e4f7e446daa363b9445a200d1) Importer(2089858483,b0f066a214c2f5e87bad3c948f4d605d)
Start importing Assets/Projects/GravityDash/kenney_new-platformer-pack-1.1/Sprites/Characters/Default/character_beige_climb_b.png using Guid(ac8ee38e4f7e446daa363b9445a200d1) Importer(2089858483,b0f066a214c2f5e87bad3c948f4d605d) (ScriptedImporter) -> (artifact id: '51a9852c15ed5e75d35c59a86a8517af') in 0.0210079 seconds
Number of updated asset objects reloaded before import = 0Number of asset objects unloaded after import = 3

========================================================================
Received Import Request.
  Time since last request: 0.000022 seconds.
  path: Assets/Projects/GravityDash/kenney_new-platformer-pack-1.1/Sprites/Enemies/Default/slime_block_walk_a.png
  artifactKey: Guid(f9a5edfcea213406faea1fe62a20e9ff) Importer(2089858483,b0f066a214c2f5e87bad3c948f4d605d)
Start importing Assets/Projects/GravityDash/kenney_new-platformer-pack-1.1/Sprites/Enemies/Default/slime_block_walk_a.png using Guid(f9a5edfcea213406faea1fe62a20e9ff) Importer(2089858483,b0f066a214c2f5e87bad3c948f4d605d) (ScriptedImporter) -> (artifact id: '3526d9423fcfe3202907a9cecdcb692a') in 0.0174078 seconds
Number of updated asset objects reloaded before import = 0Number of asset objects unloaded after import = 3

========================================================================
Received Import Request.
  Time since last request: 0.000023 seconds.
  path: Assets/Projects/GravityDash/kenney_new-platformer-pack-1.1/Sprites/Backgrounds/Default/background_fade_trees.png
  artifactKey: Guid(da0afc912812e4dfcb1946c7c6853bdd) Importer(2089858483,b0f066a214c2f5e87bad3c948f4d605d)
Start importing Assets/Projects/GravityDash/kenney_new-platformer-pack-1.1/Sprites/Backgrounds/Default/background_fade_trees.png using Guid(da0afc912812e4dfcb1946c7c6853bdd) Importer(2089858483,b0f066a214c2f5e87bad3c948f4d605d) (ScriptedImporter) -> (artifact id: '4b1db43752ef43c27a1dc29060377ad8') in 0.0169005 seconds
Number of updated asset objects reloaded before import = 0Number of asset objects unloaded after import = 3

========================================================================
Received Import Request.
  Time since last request: 0.000023 seconds.
  path: Assets/Projects/GravityDash/kenney_new-platformer-pack-1.1/Sprites/Characters/Default/character_beige_walk_a.png
  artifactKey: Guid(ae3d82045505445b7ba0956344c28b9b) Importer(2089858483,b0f066a214c2f5e87bad3c948f4d605d)
Start importing Assets/Projects/GravityDash/kenney_new-platformer-pack-1.1/Sprites/Characters/Default/character_beige_walk_a.png using Guid(ae3d82045505445b7ba0956344c28b9b) Importer(2089858483,b0f066a214c2f5e87bad3c948f4d605d) (ScriptedImporter) -> (artifact id: '9dd1a723fad897e5f040c97af6e1b5d5') in 0.018093 seconds
Number of updated asset objects reloaded before import = 0Number of asset objects unloaded after import = 3

========================================================================
Received Import Request.
  Time since last request: 0.000032 seconds.
  path: Assets/Sprites/Cainos/Pixel Art Platformer - Village Props/Tileset Palette/TP Ground/TX Tileset Ground_85.asset
  artifactKey: Guid(f3e660f6b5676434189b7c32454e6677) Importer(2089858483,b0f066a214c2f5e87bad3c948f4d605d)
Start importing Assets/Sprites/Cainos/Pixel Art Platformer - Village Props/Tileset Palette/TP Ground/TX Tileset Ground_85.asset using Guid(f3e660f6b5676434189b7c32454e6677) Importer(2089858483,b0f066a214c2f5e87bad3c948f4d605d) (ScriptedImporter) -> (artifact id: '8aea8f89351cbd07bb1801da1492f4e5') in 0.015183 seconds
Number of updated asset objects reloaded before import = 0Number of asset objects unloaded after import = 2

========================================================================
Received Import Request.
  Time since last request: 0.000020 seconds.
  path: Assets/Projects/GravityDash/kenney_new-platformer-pack-1.1/Sprites/Enemies/Default/slime_normal_walk_b.png
  artifactKey: Guid(d2628c30035cb447093c5f7297b470c0) Importer(2089858483,b0f066a214c2f5e87bad3c948f4d605d)
Start importing Assets/Projects/GravityDash/kenney_new-platformer-pack-1.1/Sprites/Enemies/Default/slime_normal_walk_b.png using Guid(d2628c30035cb447093c5f7297b470c0) Importer(2089858483,b0f066a214c2f5e87bad3c948f4d605d) (ScriptedImporter) -> (artifact id: '9090aafc8ac315a5a489f930402c6561') in 0.0184763 seconds
Number of updated asset objects reloaded before import = 0Number of asset objects unloaded after import = 3

========================================================================
Received Import Request.
  Time since last request: 0.000062 seconds.
  path: Assets/Projects/GravityDash/kenney_new-platformer-pack-1.1/Sprites/Enemies/Double/saw_a.png
  artifactKey: Guid(d7ecafe1e855344caa58b5cc7797e2bb) Importer(2089858483,b0f066a214c2f5e87bad3c948f4d605d)
Start importing Assets/Projects/GravityDash/kenney_new-platformer-pack-1.1/Sprites/Enemies/Double/saw_a.png using Guid(d7ecafe1e855344caa58b5cc7797e2bb) Importer(2089858483,b0f066a214c2f5e87bad3c948f4d605d) (ScriptedImporter) -> (artifact id: '67b3562be0747483c3c8a9b925e57395') in 0.0258987 seconds
Number of updated asset objects reloaded before import = 0Number of asset objects unloaded after import = 3

========================================================================
Received Import Request.
  Time since last request: 0.000026 seconds.
  path: Assets/Projects/GravityDash/kenney_new-platformer-pack-1.1/Sprites/Characters/Double/character_yellow_climb_a.png
  artifactKey: Guid(8493057fcb11948fc9098a9bbe2ac3cb) Importer(2089858483,b0f066a214c2f5e87bad3c948f4d605d)
Start importing Assets/Projects/GravityDash/kenney_new-platformer-pack-1.1/Sprites/Characters/Double/character_yellow_climb_a.png using Guid(8493057fcb11948fc9098a9bbe2ac3cb) Importer(2089858483,b0f066a214c2f5e87bad3c948f4d605d) (ScriptedImporter) -> (artifact id: '4f70894707db83ab5cd81e36230f03ef') in 0.0182923 seconds
Number of updated asset objects reloaded before import = 0Number of asset objects unloaded after import = 3

========================================================================
Received Import Request.
  Time since last request: 0.000047 seconds.
  path: Assets/Projects/GravityDash/kenney_new-platformer-pack-1.1/Sprites/Enemies/Double/saw_rest.png
  artifactKey: Guid(3fbd2606246244be08ff512e3d6e0b4b) Importer(2089858483,b0f066a214c2f5e87bad3c948f4d605d)
Start importing Assets/Projects/GravityDash/kenney_new-platformer-pack-1.1/Sprites/Enemies/Double/saw_rest.png using Guid(3fbd2606246244be08ff512e3d6e0b4b) Importer(2089858483,b0f066a214c2f5e87bad3c948f4d605d) (ScriptedImporter) -> (artifact id: '7cd0b5a12b510ce094a5c9f8b45e3a84') in 0.0207632 seconds
Number of updated asset objects reloaded before import = 0Number of asset objects unloaded after import = 3

========================================================================
Received Import Request.
  Time since last request: 0.000049 seconds.
  path: Assets/Projects/GravityDash/kenney_new-platformer-pack-1.1/Sprites/Enemies/Default/fly_a.png
  artifactKey: Guid(a02cb4453a9b34c3cabde1480ddecbcd) Importer(2089858483,b0f066a214c2f5e87bad3c948f4d605d)
Start importing Assets/Projects/GravityDash/kenney_new-platformer-pack-1.1/Sprites/Enemies/Default/fly_a.png using Guid(a02cb4453a9b34c3cabde1480ddecbcd) Importer(2089858483,b0f066a214c2f5e87bad3c948f4d605d) (ScriptedImporter) -> (artifact id: '32269c2a78923235618f5f0063ec8975') in 0.0179907 seconds
Number of updated asset objects reloaded before import = 0Number of asset objects unloaded after import = 3

========================================================================
Received Import Request.
  Time since last request: 0.000068 seconds.
  path: Assets/Projects/GravityDash/kenney_new-platformer-pack-1.1/Sprites/Enemies/Double/slime_fire_walk_a.png
  artifactKey: Guid(e76f371419b814269aae018f236b624b) Importer(2089858483,b0f066a214c2f5e87bad3c948f4d605d)
Start importing Assets/Projects/GravityDash/kenney_new-platformer-pack-1.1/Sprites/Enemies/Double/slime_fire_walk_a.png using Guid(e76f371419b814269aae018f236b624b) Importer(2089858483,b0f066a214c2f5e87bad3c948f4d605d) (ScriptedImporter) -> (artifact id: '4581a711fca73cb3b7dc391453fbc6e8') in 0.0178714 seconds
Number of updated asset objects reloaded before import = 0Number of asset objects unloaded after import = 3

========================================================================
Received Import Request.
  Time since last request: 0.000023 seconds.
  path: Assets/Projects/GravityDash/kenney_new-platformer-pack-1.1/Sprites/Enemies/Double/slime_spike_flat.png
  artifactKey: Guid(98bf4b13ff24f476095c2c7e37f5e36a) Importer(2089858483,b0f066a214c2f5e87bad3c948f4d605d)
Start importing Assets/Projects/GravityDash/kenney_new-platformer-pack-1.1/Sprites/Enemies/Double/slime_spike_flat.png using Guid(98bf4b13ff24f476095c2c7e37f5e36a) Importer(2089858483,b0f066a214c2f5e87bad3c948f4d605d) (ScriptedImporter) -> (artifact id: 'b245b959b6576cb48323187c7cb13176') in 0.0177088 seconds
Number of updated asset objects reloaded before import = 0Number of asset objects unloaded after import = 3

========================================================================
Received Import Request.
  Time since last request: 0.000026 seconds.
  path: Assets/Projects/GravityDash/kenney_new-platformer-pack-1.1/Sprites/Characters/Default/character_green_climb_a.png
  artifactKey: Guid(7f8b269008f2949ee825579d21dc8844) Importer(2089858483,b0f066a214c2f5e87bad3c948f4d605d)
Start importing Assets/Projects/GravityDash/kenney_new-platformer-pack-1.1/Sprites/Characters/Default/character_green_climb_a.png using Guid(7f8b269008f2949ee825579d21dc8844) Importer(2089858483,b0f066a214c2f5e87bad3c948f4d605d) (ScriptedImporter) -> (artifact id: '1deec2c1c134fa0e7665f7cf467b4360') in 0.0185571 seconds
Number of updated asset objects reloaded before import = 0Number of asset objects unloaded after import = 3

========================================================================
Received Import Request.
  Time since last request: 0.000025 seconds.
  path: Assets/Sprites/Cainos/Pixel Art Platformer - Village Props/Tileset Palette/TP Ground/TX Tileset Ground_80.asset
  artifactKey: Guid(3691634ade5c733478761aad99736aef) Importer(2089858483,b0f066a214c2f5e87bad3c948f4d605d)
Start importing Assets/Sprites/Cainos/Pixel Art Platformer - Village Props/Tileset Palette/TP Ground/TX Tileset Ground_80.asset using Guid(3691634ade5c733478761aad99736aef) Importer(2089858483,b0f066a214c2f5e87bad3c948f4d605d) (ScriptedImporter) -> (artifact id: '414769198f2237c1b1612068d8d45768') in 0.0141373 seconds
Number of updated asset objects reloaded before import = 0Number of asset objects unloaded after import = 2

========================================================================
Received Import Request.
  Time since last request: 0.000024 seconds.
  path: Assets/Projects/GravityDash/kenney_new-platformer-pack-1.1/Sprites/Characters/Default/character_pink_walk_b.png
  artifactKey: Guid(29c4aca9300674099a62b70684ab2327) Importer(2089858483,b0f066a214c2f5e87bad3c948f4d605d)
Start importing Assets/Projects/GravityDash/kenney_new-platformer-pack-1.1/Sprites/Characters/Default/character_pink_walk_b.png using Guid(29c4aca9300674099a62b70684ab2327) Importer(2089858483,b0f066a214c2f5e87bad3c948f4d605d) (ScriptedImporter) -> (artifact id: '7ad41cc2bbe9afe610b611ff8bc910fb') in 0.0247123 seconds
Number of updated asset objects reloaded before import = 0Number of asset objects unloaded after import = 3

========================================================================
Received Import Request.
  Time since last request: 0.000059 seconds.
  path: Assets/Projects/GravityDash/kenney_new-platformer-pack-1.1/Sprites/Enemies/Default/slime_block_jump.png
  artifactKey: Guid(40c89519d842345c6adbfd1118684a57) Importer(2089858483,b0f066a214c2f5e87bad3c948f4d605d)
Start importing Assets/Projects/GravityDash/kenney_new-platformer-pack-1.1/Sprites/Enemies/Default/slime_block_jump.png using Guid(40c89519d842345c6adbfd1118684a57) Importer(2089858483,b0f066a214c2f5e87bad3c948f4d605d) (ScriptedImporter) -> (artifact id: '8cdde3901166d395f159c28c8ce9a6ae') in 0.02453 seconds
Number of updated asset objects reloaded before import = 0Number of asset objects unloaded after import = 3

========================================================================
Received Import Request.
  Time since last request: 0.000028 seconds.
  path: Assets/Projects/GravityDash/kenney_new-platformer-pack-1.1/Sprites/Enemies/Default/saw_b.png
  artifactKey: Guid(5510f5786cdd0421095f9b88a774fb80) Importer(2089858483,b0f066a214c2f5e87bad3c948f4d605d)
Start importing Assets/Projects/GravityDash/kenney_new-platformer-pack-1.1/Sprites/Enemies/Default/saw_b.png using Guid(5510f5786cdd0421095f9b88a774fb80) Importer(2089858483,b0f066a214c2f5e87bad3c948f4d605d) (ScriptedImporter) -> (artifact id: '9e07b062d8202c8677901856ce683a4d') in 0.0229328 seconds
Number of updated asset objects reloaded before import = 0Number of asset objects unloaded after import = 3

========================================================================
Received Import Request.
  Time since last request: 0.000039 seconds.
  path: Assets/Sprites/Cainos/Pixel Art Platformer - Village Props/Tileset Palette/TP Ground/TX Tileset Ground_39.asset
  artifactKey: Guid(f5538472cb4277543954ce71eed32c04) Importer(2089858483,b0f066a214c2f5e87bad3c948f4d605d)
Start importing Assets/Sprites/Cainos/Pixel Art Platformer - Village Props/Tileset Palette/TP Ground/TX Tileset Ground_39.asset using Guid(f5538472cb4277543954ce71eed32c04) Importer(2089858483,b0f066a214c2f5e87bad3c948f4d605d) (ScriptedImporter) -> (artifact id: '1237767b836f9b289bcf64a545809514') in 0.016269 seconds
Number of updated asset objects reloaded before import = 0Number of asset objects unloaded after import = 2

========================================================================
Received Import Request.
  Time since last request: 0.000063 seconds.
  path: Assets/Projects/GravityDash/kenney_new-platformer-pack-1.1/Sprites/Enemies/Double/slime_normal_walk_a.png
  artifactKey: Guid(a7aec4ca9b68047ab8f094af9859b109) Importer(2089858483,b0f066a214c2f5e87bad3c948f4d605d)
Start importing Assets/Projects/GravityDash/kenney_new-platformer-pack-1.1/Sprites/Enemies/Double/slime_normal_walk_a.png using Guid(a7aec4ca9b68047ab8f094af9859b109) Importer(2089858483,b0f066a214c2f5e87bad3c948f4d605d) (ScriptedImporter) -> (artifact id: '33b3b51f3a3e5f1267e396b7c4b1313c') in 0.0182189 seconds
Number of updated asset objects reloaded before import = 0Number of asset objects unloaded after import = 3

========================================================================
Received Import Request.
  Time since last request: 0.000035 seconds.
  path: Assets/Projects/GravityDash/kenney_new-platformer-pack-1.1/Sprites/Characters/Default/character_yellow_front.png
  artifactKey: Guid(6d40cb831b1a84df883748fd75d5d71c) Importer(2089858483,b0f066a214c2f5e87bad3c948f4d605d)
Start importing Assets/Projects/GravityDash/kenney_new-platformer-pack-1.1/Sprites/Characters/Default/character_yellow_front.png using Guid(6d40cb831b1a84df883748fd75d5d71c) Importer(2089858483,b0f066a214c2f5e87bad3c948f4d605d) (ScriptedImporter) -> (artifact id: '16050c8212bd21d39b09f7afe8b24b34') in 0.0206248 seconds
Number of updated asset objects reloaded before import = 0Number of asset objects unloaded after import = 3

========================================================================
Received Import Request.
  Time since last request: 0.000033 seconds.
  path: Assets/Projects/GravityDash/kenney_new-platformer-pack-1.1/Sprites/Characters/Default/character_beige_duck.png
  artifactKey: Guid(032f482bab8fb4f5a81f37746e1c14c6) Importer(2089858483,b0f066a214c2f5e87bad3c948f4d605d)
Start importing Assets/Projects/GravityDash/kenney_new-platformer-pack-1.1/Sprites/Characters/Default/character_beige_duck.png using Guid(032f482bab8fb4f5a81f37746e1c14c6) Importer(2089858483,b0f066a214c2f5e87bad3c948f4d605d) (ScriptedImporter) -> (artifact id: 'fbd7be00e85edf06634066b3cc9bca49') in 0.0145578 seconds
Number of updated asset objects reloaded before import = 0Number of asset objects unloaded after import = 3

========================================================================
Received Import Request.
  Time since last request: 0.000024 seconds.
  path: Assets/Projects/GravityDash/kenney_new-platformer-pack-1.1/Sprites/Characters/Default/character_yellow_walk_a.png
  artifactKey: Guid(a7f78df0f8cec4b45b27c4a44579d29d) Importer(2089858483,b0f066a214c2f5e87bad3c948f4d605d)
Start importing Assets/Projects/GravityDash/kenney_new-platformer-pack-1.1/Sprites/Characters/Default/character_yellow_walk_a.png using Guid(a7f78df0f8cec4b45b27c4a44579d29d) Importer(2089858483,b0f066a214c2f5e87bad3c948f4d605d) (ScriptedImporter) -> (artifact id: '06366e963b5a6b5353afb0ba3cfc2f49') in 0.0188487 seconds
Number of updated asset objects reloaded before import = 0Number of asset objects unloaded after import = 3

========================================================================
Received Import Request.
  Time since last request: 0.000021 seconds.
  path: Assets/Sprites/Cainos/Pixel Art Platformer - Village Props/Tileset Palette/TP Ground/TX Tileset Ground_47.asset
  artifactKey: Guid(b263b7b95d50cfb40838eb0c7995df8f) Importer(2089858483,b0f066a214c2f5e87bad3c948f4d605d)
Start importing Assets/Sprites/Cainos/Pixel Art Platformer - Village Props/Tileset Palette/TP Ground/TX Tileset Ground_47.asset using Guid(b263b7b95d50cfb40838eb0c7995df8f) Importer(2089858483,b0f066a214c2f5e87bad3c948f4d605d) (ScriptedImporter) -> (artifact id: '61258b27f2dbcc5462100153bdfc7499') in 0.0149185 seconds
Number of updated asset objects reloaded before import = 0Number of asset objects unloaded after import = 2

========================================================================
Received Import Request.
  Time since last request: 0.000031 seconds.
  path: Assets/Sprites/Cainos/Pixel Art Platformer - Village Props/Tileset Palette/TP Ground/TX Tileset Ground_20.asset
  artifactKey: Guid(3b6a4513fd7fe3d4f86ed6eb63487143) Importer(2089858483,b0f066a214c2f5e87bad3c948f4d605d)
Start importing Assets/Sprites/Cainos/Pixel Art Platformer - Village Props/Tileset Palette/TP Ground/TX Tileset Ground_20.asset using Guid(3b6a4513fd7fe3d4f86ed6eb63487143) Importer(2089858483,b0f066a214c2f5e87bad3c948f4d605d) (ScriptedImporter) -> (artifact id: '9df7fdcf0d43a41e204822cca01ed4b7') in 0.0166029 seconds
Number of updated asset objects reloaded before import = 0Number of asset objects unloaded after import = 2

========================================================================
Received Import Request.
  Time since last request: 0.000028 seconds.
  path: Assets/Projects/GravityDash/kenney_new-platformer-pack-1.1/Sprites/Enemies/Default/frog_jump.png
  artifactKey: Guid(af5ff4e5b89634c769f45e03eccf5802) Importer(2089858483,b0f066a214c2f5e87bad3c948f4d605d)
Start importing Assets/Projects/GravityDash/kenney_new-platformer-pack-1.1/Sprites/Enemies/Default/frog_jump.png using Guid(af5ff4e5b89634c769f45e03eccf5802) Importer(2089858483,b0f066a214c2f5e87bad3c948f4d605d) (ScriptedImporter) -> (artifact id: 'a5a0cb5966fce4bfb20368db37966f4e') in 0.0151871 seconds
Number of updated asset objects reloaded before import = 0Number of asset objects unloaded after import = 3

========================================================================
Received Import Request.
  Time since last request: 0.000019 seconds.
  path: Assets/Projects/GravityDash/kenney_new-platformer-pack-1.1/Sprites/Enemies/Default/slime_normal_rest.png
  artifactKey: Guid(aea194786abd049bfa1633860861595b) Importer(2089858483,b0f066a214c2f5e87bad3c948f4d605d)
Start importing Assets/Projects/GravityDash/kenney_new-platformer-pack-1.1/Sprites/Enemies/Default/slime_normal_rest.png using Guid(aea194786abd049bfa1633860861595b) Importer(2089858483,b0f066a214c2f5e87bad3c948f4d605d) (ScriptedImporter) -> (artifact id: '4600692e2b4b2480aa290a30fd65501c') in 0.0339047 seconds
Number of updated asset objects reloaded before import = 0Number of asset objects unloaded after import = 3

========================================================================
Received Import Request.
  Time since last request: 0.000023 seconds.
  path: Assets/Sprites/Cainos/Pixel Art Platformer - Village Props/Tileset Palette/TP Ground/TX Tileset Ground_27.asset
  artifactKey: Guid(da05a3e89e55b01489b929be2a92a81a) Importer(2089858483,b0f066a214c2f5e87bad3c948f4d605d)
Start importing Assets/Sprites/Cainos/Pixel Art Platformer - Village Props/Tileset Palette/TP Ground/TX Tileset Ground_27.asset using Guid(da05a3e89e55b01489b929be2a92a81a) Importer(2089858483,b0f066a214c2f5e87bad3c948f4d605d) (ScriptedImporter) -> (artifact id: 'e5007428abc8c3c35c22485a27ce4f7c') in 0.0159518 seconds
Number of updated asset objects reloaded before import = 0Number of asset objects unloaded after import = 2

========================================================================
Received Import Request.
  Time since last request: 0.000030 seconds.
  path: Assets/Sprites/Cainos/Third Party/Lucid Editor/Runtime/Enum.cs
  artifactKey: Guid(79f719a60f0084736a0f921bbba77274) Importer(2089858483,b0f066a214c2f5e87bad3c948f4d605d)
Start importing Assets/Sprites/Cainos/Third Party/Lucid Editor/Runtime/Enum.cs using Guid(79f719a60f0084736a0f921bbba77274) Importer(2089858483,b0f066a214c2f5e87bad3c948f4d605d) (ScriptedImporter) -> (artifact id: 'ce97928b2b40234b91389651e587cd10') in 0.013587 seconds
Number of updated asset objects reloaded before import = 0Number of asset objects unloaded after import = 0

========================================================================
Received Import Request.
  Time since last request: 0.000143 seconds.
  path: Assets/Projects/GravityDash/kenney_new-platformer-pack-1.1/Sprites/Characters/Double/character_pink_duck.png
  artifactKey: Guid(af7cb5f0797e1460c873d34381f098df) Importer(2089858483,b0f066a214c2f5e87bad3c948f4d605d)
Start importing Assets/Projects/GravityDash/kenney_new-platformer-pack-1.1/Sprites/Characters/Double/character_pink_duck.png using Guid(af7cb5f0797e1460c873d34381f098df) Importer(2089858483,b0f066a214c2f5e87bad3c948f4d605d) (ScriptedImporter) -> (artifact id: 'b8aa49a1b470e54bb704740f4126056b') in 0.0340755 seconds
Number of updated asset objects reloaded before import = 0Number of asset objects unloaded after import = 3

========================================================================
Received Import Request.
  Time since last request: 0.000039 seconds.
  path: Assets/Projects/GravityDash/kenney_new-platformer-pack-1.1/Sprites/Enemies/Default/frog_rest.png
  artifactKey: Guid(034c03259b6b541efa18a739bd1e12d3) Importer(2089858483,b0f066a214c2f5e87bad3c948f4d605d)
Start importing Assets/Projects/GravityDash/kenney_new-platformer-pack-1.1/Sprites/Enemies/Default/frog_rest.png using Guid(034c03259b6b541efa18a739bd1e12d3) Importer(2089858483,b0f066a214c2f5e87bad3c948f4d605d) (ScriptedImporter) -> (artifact id: 'f3abe5e43e32502432b6544802df2f93') in 0.0322857 seconds
Number of updated asset objects reloaded before import = 0Number of asset objects unloaded after import = 3

========================================================================
Received Import Request.
  Time since last request: 0.000019 seconds.
  path: Assets/Sprites/Cainos/Pixel Art Platformer - Village Props/Tileset Palette/TP Ground/TX Tileset Ground_35.asset
  artifactKey: Guid(0ba9a9a782147074f8a089b2bb2e6be5) Importer(2089858483,b0f066a214c2f5e87bad3c948f4d605d)
Start importing Assets/Sprites/Cainos/Pixel Art Platformer - Village Props/Tileset Palette/TP Ground/TX Tileset Ground_35.asset using Guid(0ba9a9a782147074f8a089b2bb2e6be5) Importer(2089858483,b0f066a214c2f5e87bad3c948f4d605d) (ScriptedImporter) -> (artifact id: '0551330033faf1dccaee3870e446f0ff') in 0.0146115 seconds
Number of updated asset objects reloaded before import = 0Number of asset objects unloaded after import = 2

========================================================================
Received Import Request.
  Time since last request: 0.000034 seconds.
  path: Assets/Projects/GravityDash/kenney_new-platformer-pack-1.1/Sprites/Characters/Double/character_beige_idle.png
  artifactKey: Guid(1c5437bce3ee0422d803cc3c64e85f07) Importer(2089858483,b0f066a214c2f5e87bad3c948f4d605d)
Start importing Assets/Projects/GravityDash/kenney_new-platformer-pack-1.1/Sprites/Characters/Double/character_beige_idle.png using Guid(1c5437bce3ee0422d803cc3c64e85f07) Importer(2089858483,b0f066a214c2f5e87bad3c948f4d605d) (ScriptedImporter) -> (artifact id: '2b72620cce1a43d0b1ee2287aad4518d') in 0.0213676 seconds
Number of updated asset objects reloaded before import = 0Number of asset objects unloaded after import = 3

========================================================================
Received Import Request.
  Time since last request: 0.000025 seconds.
  path: Assets/Projects/GravityDash/kenney_new-platformer-pack-1.1/Sprites/Enemies/Default/worm_ring_move_a.png
  artifactKey: Guid(6abe0c93812dd4df1b8d1ff4e6e07593) Importer(2089858483,b0f066a214c2f5e87bad3c948f4d605d)
Start importing Assets/Projects/GravityDash/kenney_new-platformer-pack-1.1/Sprites/Enemies/Default/worm_ring_move_a.png using Guid(6abe0c93812dd4df1b8d1ff4e6e07593) Importer(2089858483,b0f066a214c2f5e87bad3c948f4d605d) (ScriptedImporter) -> (artifact id: '31162d17a65b3454185470be85eda846') in 0.0182354 seconds
Number of updated asset objects reloaded before import = 0Number of asset objects unloaded after import = 3

========================================================================
Received Import Request.
  Time since last request: 0.000033 seconds.
  path: Assets/Sprites/Cainos/Pixel Art Platformer - Village Props/Tileset Palette/TP Ground/TX Tileset Ground_72.asset
  artifactKey: Guid(26b39291c4ddfec4483eae6f8df29dbf) Importer(2089858483,b0f066a214c2f5e87bad3c948f4d605d)
Start importing Assets/Sprites/Cainos/Pixel Art Platformer - Village Props/Tileset Palette/TP Ground/TX Tileset Ground_72.asset using Guid(26b39291c4ddfec4483eae6f8df29dbf) Importer(2089858483,b0f066a214c2f5e87bad3c948f4d605d) (ScriptedImporter) -> (artifact id: 'b6e8bd0caa6e6c7669a11d8eee2117be') in 0.0152039 seconds
Number of updated asset objects reloaded before import = 0Number of asset objects unloaded after import = 2

========================================================================
Received Import Request.
  Time since last request: 0.000025 seconds.
  path: Assets/Projects/GravityDash/kenney_new-platformer-pack-1.1/Sprites/Backgrounds/Double/background_solid_sand.png
  artifactKey: Guid(c52a6db0f34664d08b3e6d4583616cd6) Importer(2089858483,b0f066a214c2f5e87bad3c948f4d605d)
Start importing Assets/Projects/GravityDash/kenney_new-platformer-pack-1.1/Sprites/Backgrounds/Double/background_solid_sand.png using Guid(c52a6db0f34664d08b3e6d4583616cd6) Importer(2089858483,b0f066a214c2f5e87bad3c948f4d605d) (ScriptedImporter) -> (artifact id: 'd2bd529361e6b05ead8b7cee32b68a30') in 0.0175828 seconds
Number of updated asset objects reloaded before import = 0Number of asset objects unloaded after import = 3

========================================================================
Received Import Request.
  Time since last request: 0.000036 seconds.
  path: Assets/Projects/GravityDash/kenney_new-platformer-pack-1.1/Sprites/Enemies/Default/fly_b.png
  artifactKey: Guid(dd70131142a984ca8a1c3a0c310d34f9) Importer(2089858483,b0f066a214c2f5e87bad3c948f4d605d)
Start importing Assets/Projects/GravityDash/kenney_new-platformer-pack-1.1/Sprites/Enemies/Default/fly_b.png using Guid(dd70131142a984ca8a1c3a0c310d34f9) Importer(2089858483,b0f066a214c2f5e87bad3c948f4d605d) (ScriptedImporter) -> (artifact id: '792a0db20ece8bb704a6eb84f5d80a28') in 0.0177515 seconds
Number of updated asset objects reloaded before import = 0Number of asset objects unloaded after import = 3

========================================================================
Received Import Request.
  Time since last request: 0.000025 seconds.
  path: Assets/Projects/GravityDash/kenney_new-platformer-pack-1.1/Sprites/Enemies/Double/ladybug_walk_a.png
  artifactKey: Guid(1f6f63d654e5641c3bc6db2eb3d7d53f) Importer(2089858483,b0f066a214c2f5e87bad3c948f4d605d)
Start importing Assets/Projects/GravityDash/kenney_new-platformer-pack-1.1/Sprites/Enemies/Double/ladybug_walk_a.png using Guid(1f6f63d654e5641c3bc6db2eb3d7d53f) Importer(2089858483,b0f066a214c2f5e87bad3c948f4d605d) (ScriptedImporter) -> (artifact id: 'd88603e87a5a8e44ca3d70ba4e4a99bb') in 0.0169231 seconds
Number of updated asset objects reloaded before import = 0Number of asset objects unloaded after import = 3

========================================================================
Received Import Request.
  Time since last request: 0.000020 seconds.
  path: Assets/Projects/GravityDash/kenney_new-platformer-pack-1.1/Sprites/Characters/Default/character_green_jump.png
  artifactKey: Guid(0a8a253fc2e384544870ee2285a6f9a1) Importer(2089858483,b0f066a214c2f5e87bad3c948f4d605d)
Start importing Assets/Projects/GravityDash/kenney_new-platformer-pack-1.1/Sprites/Characters/Default/character_green_jump.png using Guid(0a8a253fc2e384544870ee2285a6f9a1) Importer(2089858483,b0f066a214c2f5e87bad3c948f4d605d) (ScriptedImporter) -> (artifact id: '8ce9890a560b05cba0149ae4abc6d101') in 0.0186064 seconds
Number of updated asset objects reloaded before import = 0Number of asset objects unloaded after import = 3

========================================================================
Received Import Request.
  Time since last request: 0.000020 seconds.
  path: Assets/Projects/GravityDash/kenney_new-platformer-pack-1.1/Sprites/Enemies/Double/saw_b.png
  artifactKey: Guid(819c91e0e977c48958b3cbe694683102) Importer(2089858483,b0f066a214c2f5e87bad3c948f4d605d)
Start importing Assets/Projects/GravityDash/kenney_new-platformer-pack-1.1/Sprites/Enemies/Double/saw_b.png using Guid(819c91e0e977c48958b3cbe694683102) Importer(2089858483,b0f066a214c2f5e87bad3c948f4d605d) (ScriptedImporter) -> (artifact id: 'bb22c04a76cd14ee0edf7a67f9582757') in 0.0173167 seconds
Number of updated asset objects reloaded before import = 0Number of asset objects unloaded after import = 3

========================================================================
Received Import Request.
  Time since last request: 0.000022 seconds.
  path: Assets/Projects/GravityDash/kenney_new-platformer-pack-1.1/Sprites/Characters/Double/character_green_hit.png
  artifactKey: Guid(4dbf47ab54af34e0c8ee4b90e3d06739) Importer(2089858483,b0f066a214c2f5e87bad3c948f4d605d)
Start importing Assets/Projects/GravityDash/kenney_new-platformer-pack-1.1/Sprites/Characters/Double/character_green_hit.png using Guid(4dbf47ab54af34e0c8ee4b90e3d06739) Importer(2089858483,b0f066a214c2f5e87bad3c948f4d605d) (ScriptedImporter) -> (artifact id: 'dfaf13efa4c48ac6bfebfec469018cb2') in 0.0187359 seconds
Number of updated asset objects reloaded before import = 0Number of asset objects unloaded after import = 3

========================================================================
Received Import Request.
  Time since last request: 0.287581 seconds.
  path: Assets/Projects/GravityDash/kenney_new-platformer-pack-1.1/Sprites/Enemies/Double/snail_walk_b.png
  artifactKey: Guid(c6f69fb25c6e64ce5a54434d794dd37e) Importer(2089858483,b0f066a214c2f5e87bad3c948f4d605d)
Start importing Assets/Projects/GravityDash/kenney_new-platformer-pack-1.1/Sprites/Enemies/Double/snail_walk_b.png using Guid(c6f69fb25c6e64ce5a54434d794dd37e) Importer(2089858483,b0f066a214c2f5e87bad3c948f4d605d) (ScriptedImporter) -> (artifact id: 'e070809dea1fd83b469cf3c2c5bf7457') in 0.0180733 seconds
Number of updated asset objects reloaded before import = 0Number of asset objects unloaded after import = 3

========================================================================
Received Import Request.
  Time since last request: 0.000055 seconds.
  path: Assets/Projects/GravityDash/kenney_new-platformer-pack-1.1/Sprites/Tiles/Default/switch_red_pressed.png
  artifactKey: Guid(7eebf7e387dd64100a53c0f1f361de0a) Importer(2089858483,b0f066a214c2f5e87bad3c948f4d605d)
Start importing Assets/Projects/GravityDash/kenney_new-platformer-pack-1.1/Sprites/Tiles/Default/switch_red_pressed.png using Guid(7eebf7e387dd64100a53c0f1f361de0a) Importer(2089858483,b0f066a214c2f5e87bad3c948f4d605d) (ScriptedImporter) -> (artifact id: '22cbca78d97ab3aa6ca89aecfd2f31bb') in 0.0160702 seconds
Number of updated asset objects reloaded before import = 0Number of asset objects unloaded after import = 3

========================================================================
Received Import Request.
  Time since last request: 0.000022 seconds.
  path: Assets/Projects/GravityDash/kenney_new-platformer-pack-1.1/Sprites/Tiles/Default/terrain_snow_ramp_long_a.png
  artifactKey: Guid(0c5abb6af2b12436c9ab6c81f091ba49) Importer(2089858483,b0f066a214c2f5e87bad3c948f4d605d)
Start importing Assets/Projects/GravityDash/kenney_new-platformer-pack-1.1/Sprites/Tiles/Default/terrain_snow_ramp_long_a.png using Guid(0c5abb6af2b12436c9ab6c81f091ba49) Importer(2089858483,b0f066a214c2f5e87bad3c948f4d605d) (ScriptedImporter) -> (artifact id: '2b278fc7173933154dfe45c0a7666d68') in 0.0187635 seconds
Number of updated asset objects reloaded before import = 0Number of asset objects unloaded after import = 3

========================================================================
Received Import Request.
  Time since last request: 0.000027 seconds.
  path: Assets/Projects/GravityDash/kenney_new-platformer-pack-1.1/Sprites/Tiles/Default/brick_brown_diagonal.png
  artifactKey: Guid(1d6b625e3d85b40b6878438751de85a2) Importer(2089858483,b0f066a214c2f5e87bad3c948f4d605d)
Start importing Assets/Projects/GravityDash/kenney_new-platformer-pack-1.1/Sprites/Tiles/Default/brick_brown_diagonal.png using Guid(1d6b625e3d85b40b6878438751de85a2) Importer(2089858483,b0f066a214c2f5e87bad3c948f4d605d) (ScriptedImporter) -> (artifact id: '44875116c2b4e994395b83d604f8b2e4') in 0.015164 seconds
Number of updated asset objects reloaded before import = 0Number of asset objects unloaded after import = 3

========================================================================
Received Import Request.
  Time since last request: 0.000052 seconds.
  path: Assets/Projects/GravityDash/kenney_new-platformer-pack-1.1/Sprites/Tiles/Default/terrain_stone_vertical_bottom.png
  artifactKey: Guid(0e08c8b7776fc4afaa85d2016c4f9aa6) Importer(2089858483,b0f066a214c2f5e87bad3c948f4d605d)
Start importing Assets/Projects/GravityDash/kenney_new-platformer-pack-1.1/Sprites/Tiles/Default/terrain_stone_vertical_bottom.png using Guid(0e08c8b7776fc4afaa85d2016c4f9aa6) Importer(2089858483,b0f066a214c2f5e87bad3c948f4d605d) (ScriptedImporter) -> (artifact id: '259e6682e0e1035b45b4caef147e3b8c') in 0.0176791 seconds
Number of updated asset objects reloaded before import = 0Number of asset objects unloaded after import = 3

========================================================================
Received Import Request.
  Time since last request: 0.000021 seconds.
  path: Assets/Projects/GravityDash/kenney_new-platformer-pack-1.1/Sprites/Tiles/Default/terrain_grass_ramp_long_b.png
  artifactKey: Guid(94a1e6ffaa70e4739b360382055cafaf) Importer(2089858483,b0f066a214c2f5e87bad3c948f4d605d)
Start importing Assets/Projects/GravityDash/kenney_new-platformer-pack-1.1/Sprites/Tiles/Default/terrain_grass_ramp_long_b.png using Guid(94a1e6ffaa70e4739b360382055cafaf) Importer(2089858483,b0f066a214c2f5e87bad3c948f4d605d) (ScriptedImporter) -> (artifact id: '307e7a7b92ea71a617879ffae31bde0d') in 0.0191457 seconds
Number of updated asset objects reloaded before import = 0Number of asset objects unloaded after import = 3

========================================================================
Received Import Request.
  Time since last request: 0.000026 seconds.
  path: Assets/Projects/GravityDash/kenney_new-platformer-pack-1.1/Sprites/Tiles/Default/terrain_dirt_ramp_long_b.png
  artifactKey: Guid(bddfec5885cd44421ad981b3dcf5846d) Importer(2089858483,b0f066a214c2f5e87bad3c948f4d605d)
Start importing Assets/Projects/GravityDash/kenney_new-platformer-pack-1.1/Sprites/Tiles/Default/terrain_dirt_ramp_long_b.png using Guid(bddfec5885cd44421ad981b3dcf5846d) Importer(2089858483,b0f066a214c2f5e87bad3c948f4d605d) (ScriptedImporter) -> (artifact id: '517bd860b663f08c110d3583b4bedf28') in 0.019291 seconds
Number of updated asset objects reloaded before import = 0Number of asset objects unloaded after import = 3

========================================================================
Received Import Request.
  Time since last request: 0.000029 seconds.
  path: Assets/Projects/GravityDash/kenney_new-platformer-pack-1.1/Sprites/Tiles/Default/hud_coin.png
  artifactKey: Guid(132abf3495d354645ad5d46a911a4eec) Importer(2089858483,b0f066a214c2f5e87bad3c948f4d605d)
Start importing Assets/Projects/GravityDash/kenney_new-platformer-pack-1.1/Sprites/Tiles/Default/hud_coin.png using Guid(132abf3495d354645ad5d46a911a4eec) Importer(2089858483,b0f066a214c2f5e87bad3c948f4d605d) (ScriptedImporter) -> (artifact id: '11ef06a5464cccc0a169120c02d2539a') in 0.0147981 seconds
Number of updated asset objects reloaded before import = 0Number of asset objects unloaded after import = 3

========================================================================
Received Import Request.
  Time since last request: 0.000034 seconds.
  path: Assets/Projects/GravityDash/kenney_new-platformer-pack-1.1/Sprites/Tiles/Default/ramp.png
  artifactKey: Guid(5814d7638bf9d418caa1a6164c954bff) Importer(2089858483,b0f066a214c2f5e87bad3c948f4d605d)
Start importing Assets/Projects/GravityDash/kenney_new-platformer-pack-1.1/Sprites/Tiles/Default/ramp.png using Guid(5814d7638bf9d418caa1a6164c954bff) Importer(2089858483,b0f066a214c2f5e87bad3c948f4d605d) (ScriptedImporter) -> (artifact id: '7266198316684b5c535aa0a76ed3cb86') in 0.0160014 seconds
Number of updated asset objects reloaded before import = 0Number of asset objects unloaded after import = 3

========================================================================
Received Import Request.
  Time since last request: 0.000031 seconds.
  path: Assets/Projects/GravityDash/kenney_new-platformer-pack-1.1/Sprites/Tiles/Default/rock.png
  artifactKey: Guid(27a66aaba6cc547258773707c5500ebd) Importer(2089858483,b0f066a214c2f5e87bad3c948f4d605d)
Start importing Assets/Projects/GravityDash/kenney_new-platformer-pack-1.1/Sprites/Tiles/Default/rock.png using Guid(27a66aaba6cc547258773707c5500ebd) Importer(2089858483,b0f066a214c2f5e87bad3c948f4d605d) (ScriptedImporter) -> (artifact id: '658c9c4f402c4c8e74bb2badbd16831e') in 0.0181048 seconds
Number of updated asset objects reloaded before import = 0Number of asset objects unloaded after import = 3

========================================================================
Received Import Request.
  Time since last request: 0.000033 seconds.
  path: Assets/Projects/GravityDash/kenney_new-platformer-pack-1.1/Sprites/Tiles/Default/lever_left.png
  artifactKey: Guid(7dc12c474201840ea9d87e307b2deafa) Importer(2089858483,b0f066a214c2f5e87bad3c948f4d605d)
Start importing Assets/Projects/GravityDash/kenney_new-platformer-pack-1.1/Sprites/Tiles/Default/lever_left.png using Guid(7dc12c474201840ea9d87e307b2deafa) Importer(2089858483,b0f066a214c2f5e87bad3c948f4d605d) (ScriptedImporter) -> (artifact id: '8cedd32b70b49d6ce3feaf62123f0c89') in 0.0157143 seconds
Number of updated asset objects reloaded before import = 0Number of asset objects unloaded after import = 3

========================================================================
Received Import Request.
  Time since last request: 0.000031 seconds.
  path: Assets/Projects/GravityDash/kenney_new-platformer-pack-1.1/Sprites/Tiles/Default/terrain_sand_ramp_long_b.png
  artifactKey: Guid(c9934d796b41f4c6095f8250953feb57) Importer(2089858483,b0f066a214c2f5e87bad3c948f4d605d)
Start importing Assets/Projects/GravityDash/kenney_new-platformer-pack-1.1/Sprites/Tiles/Default/terrain_sand_ramp_long_b.png using Guid(c9934d796b41f4c6095f8250953feb57) Importer(2089858483,b0f066a214c2f5e87bad3c948f4d605d) (ScriptedImporter) -> (artifact id: '246e493432c5dd6f3b7fac44b7f43034') in 0.0145006 seconds
Number of updated asset objects reloaded before import = 0Number of asset objects unloaded after import = 3

========================================================================
Received Import Request.
  Time since last request: 0.000027 seconds.
  path: Assets/Projects/GravityDash/kenney_new-platformer-pack-1.1/Sprites/Tiles/Default/terrain_dirt_block_top_left.png
  artifactKey: Guid(b9629083c2f244dab8a5ca23fa22a48b) Importer(2089858483,b0f066a214c2f5e87bad3c948f4d605d)
Start importing Assets/Projects/GravityDash/kenney_new-platformer-pack-1.1/Sprites/Tiles/Default/terrain_dirt_block_top_left.png using Guid(b9629083c2f244dab8a5ca23fa22a48b) Importer(2089858483,b0f066a214c2f5e87bad3c948f4d605d) (ScriptedImporter) -> (artifact id: '020773b81c897756e062e24977074350') in 0.0163397 seconds
Number of updated asset objects reloaded before import = 0Number of asset objects unloaded after import = 3

========================================================================
Received Import Request.
  Time since last request: 0.000033 seconds.
  path: Assets/Projects/GravityDash/kenney_new-platformer-pack-1.1/Sprites/Tiles/Default/terrain_snow_cloud_background.png
  artifactKey: Guid(3a8462e27d2144aa082fa0562279d8b5) Importer(2089858483,b0f066a214c2f5e87bad3c948f4d605d)
Start importing Assets/Projects/GravityDash/kenney_new-platformer-pack-1.1/Sprites/Tiles/Default/terrain_snow_cloud_background.png using Guid(3a8462e27d2144aa082fa0562279d8b5) Importer(2089858483,b0f066a214c2f5e87bad3c948f4d605d) (ScriptedImporter) -> (artifact id: '5ee500df428b85f601b8ebbe0cde196c') in 0.0143823 seconds
Number of updated asset objects reloaded before import = 0Number of asset objects unloaded after import = 3

========================================================================
Received Import Request.
  Time since last request: 0.000018 seconds.
  path: Assets/Projects/GravityDash/kenney_new-platformer-pack-1.1/Sprites/Tiles/Default/terrain_snow_cloud_middle.png
  artifactKey: Guid(f2afcbd08e01340e5bcbcabab8b12eb2) Importer(2089858483,b0f066a214c2f5e87bad3c948f4d605d)
Start importing Assets/Projects/GravityDash/kenney_new-platformer-pack-1.1/Sprites/Tiles/Default/terrain_snow_cloud_middle.png using Guid(f2afcbd08e01340e5bcbcabab8b12eb2) Importer(2089858483,b0f066a214c2f5e87bad3c948f4d605d) (ScriptedImporter) -> (artifact id: '644a7e3ae740f9143b6337c661df761f') in 0.017448 seconds
Number of updated asset objects reloaded before import = 0Number of asset objects unloaded after import = 3

========================================================================
Received Import Request.
  Time since last request: 0.000025 seconds.
  path: Assets/Projects/GravityDash/kenney_new-platformer-pack-1.1/Sprites/Tiles/Default/terrain_sand_horizontal_overhang_left.png
  artifactKey: Guid(ab824a2f33064438e80ae9b6d8f82ae6) Importer(2089858483,b0f066a214c2f5e87bad3c948f4d605d)
Start importing Assets/Projects/GravityDash/kenney_new-platformer-pack-1.1/Sprites/Tiles/Default/terrain_sand_horizontal_overhang_left.png using Guid(ab824a2f33064438e80ae9b6d8f82ae6) Importer(2089858483,b0f066a214c2f5e87bad3c948f4d605d) (ScriptedImporter) -> (artifact id: '562791030a2c979192ce150d02584a7c') in 0.0177307 seconds
Number of updated asset objects reloaded before import = 0Number of asset objects unloaded after import = 3

========================================================================
Received Import Request.
  Time since last request: 0.000022 seconds.
  path: Assets/Projects/GravityDash/kenney_new-platformer-pack-1.1/Sprites/Tiles/Default/conveyor.png
  artifactKey: Guid(36907a95be47b4374a97de2176553503) Importer(2089858483,b0f066a214c2f5e87bad3c948f4d605d)
Start importing Assets/Projects/GravityDash/kenney_new-platformer-pack-1.1/Sprites/Tiles/Default/conveyor.png using Guid(36907a95be47b4374a97de2176553503) Importer(2089858483,b0f066a214c2f5e87bad3c948f4d605d) (ScriptedImporter) -> (artifact id: '292a0b2786a6e72ac83febe2bf4b7f1a') in 0.0178271 seconds
Number of updated asset objects reloaded before import = 0Number of asset objects unloaded after import = 3

========================================================================
Received Import Request.
  Time since last request: 0.000035 seconds.
  path: Assets/Projects/GravityDash/kenney_new-platformer-pack-1.1/Sprites/Tiles/Default/ladder_bottom.png
  artifactKey: Guid(8f84c4fbd19d948acbcf9daa3351dd6c) Importer(2089858483,b0f066a214c2f5e87bad3c948f4d605d)
Start importing Assets/Projects/GravityDash/kenney_new-platformer-pack-1.1/Sprites/Tiles/Default/ladder_bottom.png using Guid(8f84c4fbd19d948acbcf9daa3351dd6c) Importer(2089858483,b0f066a214c2f5e87bad3c948f4d605d) (ScriptedImporter) -> (artifact id: 'f3435fcb1d7cfcc4dca5b546eebccb48') in 0.0178977 seconds
Number of updated asset objects reloaded before import = 0Number of asset objects unloaded after import = 3

========================================================================
Received Import Request.
  Time since last request: 0.000021 seconds.
  path: Assets/Projects/GravityDash/kenney_new-platformer-pack-1.1/Sprites/Tiles/Default/gem_red.png
  artifactKey: Guid(76116571384834229b4bcc49393dc575) Importer(2089858483,b0f066a214c2f5e87bad3c948f4d605d)
Start importing Assets/Projects/GravityDash/kenney_new-platformer-pack-1.1/Sprites/Tiles/Default/gem_red.png using Guid(76116571384834229b4bcc49393dc575) Importer(2089858483,b0f066a214c2f5e87bad3c948f4d605d) (ScriptedImporter) -> (artifact id: '3195a7ac9cbe831ebfdeef34394636f0') in 0.0165702 seconds
Number of updated asset objects reloaded before import = 0Number of asset objects unloaded after import = 3

========================================================================
Received Import Request.
  Time since last request: 0.000033 seconds.
  path: Assets/Projects/GravityDash/kenney_new-platformer-pack-1.1/Sprites/Tiles/Default/terrain_sand_vertical_middle.png
  artifactKey: Guid(0ea0ac2533fd6441fa155ce2373308ab) Importer(2089858483,b0f066a214c2f5e87bad3c948f4d605d)
Start importing Assets/Projects/GravityDash/kenney_new-platformer-pack-1.1/Sprites/Tiles/Default/terrain_sand_vertical_middle.png using Guid(0ea0ac2533fd6441fa155ce2373308ab) Importer(2089858483,b0f066a214c2f5e87bad3c948f4d605d) (ScriptedImporter) -> (artifact id: 'ca62ed5096f9978156378a6435ee6725') in 0.0170477 seconds
Number of updated asset objects reloaded before import = 0Number of asset objects unloaded after import = 3

========================================================================
Received Import Request.
  Time since last request: 0.000030 seconds.
  path: Assets/Projects/GravityDash/kenney_new-platformer-pack-1.1/Sprites/Tiles/Default/terrain_purple_ramp_long_c.png
  artifactKey: Guid(5011bb5fd91844e4ab50505214d70a5b) Importer(2089858483,b0f066a214c2f5e87bad3c948f4d605d)
Start importing Assets/Projects/GravityDash/kenney_new-platformer-pack-1.1/Sprites/Tiles/Default/terrain_purple_ramp_long_c.png using Guid(5011bb5fd91844e4ab50505214d70a5b) Importer(2089858483,b0f066a214c2f5e87bad3c948f4d605d) (ScriptedImporter) -> (artifact id: 'a2e184cbda50ef812b758df79fbd3853') in 0.0171065 seconds
Number of updated asset objects reloaded before import = 0Number of asset objects unloaded after import = 3

========================================================================
Received Import Request.
  Time since last request: 0.000018 seconds.
  path: Assets/Projects/GravityDash/kenney_new-platformer-pack-1.1/Sprites/Tiles/Default/terrain_grass_block_left.png
  artifactKey: Guid(5bf3a589d46a44469aa71b95f7386540) Importer(2089858483,b0f066a214c2f5e87bad3c948f4d605d)
Start importing Assets/Projects/GravityDash/kenney_new-platformer-pack-1.1/Sprites/Tiles/Default/terrain_grass_block_left.png using Guid(5bf3a589d46a44469aa71b95f7386540) Importer(2089858483,b0f066a214c2f5e87bad3c948f4d605d) (ScriptedImporter) -> (artifact id: '0aed5ec9c57b315cb678ba6489f64a14') in 0.017942 seconds
Number of updated asset objects reloaded before import = 0Number of asset objects unloaded after import = 3

========================================================================
Received Import Request.
  Time since last request: 0.000024 seconds.
  path: Assets/Projects/GravityDash/kenney_new-platformer-pack-1.1/Sprites/Tiles/Default/hud_key_yellow.png
  artifactKey: Guid(aa2bf8c202cf844a8be56bf9bd865aa9) Importer(2089858483,b0f066a214c2f5e87bad3c948f4d605d)
Start importing Assets/Projects/GravityDash/kenney_new-platformer-pack-1.1/Sprites/Tiles/Default/hud_key_yellow.png using Guid(aa2bf8c202cf844a8be56bf9bd865aa9) Importer(2089858483,b0f066a214c2f5e87bad3c948f4d605d) (ScriptedImporter) -> (artifact id: '3155bd148f29471e603967c40a143b86') in 0.0161117 seconds
Number of updated asset objects reloaded before import = 0Number of asset objects unloaded after import = 3

========================================================================
Received Import Request.
  Time since last request: 0.000056 seconds.
  path: Assets/Projects/GravityDash/kenney_new-platformer-pack-1.1/Sprites/Tiles/Default/hud_character_2.png
  artifactKey: Guid(190dbf446eac4407fb0124d7e3058ee5) Importer(2089858483,b0f066a214c2f5e87bad3c948f4d605d)
Start importing Assets/Projects/GravityDash/kenney_new-platformer-pack-1.1/Sprites/Tiles/Default/hud_character_2.png using Guid(190dbf446eac4407fb0124d7e3058ee5) Importer(2089858483,b0f066a214c2f5e87bad3c948f4d605d) (ScriptedImporter) -> (artifact id: '9a5a91b81b7d4a19f473a68ec6fab85a') in 0.016963 seconds
Number of updated asset objects reloaded before import = 0Number of asset objects unloaded after import = 3

========================================================================
Received Import Request.
  Time since last request: 0.000027 seconds.
  path: Assets/Projects/GravityDash/kenney_new-platformer-pack-1.1/Sprites/Tiles/Default/gem_yellow.png
  artifactKey: Guid(fee9b286d8acc4cee95cfa518e6803ef) Importer(2089858483,b0f066a214c2f5e87bad3c948f4d605d)
Start importing Assets/Projects/GravityDash/kenney_new-platformer-pack-1.1/Sprites/Tiles/Default/gem_yellow.png using Guid(fee9b286d8acc4cee95cfa518e6803ef) Importer(2089858483,b0f066a214c2f5e87bad3c948f4d605d) (ScriptedImporter) -> (artifact id: 'e3669f9ce868e5d145c9522cd5f61312') in 0.0162826 seconds
Number of updated asset objects reloaded before import = 0Number of asset objects unloaded after import = 3

========================================================================
Received Import Request.
  Time since last request: 0.000040 seconds.
  path: Assets/Projects/GravityDash/kenney_new-platformer-pack-1.1/Sprites/Tiles/Default/terrain_sand_horizontal_overhang_right.png
  artifactKey: Guid(a25afb412d1134d9f9b870911ae6b833) Importer(2089858483,b0f066a214c2f5e87bad3c948f4d605d)
Start importing Assets/Projects/GravityDash/kenney_new-platformer-pack-1.1/Sprites/Tiles/Default/terrain_sand_horizontal_overhang_right.png using Guid(a25afb412d1134d9f9b870911ae6b833) Importer(2089858483,b0f066a214c2f5e87bad3c948f4d605d) (ScriptedImporter) -> (artifact id: 'e9aaf3274d0a8fc1ea28f69c9fc7ef59') in 0.0185166 seconds
Number of updated asset objects reloaded before import = 0Number of asset objects unloaded after import = 3

========================================================================
Received Import Request.
  Time since last request: 0.000032 seconds.
  path: Assets/Projects/GravityDash/kenney_new-platformer-pack-1.1/Sprites/Tiles/Default/terrain_stone_block.png
  artifactKey: Guid(71753c2e5761548858dafbbd8a33d76f) Importer(2089858483,b0f066a214c2f5e87bad3c948f4d605d)
Start importing Assets/Projects/GravityDash/kenney_new-platformer-pack-1.1/Sprites/Tiles/Default/terrain_stone_block.png using Guid(71753c2e5761548858dafbbd8a33d76f) Importer(2089858483,b0f066a214c2f5e87bad3c948f4d605d) (ScriptedImporter) -> (artifact id: '6f2a59ed5cc2fbee3c70def6071af1ad') in 0.0167181 seconds
Number of updated asset objects reloaded before import = 0Number of asset objects unloaded after import = 3

========================================================================
Received Import Request.
  Time since last request: 0.000020 seconds.
  path: Assets/Projects/GravityDash/kenney_new-platformer-pack-1.1/Sprites/Tiles/Default/brick_brown.png
  artifactKey: Guid(d7078fe4808544a26a7bfd3e5823850d) Importer(2089858483,b0f066a214c2f5e87bad3c948f4d605d)
Start importing Assets/Projects/GravityDash/kenney_new-platformer-pack-1.1/Sprites/Tiles/Default/brick_brown.png using Guid(d7078fe4808544a26a7bfd3e5823850d) Importer(2089858483,b0f066a214c2f5e87bad3c948f4d605d) (ScriptedImporter) -> (artifact id: '1b1ebce9e2865617136fa7556e5aedd0') in 0.0167953 seconds
Number of updated asset objects reloaded before import = 0Number of asset objects unloaded after import = 3

========================================================================
Received Import Request.
  Time since last request: 0.000032 seconds.
  path: Assets/Projects/GravityDash/kenney_new-platformer-pack-1.1/Sprites/Tiles/Default/terrain_dirt_horizontal_left.png
  artifactKey: Guid(324e35d8d013b40be996033ef8f37ad7) Importer(2089858483,b0f066a214c2f5e87bad3c948f4d605d)
Start importing Assets/Projects/GravityDash/kenney_new-platformer-pack-1.1/Sprites/Tiles/Default/terrain_dirt_horizontal_left.png using Guid(324e35d8d013b40be996033ef8f37ad7) Importer(2089858483,b0f066a214c2f5e87bad3c948f4d605d) (ScriptedImporter) -> (artifact id: '3d20b994711470da7f2e8e4913195890') in 0.0160589 seconds
Number of updated asset objects reloaded before import = 0Number of asset objects unloaded after import = 3

========================================================================
Received Import Request.
  Time since last request: 0.000034 seconds.
  path: Assets/Projects/GravityDash/kenney_new-platformer-pack-1.1/Sprites/Tiles/Default/terrain_dirt_vertical_top.png
  artifactKey: Guid(026f91dc67afb45a5b7df6b160f78e61) Importer(2089858483,b0f066a214c2f5e87bad3c948f4d605d)
Start importing Assets/Projects/GravityDash/kenney_new-platformer-pack-1.1/Sprites/Tiles/Default/terrain_dirt_vertical_top.png using Guid(026f91dc67afb45a5b7df6b160f78e61) Importer(2089858483,b0f066a214c2f5e87bad3c948f4d605d) (ScriptedImporter) -> (artifact id: 'ec66f3ca5f95e599a31ee76a3f9650e7') in 0.0169098 seconds
Number of updated asset objects reloaded before import = 0Number of asset objects unloaded after import = 3

========================================================================
Received Import Request.
  Time since last request: 0.000021 seconds.
  path: Assets/Projects/GravityDash/kenney_new-platformer-pack-1.1/Sprites/Tiles/Default/terrain_snow_block_top.png
  artifactKey: Guid(7a4c57a52c6d149b9a4afb91fbd09bfa) Importer(2089858483,b0f066a214c2f5e87bad3c948f4d605d)
Start importing Assets/Projects/GravityDash/kenney_new-platformer-pack-1.1/Sprites/Tiles/Default/terrain_snow_block_top.png using Guid(7a4c57a52c6d149b9a4afb91fbd09bfa) Importer(2089858483,b0f066a214c2f5e87bad3c948f4d605d) (ScriptedImporter) -> (artifact id: '32b7278a3da833b00902b0f5229756d1') in 0.0172969 seconds
Number of updated asset objects reloaded before import = 0Number of asset objects unloaded after import = 3

========================================================================
Received Import Request.
  Time since last request: 0.000023 seconds.
  path: Assets/Projects/GravityDash/kenney_new-platformer-pack-1.1/Sprites/Tiles/Default/saw.png
  artifactKey: Guid(1275afcd027bc42d39a38abb8e63971d) Importer(2089858483,b0f066a214c2f5e87bad3c948f4d605d)
Start importing Assets/Projects/GravityDash/kenney_new-platformer-pack-1.1/Sprites/Tiles/Default/saw.png using Guid(1275afcd027bc42d39a38abb8e63971d) Importer(2089858483,b0f066a214c2f5e87bad3c948f4d605d) (ScriptedImporter) -> (artifact id: '14545696926afd42afe3eff36ddce741') in 0.0165788 seconds
Number of updated asset objects reloaded before import = 0Number of asset objects unloaded after import = 3

========================================================================
Received Import Request.
  Time since last request: 0.000021 seconds.
  path: Assets/Projects/GravityDash/kenney_new-platformer-pack-1.1/Sprites/Tiles/Default/brick_grey_diagonal.png
  artifactKey: Guid(fc224c15b4f6b4478808e97b66750afb) Importer(2089858483,b0f066a214c2f5e87bad3c948f4d605d)
Start importing Assets/Projects/GravityDash/kenney_new-platformer-pack-1.1/Sprites/Tiles/Default/brick_grey_diagonal.png using Guid(fc224c15b4f6b4478808e97b66750afb) Importer(2089858483,b0f066a214c2f5e87bad3c948f4d605d) (ScriptedImporter) -> (artifact id: '9a53b8d2b9d3741980b3c94604a5cc3c') in 0.0174018 seconds
Number of updated asset objects reloaded before import = 0Number of asset objects unloaded after import = 3

========================================================================
Received Import Request.
  Time since last request: 0.000022 seconds.
  path: Assets/Projects/GravityDash/kenney_new-platformer-pack-1.1/Sprites/Tiles/Default/terrain_stone_ramp_short_a.png
  artifactKey: Guid(5bcf61b6366f8470db20c1cb0b87b584) Importer(2089858483,b0f066a214c2f5e87bad3c948f4d605d)
Start importing Assets/Projects/GravityDash/kenney_new-platformer-pack-1.1/Sprites/Tiles/Default/terrain_stone_ramp_short_a.png using Guid(5bcf61b6366f8470db20c1cb0b87b584) Importer(2089858483,b0f066a214c2f5e87bad3c948f4d605d) (ScriptedImporter) -> (artifact id: '5ddda6f280666f49710fb04b6364661c') in 0.0180011 seconds
Number of updated asset objects reloaded before import = 0Number of asset objects unloaded after import = 3

========================================================================
Received Import Request.
  Time since last request: 0.000019 seconds.
  path: Assets/Projects/GravityDash/kenney_new-platformer-pack-1.1/Sprites/Tiles/Default/terrain_snow_horizontal_overhang_right.png
  artifactKey: Guid(66d696c80eb6646a7a148b7ed56395af) Importer(2089858483,b0f066a214c2f5e87bad3c948f4d605d)
Start importing Assets/Projects/GravityDash/kenney_new-platformer-pack-1.1/Sprites/Tiles/Default/terrain_snow_horizontal_overhang_right.png using Guid(66d696c80eb6646a7a148b7ed56395af) Importer(2089858483,b0f066a214c2f5e87bad3c948f4d605d) (ScriptedImporter) -> (artifact id: '844b85f8ec2961423865248b7ce83ef7') in 0.0179735 seconds
Number of updated asset objects reloaded before import = 0Number of asset objects unloaded after import = 3

========================================================================
Received Import Request.
  Time since last request: 0.000021 seconds.
  path: Assets/Projects/GravityDash/kenney_new-platformer-pack-1.1/Sprites/Tiles/Default/lock_green.png
  artifactKey: Guid(a0f4d2b53daa8408ca0d69392b0e459e) Importer(2089858483,b0f066a214c2f5e87bad3c948f4d605d)
Start importing Assets/Projects/GravityDash/kenney_new-platformer-pack-1.1/Sprites/Tiles/Default/lock_green.png using Guid(a0f4d2b53daa8408ca0d69392b0e459e) Importer(2089858483,b0f066a214c2f5e87bad3c948f4d605d) (ScriptedImporter) -> (artifact id: 'd69aa230235cc0a39c384a7d33584c6a') in 0.0167334 seconds
Number of updated asset objects reloaded before import = 0Number of asset objects unloaded after import = 3

========================================================================
Received Import Request.
  Time since last request: 0.000025 seconds.
  path: Assets/Projects/GravityDash/kenney_new-platformer-pack-1.1/Sprites/Tiles/Default/bricks_brown.png
  artifactKey: Guid(61687dddbfe4743e787fdd20404aac65) Importer(2089858483,b0f066a214c2f5e87bad3c948f4d605d)
Start importing Assets/Projects/GravityDash/kenney_new-platformer-pack-1.1/Sprites/Tiles/Default/bricks_brown.png using Guid(61687dddbfe4743e787fdd20404aac65) Importer(2089858483,b0f066a214c2f5e87bad3c948f4d605d) (ScriptedImporter) -> (artifact id: '0c82de28a040164ff4e3a88c146eb8e1') in 0.0181066 seconds
Number of updated asset objects reloaded before import = 0Number of asset objects unloaded after import = 3

========================================================================
Received Import Request.
  Time since last request: 0.000076 seconds.
  path: Assets/Projects/GravityDash/kenney_new-platformer-pack-1.1/Sprites/Tiles/Default/terrain_grass_cloud_left.png
  artifactKey: Guid(fc3f5f16ef54a42a0a74a8113ca79bb6) Importer(2089858483,b0f066a214c2f5e87bad3c948f4d605d)
Start importing Assets/Projects/GravityDash/kenney_new-platformer-pack-1.1/Sprites/Tiles/Default/terrain_grass_cloud_left.png using Guid(fc3f5f16ef54a42a0a74a8113ca79bb6) Importer(2089858483,b0f066a214c2f5e87bad3c948f4d605d) (ScriptedImporter) -> (artifact id: '419454fbffad8bf5280d119092d70804') in 0.0184474 seconds
Number of updated asset objects reloaded before import = 0Number of asset objects unloaded after import = 3

========================================================================
Received Import Request.
  Time since last request: 0.000022 seconds.
  path: Assets/Projects/GravityDash/kenney_new-platformer-pack-1.1/Sprites/Tiles/Default/chain.png
  artifactKey: Guid(31e08ac43d3974e90adccfa32356f84d) Importer(2089858483,b0f066a214c2f5e87bad3c948f4d605d)
Start importing Assets/Projects/GravityDash/kenney_new-platformer-pack-1.1/Sprites/Tiles/Default/chain.png using Guid(31e08ac43d3974e90adccfa32356f84d) Importer(2089858483,b0f066a214c2f5e87bad3c948f4d605d) (ScriptedImporter) -> (artifact id: 'a85162296aceaae243db11676e2f8f1b') in 0.0164792 seconds
Number of updated asset objects reloaded before import = 0Number of asset objects unloaded after import = 3

========================================================================
Received Import Request.
  Time since last request: 0.000030 seconds.
  path: Assets/Projects/GravityDash/kenney_new-platformer-pack-1.1/Sprites/Tiles/Default/lock_blue.png
  artifactKey: Guid(d284e4ba63e8346b98009165a2c42c2b) Importer(2089858483,b0f066a214c2f5e87bad3c948f4d605d)
Start importing Assets/Projects/GravityDash/kenney_new-platformer-pack-1.1/Sprites/Tiles/Default/lock_blue.png using Guid(d284e4ba63e8346b98009165a2c42c2b) Importer(2089858483,b0f066a214c2f5e87bad3c948f4d605d) (ScriptedImporter) -> (artifact id: '732efdf4fc580733360f65e1e66bba55') in 0.0149316 seconds
Number of updated asset objects reloaded before import = 0Number of asset objects unloaded after import = 3

========================================================================
Received Import Request.
  Time since last request: 0.000021 seconds.
  path: Assets/Projects/GravityDash/kenney_new-platformer-pack-1.1/Sprites/Tiles/Default/hud_player_helmet_yellow.png
  artifactKey: Guid(0b6e85dad52f84c929db62733677fe9a) Importer(2089858483,b0f066a214c2f5e87bad3c948f4d605d)
Start importing Assets/Projects/GravityDash/kenney_new-platformer-pack-1.1/Sprites/Tiles/Default/hud_player_helmet_yellow.png using Guid(0b6e85dad52f84c929db62733677fe9a) Importer(2089858483,b0f066a214c2f5e87bad3c948f4d605d) (ScriptedImporter) -> (artifact id: '53b8b6ef83d4c662e43bbf90a3baa023') in 0.0180027 seconds
Number of updated asset objects reloaded before import = 0Number of asset objects unloaded after import = 3

========================================================================
Received Import Request.
  Time since last request: 0.000030 seconds.
  path: Assets/Projects/GravityDash/kenney_new-platformer-pack-1.1/Sprites/Tiles/Default/terrain_stone_block_top_right.png
  artifactKey: Guid(b9789f73fb1e64ab6957a6f32a0d0fab) Importer(2089858483,b0f066a214c2f5e87bad3c948f4d605d)
Start importing Assets/Projects/GravityDash/kenney_new-platformer-pack-1.1/Sprites/Tiles/Default/terrain_stone_block_top_right.png using Guid(b9789f73fb1e64ab6957a6f32a0d0fab) Importer(2089858483,b0f066a214c2f5e87bad3c948f4d605d) (ScriptedImporter) -> (artifact id: 'f95cfeec0a715053d839b8e0c9b84e66') in 0.0189378 seconds
Number of updated asset objects reloaded before import = 0Number of asset objects unloaded after import = 3

========================================================================
Received Import Request.
  Time since last request: 0.000020 seconds.
  path: Assets/Projects/GravityDash/kenney_new-platformer-pack-1.1/Sprites/Tiles/Default/star.png
  artifactKey: Guid(020f15834d4464be9be885d7e177a5b7) Importer(2089858483,b0f066a214c2f5e87bad3c948f4d605d)
Start importing Assets/Projects/GravityDash/kenney_new-platformer-pack-1.1/Sprites/Tiles/Default/star.png using Guid(020f15834d4464be9be885d7e177a5b7) Importer(2089858483,b0f066a214c2f5e87bad3c948f4d605d) (ScriptedImporter) -> (artifact id: 'fbe192cb146c35028dcc20281209cc93') in 0.016848 seconds
Number of updated asset objects reloaded before import = 0Number of asset objects unloaded after import = 3

========================================================================
Received Import Request.
  Time since last request: 0.000019 seconds.
  path: Assets/Projects/GravityDash/kenney_new-platformer-pack-1.1/Sprites/Tiles/Default/terrain_stone_horizontal_overhang_left.png
  artifactKey: Guid(d66b088e7bbb6410d8363a09aafc855e) Importer(2089858483,b0f066a214c2f5e87bad3c948f4d605d)
Start importing Assets/Projects/GravityDash/kenney_new-platformer-pack-1.1/Sprites/Tiles/Default/terrain_stone_horizontal_overhang_left.png using Guid(d66b088e7bbb6410d8363a09aafc855e) Importer(2089858483,b0f066a214c2f5e87bad3c948f4d605d) (ScriptedImporter) -> (artifact id: '1f50b7f9346325bd4225542d1a50aec9') in 0.0176899 seconds
Number of updated asset objects reloaded before import = 0Number of asset objects unloaded after import = 3

========================================================================
Received Import Request.
  Time since last request: 0.000030 seconds.
  path: Assets/Projects/GravityDash/kenney_new-platformer-pack-1.1/Sprites/Tiles/Double/block_empty_warning.png
  artifactKey: Guid(3fbda50636c6d4c4fb1555bc4e101efe) Importer(2089858483,b0f066a214c2f5e87bad3c948f4d605d)
Start importing Assets/Projects/GravityDash/kenney_new-platformer-pack-1.1/Sprites/Tiles/Double/block_empty_warning.png using Guid(3fbda50636c6d4c4fb1555bc4e101efe) Importer(2089858483,b0f066a214c2f5e87bad3c948f4d605d) (ScriptedImporter) -> (artifact id: '8d7f370e049652215529989b7f4ca975') in 0.0169422 seconds
Number of updated asset objects reloaded before import = 0Number of asset objects unloaded after import = 3

========================================================================
Received Import Request.
  Time since last request: 0.000020 seconds.
  path: Assets/Projects/GravityDash/kenney_new-platformer-pack-1.1/Sprites/Tiles/Default/terrain_dirt_horizontal_middle.png
  artifactKey: Guid(4b7813e9a5a0d4e7c9e9f7ff67897249) Importer(2089858483,b0f066a214c2f5e87bad3c948f4d605d)
Start importing Assets/Projects/GravityDash/kenney_new-platformer-pack-1.1/Sprites/Tiles/Default/terrain_dirt_horizontal_middle.png using Guid(4b7813e9a5a0d4e7c9e9f7ff67897249) Importer(2089858483,b0f066a214c2f5e87bad3c948f4d605d) (ScriptedImporter) -> (artifact id: '37d6eb3bf61f17d0d05568c546e5882a') in 0.015316 seconds
Number of updated asset objects reloaded before import = 0Number of asset objects unloaded after import = 3

========================================================================
Received Import Request.
  Time since last request: 0.000022 seconds.
  path: Assets/Projects/GravityDash/kenney_new-platformer-pack-1.1/Sprites/Tiles/Default/terrain_dirt_block_right.png
  artifactKey: Guid(be46dfec669ad4f1091505ad7aebee05) Importer(2089858483,b0f066a214c2f5e87bad3c948f4d605d)
Start importing Assets/Projects/GravityDash/kenney_new-platformer-pack-1.1/Sprites/Tiles/Default/terrain_dirt_block_right.png using Guid(be46dfec669ad4f1091505ad7aebee05) Importer(2089858483,b0f066a214c2f5e87bad3c948f4d605d) (ScriptedImporter) -> (artifact id: 'd932646012643371c7733c3a321105e4') in 0.0182849 seconds
Number of updated asset objects reloaded before import = 0Number of asset objects unloaded after import = 3

========================================================================
Received Import Request.
  Time since last request: 0.000019 seconds.
  path: Assets/Projects/GravityDash/kenney_new-platformer-pack-1.1/Sprites/Tiles/Default/terrain_stone_vertical_top.png
  artifactKey: Guid(a720956ddc4734392b10009a0e5770d3) Importer(2089858483,b0f066a214c2f5e87bad3c948f4d605d)
Start importing Assets/Projects/GravityDash/kenney_new-platformer-pack-1.1/Sprites/Tiles/Default/terrain_stone_vertical_top.png using Guid(a720956ddc4734392b10009a0e5770d3) Importer(2089858483,b0f066a214c2f5e87bad3c948f4d605d) (ScriptedImporter) -> (artifact id: '06c2592067cb5b092d6c4d043d3bd875') in 0.0187416 seconds
Number of updated asset objects reloaded before import = 0Number of asset objects unloaded after import = 3

========================================================================
Received Import Request.
  Time since last request: 0.000031 seconds.
  path: Assets/Projects/GravityDash/kenney_new-platformer-pack-1.1/Sprites/Tiles/Default/bush.png
  artifactKey: Guid(2d9e4de0f55e643c593a45098644c934) Importer(2089858483,b0f066a214c2f5e87bad3c948f4d605d)
Start importing Assets/Projects/GravityDash/kenney_new-platformer-pack-1.1/Sprites/Tiles/Default/bush.png using Guid(2d9e4de0f55e643c593a45098644c934) Importer(2089858483,b0f066a214c2f5e87bad3c948f4d605d) (ScriptedImporter) -> (artifact id: '9b44f39e77a158031a86b1dfe12a289b') in 0.0163358 seconds
Number of updated asset objects reloaded before import = 0Number of asset objects unloaded after import = 3

========================================================================
Received Import Request.
  Time since last request: 0.000032 seconds.
  path: Assets/Projects/GravityDash/kenney_new-platformer-pack-1.1/Sprites/Tiles/Default/terrain_grass_block_top_right.png
  artifactKey: Guid(57e1dc28b826e4d7ea2a3eb137637380) Importer(2089858483,b0f066a214c2f5e87bad3c948f4d605d)
Start importing Assets/Projects/GravityDash/kenney_new-platformer-pack-1.1/Sprites/Tiles/Default/terrain_grass_block_top_right.png using Guid(57e1dc28b826e4d7ea2a3eb137637380) Importer(2089858483,b0f066a214c2f5e87bad3c948f4d605d) (ScriptedImporter) -> (artifact id: '06f193bbeac443dc714a639357615576') in 0.0167694 seconds
Number of updated asset objects reloaded before import = 0Number of asset objects unloaded after import = 3

========================================================================
Received Import Request.
  Time since last request: 0.000019 seconds.
  path: Assets/Projects/GravityDash/kenney_new-platformer-pack-1.1/Sprites/Tiles/Default/block_yellow.png
  artifactKey: Guid(fa785c99c71394fc085fb8f446b04120) Importer(2089858483,b0f066a214c2f5e87bad3c948f4d605d)
Start importing Assets/Projects/GravityDash/kenney_new-platformer-pack-1.1/Sprites/Tiles/Default/block_yellow.png using Guid(fa785c99c71394fc085fb8f446b04120) Importer(2089858483,b0f066a214c2f5e87bad3c948f4d605d) (ScriptedImporter) -> (artifact id: '8bcb449e18cc46e78c513e194da77ad7') in 0.0179068 seconds
Number of updated asset objects reloaded before import = 0Number of asset objects unloaded after import = 3

========================================================================
Received Import Request.
  Time since last request: 0.000022 seconds.
  path: Assets/Projects/GravityDash/kenney_new-platformer-pack-1.1/Sprites/Tiles/Default/terrain_grass_cloud_right.png
  artifactKey: Guid(209f18da7f12e4d5d8eea602e985698e) Importer(2089858483,b0f066a214c2f5e87bad3c948f4d605d)
Start importing Assets/Projects/GravityDash/kenney_new-platformer-pack-1.1/Sprites/Tiles/Default/terrain_grass_cloud_right.png using Guid(209f18da7f12e4d5d8eea602e985698e) Importer(2089858483,b0f066a214c2f5e87bad3c948f4d605d) (ScriptedImporter) -> (artifact id: '39a690bc95b7de1afe660c5c2044d219') in 0.0180107 seconds
Number of updated asset objects reloaded before import = 0Number of asset objects unloaded after import = 3

========================================================================
Received Import Request.
  Time since last request: 0.000031 seconds.
  path: Assets/Projects/GravityDash/kenney_new-platformer-pack-1.1/Sprites/Tiles/Default/water.png
  artifactKey: Guid(3148d001e5b2d4f33acb6ab474d8a064) Importer(2089858483,b0f066a214c2f5e87bad3c948f4d605d)
Start importing Assets/Projects/GravityDash/kenney_new-platformer-pack-1.1/Sprites/Tiles/Default/water.png using Guid(3148d001e5b2d4f33acb6ab474d8a064) Importer(2089858483,b0f066a214c2f5e87bad3c948f4d605d) (ScriptedImporter) -> (artifact id: '2cb8afebcb2775e9795978c7662e4008') in 0.0184129 seconds
Number of updated asset objects reloaded before import = 0Number of asset objects unloaded after import = 3

========================================================================
Received Import Request.
  Time since last request: 0.000019 seconds.
  path: Assets/Projects/GravityDash/kenney_new-platformer-pack-1.1/Sprites/Tiles/Default/terrain_purple_block_center.png
  artifactKey: Guid(1e24518b436824efca65e4c53f8c41bf) Importer(2089858483,b0f066a214c2f5e87bad3c948f4d605d)
Start importing Assets/Projects/GravityDash/kenney_new-platformer-pack-1.1/Sprites/Tiles/Default/terrain_purple_block_center.png using Guid(1e24518b436824efca65e4c53f8c41bf) Importer(2089858483,b0f066a214c2f5e87bad3c948f4d605d) (ScriptedImporter) -> (artifact id: 'bfd99137fa697060d5fcf5288277ce2e') in 0.0177592 seconds
Number of updated asset objects reloaded before import = 0Number of asset objects unloaded after import = 3

========================================================================
Received Import Request.
  Time since last request: 0.000034 seconds.
  path: Assets/Projects/GravityDash/kenney_new-platformer-pack-1.1/Sprites/Tiles/Default/terrain_snow_horizontal_overhang_left.png
  artifactKey: Guid(2e94c0b7336e64a08bf775a472a5c26b) Importer(2089858483,b0f066a214c2f5e87bad3c948f4d605d)
Start importing Assets/Projects/GravityDash/kenney_new-platformer-pack-1.1/Sprites/Tiles/Default/terrain_snow_horizontal_overhang_left.png using Guid(2e94c0b7336e64a08bf775a472a5c26b) Importer(2089858483,b0f066a214c2f5e87bad3c948f4d605d) (ScriptedImporter) -> (artifact id: '5f75ec3b6208de7089a256101f02893a') in 0.0184227 seconds
Number of updated asset objects reloaded before import = 0Number of asset objects unloaded after import = 3

========================================================================
Received Import Request.
  Time since last request: 0.000018 seconds.
  path: Assets/Projects/GravityDash/kenney_new-platformer-pack-1.1/Sprites/Tiles/Default/terrain_stone_cloud_left.png
  artifactKey: Guid(a538980c2ec10482888903e89578748a) Importer(2089858483,b0f066a214c2f5e87bad3c948f4d605d)
Start importing Assets/Projects/GravityDash/kenney_new-platformer-pack-1.1/Sprites/Tiles/Default/terrain_stone_cloud_left.png using Guid(a538980c2ec10482888903e89578748a) Importer(2089858483,b0f066a214c2f5e87bad3c948f4d605d) (ScriptedImporter) -> (artifact id: '783d72b81afdf145b516e0eb0aec2c6a') in 0.0173487 seconds
Number of updated asset objects reloaded before import = 0Number of asset objects unloaded after import = 3

========================================================================
Received Import Request.
  Time since last request: 0.000030 seconds.
  path: Assets/Projects/GravityDash/kenney_new-platformer-pack-1.1/Sprites/Tiles/Default/key_blue.png
  artifactKey: Guid(aef023b37646043dc996011c5c09f287) Importer(2089858483,b0f066a214c2f5e87bad3c948f4d605d)
Start importing Assets/Projects/GravityDash/kenney_new-platformer-pack-1.1/Sprites/Tiles/Default/key_blue.png using Guid(aef023b37646043dc996011c5c09f287) Importer(2089858483,b0f066a214c2f5e87bad3c948f4d605d) (ScriptedImporter) -> (artifact id: '911b1754601f77a2acb40cf93b344c18') in 0.017032 seconds
Number of updated asset objects reloaded before import = 0Number of asset objects unloaded after import = 3

========================================================================
Received Import Request.
  Time since last request: 0.000020 seconds.
  path: Assets/Projects/GravityDash/kenney_new-platformer-pack-1.1/Sprites/Tiles/Default/block_strong_exclamation_active.png
  artifactKey: Guid(2353c8f5b359a4d39a4acde3aa93d1fb) Importer(2089858483,b0f066a214c2f5e87bad3c948f4d605d)
Start importing Assets/Projects/GravityDash/kenney_new-platformer-pack-1.1/Sprites/Tiles/Default/block_strong_exclamation_active.png using Guid(2353c8f5b359a4d39a4acde3aa93d1fb) Importer(2089858483,b0f066a214c2f5e87bad3c948f4d605d) (ScriptedImporter) -> (artifact id: '3aa44a3fff75a1fc840a64d2a52e19bb') in 0.0170141 seconds
Number of updated asset objects reloaded before import = 0Number of asset objects unloaded after import = 3

========================================================================
Received Import Request.
  Time since last request: 0.000026 seconds.
  path: Assets/Projects/GravityDash/kenney_new-platformer-pack-1.1/Sprites/Tiles/Default/key_yellow.png
  artifactKey: Guid(f48f705c8068445b888f75c05a50195b) Importer(2089858483,b0f066a214c2f5e87bad3c948f4d605d)
Start importing Assets/Projects/GravityDash/kenney_new-platformer-pack-1.1/Sprites/Tiles/Default/key_yellow.png using Guid(f48f705c8068445b888f75c05a50195b) Importer(2089858483,b0f066a214c2f5e87bad3c948f4d605d) (ScriptedImporter) -> (artifact id: '273f047b30caf472222d4d50eb3e7b50') in 0.0186525 seconds
Number of updated asset objects reloaded before import = 0Number of asset objects unloaded after import = 3

========================================================================
Received Import Request.
  Time since last request: 0.000046 seconds.
  path: Assets/Projects/GravityDash/kenney_new-platformer-pack-1.1/Sprites/Tiles/Default/key_green.png
  artifactKey: Guid(e90482ec1061645bca86d6c3663c5fb8) Importer(2089858483,b0f066a214c2f5e87bad3c948f4d605d)
Start importing Assets/Projects/GravityDash/kenney_new-platformer-pack-1.1/Sprites/Tiles/Default/key_green.png using Guid(e90482ec1061645bca86d6c3663c5fb8) Importer(2089858483,b0f066a214c2f5e87bad3c948f4d605d) (ScriptedImporter) -> (artifact id: '47a6c0f2804448014ec9d7ed75c45857') in 0.0548231 seconds
Number of updated asset objects reloaded before import = 0Number of asset objects unloaded after import = 3

========================================================================
Received Import Request.
  Time since last request: 0.000021 seconds.
  path: Assets/Projects/GravityDash/kenney_new-platformer-pack-1.1/Sprites/Enemies/Double/worm_ring_move_b.png
  artifactKey: Guid(8136dbcedca6b4789b41680af22be4aa) Importer(2089858483,b0f066a214c2f5e87bad3c948f4d605d)
Start importing Assets/Projects/GravityDash/kenney_new-platformer-pack-1.1/Sprites/Enemies/Double/worm_ring_move_b.png using Guid(8136dbcedca6b4789b41680af22be4aa) Importer(2089858483,b0f066a214c2f5e87bad3c948f4d605d) (ScriptedImporter) -> (artifact id: 'd313ef5ab75773aba7cf2d8907348911') in 0.0179201 seconds
Number of updated asset objects reloaded before import = 0Number of asset objects unloaded after import = 3

========================================================================
Received Import Request.
  Time since last request: 0.000022 seconds.
  path: Assets/Projects/GravityDash/kenney_new-platformer-pack-1.1/Sprites/Tiles/Default/terrain_sand_cloud_left.png
  artifactKey: Guid(cd688a8b7532047e1ad1547afc7a4fc2) Importer(2089858483,b0f066a214c2f5e87bad3c948f4d605d)
Start importing Assets/Projects/GravityDash/kenney_new-platformer-pack-1.1/Sprites/Tiles/Default/terrain_sand_cloud_left.png using Guid(cd688a8b7532047e1ad1547afc7a4fc2) Importer(2089858483,b0f066a214c2f5e87bad3c948f4d605d) (ScriptedImporter) -> (artifact id: '309097bc9dba4d35f4c31bccc8791bbb') in 0.0197682 seconds
Number of updated asset objects reloaded before import = 0Number of asset objects unloaded after import = 3

========================================================================
Received Import Request.
  Time since last request: 0.000024 seconds.
  path: Assets/Projects/GravityDash/kenney_new-platformer-pack-1.1/Sprites/Tiles/Default/terrain_stone_cloud_middle.png
  artifactKey: Guid(40eb8bcaa810e436fb256172e2423691) Importer(2089858483,b0f066a214c2f5e87bad3c948f4d605d)
Start importing Assets/Projects/GravityDash/kenney_new-platformer-pack-1.1/Sprites/Tiles/Default/terrain_stone_cloud_middle.png using Guid(40eb8bcaa810e436fb256172e2423691) Importer(2089858483,b0f066a214c2f5e87bad3c948f4d605d) (ScriptedImporter) -> (artifact id: '205e9d9b749117cfe988954ce0219cff') in 0.019961 seconds
Number of updated asset objects reloaded before import = 0Number of asset objects unloaded after import = 3

========================================================================
Received Import Request.
  Time since last request: 0.000020 seconds.
  path: Assets/Projects/GravityDash/kenney_new-platformer-pack-1.1/Sprites/Tiles/Default/fence_broken.png
  artifactKey: Guid(f12f793eda31e4e369899af852ba0f99) Importer(2089858483,b0f066a214c2f5e87bad3c948f4d605d)
Start importing Assets/Projects/GravityDash/kenney_new-platformer-pack-1.1/Sprites/Tiles/Default/fence_broken.png using Guid(f12f793eda31e4e369899af852ba0f99) Importer(2089858483,b0f066a214c2f5e87bad3c948f4d605d) (ScriptedImporter) -> (artifact id: '19449b47576bfae55894fc6d4abe2f3c') in 0.0182395 seconds
Number of updated asset objects reloaded before import = 0Number of asset objects unloaded after import = 3

========================================================================
Received Import Request.
  Time since last request: 0.000021 seconds.
  path: Assets/Projects/GravityDash/kenney_new-platformer-pack-1.1/Sprites/Tiles/Default/lock_yellow.png
  artifactKey: Guid(9137cd1b50e184ac892150903a2af747) Importer(2089858483,b0f066a214c2f5e87bad3c948f4d605d)
Start importing Assets/Projects/GravityDash/kenney_new-platformer-pack-1.1/Sprites/Tiles/Default/lock_yellow.png using Guid(9137cd1b50e184ac892150903a2af747) Importer(2089858483,b0f066a214c2f5e87bad3c948f4d605d) (ScriptedImporter) -> (artifact id: 'd8938b5de4720136756274d1b95fd8c5') in 0.0167633 seconds
Number of updated asset objects reloaded before import = 0Number of asset objects unloaded after import = 3

========================================================================
Received Import Request.
  Time since last request: 0.141781 seconds.
  path: Assets/Projects/GravityDash/kenney_new-platformer-pack-1.1/Sprites/Tiles/Double/block_strong_coin_active.png
  artifactKey: Guid(1972253424a2f41cb82645f776c011ef) Importer(2089858483,b0f066a214c2f5e87bad3c948f4d605d)
Start importing Assets/Projects/GravityDash/kenney_new-platformer-pack-1.1/Sprites/Tiles/Double/block_strong_coin_active.png using Guid(1972253424a2f41cb82645f776c011ef) Importer(2089858483,b0f066a214c2f5e87bad3c948f4d605d) (ScriptedImporter) -> (artifact id: '4cbdc5ade30c23cde16096620dee8e72') in 0.0178877 seconds
Number of updated asset objects reloaded before import = 0Number of asset objects unloaded after import = 3

========================================================================
Received Import Request.
  Time since last request: 0.000020 seconds.
  path: Assets/Projects/GravityDash/kenney_ui-pack/PNG/Blue/Double/arrow_basic_n_small.png
  artifactKey: Guid(bbd8cbb69ded1487bac922ae57c22bcf) Importer(2089858483,b0f066a214c2f5e87bad3c948f4d605d)
Start importing Assets/Projects/GravityDash/kenney_ui-pack/PNG/Blue/Double/arrow_basic_n_small.png using Guid(bbd8cbb69ded1487bac922ae57c22bcf) Importer(2089858483,b0f066a214c2f5e87bad3c948f4d605d) (ScriptedImporter) -> (artifact id: '902d344892bb350795df4c7542ae82d5') in 0.0159838 seconds
Number of updated asset objects reloaded before import = 0Number of asset objects unloaded after import = 3

========================================================================
Received Import Request.
  Time since last request: 0.000017 seconds.
  path: Assets/Projects/GravityDash/kenney_ui-pack/PNG/Extra/Default/icon_arrow_down_light.png
  artifactKey: Guid(35fbfafc09dac49a18929e55eb72b2a2) Importer(2089858483,b0f066a214c2f5e87bad3c948f4d605d)
Start importing Assets/Projects/GravityDash/kenney_ui-pack/PNG/Extra/Default/icon_arrow_down_light.png using Guid(35fbfafc09dac49a18929e55eb72b2a2) Importer(2089858483,b0f066a214c2f5e87bad3c948f4d605d) (ScriptedImporter) -> (artifact id: 'd1eb55e04b70f5df7633f38bdc743bcf') in 0.0157327 seconds
Number of updated asset objects reloaded before import = 0Number of asset objects unloaded after import = 3

========================================================================
Received Import Request.
  Time since last request: 0.000051 seconds.
  path: Assets/Projects/GravityDash/kenney_ui-pack/PNG/Blue/Default/button_rectangle_depth_gradient.png
  artifactKey: Guid(a280a47e9dbc544259f176a3dcbea3d1) Importer(2089858483,b0f066a214c2f5e87bad3c948f4d605d)
Start importing Assets/Projects/GravityDash/kenney_ui-pack/PNG/Blue/Default/button_rectangle_depth_gradient.png using Guid(a280a47e9dbc544259f176a3dcbea3d1) Importer(2089858483,b0f066a214c2f5e87bad3c948f4d605d) (ScriptedImporter) -> (artifact id: '06e9f6023c7f3cff408f44e8c766e1a4') in 0.0175882 seconds
Number of updated asset objects reloaded before import = 0Number of asset objects unloaded after import = 3

========================================================================
Received Import Request.
  Time since last request: 0.000036 seconds.
  path: Assets/Projects/GravityDash/kenney_new-platformer-pack-1.1/Sprites/Tiles/Double/terrain_purple_vertical_top.png
  artifactKey: Guid(96f49f6f4853947fc96eaa609dcf85ee) Importer(2089858483,b0f066a214c2f5e87bad3c948f4d605d)
Start importing Assets/Projects/GravityDash/kenney_new-platformer-pack-1.1/Sprites/Tiles/Double/terrain_purple_vertical_top.png using Guid(96f49f6f4853947fc96eaa609dcf85ee) Importer(2089858483,b0f066a214c2f5e87bad3c948f4d605d) (ScriptedImporter) -> (artifact id: '26c813cc706704ca366d1a103f1c4d33') in 0.018514 seconds
Number of updated asset objects reloaded before import = 0Number of asset objects unloaded after import = 3

========================================================================
Received Import Request.
  Time since last request: 0.000028 seconds.
  path: Assets/Projects/GravityDash/kenney_new-platformer-pack-1.1/Sprites/Tiles/Double/bush.png
  artifactKey: Guid(fe8bef3f040cc49b78f4a4eb4b417487) Importer(2089858483,b0f066a214c2f5e87bad3c948f4d605d)
Start importing Assets/Projects/GravityDash/kenney_new-platformer-pack-1.1/Sprites/Tiles/Double/bush.png using Guid(fe8bef3f040cc49b78f4a4eb4b417487) Importer(2089858483,b0f066a214c2f5e87bad3c948f4d605d) (ScriptedImporter) -> (artifact id: '4c0b2e453466407bf26270278b1374d8') in 0.016088 seconds
Number of updated asset objects reloaded before import = 0Number of asset objects unloaded after import = 3

========================================================================
Received Import Request.
  Time since last request: 0.000019 seconds.
  path: Assets/Projects/GravityDash/kenney_ui-pack/PNG/Blue/Default/arrow_basic_s.png
  artifactKey: Guid(bb5f5eaa4f9d74a3fa2d2d4b1a12b2b1) Importer(2089858483,b0f066a214c2f5e87bad3c948f4d605d)
Start importing Assets/Projects/GravityDash/kenney_ui-pack/PNG/Blue/Default/arrow_basic_s.png using Guid(bb5f5eaa4f9d74a3fa2d2d4b1a12b2b1) Importer(2089858483,b0f066a214c2f5e87bad3c948f4d605d) (ScriptedImporter) -> (artifact id: 'f8119640b2586b556e920d1b1b7170bb') in 0.0165341 seconds
Number of updated asset objects reloaded before import = 0Number of asset objects unloaded after import = 3

========================================================================
Received Import Request.
  Time since last request: 0.000019 seconds.
  path: Assets/Projects/GravityDash/kenney_ui-pack/PNG/Extra/Double/divider_edges.png
  artifactKey: Guid(dc4995f3625524f4f8da7b0e8fee26af) Importer(2089858483,b0f066a214c2f5e87bad3c948f4d605d)
Start importing Assets/Projects/GravityDash/kenney_ui-pack/PNG/Extra/Double/divider_edges.png using Guid(dc4995f3625524f4f8da7b0e8fee26af) Importer(2089858483,b0f066a214c2f5e87bad3c948f4d605d) (ScriptedImporter) -> (artifact id: '94bb6d5a1f4c3bfaf82e68eb04526234') in 0.0197671 seconds
Number of updated asset objects reloaded before import = 0Number of asset objects unloaded after import = 3

========================================================================
Received Import Request.
  Time since last request: 0.000021 seconds.
  path: Assets/Projects/GravityDash/kenney_new-platformer-pack-1.1/Sprites/Tiles/Double/terrain_grass_vertical_bottom.png
  artifactKey: Guid(c5b085ad57da0452f87246acd71c316e) Importer(2089858483,b0f066a214c2f5e87bad3c948f4d605d)
Start importing Assets/Projects/GravityDash/kenney_new-platformer-pack-1.1/Sprites/Tiles/Double/terrain_grass_vertical_bottom.png using Guid(c5b085ad57da0452f87246acd71c316e) Importer(2089858483,b0f066a214c2f5e87bad3c948f4d605d) (ScriptedImporter) -> (artifact id: '3b3874ddd09c3db53788a04a8725932b') in 0.0179463 seconds
Number of updated asset objects reloaded before import = 0Number of asset objects unloaded after import = 3

========================================================================
Received Import Request.
  Time since last request: 0.000024 seconds.
  path: Assets/Projects/GravityDash/kenney_new-platformer-pack-1.1/Sprites/Tiles/Double/terrain_purple_block_left.png
  artifactKey: Guid(f80d2a346a30149e2a494885dd985c91) Importer(2089858483,b0f066a214c2f5e87bad3c948f4d605d)
Start importing Assets/Projects/GravityDash/kenney_new-platformer-pack-1.1/Sprites/Tiles/Double/terrain_purple_block_left.png using Guid(f80d2a346a30149e2a494885dd985c91) Importer(2089858483,b0f066a214c2f5e87bad3c948f4d605d) (ScriptedImporter) -> (artifact id: '3efcca98f5331da7bff5eeb721280eba') in 0.017598 seconds
Number of updated asset objects reloaded before import = 0Number of asset objects unloaded after import = 3

========================================================================
Received Import Request.
  Time since last request: 0.000031 seconds.
  path: Assets/Projects/GravityDash/kenney_new-platformer-pack-1.1/Sprites/Tiles/Double/terrain_stone_vertical_bottom.png
  artifactKey: Guid(28bcf70dae7af43d5bf85998059e6ec2) Importer(2089858483,b0f066a214c2f5e87bad3c948f4d605d)
Start importing Assets/Projects/GravityDash/kenney_new-platformer-pack-1.1/Sprites/Tiles/Double/terrain_stone_vertical_bottom.png using Guid(28bcf70dae7af43d5bf85998059e6ec2) Importer(2089858483,b0f066a214c2f5e87bad3c948f4d605d) (ScriptedImporter) -> (artifact id: '3d4e54f6e3c558f25c74ae61b132a79f') in 0.0201317 seconds
Number of updated asset objects reloaded before import = 0Number of asset objects unloaded after import = 3

========================================================================
Received Import Request.
  Time since last request: 0.000025 seconds.
  path: Assets/Projects/GravityDash/kenney_new-platformer-pack-1.1/Sprites/Tiles/Double/switch_yellow.png
  artifactKey: Guid(56b468aa8c0504dc393ef8067064e3aa) Importer(2089858483,b0f066a214c2f5e87bad3c948f4d605d)
Start importing Assets/Projects/GravityDash/kenney_new-platformer-pack-1.1/Sprites/Tiles/Double/switch_yellow.png using Guid(56b468aa8c0504dc393ef8067064e3aa) Importer(2089858483,b0f066a214c2f5e87bad3c948f4d605d) (ScriptedImporter) -> (artifact id: 'f49d42084b9788a94efb35fab543c2b5') in 0.0181094 seconds
Number of updated asset objects reloaded before import = 0Number of asset objects unloaded after import = 3

========================================================================
Received Import Request.
  Time since last request: 0.000033 seconds.
  path: Assets/Projects/GravityDash/kenney_ui-pack/PNG/Extra/Double/button_round_line.png
  artifactKey: Guid(c5a7ad7a458744706a725f254b35fe09) Importer(2089858483,b0f066a214c2f5e87bad3c948f4d605d)
Start importing Assets/Projects/GravityDash/kenney_ui-pack/PNG/Extra/Double/button_round_line.png using Guid(c5a7ad7a458744706a725f254b35fe09) Importer(2089858483,b0f066a214c2f5e87bad3c948f4d605d) (ScriptedImporter) -> (artifact id: '655759320fc1216c004de9db2b958ad5') in 0.015343 seconds
Number of updated asset objects reloaded before import = 0Number of asset objects unloaded after import = 3

========================================================================
Received Import Request.
  Time since last request: 0.000025 seconds.
  path: Assets/Projects/GravityDash/kenney_new-platformer-pack-1.1/Sprites/Tiles/Double/terrain_dirt_ramp_short_b.png
  artifactKey: Guid(e7689f4e993fc4cd7810889b9c52512f) Importer(2089858483,b0f066a214c2f5e87bad3c948f4d605d)
Start importing Assets/Projects/GravityDash/kenney_new-platformer-pack-1.1/Sprites/Tiles/Double/terrain_dirt_ramp_short_b.png using Guid(e7689f4e993fc4cd7810889b9c52512f) Importer(2089858483,b0f066a214c2f5e87bad3c948f4d605d) (ScriptedImporter) -> (artifact id: 'd4fdfc31c1a746be222990c81ec956af') in 0.0195963 seconds
Number of updated asset objects reloaded before import = 0Number of asset objects unloaded after import = 3

========================================================================
Received Import Request.
  Time since last request: 0.000029 seconds.
  path: Assets/Projects/GravityDash/kenney_ui-pack/PNG/Blue/Default/check_square_color_cross.png
  artifactKey: Guid(fe3aece0ed899475eb82fcb7d925d88f) Importer(2089858483,b0f066a214c2f5e87bad3c948f4d605d)
Start importing Assets/Projects/GravityDash/kenney_ui-pack/PNG/Blue/Default/check_square_color_cross.png using Guid(fe3aece0ed899475eb82fcb7d925d88f) Importer(2089858483,b0f066a214c2f5e87bad3c948f4d605d) (ScriptedImporter) -> (artifact id: 'db9d60c84fe0ccdb6067ba65981ba35e') in 0.0177314 seconds
Number of updated asset objects reloaded before import = 0Number of asset objects unloaded after import = 3

========================================================================
Received Import Request.
  Time since last request: 0.000024 seconds.
  path: Assets/Projects/GravityDash/kenney_new-platformer-pack-1.1/Sprites/Tiles/Double/terrain_dirt_vertical_middle.png
  artifactKey: Guid(b442d371a285f41809620466864d911f) Importer(2089858483,b0f066a214c2f5e87bad3c948f4d605d)
Start importing Assets/Projects/GravityDash/kenney_new-platformer-pack-1.1/Sprites/Tiles/Double/terrain_dirt_vertical_middle.png using Guid(b442d371a285f41809620466864d911f) Importer(2089858483,b0f066a214c2f5e87bad3c948f4d605d) (ScriptedImporter) -> (artifact id: '6a2a3b79f411f1ea6911d3696ade94bb') in 0.016829 seconds
Number of updated asset objects reloaded before import = 0Number of asset objects unloaded after import = 3

========================================================================
Received Import Request.
  Time since last request: 0.000024 seconds.
  path: Assets/Projects/GravityDash/kenney_new-platformer-pack-1.1/Sprites/Tiles/Double/spikes.png
  artifactKey: Guid(0fc87b2ab8dc44c0fbdd140cdb61349b) Importer(2089858483,b0f066a214c2f5e87bad3c948f4d605d)
Start importing Assets/Projects/GravityDash/kenney_new-platformer-pack-1.1/Sprites/Tiles/Double/spikes.png using Guid(0fc87b2ab8dc44c0fbdd140cdb61349b) Importer(2089858483,b0f066a214c2f5e87bad3c948f4d605d) (ScriptedImporter) -> (artifact id: 'bb8fc7cc055688cb9449724b1c916c6c') in 0.0152974 seconds
Number of updated asset objects reloaded before import = 0Number of asset objects unloaded after import = 3

========================================================================
Received Import Request.
  Time since last request: 0.000024 seconds.
  path: Assets/Projects/GravityDash/kenney_ui-pack/PNG/Blue/Double/button_rectangle_depth_flat.png
  artifactKey: Guid(904df724c4c7e4d189ec73f1ade0a64b) Importer(2089858483,b0f066a214c2f5e87bad3c948f4d605d)
Start importing Assets/Projects/GravityDash/kenney_ui-pack/PNG/Blue/Double/button_rectangle_depth_flat.png using Guid(904df724c4c7e4d189ec73f1ade0a64b) Importer(2089858483,b0f066a214c2f5e87bad3c948f4d605d) (ScriptedImporter) -> (artifact id: 'a11002ad88416f4ef6c3cffbc7e9a111') in 0.0171854 seconds
Number of updated asset objects reloaded before import = 0Number of asset objects unloaded after import = 3

========================================================================
Received Import Request.
  Time since last request: 0.000024 seconds.
  path: Assets/Projects/GravityDash/kenney_ui-pack/PNG/Blue/Double/arrow_basic_e_small.png
  artifactKey: Guid(9b698780589d34427bc03ffb4816a052) Importer(2089858483,b0f066a214c2f5e87bad3c948f4d605d)
Start importing Assets/Projects/GravityDash/kenney_ui-pack/PNG/Blue/Double/arrow_basic_e_small.png using Guid(9b698780589d34427bc03ffb4816a052) Importer(2089858483,b0f066a214c2f5e87bad3c948f4d605d) (ScriptedImporter) -> (artifact id: '46c242c84991de40a51d2c4032c96f07') in 0.0184415 seconds
Number of updated asset objects reloaded before import = 0Number of asset objects unloaded after import = 3

========================================================================
Received Import Request.
  Time since last request: 0.000024 seconds.
  path: Assets/Projects/GravityDash/kenney_new-platformer-pack-1.1/Sprites/Tiles/Double/hud_character_2.png
  artifactKey: Guid(1570636ec1eb2437aab897a5b07c9ab8) Importer(2089858483,b0f066a214c2f5e87bad3c948f4d605d)
Start importing Assets/Projects/GravityDash/kenney_new-platformer-pack-1.1/Sprites/Tiles/Double/hud_character_2.png using Guid(1570636ec1eb2437aab897a5b07c9ab8) Importer(2089858483,b0f066a214c2f5e87bad3c948f4d605d) (ScriptedImporter) -> (artifact id: 'fc8fec80c62cf421f5613ad3b72d429e') in 0.018904 seconds
Number of updated asset objects reloaded before import = 0Number of asset objects unloaded after import = 3

========================================================================
Received Import Request.
  Time since last request: 0.000182 seconds.
  path: Assets/Projects/GravityDash/kenney_new-platformer-pack-1.1/Sprites/Tiles/Double/terrain_sand_horizontal_left.png
  artifactKey: Guid(a827fe72754e648b3921400d90e5e72c) Importer(2089858483,b0f066a214c2f5e87bad3c948f4d605d)
Start importing Assets/Projects/GravityDash/kenney_new-platformer-pack-1.1/Sprites/Tiles/Double/terrain_sand_horizontal_left.png using Guid(a827fe72754e648b3921400d90e5e72c) Importer(2089858483,b0f066a214c2f5e87bad3c948f4d605d) (ScriptedImporter) -> (artifact id: '9607d90fd73e6fdfc53aa1973d6869b8') in 0.0170298 seconds
Number of updated asset objects reloaded before import = 0Number of asset objects unloaded after import = 3

========================================================================
Received Import Request.
  Time since last request: 0.000019 seconds.
  path: Assets/Projects/GravityDash/kenney_new-platformer-pack-1.1/Sprites/Tiles/Double/lock_blue.png
  artifactKey: Guid(1256306f9491c4ac3b43f84fab44bb7c) Importer(2089858483,b0f066a214c2f5e87bad3c948f4d605d)
Start importing Assets/Projects/GravityDash/kenney_new-platformer-pack-1.1/Sprites/Tiles/Double/lock_blue.png using Guid(1256306f9491c4ac3b43f84fab44bb7c) Importer(2089858483,b0f066a214c2f5e87bad3c948f4d605d) (ScriptedImporter) -> (artifact id: '2ec7d8a6e0301421875b9f4295969c1b') in 0.0199769 seconds
Number of updated asset objects reloaded before import = 0Number of asset objects unloaded after import = 3

========================================================================
Received Import Request.
  Time since last request: 0.000023 seconds.
  path: Assets/Projects/GravityDash/kenney_new-platformer-pack-1.1/Sprites/Tiles/Double/terrain_stone_block_right.png
  artifactKey: Guid(c41860af8ff914ee0ad7eeb6f9048f4b) Importer(2089858483,b0f066a214c2f5e87bad3c948f4d605d)
Start importing Assets/Projects/GravityDash/kenney_new-platformer-pack-1.1/Sprites/Tiles/Double/terrain_stone_block_right.png using Guid(c41860af8ff914ee0ad7eeb6f9048f4b) Importer(2089858483,b0f066a214c2f5e87bad3c948f4d605d) (ScriptedImporter) -> (artifact id: '6e7a66fa7cd7b4c8b73651b972964ed9') in 0.0180963 seconds
Number of updated asset objects reloaded before import = 0Number of asset objects unloaded after import = 3

========================================================================
Received Import Request.
  Time since last request: 0.000023 seconds.
  path: Assets/Projects/GravityDash/kenney_new-platformer-pack-1.1/Sprites/Tiles/Double/block_strong_empty_active.png
  artifactKey: Guid(cd2c6a5f28f884a47b467797e1907ee3) Importer(2089858483,b0f066a214c2f5e87bad3c948f4d605d)
Start importing Assets/Projects/GravityDash/kenney_new-platformer-pack-1.1/Sprites/Tiles/Double/block_strong_empty_active.png using Guid(cd2c6a5f28f884a47b467797e1907ee3) Importer(2089858483,b0f066a214c2f5e87bad3c948f4d605d) (ScriptedImporter) -> (artifact id: '7c66f2ea43ccafe409a2e5e69145f980') in 0.018415 seconds
Number of updated asset objects reloaded before import = 0Number of asset objects unloaded after import = 3

========================================================================
Received Import Request.
  Time since last request: 0.000049 seconds.
  path: Assets/Projects/GravityDash/kenney_new-platformer-pack-1.1/Sprites/Tiles/Double/terrain_snow_cloud_right.png
  artifactKey: Guid(f3c5948c21c964919a4c05a9883b592d) Importer(2089858483,b0f066a214c2f5e87bad3c948f4d605d)
Start importing Assets/Projects/GravityDash/kenney_new-platformer-pack-1.1/Sprites/Tiles/Double/terrain_snow_cloud_right.png using Guid(f3c5948c21c964919a4c05a9883b592d) Importer(2089858483,b0f066a214c2f5e87bad3c948f4d605d) (ScriptedImporter) -> (artifact id: '0a93cfb3bbb9e4f2c298a752a67862cf') in 0.0177169 seconds
Number of updated asset objects reloaded before import = 0Number of asset objects unloaded after import = 3

========================================================================
Received Import Request.
  Time since last request: 0.000031 seconds.
  path: Assets/Projects/GravityDash/kenney_ui-pack/PNG/Extra/Default/divider_edges.png
  artifactKey: Guid(6289bd74049ff4577817a56d06f3a157) Importer(2089858483,b0f066a214c2f5e87bad3c948f4d605d)
Start importing Assets/Projects/GravityDash/kenney_ui-pack/PNG/Extra/Default/divider_edges.png using Guid(6289bd74049ff4577817a56d06f3a157) Importer(2089858483,b0f066a214c2f5e87bad3c948f4d605d) (ScriptedImporter) -> (artifact id: '663fa4aece84b8c8dfa5d1080057b22b') in 0.0175408 seconds
Number of updated asset objects reloaded before import = 0Number of asset objects unloaded after import = 3

========================================================================
Received Import Request.
  Time since last request: 0.000020 seconds.
  path: Assets/Projects/GravityDash/kenney_new-platformer-pack-1.1/Sprites/Tiles/Double/terrain_stone_block_top_right.png
  artifactKey: Guid(a6f729f7de6124706a8ea5c1a8538d4b) Importer(2089858483,b0f066a214c2f5e87bad3c948f4d605d)
Start importing Assets/Projects/GravityDash/kenney_new-platformer-pack-1.1/Sprites/Tiles/Double/terrain_stone_block_top_right.png using Guid(a6f729f7de6124706a8ea5c1a8538d4b) Importer(2089858483,b0f066a214c2f5e87bad3c948f4d605d) (ScriptedImporter) -> (artifact id: 'd8df0c8a6b5c13162c81ec18b01ed22e') in 0.0162222 seconds
Number of updated asset objects reloaded before import = 0Number of asset objects unloaded after import = 3

========================================================================
Received Import Request.
  Time since last request: 0.000026 seconds.
  path: Assets/Projects/GravityDash/kenney_new-platformer-pack-1.1/Sprites/Tiles/Double/brick_grey.png
  artifactKey: Guid(4c4924f4f18ea4a87b0d9b7b5f284619) Importer(2089858483,b0f066a214c2f5e87bad3c948f4d605d)
Start importing Assets/Projects/GravityDash/kenney_new-platformer-pack-1.1/Sprites/Tiles/Double/brick_grey.png using Guid(4c4924f4f18ea4a87b0d9b7b5f284619) Importer(2089858483,b0f066a214c2f5e87bad3c948f4d605d) (ScriptedImporter) -> (artifact id: '7c2c4bfec0989e1b2b9636d57a8e0323') in 0.0186703 seconds
Number of updated asset objects reloaded before import = 0Number of asset objects unloaded after import = 3

========================================================================
Received Import Request.
  Time since last request: 0.000020 seconds.
  path: Assets/Projects/GravityDash/kenney_new-platformer-pack-1.1/Sprites/Tiles/Double/terrain_snow_cloud_background.png
  artifactKey: Guid(f570b3217784643a2b81761b11fbfc7b) Importer(2089858483,b0f066a214c2f5e87bad3c948f4d605d)
Start importing Assets/Projects/GravityDash/kenney_new-platformer-pack-1.1/Sprites/Tiles/Double/terrain_snow_cloud_background.png using Guid(f570b3217784643a2b81761b11fbfc7b) Importer(2089858483,b0f066a214c2f5e87bad3c948f4d605d) (ScriptedImporter) -> (artifact id: 'e3db2f47e40a977f7846bdc8e1fa7f0a') in 0.0252794 seconds
Number of updated asset objects reloaded before import = 0Number of asset objects unloaded after import = 3

========================================================================
Received Import Request.
  Time since last request: 0.000111 seconds.
  path: Assets/Projects/GravityDash/kenney_ui-pack/PNG/Blue/Default/icon_circle.png
  artifactKey: Guid(5e0c1b3a6087446249cc1b138aa14a17) Importer(2089858483,b0f066a214c2f5e87bad3c948f4d605d)
Start importing Assets/Projects/GravityDash/kenney_ui-pack/PNG/Blue/Default/icon_circle.png using Guid(5e0c1b3a6087446249cc1b138aa14a17) Importer(2089858483,b0f066a214c2f5e87bad3c948f4d605d) (ScriptedImporter) -> (artifact id: 'e109cc856e1c44d2c567bc9482d7c25e') in 0.0163749 seconds
Number of updated asset objects reloaded before import = 0Number of asset objects unloaded after import = 3

========================================================================
Received Import Request.
  Time since last request: 0.000021 seconds.
  path: Assets/Projects/GravityDash/kenney_new-platformer-pack-1.1/Sprites/Tiles/Double/terrain_dirt_block_top_left.png
  artifactKey: Guid(f0e4915a20dc141a5b90fccbce92e2d9) Importer(2089858483,b0f066a214c2f5e87bad3c948f4d605d)
Start importing Assets/Projects/GravityDash/kenney_new-platformer-pack-1.1/Sprites/Tiles/Double/terrain_dirt_block_top_left.png using Guid(f0e4915a20dc141a5b90fccbce92e2d9) Importer(2089858483,b0f066a214c2f5e87bad3c948f4d605d) (ScriptedImporter) -> (artifact id: 'd4efbe8412795d99900577354556575f') in 0.0158555 seconds
Number of updated asset objects reloaded before import = 0Number of asset objects unloaded after import = 3

========================================================================
Received Import Request.
  Time since last request: 0.000027 seconds.
  path: Assets/Projects/GravityDash/kenney_new-platformer-pack-1.1/Sprites/Tiles/Double/terrain_grass_block_bottom_left.png
  artifactKey: Guid(996b11fb2d0904cdfbe33e0d47cdd7aa) Importer(2089858483,b0f066a214c2f5e87bad3c948f4d605d)
Start importing Assets/Projects/GravityDash/kenney_new-platformer-pack-1.1/Sprites/Tiles/Double/terrain_grass_block_bottom_left.png using Guid(996b11fb2d0904cdfbe33e0d47cdd7aa) Importer(2089858483,b0f066a214c2f5e87bad3c948f4d605d) (ScriptedImporter) -> (artifact id: '71bfcdabd5ba75122658031dbf27e069') in 0.0170617 seconds
Number of updated asset objects reloaded before import = 0Number of asset objects unloaded after import = 3

========================================================================
Received Import Request.
  Time since last request: 0.000023 seconds.
  path: Assets/Projects/GravityDash/kenney_new-platformer-pack-1.1/Sprites/Tiles/Double/terrain_purple_ramp_long_c.png
  artifactKey: Guid(c02f7efbe9b9d4663b734f2a6393b56a) Importer(2089858483,b0f066a214c2f5e87bad3c948f4d605d)
Start importing Assets/Projects/GravityDash/kenney_new-platformer-pack-1.1/Sprites/Tiles/Double/terrain_purple_ramp_long_c.png using Guid(c02f7efbe9b9d4663b734f2a6393b56a) Importer(2089858483,b0f066a214c2f5e87bad3c948f4d605d) (ScriptedImporter) -> (artifact id: '3ad961fe923d85bca2c500a93a47ab13') in 0.0182329 seconds
Number of updated asset objects reloaded before import = 0Number of asset objects unloaded after import = 3

========================================================================
Received Import Request.
  Time since last request: 0.000031 seconds.
  path: Assets/Projects/GravityDash/kenney_ui-pack/PNG/Blue/Default/star_outline.png
  artifactKey: Guid(3da295142306b4605ad7c0eb7855855f) Importer(2089858483,b0f066a214c2f5e87bad3c948f4d605d)
Start importing Assets/Projects/GravityDash/kenney_ui-pack/PNG/Blue/Default/star_outline.png using Guid(3da295142306b4605ad7c0eb7855855f) Importer(2089858483,b0f066a214c2f5e87bad3c948f4d605d) (ScriptedImporter) -> (artifact id: '54f1ad2795337c4f1bae9e96a3e00bf8') in 0.0160014 seconds
Number of updated asset objects reloaded before import = 0Number of asset objects unloaded after import = 3

========================================================================
Received Import Request.
  Time since last request: 0.000045 seconds.
  path: Assets/Projects/GravityDash/kenney_ui-pack/PNG/Blue/Default/button_round_flat.png
  artifactKey: Guid(a3f4d2c0ce168403586ce751bfb80a40) Importer(2089858483,b0f066a214c2f5e87bad3c948f4d605d)
Start importing Assets/Projects/GravityDash/kenney_ui-pack/PNG/Blue/Default/button_round_flat.png using Guid(a3f4d2c0ce168403586ce751bfb80a40) Importer(2089858483,b0f066a214c2f5e87bad3c948f4d605d) (ScriptedImporter) -> (artifact id: 'f58f95474bd2cad0bd24503533a41a22') in 0.014111 seconds
Number of updated asset objects reloaded before import = 0Number of asset objects unloaded after import = 3

========================================================================
Received Import Request.
  Time since last request: 0.000019 seconds.
  path: Assets/Projects/GravityDash/kenney_new-platformer-pack-1.1/Sprites/Tiles/Double/terrain_snow_ramp_long_c.png
  artifactKey: Guid(ea1ec6fb1e5504746ae693bb88483bd1) Importer(2089858483,b0f066a214c2f5e87bad3c948f4d605d)
Start importing Assets/Projects/GravityDash/kenney_new-platformer-pack-1.1/Sprites/Tiles/Double/terrain_snow_ramp_long_c.png using Guid(ea1ec6fb1e5504746ae693bb88483bd1) Importer(2089858483,b0f066a214c2f5e87bad3c948f4d605d) (ScriptedImporter) -> (artifact id: '0f778ea2a04d5d46b36a91bf2220ee01') in 0.0181716 seconds
Number of updated asset objects reloaded before import = 0Number of asset objects unloaded after import = 3

========================================================================
Received Import Request.
  Time since last request: 0.000026 seconds.
  path: Assets/Projects/GravityDash/kenney_new-platformer-pack-1.1/Sprites/Tiles/Double/sign.png
  artifactKey: Guid(b844f4453db6b49e2b196bd1fe3af41a) Importer(2089858483,b0f066a214c2f5e87bad3c948f4d605d)
Start importing Assets/Projects/GravityDash/kenney_new-platformer-pack-1.1/Sprites/Tiles/Double/sign.png using Guid(b844f4453db6b49e2b196bd1fe3af41a) Importer(2089858483,b0f066a214c2f5e87bad3c948f4d605d) (ScriptedImporter) -> (artifact id: '6ef71aaad2e1447be8ef32474d5c58a7') in 0.01977 seconds
Number of updated asset objects reloaded before import = 0Number of asset objects unloaded after import = 3

========================================================================
Received Import Request.
  Time since last request: 0.000027 seconds.
  path: Assets/Projects/GravityDash/kenney_new-platformer-pack-1.1/Sprites/Tiles/Double/terrain_stone_cloud.png
  artifactKey: Guid(b8ccfa72831c645b2ad1f5992f9c9aba) Importer(2089858483,b0f066a214c2f5e87bad3c948f4d605d)
Start importing Assets/Projects/GravityDash/kenney_new-platformer-pack-1.1/Sprites/Tiles/Double/terrain_stone_cloud.png using Guid(b8ccfa72831c645b2ad1f5992f9c9aba) Importer(2089858483,b0f066a214c2f5e87bad3c948f4d605d) (ScriptedImporter) -> (artifact id: '31c1b8b5895c28bf1c6aad13ad6e3295') in 0.017036 seconds
Number of updated asset objects reloaded before import = 0Number of asset objects unloaded after import = 3

========================================================================
Received Import Request.
  Time since last request: 0.000023 seconds.
  path: Assets/Projects/GravityDash/kenney_new-platformer-pack-1.1/Sprites/Tiles/Double/terrain_snow_block_top_right.png
  artifactKey: Guid(bd2ab14fcc34b4199b624dd69b571658) Importer(2089858483,b0f066a214c2f5e87bad3c948f4d605d)
Start importing Assets/Projects/GravityDash/kenney_new-platformer-pack-1.1/Sprites/Tiles/Double/terrain_snow_block_top_right.png using Guid(bd2ab14fcc34b4199b624dd69b571658) Importer(2089858483,b0f066a214c2f5e87bad3c948f4d605d) (ScriptedImporter) -> (artifact id: '9e3612cd3b852498c7f734c581491320') in 0.018587 seconds
Number of updated asset objects reloaded before import = 0Number of asset objects unloaded after import = 3

========================================================================
Received Import Request.
  Time since last request: 0.000024 seconds.
  path: Assets/Projects/GravityDash/kenney_new-platformer-pack-1.1/Sprites/Tiles/Double/terrain_purple_vertical_bottom.png
  artifactKey: Guid(aa32b5f76168a4c8bba99cef80a2ad28) Importer(2089858483,b0f066a214c2f5e87bad3c948f4d605d)
Start importing Assets/Projects/GravityDash/kenney_new-platformer-pack-1.1/Sprites/Tiles/Double/terrain_purple_vertical_bottom.png using Guid(aa32b5f76168a4c8bba99cef80a2ad28) Importer(2089858483,b0f066a214c2f5e87bad3c948f4d605d) (ScriptedImporter) -> (artifact id: '278278844cff8039d603fb78b98a07e8') in 0.0202707 seconds
Number of updated asset objects reloaded before import = 0Number of asset objects unloaded after import = 3

========================================================================
Received Import Request.
  Time since last request: 0.000032 seconds.
  path: Assets/Projects/GravityDash/kenney_new-platformer-pack-1.1/Sprites/Tiles/Double/terrain_snow_block_right.png
  artifactKey: Guid(5496868d4eacf44d39d6336131eca347) Importer(2089858483,b0f066a214c2f5e87bad3c948f4d605d)
Start importing Assets/Projects/GravityDash/kenney_new-platformer-pack-1.1/Sprites/Tiles/Double/terrain_snow_block_right.png using Guid(5496868d4eacf44d39d6336131eca347) Importer(2089858483,b0f066a214c2f5e87bad3c948f4d605d) (ScriptedImporter) -> (artifact id: '506d15955dceebaad57b5ea88a590400') in 0.0188332 seconds
Number of updated asset objects reloaded before import = 0Number of asset objects unloaded after import = 3

========================================================================
Received Import Request.
  Time since last request: 0.000019 seconds.
  path: Assets/Projects/GravityDash/kenney_new-platformer-pack-1.1/Sprites/Tiles/Double/sign_exit.png
  artifactKey: Guid(9a9c5c309689c4a4a9176b49082b101d) Importer(2089858483,b0f066a214c2f5e87bad3c948f4d605d)
Start importing Assets/Projects/GravityDash/kenney_new-platformer-pack-1.1/Sprites/Tiles/Double/sign_exit.png using Guid(9a9c5c309689c4a4a9176b49082b101d) Importer(2089858483,b0f066a214c2f5e87bad3c948f4d605d) (ScriptedImporter) -> (artifact id: '1fb9d85359dcbca25de1c0f5440b0fd2') in 0.0180656 seconds
Number of updated asset objects reloaded before import = 0Number of asset objects unloaded after import = 3

========================================================================
Received Import Request.
  Time since last request: 0.000025 seconds.
  path: Assets/Projects/GravityDash/kenney_new-platformer-pack-1.1/Sprites/Tiles/Double/hud_heart_half.png
  artifactKey: Guid(96c3125bed62544ff85752adbeffa6b6) Importer(2089858483,b0f066a214c2f5e87bad3c948f4d605d)
Start importing Assets/Projects/GravityDash/kenney_new-platformer-pack-1.1/Sprites/Tiles/Double/hud_heart_half.png using Guid(96c3125bed62544ff85752adbeffa6b6) Importer(2089858483,b0f066a214c2f5e87bad3c948f4d605d) (ScriptedImporter) -> (artifact id: 'ecfbd748911e4de46ba7a89c759866f3') in 0.018061 seconds
Number of updated asset objects reloaded before import = 0Number of asset objects unloaded after import = 3

========================================================================
Received Import Request.
  Time since last request: 0.000048 seconds.
  path: Assets/Projects/GravityDash/kenney_ui-pack/PNG/Blue/Double/icon_outline_cross.png
  artifactKey: Guid(e39954dd3ec7143cf9f599ad7bca4b87) Importer(2089858483,b0f066a214c2f5e87bad3c948f4d605d)
Start importing Assets/Projects/GravityDash/kenney_ui-pack/PNG/Blue/Double/icon_outline_cross.png using Guid(e39954dd3ec7143cf9f599ad7bca4b87) Importer(2089858483,b0f066a214c2f5e87bad3c948f4d605d) (ScriptedImporter) -> (artifact id: 'a5ab62eeabcbf3a0f266e67c9c4d9de3') in 0.0399229 seconds
Number of updated asset objects reloaded before import = 0Number of asset objects unloaded after import = 3

========================================================================
Received Import Request.
  Time since last request: 0.000064 seconds.
  path: Assets/Projects/GravityDash/kenney_new-platformer-pack-1.1/Sprites/Tiles/Double/weight.png
  artifactKey: Guid(4e8bdd2733b914bd0abe6a36b2dbd5e3) Importer(2089858483,b0f066a214c2f5e87bad3c948f4d605d)
Start importing Assets/Projects/GravityDash/kenney_new-platformer-pack-1.1/Sprites/Tiles/Double/weight.png using Guid(4e8bdd2733b914bd0abe6a36b2dbd5e3) Importer(2089858483,b0f066a214c2f5e87bad3c948f4d605d) (ScriptedImporter) -> (artifact id: '862b731ab732379242c71c877d94b1bb') in 0.0181263 seconds
Number of updated asset objects reloaded before import = 0Number of asset objects unloaded after import = 3

========================================================================
Received Import Request.
  Time since last request: 0.000032 seconds.
  path: Assets/Projects/GravityDash/kenney_new-platformer-pack-1.1/Sprites/Tiles/Double/terrain_grass_vertical_top.png
  artifactKey: Guid(fd4aaab3948f64deba1b4be0c3dd89cc) Importer(2089858483,b0f066a214c2f5e87bad3c948f4d605d)
Start importing Assets/Projects/GravityDash/kenney_new-platformer-pack-1.1/Sprites/Tiles/Double/terrain_grass_vertical_top.png using Guid(fd4aaab3948f64deba1b4be0c3dd89cc) Importer(2089858483,b0f066a214c2f5e87bad3c948f4d605d) (ScriptedImporter) -> (artifact id: '1ec45c4a0d7ff53637f1b88c32cce981') in 0.0185979 seconds
Number of updated asset objects reloaded before import = 0Number of asset objects unloaded after import = 3

========================================================================
Received Import Request.
  Time since last request: 0.000019 seconds.
  path: Assets/Projects/GravityDash/kenney_new-platformer-pack-1.1/Sprites/Tiles/Double/terrain_grass_block_center.png
  artifactKey: Guid(034df31a787594f9fae5fe272955b299) Importer(2089858483,b0f066a214c2f5e87bad3c948f4d605d)
Start importing Assets/Projects/GravityDash/kenney_new-platformer-pack-1.1/Sprites/Tiles/Double/terrain_grass_block_center.png using Guid(034df31a787594f9fae5fe272955b299) Importer(2089858483,b0f066a214c2f5e87bad3c948f4d605d) (ScriptedImporter) -> (artifact id: 'e7b088c153f94573f8ec1c6e2be6f2eb') in 0.0144356 seconds
Number of updated asset objects reloaded before import = 0Number of asset objects unloaded after import = 3

========================================================================
Received Import Request.
  Time since last request: 0.000020 seconds.
  path: Assets/Projects/GravityDash/kenney_ui-pack/PNG/Extra/Default/button_square_depth_line.png
  artifactKey: Guid(4929167414fae40e2b7a0fc9660d1b96) Importer(2089858483,b0f066a214c2f5e87bad3c948f4d605d)
Start importing Assets/Projects/GravityDash/kenney_ui-pack/PNG/Extra/Default/button_square_depth_line.png using Guid(4929167414fae40e2b7a0fc9660d1b96) Importer(2089858483,b0f066a214c2f5e87bad3c948f4d605d) (ScriptedImporter) -> (artifact id: 'd9f9ba1f844a8b375f1a20b9b72ac3f4') in 0.0152279 seconds
Number of updated asset objects reloaded before import = 0Number of asset objects unloaded after import = 3

========================================================================
Received Import Request.
  Time since last request: 0.000056 seconds.
  path: Assets/Projects/GravityDash/kenney_new-platformer-pack-1.1/Sprites/Tiles/Double/terrain_stone_block_bottom_right.png
  artifactKey: Guid(246e86dbf53e24b6a85064d8ce99e5aa) Importer(2089858483,b0f066a214c2f5e87bad3c948f4d605d)
Start importing Assets/Projects/GravityDash/kenney_new-platformer-pack-1.1/Sprites/Tiles/Double/terrain_stone_block_bottom_right.png using Guid(246e86dbf53e24b6a85064d8ce99e5aa) Importer(2089858483,b0f066a214c2f5e87bad3c948f4d605d) (ScriptedImporter) -> (artifact id: '1375981db291602cc732717ba57bbce1') in 0.0166203 seconds
Number of updated asset objects reloaded before import = 0Number of asset objects unloaded after import = 3

========================================================================
Received Import Request.
  Time since last request: 0.000051 seconds.
  path: Assets/Projects/GravityDash/kenney_new-platformer-pack-1.1/Sprites/Tiles/Double/terrain_stone_ramp_short_a.png
  artifactKey: Guid(270dd68442f4041f59a9005c7c2359a9) Importer(2089858483,b0f066a214c2f5e87bad3c948f4d605d)
Start importing Assets/Projects/GravityDash/kenney_new-platformer-pack-1.1/Sprites/Tiles/Double/terrain_stone_ramp_short_a.png using Guid(270dd68442f4041f59a9005c7c2359a9) Importer(2089858483,b0f066a214c2f5e87bad3c948f4d605d) (ScriptedImporter) -> (artifact id: 'b647d20623ef86009b19873a4367104d') in 0.0164272 seconds
Number of updated asset objects reloaded before import = 0Number of asset objects unloaded after import = 3

========================================================================
Received Import Request.
  Time since last request: 0.000023 seconds.
  path: Assets/Projects/GravityDash/kenney_ui-pack/PNG/Blue/Default/button_square_depth_gradient.png
  artifactKey: Guid(212f191ad7d0145bfbb6cf993a89a90b) Importer(2089858483,b0f066a214c2f5e87bad3c948f4d605d)
Start importing Assets/Projects/GravityDash/kenney_ui-pack/PNG/Blue/Default/button_square_depth_gradient.png using Guid(212f191ad7d0145bfbb6cf993a89a90b) Importer(2089858483,b0f066a214c2f5e87bad3c948f4d605d) (ScriptedImporter) -> (artifact id: '3b47bfe0f115ba50ff6567cfdeca5be4') in 0.0192626 seconds
Number of updated asset objects reloaded before import = 0Number of asset objects unloaded after import = 3

========================================================================
Received Import Request.
  Time since last request: 0.000023 seconds.
  path: Assets/Projects/GravityDash/kenney_ui-pack/PNG/Blue/Double/button_round_depth_flat.png
  artifactKey: Guid(49ff610800dbb445d9d3d4004bb964fb) Importer(2089858483,b0f066a214c2f5e87bad3c948f4d605d)
Start importing Assets/Projects/GravityDash/kenney_ui-pack/PNG/Blue/Double/button_round_depth_flat.png using Guid(49ff610800dbb445d9d3d4004bb964fb) Importer(2089858483,b0f066a214c2f5e87bad3c948f4d605d) (ScriptedImporter) -> (artifact id: 'f15d9c5978b59219434de5ce2b36440a') in 0.0170628 seconds
Number of updated asset objects reloaded before import = 0Number of asset objects unloaded after import = 3

========================================================================
Received Import Request.
  Time since last request: 0.000034 seconds.
  path: Assets/Projects/GravityDash/kenney_ui-pack/PNG/Blue/Default/button_rectangle_depth_border.png
  artifactKey: Guid(3ca5e676aec874ee4ba5c025f1c554c5) Importer(2089858483,b0f066a214c2f5e87bad3c948f4d605d)
Start importing Assets/Projects/GravityDash/kenney_ui-pack/PNG/Blue/Default/button_rectangle_depth_border.png using Guid(3ca5e676aec874ee4ba5c025f1c554c5) Importer(2089858483,b0f066a214c2f5e87bad3c948f4d605d) (ScriptedImporter) -> (artifact id: '40c7d2c98c33e01b746d57174488c5d7') in 0.016836 seconds
Number of updated asset objects reloaded before import = 0Number of asset objects unloaded after import = 3

========================================================================
Received Import Request.
  Time since last request: 0.000033 seconds.
  path: Assets/Projects/GravityDash/kenney_new-platformer-pack-1.1/Sprites/Tiles/Double/terrain_purple_cloud_left.png
  artifactKey: Guid(fef2272617a0941e4ba74164244c5c34) Importer(2089858483,b0f066a214c2f5e87bad3c948f4d605d)
Start importing Assets/Projects/GravityDash/kenney_new-platformer-pack-1.1/Sprites/Tiles/Double/terrain_purple_cloud_left.png using Guid(fef2272617a0941e4ba74164244c5c34) Importer(2089858483,b0f066a214c2f5e87bad3c948f4d605d) (ScriptedImporter) -> (artifact id: '129dc66039e5d1f8d6ab0899e5692876') in 0.019409 seconds
Number of updated asset objects reloaded before import = 0Number of asset objects unloaded after import = 3

========================================================================
Received Import Request.
  Time since last request: 0.000024 seconds.
  path: Assets/Projects/GravityDash/kenney_new-platformer-pack-1.1/Sprites/Tiles/Double/hud_key_yellow.png
  artifactKey: Guid(2cc5428e669a0478abbfbd68fa309bc6) Importer(2089858483,b0f066a214c2f5e87bad3c948f4d605d)
Start importing Assets/Projects/GravityDash/kenney_new-platformer-pack-1.1/Sprites/Tiles/Double/hud_key_yellow.png using Guid(2cc5428e669a0478abbfbd68fa309bc6) Importer(2089858483,b0f066a214c2f5e87bad3c948f4d605d) (ScriptedImporter) -> (artifact id: '49c55db641237e22144f5213cedff781') in 0.0190594 seconds
Number of updated asset objects reloaded before import = 0Number of asset objects unloaded after import = 3

========================================================================
Received Import Request.
  Time since last request: 0.000024 seconds.
  path: Assets/Projects/GravityDash/kenney_ui-pack/PNG/Blue/Default/arrow_decorative_s_small.png
  artifactKey: Guid(3e118650537754bfdbeca69312838bfb) Importer(2089858483,b0f066a214c2f5e87bad3c948f4d605d)
Start importing Assets/Projects/GravityDash/kenney_ui-pack/PNG/Blue/Default/arrow_decorative_s_small.png using Guid(3e118650537754bfdbeca69312838bfb) Importer(2089858483,b0f066a214c2f5e87bad3c948f4d605d) (ScriptedImporter) -> (artifact id: '3a1ad4cf47f10fd6ad5dd5c92cba23e2') in 0.0181614 seconds
Number of updated asset objects reloaded before import = 0Number of asset objects unloaded after import = 3

========================================================================
Received Import Request.
  Time since last request: 0.000022 seconds.
  path: Assets/Projects/GravityDash/kenney_new-platformer-pack-1.1/Sprites/Tiles/Double/key_green.png
  artifactKey: Guid(eec2e13f379ac482bae7ef9ee0edbadf) Importer(2089858483,b0f066a214c2f5e87bad3c948f4d605d)
Start importing Assets/Projects/GravityDash/kenney_new-platformer-pack-1.1/Sprites/Tiles/Double/key_green.png using Guid(eec2e13f379ac482bae7ef9ee0edbadf) Importer(2089858483,b0f066a214c2f5e87bad3c948f4d605d) (ScriptedImporter) -> (artifact id: '5aec00f89eed51942a6ebecb819de822') in 0.0177788 seconds
Number of updated asset objects reloaded before import = 0Number of asset objects unloaded after import = 3

========================================================================
Received Import Request.
  Time since last request: 0.000020 seconds.
  path: Assets/Projects/GravityDash/kenney_new-platformer-pack-1.1/Sprites/Tiles/Double/coin_bronze.png
  artifactKey: Guid(c24325504183842448801cd9020073c9) Importer(2089858483,b0f066a214c2f5e87bad3c948f4d605d)
Start importing Assets/Projects/GravityDash/kenney_new-platformer-pack-1.1/Sprites/Tiles/Double/coin_bronze.png using Guid(c24325504183842448801cd9020073c9) Importer(2089858483,b0f066a214c2f5e87bad3c948f4d605d) (ScriptedImporter) -> (artifact id: '595fa6ecb0e081a26648afdd740277d5') in 0.0174342 seconds
Number of updated asset objects reloaded before import = 0Number of asset objects unloaded after import = 3

========================================================================
Received Import Request.
  Time since last request: 0.000023 seconds.
  path: Assets/Projects/GravityDash/kenney_ui-pack/PNG/Green/Default/button_rectangle_gloss.png
  artifactKey: Guid(80e9fa602d3d84727810eb12568c242f) Importer(2089858483,b0f066a214c2f5e87bad3c948f4d605d)
Start importing Assets/Projects/GravityDash/kenney_ui-pack/PNG/Green/Default/button_rectangle_gloss.png using Guid(80e9fa602d3d84727810eb12568c242f) Importer(2089858483,b0f066a214c2f5e87bad3c948f4d605d) (ScriptedImporter) -> (artifact id: 'ec479638f6701f729b11e0dc1500fd16') in 0.0161136 seconds
Number of updated asset objects reloaded before import = 0Number of asset objects unloaded after import = 3

========================================================================
Received Import Request.
  Time since last request: 0.000022 seconds.
  path: Assets/Projects/GravityDash/kenney_ui-pack/PNG/Green/Double/check_round_grey_circle.png
  artifactKey: Guid(2a9332885f2f541dbb3e6ec3a20b2d75) Importer(2089858483,b0f066a214c2f5e87bad3c948f4d605d)
Start importing Assets/Projects/GravityDash/kenney_ui-pack/PNG/Green/Double/check_round_grey_circle.png using Guid(2a9332885f2f541dbb3e6ec3a20b2d75) Importer(2089858483,b0f066a214c2f5e87bad3c948f4d605d) (ScriptedImporter) -> (artifact id: 'b9a015f4d7b31f774aa051b4f6d64d31') in 0.0177236 seconds
Number of updated asset objects reloaded before import = 0Number of asset objects unloaded after import = 3

========================================================================
Received Import Request.
  Time since last request: 0.000017 seconds.
  path: Assets/Projects/GravityDash/kenney_ui-pack/PNG/Grey/Default/star.png
  artifactKey: Guid(53c032713a0984b74859393b8fa4c32f) Importer(2089858483,b0f066a214c2f5e87bad3c948f4d605d)
Start importing Assets/Projects/GravityDash/kenney_ui-pack/PNG/Grey/Default/star.png using Guid(53c032713a0984b74859393b8fa4c32f) Importer(2089858483,b0f066a214c2f5e87bad3c948f4d605d) (ScriptedImporter) -> (artifact id: '19029ce63cf68fa93231e963e536883d') in 0.0193508 seconds
Number of updated asset objects reloaded before import = 0Number of asset objects unloaded after import = 3

========================================================================
Received Import Request.
  Time since last request: 0.000038 seconds.
  path: Assets/Projects/GravityDash/kenney_ui-pack/PNG/Green/Default/star_outline_depth.png
  artifactKey: Guid(fab796d1c1e1d4de49f94c3afc4beece) Importer(2089858483,b0f066a214c2f5e87bad3c948f4d605d)
Start importing Assets/Projects/GravityDash/kenney_ui-pack/PNG/Green/Default/star_outline_depth.png using Guid(fab796d1c1e1d4de49f94c3afc4beece) Importer(2089858483,b0f066a214c2f5e87bad3c948f4d605d) (ScriptedImporter) -> (artifact id: 'b73b9466ca612f82413e5f342f966c00') in 0.0220981 seconds
Number of updated asset objects reloaded before import = 0Number of asset objects unloaded after import = 3

========================================================================
Received Import Request.
  Time since last request: 0.000037 seconds.
  path: Assets/Projects/GravityDash/kenney_ui-pack/PNG/Green/Default/star.png
  artifactKey: Guid(a3e1411200c83459bace6f6cc76445c9) Importer(2089858483,b0f066a214c2f5e87bad3c948f4d605d)
Start importing Assets/Projects/GravityDash/kenney_ui-pack/PNG/Green/Default/star.png using Guid(a3e1411200c83459bace6f6cc76445c9) Importer(2089858483,b0f066a214c2f5e87bad3c948f4d605d) (ScriptedImporter) -> (artifact id: '0aba3a23f1ea2f191de887755d8a3edb') in 0.0213058 seconds
Number of updated asset objects reloaded before import = 0Number of asset objects unloaded after import = 3

========================================================================
Received Import Request.
  Time since last request: 0.000029 seconds.
  path: Assets/Projects/GravityDash/kenney_ui-pack/PNG/Green/Double/arrow_basic_e_small.png
  artifactKey: Guid(2c01f32a7cae040c3bdaa3ea7025044a) Importer(2089858483,b0f066a214c2f5e87bad3c948f4d605d)
Start importing Assets/Projects/GravityDash/kenney_ui-pack/PNG/Green/Double/arrow_basic_e_small.png using Guid(2c01f32a7cae040c3bdaa3ea7025044a) Importer(2089858483,b0f066a214c2f5e87bad3c948f4d605d) (ScriptedImporter) -> (artifact id: '28b80062f6ae988727bcdc121d0d35cf') in 0.0230712 seconds
Number of updated asset objects reloaded before import = 0Number of asset objects unloaded after import = 3

========================================================================
Received Import Request.
  Time since last request: 0.000020 seconds.
  path: Assets/Projects/GravityDash/kenney_ui-pack/PNG/Green/Double/button_rectangle_depth_flat.png
  artifactKey: Guid(edeb24bbcb8de49e9a70f771d682dc19) Importer(2089858483,b0f066a214c2f5e87bad3c948f4d605d)
Start importing Assets/Projects/GravityDash/kenney_ui-pack/PNG/Green/Double/button_rectangle_depth_flat.png using Guid(edeb24bbcb8de49e9a70f771d682dc19) Importer(2089858483,b0f066a214c2f5e87bad3c948f4d605d) (ScriptedImporter) -> (artifact id: '36513a082f7be055cc807eda53b0e177') in 0.0205782 seconds
Number of updated asset objects reloaded before import = 0Number of asset objects unloaded after import = 3

========================================================================
Received Import Request.
  Time since last request: 0.000023 seconds.
  path: Assets/Projects/GravityDash/kenney_ui-pack/PNG/Green/Default/check_square_color_cross.png
  artifactKey: Guid(a143ef566a8464a97b51979618136d01) Importer(2089858483,b0f066a214c2f5e87bad3c948f4d605d)
Start importing Assets/Projects/GravityDash/kenney_ui-pack/PNG/Green/Default/check_square_color_cross.png using Guid(a143ef566a8464a97b51979618136d01) Importer(2089858483,b0f066a214c2f5e87bad3c948f4d605d) (ScriptedImporter) -> (artifact id: '146d4316df17eb08734a7b99cb26d48f') in 0.0189753 seconds
Number of updated asset objects reloaded before import = 0Number of asset objects unloaded after import = 3

========================================================================
Received Import Request.
  Time since last request: 0.000023 seconds.
  path: Assets/Projects/GravityDash/kenney_ui-pack/PNG/Green/Default/icon_cross.png
  artifactKey: Guid(acde9d458890242edbd00778b65f6821) Importer(2089858483,b0f066a214c2f5e87bad3c948f4d605d)
Start importing Assets/Projects/GravityDash/kenney_ui-pack/PNG/Green/Default/icon_cross.png using Guid(acde9d458890242edbd00778b65f6821) Importer(2089858483,b0f066a214c2f5e87bad3c948f4d605d) (ScriptedImporter) -> (artifact id: '41b88367273a34bfecbbdbecb6fe6dd0') in 0.01775 seconds
Number of updated asset objects reloaded before import = 0Number of asset objects unloaded after import = 3

========================================================================
Received Import Request.
  Time since last request: 0.000020 seconds.
  path: Assets/Projects/GravityDash/kenney_ui-pack/PNG/Grey/Default/arrow_basic_s_small.png
  artifactKey: Guid(1bad57c69e3854c7184cfcf8ec5786c9) Importer(2089858483,b0f066a214c2f5e87bad3c948f4d605d)
Start importing Assets/Projects/GravityDash/kenney_ui-pack/PNG/Grey/Default/arrow_basic_s_small.png using Guid(1bad57c69e3854c7184cfcf8ec5786c9) Importer(2089858483,b0f066a214c2f5e87bad3c948f4d605d) (ScriptedImporter) -> (artifact id: 'e67cc6c71490e7004c54a7bcef14f4ee') in 0.0159564 seconds
Number of updated asset objects reloaded before import = 0Number of asset objects unloaded after import = 3

========================================================================
Received Import Request.
  Time since last request: 0.000023 seconds.
  path: Assets/Projects/GravityDash/kenney_ui-pack/PNG/Grey/Default/button_rectangle_depth_line.png
  artifactKey: Guid(1251e8bce1e49475ea19c967b77ec3dd) Importer(2089858483,b0f066a214c2f5e87bad3c948f4d605d)
Start importing Assets/Projects/GravityDash/kenney_ui-pack/PNG/Grey/Default/button_rectangle_depth_line.png using Guid(1251e8bce1e49475ea19c967b77ec3dd) Importer(2089858483,b0f066a214c2f5e87bad3c948f4d605d) (ScriptedImporter) -> (artifact id: 'a71a949d93c8a9b4c29113fd83253e55') in 0.0199982 seconds
Number of updated asset objects reloaded before import = 0Number of asset objects unloaded after import = 3

========================================================================
Received Import Request.
  Time since last request: 0.000025 seconds.
  path: Assets/Projects/GravityDash/kenney_ui-pack/PNG/Grey/Double/arrow_basic_e.png
  artifactKey: Guid(ecbbc7fa5f7b1428d9d12c82e75c739d) Importer(2089858483,b0f066a214c2f5e87bad3c948f4d605d)
Start importing Assets/Projects/GravityDash/kenney_ui-pack/PNG/Grey/Double/arrow_basic_e.png using Guid(ecbbc7fa5f7b1428d9d12c82e75c739d) Importer(2089858483,b0f066a214c2f5e87bad3c948f4d605d) (ScriptedImporter) -> (artifact id: '417ec82460a506e0f7ba4188e7068140') in 0.0151578 seconds
Number of updated asset objects reloaded before import = 0Number of asset objects unloaded after import = 3

========================================================================
Received Import Request.
  Time since last request: 0.000024 seconds.
  path: Assets/Projects/GravityDash/kenney_ui-pack/PNG/Grey/Double/arrow_basic_n.png
  artifactKey: Guid(ee43a34e208b248eaa8a87119b2b7b74) Importer(2089858483,b0f066a214c2f5e87bad3c948f4d605d)
Start importing Assets/Projects/GravityDash/kenney_ui-pack/PNG/Grey/Double/arrow_basic_n.png using Guid(ee43a34e208b248eaa8a87119b2b7b74) Importer(2089858483,b0f066a214c2f5e87bad3c948f4d605d) (ScriptedImporter) -> (artifact id: '1e112612ae9cc3e4276b0145d893f951') in 0.0193583 seconds
Number of updated asset objects reloaded before import = 0Number of asset objects unloaded after import = 3

========================================================================
Received Import Request.
  Time since last request: 0.000065 seconds.
  path: Assets/Projects/GravityDash/kenney_ui-pack/PNG/Grey/Default/arrow_basic_e.png
  artifactKey: Guid(d2195b7f7ba5d4ccfbf003c38e601b58) Importer(2089858483,b0f066a214c2f5e87bad3c948f4d605d)
Start importing Assets/Projects/GravityDash/kenney_ui-pack/PNG/Grey/Default/arrow_basic_e.png using Guid(d2195b7f7ba5d4ccfbf003c38e601b58) Importer(2089858483,b0f066a214c2f5e87bad3c948f4d605d) (ScriptedImporter) -> (artifact id: 'cbeec544ba455661d3c510026eee98f8') in 0.0181191 seconds
Number of updated asset objects reloaded before import = 0Number of asset objects unloaded after import = 3

========================================================================
Received Import Request.
  Time since last request: 0.000019 seconds.
  path: Assets/Projects/GravityDash/kenney_ui-pack/PNG/Green/Default/check_square_color.png
  artifactKey: Guid(2ca67d5632ad648acbb08419c3180c23) Importer(2089858483,b0f066a214c2f5e87bad3c948f4d605d)
Start importing Assets/Projects/GravityDash/kenney_ui-pack/PNG/Green/Default/check_square_color.png using Guid(2ca67d5632ad648acbb08419c3180c23) Importer(2089858483,b0f066a214c2f5e87bad3c948f4d605d) (ScriptedImporter) -> (artifact id: '28c1ab0f51e79cd96859204a69121d95') in 0.0168228 seconds
Number of updated asset objects reloaded before import = 0Number of asset objects unloaded after import = 3

========================================================================
Received Import Request.
  Time since last request: 0.000021 seconds.
  path: Assets/Projects/GravityDash/kenney_ui-pack/PNG/Blue/Default/button_rectangle_depth_flat.png
  artifactKey: Guid(7fff185afaf384beaa0f04ec0bcc4d0d) Importer(2089858483,b0f066a214c2f5e87bad3c948f4d605d)
Start importing Assets/Projects/GravityDash/kenney_ui-pack/PNG/Blue/Default/button_rectangle_depth_flat.png using Guid(7fff185afaf384beaa0f04ec0bcc4d0d) Importer(2089858483,b0f066a214c2f5e87bad3c948f4d605d) (ScriptedImporter) -> (artifact id: '276921f11a28b75400233a5075a15559') in 0.0166259 seconds
Number of updated asset objects reloaded before import = 0Number of asset objects unloaded after import = 3

========================================================================
Received Import Request.
  Time since last request: 0.000020 seconds.
  path: Assets/Projects/GravityDash/kenney_new-platformer-pack-1.1/Sprites/Tiles/Double/terrain_snow_horizontal_right.png
  artifactKey: Guid(04efeff92ac464b1087d4791dc081bc0) Importer(2089858483,b0f066a214c2f5e87bad3c948f4d605d)
Start importing Assets/Projects/GravityDash/kenney_new-platformer-pack-1.1/Sprites/Tiles/Double/terrain_snow_horizontal_right.png using Guid(04efeff92ac464b1087d4791dc081bc0) Importer(2089858483,b0f066a214c2f5e87bad3c948f4d605d) (ScriptedImporter) -> (artifact id: '236d25833084a0bbafee7b1f3c4ab437') in 0.0170795 seconds
Number of updated asset objects reloaded before import = 0Number of asset objects unloaded after import = 3

========================================================================
Received Import Request.
  Time since last request: 0.000020 seconds.
  path: Assets/Projects/GravityDash/kenney_ui-pack/PNG/Green/Double/arrow_decorative_s_small.png
  artifactKey: Guid(b830c7ed1de3d47b6ac3c41073ed1b21) Importer(2089858483,b0f066a214c2f5e87bad3c948f4d605d)
Start importing Assets/Projects/GravityDash/kenney_ui-pack/PNG/Green/Double/arrow_decorative_s_small.png using Guid(b830c7ed1de3d47b6ac3c41073ed1b21) Importer(2089858483,b0f066a214c2f5e87bad3c948f4d605d) (ScriptedImporter) -> (artifact id: '744d4d1bf292501fc6039113e334d756') in 0.0182177 seconds
Number of updated asset objects reloaded before import = 0Number of asset objects unloaded after import = 3

========================================================================
Received Import Request.
  Time since last request: 0.000022 seconds.
  path: Assets/Projects/GravityDash/kenney_new-platformer-pack-1.1/Sprites/Tiles/Double/hill_top.png
  artifactKey: Guid(449995ab3c4184dfcaa21c3aefc38cc6) Importer(2089858483,b0f066a214c2f5e87bad3c948f4d605d)
Start importing Assets/Projects/GravityDash/kenney_new-platformer-pack-1.1/Sprites/Tiles/Double/hill_top.png using Guid(449995ab3c4184dfcaa21c3aefc38cc6) Importer(2089858483,b0f066a214c2f5e87bad3c948f4d605d) (ScriptedImporter) -> (artifact id: '70962cb97cabba6ce904c5607d9802f4') in 0.0188597 seconds
Number of updated asset objects reloaded before import = 0Number of asset objects unloaded after import = 3

========================================================================
Received Import Request.
  Time since last request: 0.000040 seconds.
  path: Assets/Projects/GravityDash/kenney_new-platformer-pack-1.1/Sprites/Tiles/Double/water.png
  artifactKey: Guid(9696040cdefde4ae6baf16c37a1e9442) Importer(2089858483,b0f066a214c2f5e87bad3c948f4d605d)
Start importing Assets/Projects/GravityDash/kenney_new-platformer-pack-1.1/Sprites/Tiles/Double/water.png using Guid(9696040cdefde4ae6baf16c37a1e9442) Importer(2089858483,b0f066a214c2f5e87bad3c948f4d605d) (ScriptedImporter) -> (artifact id: 'a5b0f1f72531d6cb5b731111ae76c6c6') in 0.018179 seconds
Number of updated asset objects reloaded before import = 0Number of asset objects unloaded after import = 3

========================================================================
Received Import Request.
  Time since last request: 0.000019 seconds.
  path: Assets/Projects/GravityDash/kenney_ui-pack/PNG/Blue/Default/slide_vertical_color.png
  artifactKey: Guid(98e9b23ba305b4ee58a29370c393bf15) Importer(2089858483,b0f066a214c2f5e87bad3c948f4d605d)
Start importing Assets/Projects/GravityDash/kenney_ui-pack/PNG/Blue/Default/slide_vertical_color.png using Guid(98e9b23ba305b4ee58a29370c393bf15) Importer(2089858483,b0f066a214c2f5e87bad3c948f4d605d) (ScriptedImporter) -> (artifact id: 'c5764605b3f8ce7d09319bac4b662175') in 0.0186569 seconds
Number of updated asset objects reloaded before import = 0Number of asset objects unloaded after import = 3

========================================================================
Received Import Request.
  Time since last request: 0.000049 seconds.
  path: Assets/Projects/GravityDash/kenney_new-platformer-pack-1.1/Sprites/Tiles/Double/chain.png
  artifactKey: Guid(947b202e9b5a3405d8b02895d773d7b9) Importer(2089858483,b0f066a214c2f5e87bad3c948f4d605d)
Start importing Assets/Projects/GravityDash/kenney_new-platformer-pack-1.1/Sprites/Tiles/Double/chain.png using Guid(947b202e9b5a3405d8b02895d773d7b9) Importer(2089858483,b0f066a214c2f5e87bad3c948f4d605d) (ScriptedImporter) -> (artifact id: '59ecafb77e52ace9d996e7a25e495a8c') in 0.0200636 seconds
Number of updated asset objects reloaded before import = 0Number of asset objects unloaded after import = 3

========================================================================
Received Import Request.
  Time since last request: 0.000025 seconds.
  path: Assets/Projects/GravityDash/kenney_new-platformer-pack-1.1/Sprites/Tiles/Double/terrain_purple_block_right.png
  artifactKey: Guid(4d490cb30826444fab211912f56999ba) Importer(2089858483,b0f066a214c2f5e87bad3c948f4d605d)
Start importing Assets/Projects/GravityDash/kenney_new-platformer-pack-1.1/Sprites/Tiles/Double/terrain_purple_block_right.png using Guid(4d490cb30826444fab211912f56999ba) Importer(2089858483,b0f066a214c2f5e87bad3c948f4d605d) (ScriptedImporter) -> (artifact id: '4a116c9eb0beebc77663c8b2f5347361') in 0.0181166 seconds
Number of updated asset objects reloaded before import = 0Number of asset objects unloaded after import = 3

========================================================================
Received Import Request.
  Time since last request: 0.000042 seconds.
  path: Assets/Projects/GravityDash/kenney_ui-pack/PNG/Grey/Default/check_square_color_checkmark.png
  artifactKey: Guid(426b2c58e12f04705888970613e22c9a) Importer(2089858483,b0f066a214c2f5e87bad3c948f4d605d)
Start importing Assets/Projects/GravityDash/kenney_ui-pack/PNG/Grey/Default/check_square_color_checkmark.png using Guid(426b2c58e12f04705888970613e22c9a) Importer(2089858483,b0f066a214c2f5e87bad3c948f4d605d) (ScriptedImporter) -> (artifact id: '41dbb8cc02779e784159591a567afebe') in 0.0166566 seconds
Number of updated asset objects reloaded before import = 0Number of asset objects unloaded after import = 3

========================================================================
Received Import Request.
  Time since last request: 0.000030 seconds.
  path: Assets/Projects/GravityDash/kenney_new-platformer-pack-1.1/Sprites/Tiles/Double/switch_green_pressed.png
  artifactKey: Guid(f3a22d544328647e498eccffa8ccebfa) Importer(2089858483,b0f066a214c2f5e87bad3c948f4d605d)
Start importing Assets/Projects/GravityDash/kenney_new-platformer-pack-1.1/Sprites/Tiles/Double/switch_green_pressed.png using Guid(f3a22d544328647e498eccffa8ccebfa) Importer(2089858483,b0f066a214c2f5e87bad3c948f4d605d) (ScriptedImporter) -> (artifact id: '3f30f0e15bd96f72e2e0c66c224df7c1') in 0.0197289 seconds
Number of updated asset objects reloaded before import = 0Number of asset objects unloaded after import = 3

========================================================================
Received Import Request.
  Time since last request: 0.000030 seconds.
  path: Assets/Projects/GravityDash/kenney_ui-pack/PNG/Green/Default/arrow_basic_n_small.png
  artifactKey: Guid(b6b264ae1e449463b9edf5822dd7548f) Importer(2089858483,b0f066a214c2f5e87bad3c948f4d605d)
Start importing Assets/Projects/GravityDash/kenney_ui-pack/PNG/Green/Default/arrow_basic_n_small.png using Guid(b6b264ae1e449463b9edf5822dd7548f) Importer(2089858483,b0f066a214c2f5e87bad3c948f4d605d) (ScriptedImporter) -> (artifact id: 'd8a38ddadcecf60214580e66e044b94f') in 0.0187046 seconds
Number of updated asset objects reloaded before import = 0Number of asset objects unloaded after import = 3

========================================================================
Received Import Request.
  Time since last request: 0.000026 seconds.
  path: Assets/Projects/GravityDash/kenney_ui-pack/PNG/Blue/Default/slide_horizontal_color_section_wide.png
  artifactKey: Guid(ec741d52779b44669bdfe9f0d01c026e) Importer(2089858483,b0f066a214c2f5e87bad3c948f4d605d)
Start importing Assets/Projects/GravityDash/kenney_ui-pack/PNG/Blue/Default/slide_horizontal_color_section_wide.png using Guid(ec741d52779b44669bdfe9f0d01c026e) Importer(2089858483,b0f066a214c2f5e87bad3c948f4d605d) (ScriptedImporter) -> (artifact id: 'cea7b84a7f56ec153326df25a0039a50') in 0.0189889 seconds
Number of updated asset objects reloaded before import = 0Number of asset objects unloaded after import = 3

========================================================================
Received Import Request.
  Time since last request: 0.000031 seconds.
  path: Assets/Projects/GravityDash/kenney_ui-pack/PNG/Blue/Double/button_round_depth_border.png
  artifactKey: Guid(10fea98c734f74a888159ebf47dc10a6) Importer(2089858483,b0f066a214c2f5e87bad3c948f4d605d)
Start importing Assets/Projects/GravityDash/kenney_ui-pack/PNG/Blue/Double/button_round_depth_border.png using Guid(10fea98c734f74a888159ebf47dc10a6) Importer(2089858483,b0f066a214c2f5e87bad3c948f4d605d) (ScriptedImporter) -> (artifact id: 'f22ba01031b7856359e68c3d6a3cc033') in 0.0188228 seconds
Number of updated asset objects reloaded before import = 0Number of asset objects unloaded after import = 3

========================================================================
Received Import Request.
  Time since last request: 0.000019 seconds.
  path: Assets/Projects/GravityDash/kenney_new-platformer-pack-1.1/Sprites/Tiles/Double/terrain_snow_vertical_bottom.png
  artifactKey: Guid(a9399ad339c4f4b36a2ad27118b0c4f7) Importer(2089858483,b0f066a214c2f5e87bad3c948f4d605d)
Start importing Assets/Projects/GravityDash/kenney_new-platformer-pack-1.1/Sprites/Tiles/Double/terrain_snow_vertical_bottom.png using Guid(a9399ad339c4f4b36a2ad27118b0c4f7) Importer(2089858483,b0f066a214c2f5e87bad3c948f4d605d) (ScriptedImporter) -> (artifact id: 'bbcdb192d36315bb40470b38e51427e8') in 0.0201799 seconds
Number of updated asset objects reloaded before import = 0Number of asset objects unloaded after import = 3

========================================================================
Received Import Request.
  Time since last request: 0.000028 seconds.
  path: Assets/Projects/GravityDash/kenney_ui-pack/PNG/Green/Double/button_round_gradient.png
  artifactKey: Guid(3a8dfd494402a423e818b2f72daa015a) Importer(2089858483,b0f066a214c2f5e87bad3c948f4d605d)
Start importing Assets/Projects/GravityDash/kenney_ui-pack/PNG/Green/Double/button_round_gradient.png using Guid(3a8dfd494402a423e818b2f72daa015a) Importer(2089858483,b0f066a214c2f5e87bad3c948f4d605d) (ScriptedImporter) -> (artifact id: '3f751cc089b2477251213e0bfa008893') in 0.0295473 seconds
Number of updated asset objects reloaded before import = 0Number of asset objects unloaded after import = 3

========================================================================
Received Import Request.
  Time since last request: 0.000043 seconds.
  path: Assets/Projects/GravityDash/kenney_new-platformer-pack-1.1/Sprites/Tiles/Double/terrain_dirt_cloud_right.png
  artifactKey: Guid(2e6d158900cb64046a52a43b41fdc21f) Importer(2089858483,b0f066a214c2f5e87bad3c948f4d605d)
Start importing Assets/Projects/GravityDash/kenney_new-platformer-pack-1.1/Sprites/Tiles/Double/terrain_dirt_cloud_right.png using Guid(2e6d158900cb64046a52a43b41fdc21f) Importer(2089858483,b0f066a214c2f5e87bad3c948f4d605d) (ScriptedImporter) -> (artifact id: '6c22ea81c1f02e4d88f18a68b20f2c31') in 0.0328058 seconds
Number of updated asset objects reloaded before import = 0Number of asset objects unloaded after import = 3

========================================================================
Received Import Request.
  Time since last request: 0.000059 seconds.
  path: Assets/Projects/GravityDash/kenney_new-platformer-pack-1.1/Sprites/Tiles/Double/switch_yellow_pressed.png
  artifactKey: Guid(caa6e94aa636242289cd917602e927a6) Importer(2089858483,b0f066a214c2f5e87bad3c948f4d605d)
Start importing Assets/Projects/GravityDash/kenney_new-platformer-pack-1.1/Sprites/Tiles/Double/switch_yellow_pressed.png using Guid(caa6e94aa636242289cd917602e927a6) Importer(2089858483,b0f066a214c2f5e87bad3c948f4d605d) (ScriptedImporter) -> (artifact id: '58be278a8f05c6c410c1290aae003c10') in 0.1190348 seconds
Number of updated asset objects reloaded before import = 0Number of asset objects unloaded after import = 3

========================================================================
Received Import Request.
  Time since last request: 0.000054 seconds.
  path: Assets/Projects/GravityDash/kenney_new-platformer-pack-1.1/Sprites/Tiles/Double/door_open.png
  artifactKey: Guid(7295b126f2bf9446b909a57e79a2f35b) Importer(2089858483,b0f066a214c2f5e87bad3c948f4d605d)
Start importing Assets/Projects/GravityDash/kenney_new-platformer-pack-1.1/Sprites/Tiles/Double/door_open.png using Guid(7295b126f2bf9446b909a57e79a2f35b) Importer(2089858483,b0f066a214c2f5e87bad3c948f4d605d) (ScriptedImporter) -> (artifact id: '2eb6a0df9c2e44b9599789e5dc38f8e4') in 0.0321411 seconds
Number of updated asset objects reloaded before import = 0Number of asset objects unloaded after import = 3

========================================================================
Received Import Request.
  Time since last request: 0.000032 seconds.
  path: Assets/Projects/GravityDash/kenney_ui-pack/PNG/Extra/Default/input_outline_square.png
  artifactKey: Guid(2dd589941fcc442f0bae242392792625) Importer(2089858483,b0f066a214c2f5e87bad3c948f4d605d)
Start importing Assets/Projects/GravityDash/kenney_ui-pack/PNG/Extra/Default/input_outline_square.png using Guid(2dd589941fcc442f0bae242392792625) Importer(2089858483,b0f066a214c2f5e87bad3c948f4d605d) (ScriptedImporter) -> (artifact id: 'ac4173bf45f776276e97c88f03d4dad8') in 0.0334 seconds
Number of updated asset objects reloaded before import = 0Number of asset objects unloaded after import = 3

========================================================================
Received Import Request.
  Time since last request: 0.000075 seconds.
  path: Assets/Projects/GravityDash/kenney_ui-pack/PNG/Green/Default/arrow_decorative_n_small.png
  artifactKey: Guid(04e81cd6c86344831892db443cf18f92) Importer(2089858483,b0f066a214c2f5e87bad3c948f4d605d)
Start importing Assets/Projects/GravityDash/kenney_ui-pack/PNG/Green/Default/arrow_decorative_n_small.png using Guid(04e81cd6c86344831892db443cf18f92) Importer(2089858483,b0f066a214c2f5e87bad3c948f4d605d) (ScriptedImporter) -> (artifact id: 'dda21bef0bf6f0d416b04111f8ca566d') in 0.0309042 seconds
Number of updated asset objects reloaded before import = 0Number of asset objects unloaded after import = 3

========================================================================
Received Import Request.
  Time since last request: 0.000060 seconds.
  path: Assets/Projects/GravityDash/kenney_new-platformer-pack-1.1/Sprites/Tiles/Double/ladder_top.png
  artifactKey: Guid(786e23935bb964516b176a881960838d) Importer(2089858483,b0f066a214c2f5e87bad3c948f4d605d)
Start importing Assets/Projects/GravityDash/kenney_new-platformer-pack-1.1/Sprites/Tiles/Double/ladder_top.png using Guid(786e23935bb964516b176a881960838d) Importer(2089858483,b0f066a214c2f5e87bad3c948f4d605d) (ScriptedImporter) -> (artifact id: '7bb2d7f9688d395891c08460db023cb9') in 0.0364176 seconds
Number of updated asset objects reloaded before import = 0Number of asset objects unloaded after import = 3

========================================================================
Received Import Request.
  Time since last request: 0.000030 seconds.
  path: Assets/Projects/GravityDash/kenney_ui-pack/PNG/Blue/Double/slide_horizontal_grey.png
  artifactKey: Guid(ceaf22af52d754b119bc904192a22116) Importer(2089858483,b0f066a214c2f5e87bad3c948f4d605d)
Start importing Assets/Projects/GravityDash/kenney_ui-pack/PNG/Blue/Double/slide_horizontal_grey.png using Guid(ceaf22af52d754b119bc904192a22116) Importer(2089858483,b0f066a214c2f5e87bad3c948f4d605d) (ScriptedImporter) -> (artifact id: '98c15238a43e5b6c47bc013ad4e71fa8') in 0.0335949 seconds
Number of updated asset objects reloaded before import = 0Number of asset objects unloaded after import = 3

========================================================================
Received Import Request.
  Time since last request: 0.000033 seconds.
  path: Assets/Projects/GravityDash/kenney_ui-pack/PNG/Grey/Double/button_round_depth_gradient.png
  artifactKey: Guid(fab3c93d403c74d2b8f60b2128a22c0c) Importer(2089858483,b0f066a214c2f5e87bad3c948f4d605d)
Start importing Assets/Projects/GravityDash/kenney_ui-pack/PNG/Grey/Double/button_round_depth_gradient.png using Guid(fab3c93d403c74d2b8f60b2128a22c0c) Importer(2089858483,b0f066a214c2f5e87bad3c948f4d605d) (ScriptedImporter) -> (artifact id: '675e8b2cfcbef7d8d7dcf402adea9e99') in 0.0308027 seconds
Number of updated asset objects reloaded before import = 0Number of asset objects unloaded after import = 3

========================================================================
Received Import Request.
  Time since last request: 0.000038 seconds.
  path: Assets/Projects/GravityDash/kenney_ui-pack/PNG/Red/Double/arrow_decorative_s.png
  artifactKey: Guid(ab7b4ea6df355400f92b5c6187be6b3a) Importer(2089858483,b0f066a214c2f5e87bad3c948f4d605d)
Start importing Assets/Projects/GravityDash/kenney_ui-pack/PNG/Red/Double/arrow_decorative_s.png using Guid(ab7b4ea6df355400f92b5c6187be6b3a) Importer(2089858483,b0f066a214c2f5e87bad3c948f4d605d) (ScriptedImporter) -> (artifact id: '6f19939f81fd36ea3810c00568864741') in 0.0297026 seconds
Number of updated asset objects reloaded before import = 0Number of asset objects unloaded after import = 3

========================================================================
Received Import Request.
  Time since last request: 0.000043 seconds.
  path: Assets/Projects/GravityDash/kenney_ui-pack/PNG/Red/Default/arrow_basic_n.png
  artifactKey: Guid(61d61477ef6a3409f99e87da065725bd) Importer(2089858483,b0f066a214c2f5e87bad3c948f4d605d)
Start importing Assets/Projects/GravityDash/kenney_ui-pack/PNG/Red/Default/arrow_basic_n.png using Guid(61d61477ef6a3409f99e87da065725bd) Importer(2089858483,b0f066a214c2f5e87bad3c948f4d605d) (ScriptedImporter) -> (artifact id: 'af6f42bb315001f4ab12f11dac958780') in 0.0291296 seconds
Number of updated asset objects reloaded before import = 0Number of asset objects unloaded after import = 3

========================================================================
Received Import Request.
  Time since last request: 0.000048 seconds.
  path: Assets/Projects/GravityDash/kenney_ui-pack/PNG/Red/Default/button_round_depth_flat.png
  artifactKey: Guid(b8dc48058c3e04e8c8872e5301667db7) Importer(2089858483,b0f066a214c2f5e87bad3c948f4d605d)
Start importing Assets/Projects/GravityDash/kenney_ui-pack/PNG/Red/Default/button_round_depth_flat.png using Guid(b8dc48058c3e04e8c8872e5301667db7) Importer(2089858483,b0f066a214c2f5e87bad3c948f4d605d) (ScriptedImporter) -> (artifact id: '476dbdc3e48525806807afc84647c0d4') in 0.0304103 seconds
Number of updated asset objects reloaded before import = 0Number of asset objects unloaded after import = 3

========================================================================
Received Import Request.
  Time since last request: 0.000049 seconds.
  path: Assets/Projects/GravityDash/kenney_ui-pack/PNG/Red/Default/icon_outline_square.png
  artifactKey: Guid(38ba767ada5ca497aa9eb3d0232fc34c) Importer(2089858483,b0f066a214c2f5e87bad3c948f4d605d)
Start importing Assets/Projects/GravityDash/kenney_ui-pack/PNG/Red/Default/icon_outline_square.png using Guid(38ba767ada5ca497aa9eb3d0232fc34c) Importer(2089858483,b0f066a214c2f5e87bad3c948f4d605d) (ScriptedImporter) -> (artifact id: '6ffac03c62e11481200650319deda9fa') in 0.0266573 seconds
Number of updated asset objects reloaded before import = 0Number of asset objects unloaded after import = 3

========================================================================
Received Import Request.
  Time since last request: 0.000029 seconds.
  path: Assets/Projects/GravityDash/kenney_ui-pack/PNG/Grey/Double/check_square_color_checkmark.png
  artifactKey: Guid(57658493c9dd14e69b18438ec972c363) Importer(2089858483,b0f066a214c2f5e87bad3c948f4d605d)
Start importing Assets/Projects/GravityDash/kenney_ui-pack/PNG/Grey/Double/check_square_color_checkmark.png using Guid(57658493c9dd14e69b18438ec972c363) Importer(2089858483,b0f066a214c2f5e87bad3c948f4d605d) (ScriptedImporter) -> (artifact id: 'ad77fd6d84d1180c2cfd1aa78ae8f568') in 0.0257222 seconds
Number of updated asset objects reloaded before import = 0Number of asset objects unloaded after import = 3

========================================================================
Received Import Request.
  Time since last request: 0.000031 seconds.
  path: Assets/Projects/GravityDash/kenney_ui-pack/PNG/Grey/Double/icon_square.png
  artifactKey: Guid(b7fc257ef06bf41668de3ef2dac0832b) Importer(2089858483,b0f066a214c2f5e87bad3c948f4d605d)
Start importing Assets/Projects/GravityDash/kenney_ui-pack/PNG/Grey/Double/icon_square.png using Guid(b7fc257ef06bf41668de3ef2dac0832b) Importer(2089858483,b0f066a214c2f5e87bad3c948f4d605d) (ScriptedImporter) -> (artifact id: '960efa3c694a406ddd917721886222f2') in 0.0306742 seconds
Number of updated asset objects reloaded before import = 0Number of asset objects unloaded after import = 3

========================================================================
Received Import Request.
  Time since last request: 0.000030 seconds.
  path: Assets/Projects/GravityDash/kenney_ui-pack/PNG/Grey/Double/check_square_color_cross.png
  artifactKey: Guid(841df891b2a664b70b670f1772a8d2a2) Importer(2089858483,b0f066a214c2f5e87bad3c948f4d605d)
Start importing Assets/Projects/GravityDash/kenney_ui-pack/PNG/Grey/Double/check_square_color_cross.png using Guid(841df891b2a664b70b670f1772a8d2a2) Importer(2089858483,b0f066a214c2f5e87bad3c948f4d605d) (ScriptedImporter) -> (artifact id: '34c00f7a5f26e7f46dd8a375505b52e5') in 0.0266005 seconds
Number of updated asset objects reloaded before import = 0Number of asset objects unloaded after import = 3

========================================================================
Received Import Request.
  Time since last request: 0.000033 seconds.
  path: Assets/Projects/GravityDash/kenney_ui-pack/PNG/Red/Default/icon_circle.png
  artifactKey: Guid(c78d0f4b93934439d819638642acd8ed) Importer(2089858483,b0f066a214c2f5e87bad3c948f4d605d)
Start importing Assets/Projects/GravityDash/kenney_ui-pack/PNG/Red/Default/icon_circle.png using Guid(c78d0f4b93934439d819638642acd8ed) Importer(2089858483,b0f066a214c2f5e87bad3c948f4d605d) (ScriptedImporter) -> (artifact id: 'b58f3a139d7cb1d1360c6eac588ad1ce') in 0.0251056 seconds
Number of updated asset objects reloaded before import = 0Number of asset objects unloaded after import = 3

========================================================================
Received Import Request.
  Time since last request: 0.000027 seconds.
  path: Assets/Projects/GravityDash/kenney_ui-pack/PNG/Red/Default/star.png
  artifactKey: Guid(0effe368d07da417bbbf9004a8fafadd) Importer(2089858483,b0f066a214c2f5e87bad3c948f4d605d)
Start importing Assets/Projects/GravityDash/kenney_ui-pack/PNG/Red/Default/star.png using Guid(0effe368d07da417bbbf9004a8fafadd) Importer(2089858483,b0f066a214c2f5e87bad3c948f4d605d) (ScriptedImporter) -> (artifact id: 'a0072e8e2bea12d662873e94ac61a954') in 0.0200613 seconds
Number of updated asset objects reloaded before import = 0Number of asset objects unloaded after import = 3

========================================================================
Received Import Request.
  Time since last request: 0.000028 seconds.
  path: Assets/Projects/GravityDash/kenney_ui-pack/PNG/Red/Default/button_round_flat.png
  artifactKey: Guid(0bde9d4fbebcd4488aa8ff375b3f5be3) Importer(2089858483,b0f066a214c2f5e87bad3c948f4d605d)
Start importing Assets/Projects/GravityDash/kenney_ui-pack/PNG/Red/Default/button_round_flat.png using Guid(0bde9d4fbebcd4488aa8ff375b3f5be3) Importer(2089858483,b0f066a214c2f5e87bad3c948f4d605d) (ScriptedImporter) -> (artifact id: 'a9350e54318e703cc86414db02db0cc5') in 0.0260151 seconds
Number of updated asset objects reloaded before import = 0Number of asset objects unloaded after import = 3

========================================================================
Received Import Request.
  Time since last request: 0.000033 seconds.
  path: Assets/Projects/GravityDash/kenney_ui-pack/PNG/Red/Default/check_round_round_circle.png
  artifactKey: Guid(c17caf5f0cc61429c9ea351974381035) Importer(2089858483,b0f066a214c2f5e87bad3c948f4d605d)
Start importing Assets/Projects/GravityDash/kenney_ui-pack/PNG/Red/Default/check_round_round_circle.png using Guid(c17caf5f0cc61429c9ea351974381035) Importer(2089858483,b0f066a214c2f5e87bad3c948f4d605d) (ScriptedImporter) -> (artifact id: '1b0fe9332b91b970d23a8e70cb5c614f') in 0.0182851 seconds
Number of updated asset objects reloaded before import = 0Number of asset objects unloaded after import = 3

========================================================================
Received Import Request.
  Time since last request: 0.000024 seconds.
  path: Assets/Projects/GravityDash/kenney_ui-pack/PNG/Red/Default/check_round_grey_circle.png
  artifactKey: Guid(800027ce3e2284d6aadfad9ed4cf088d) Importer(2089858483,b0f066a214c2f5e87bad3c948f4d605d)
Start importing Assets/Projects/GravityDash/kenney_ui-pack/PNG/Red/Default/check_round_grey_circle.png using Guid(800027ce3e2284d6aadfad9ed4cf088d) Importer(2089858483,b0f066a214c2f5e87bad3c948f4d605d) (ScriptedImporter) -> (artifact id: '7b533f707ef45ef15f166e74ecf3e3e7') in 0.0244241 seconds
Number of updated asset objects reloaded before import = 0Number of asset objects unloaded after import = 3

========================================================================
Received Import Request.
  Time since last request: 0.000036 seconds.
  path: Assets/Projects/GravityDash/kenney_ui-pack/PNG/Red/Double/check_round_round_circle.png
  artifactKey: Guid(3340d75a66b374e709ab682aec4c46fb) Importer(2089858483,b0f066a214c2f5e87bad3c948f4d605d)
Start importing Assets/Projects/GravityDash/kenney_ui-pack/PNG/Red/Double/check_round_round_circle.png using Guid(3340d75a66b374e709ab682aec4c46fb) Importer(2089858483,b0f066a214c2f5e87bad3c948f4d605d) (ScriptedImporter) -> (artifact id: 'da5852a901a6c393adc93e358f3d69db') in 0.0223677 seconds
Number of updated asset objects reloaded before import = 0Number of asset objects unloaded after import = 3

========================================================================
Received Import Request.
  Time since last request: 0.000028 seconds.
  path: Assets/Projects/GravityDash/kenney_ui-pack/PNG/Red/Default/slide_hangle.png
  artifactKey: Guid(e75d21b85bcc74a969f4cd1706f61e0e) Importer(2089858483,b0f066a214c2f5e87bad3c948f4d605d)
Start importing Assets/Projects/GravityDash/kenney_ui-pack/PNG/Red/Default/slide_hangle.png using Guid(e75d21b85bcc74a969f4cd1706f61e0e) Importer(2089858483,b0f066a214c2f5e87bad3c948f4d605d) (ScriptedImporter) -> (artifact id: 'ba8acaafb1615e9a484a2772be913d6a') in 0.0245373 seconds
Number of updated asset objects reloaded before import = 0Number of asset objects unloaded after import = 3

========================================================================
Received Import Request.
  Time since last request: 0.000035 seconds.
  path: Assets/Projects/GravityDash/kenney_ui-pack/PNG/Red/Double/button_round_depth_gloss.png
  artifactKey: Guid(30da97b96773c418d8a324d99f67dd4b) Importer(2089858483,b0f066a214c2f5e87bad3c948f4d605d)
Start importing Assets/Projects/GravityDash/kenney_ui-pack/PNG/Red/Double/button_round_depth_gloss.png using Guid(30da97b96773c418d8a324d99f67dd4b) Importer(2089858483,b0f066a214c2f5e87bad3c948f4d605d) (ScriptedImporter) -> (artifact id: 'fd0943ec1111f861df9762c57a274b1d') in 0.0253117 seconds
Number of updated asset objects reloaded before import = 0Number of asset objects unloaded after import = 3

========================================================================
Received Import Request.
  Time since last request: 0.000031 seconds.
  path: Assets/Projects/GravityDash/kenney_ui-pack/PNG/Red/Default/button_rectangle_flat.png
  artifactKey: Guid(2aa8cd7095abe444c9023482769385a1) Importer(2089858483,b0f066a214c2f5e87bad3c948f4d605d)
Start importing Assets/Projects/GravityDash/kenney_ui-pack/PNG/Red/Default/button_rectangle_flat.png using Guid(2aa8cd7095abe444c9023482769385a1) Importer(2089858483,b0f066a214c2f5e87bad3c948f4d605d) (ScriptedImporter) -> (artifact id: '7087314db64a73fa59adc3ea7dff8f90') in 0.0250721 seconds
Number of updated asset objects reloaded before import = 0Number of asset objects unloaded after import = 3

========================================================================
Received Import Request.
  Time since last request: 0.000039 seconds.
  path: Assets/Projects/GravityDash/kenney_ui-pack/PNG/Grey/Double/button_rectangle_flat.png
  artifactKey: Guid(8a657c1ec85154b039fc551bc2421212) Importer(2089858483,b0f066a214c2f5e87bad3c948f4d605d)
Start importing Assets/Projects/GravityDash/kenney_ui-pack/PNG/Grey/Double/button_rectangle_flat.png using Guid(8a657c1ec85154b039fc551bc2421212) Importer(2089858483,b0f066a214c2f5e87bad3c948f4d605d) (ScriptedImporter) -> (artifact id: '34d7c5a56cdbe888451a33dc8245487f') in 0.0216677 seconds
Number of updated asset objects reloaded before import = 0Number of asset objects unloaded after import = 3

========================================================================
Received Import Request.
  Time since last request: 0.000043 seconds.
  path: Assets/Projects/GravityDash/kenney_ui-pack/PNG/Red/Double/button_rectangle_line.png
  artifactKey: Guid(24e805c74466d40bba2b48a708702bf6) Importer(2089858483,b0f066a214c2f5e87bad3c948f4d605d)
Start importing Assets/Projects/GravityDash/kenney_ui-pack/PNG/Red/Double/button_rectangle_line.png using Guid(24e805c74466d40bba2b48a708702bf6) Importer(2089858483,b0f066a214c2f5e87bad3c948f4d605d) (ScriptedImporter) -> (artifact id: '3bd78b4d06311185870b17035ff4cfeb') in 0.0249669 seconds
Number of updated asset objects reloaded before import = 0Number of asset objects unloaded after import = 3

========================================================================
Received Import Request.
  Time since last request: 0.000034 seconds.
  path: Assets/Projects/GravityDash/kenney_new-platformer-pack-1.1/Sprites/Tiles/Double/key_yellow.png
  artifactKey: Guid(47debb0434a2141e096e510d5f5df600) Importer(2089858483,b0f066a214c2f5e87bad3c948f4d605d)
Start importing Assets/Projects/GravityDash/kenney_new-platformer-pack-1.1/Sprites/Tiles/Double/key_yellow.png using Guid(47debb0434a2141e096e510d5f5df600) Importer(2089858483,b0f066a214c2f5e87bad3c948f4d605d) (ScriptedImporter) -> (artifact id: '77a34629375a2ea96023f3079051f25e') in 0.0222267 seconds
Number of updated asset objects reloaded before import = 0Number of asset objects unloaded after import = 3

========================================================================
Received Import Request.
  Time since last request: 0.000036 seconds.
  path: Assets/Projects/GravityDash/kenney_new-platformer-pack-1.1/Sprites/Tiles/Double/star.png
  artifactKey: Guid(6114bab6a637746a8b207007db881c8c) Importer(2089858483,b0f066a214c2f5e87bad3c948f4d605d)
Start importing Assets/Projects/GravityDash/kenney_new-platformer-pack-1.1/Sprites/Tiles/Double/star.png using Guid(6114bab6a637746a8b207007db881c8c) Importer(2089858483,b0f066a214c2f5e87bad3c948f4d605d) (ScriptedImporter) -> (artifact id: '52c1734f73cb16edefdfcd82b58a2567') in 0.0237887 seconds
Number of updated asset objects reloaded before import = 0Number of asset objects unloaded after import = 3

========================================================================
Received Import Request.
  Time since last request: 0.000022 seconds.
  path: Assets/Projects/GravityDash/kenney_ui-pack/PNG/Red/Double/button_square_line.png
  artifactKey: Guid(2e0b14b9e4e3044f59f5cc2f25e2bada) Importer(2089858483,b0f066a214c2f5e87bad3c948f4d605d)
Start importing Assets/Projects/GravityDash/kenney_ui-pack/PNG/Red/Double/button_square_line.png using Guid(2e0b14b9e4e3044f59f5cc2f25e2bada) Importer(2089858483,b0f066a214c2f5e87bad3c948f4d605d) (ScriptedImporter) -> (artifact id: '80ad9003f5450a5b98015b340dd41dd0') in 0.0280865 seconds
Number of updated asset objects reloaded before import = 0Number of asset objects unloaded after import = 3

========================================================================
Received Import Request.
  Time since last request: 0.000028 seconds.
  path: Assets/Projects/GravityDash/kenney_ui-pack/PNG/Blue/Double/button_rectangle_gradient.png
  artifactKey: Guid(5f566af533795471b9b05d05eaa35d5a) Importer(2089858483,b0f066a214c2f5e87bad3c948f4d605d)
Start importing Assets/Projects/GravityDash/kenney_ui-pack/PNG/Blue/Double/button_rectangle_gradient.png using Guid(5f566af533795471b9b05d05eaa35d5a) Importer(2089858483,b0f066a214c2f5e87bad3c948f4d605d) (ScriptedImporter) -> (artifact id: '84e90df4444faa8499ee56aaa6160747') in 0.0231147 seconds
Number of updated asset objects reloaded before import = 0Number of asset objects unloaded after import = 3

========================================================================
Received Import Request.
  Time since last request: 0.000039 seconds.
  path: Assets/Projects/GravityDash/kenney_ui-pack/PNG/Green/Default/check_round_grey_circle.png
  artifactKey: Guid(915537c904f384175b3568612f35da02) Importer(2089858483,b0f066a214c2f5e87bad3c948f4d605d)
Start importing Assets/Projects/GravityDash/kenney_ui-pack/PNG/Green/Default/check_round_grey_circle.png using Guid(915537c904f384175b3568612f35da02) Importer(2089858483,b0f066a214c2f5e87bad3c948f4d605d) (ScriptedImporter) -> (artifact id: '3da876578f0929b823f5155497d23cd9') in 0.0267501 seconds
Number of updated asset objects reloaded before import = 0Number of asset objects unloaded after import = 3

========================================================================
Received Import Request.
  Time since last request: 0.000037 seconds.
  path: Assets/Projects/GravityDash/kenney_ui-pack/PNG/Blue/Default/icon_outline_checkmark.png
  artifactKey: Guid(3375ab6484eba4a1288e448db8a95663) Importer(2089858483,b0f066a214c2f5e87bad3c948f4d605d)
Start importing Assets/Projects/GravityDash/kenney_ui-pack/PNG/Blue/Default/icon_outline_checkmark.png using Guid(3375ab6484eba4a1288e448db8a95663) Importer(2089858483,b0f066a214c2f5e87bad3c948f4d605d) (ScriptedImporter) -> (artifact id: '89c03613e61583e9adc2c804c54e9818') in 0.0226799 seconds
Number of updated asset objects reloaded before import = 0Number of asset objects unloaded after import = 3

========================================================================
Received Import Request.
  Time since last request: 0.000023 seconds.
  path: Assets/Projects/GravityDash/kenney_ui-pack/PNG/Red/Default/button_rectangle_line.png
  artifactKey: Guid(fb8898934de944dbca9cd678821c3c45) Importer(2089858483,b0f066a214c2f5e87bad3c948f4d605d)
Start importing Assets/Projects/GravityDash/kenney_ui-pack/PNG/Red/Default/button_rectangle_line.png using Guid(fb8898934de944dbca9cd678821c3c45) Importer(2089858483,b0f066a214c2f5e87bad3c948f4d605d) (ScriptedImporter) -> (artifact id: '371acb18cb57082a29af74b2e681691d') in 0.0202007 seconds
Number of updated asset objects reloaded before import = 0Number of asset objects unloaded after import = 3

========================================================================
Received Import Request.
  Time since last request: 0.000050 seconds.
  path: Assets/Projects/GravityDash/kenney_ui-pack/PNG/Extra/Double/input_rectangle.png
  artifactKey: Guid(cdb4307678c264c09aaf2a8c7de05b60) Importer(2089858483,b0f066a214c2f5e87bad3c948f4d605d)
Start importing Assets/Projects/GravityDash/kenney_ui-pack/PNG/Extra/Double/input_rectangle.png using Guid(cdb4307678c264c09aaf2a8c7de05b60) Importer(2089858483,b0f066a214c2f5e87bad3c948f4d605d) (ScriptedImporter) -> (artifact id: '3debcd4453f8d8a820544d1d4c4ed105') in 0.0210483 seconds
Number of updated asset objects reloaded before import = 0Number of asset objects unloaded after import = 3

========================================================================
Received Import Request.
  Time since last request: 0.000035 seconds.
  path: Assets/Projects/GravityDash/kenney_ui-pack/PNG/Red/Double/icon_outline_checkmark.png
  artifactKey: Guid(b66915d2637bb40a5a03f3751610654d) Importer(2089858483,b0f066a214c2f5e87bad3c948f4d605d)
Start importing Assets/Projects/GravityDash/kenney_ui-pack/PNG/Red/Double/icon_outline_checkmark.png using Guid(b66915d2637bb40a5a03f3751610654d) Importer(2089858483,b0f066a214c2f5e87bad3c948f4d605d) (ScriptedImporter) -> (artifact id: '22e11ef49130279c9f17632f5978786e') in 0.0243708 seconds
Number of updated asset objects reloaded before import = 0Number of asset objects unloaded after import = 3

========================================================================
Received Import Request.
  Time since last request: 0.000029 seconds.
  path: Assets/Projects/GravityDash/kenney_ui-pack/PNG/Red/Double/icon_outline_cross.png
  artifactKey: Guid(99cc0898f2d8e4fb38477cf36ab677da) Importer(2089858483,b0f066a214c2f5e87bad3c948f4d605d)
Start importing Assets/Projects/GravityDash/kenney_ui-pack/PNG/Red/Double/icon_outline_cross.png using Guid(99cc0898f2d8e4fb38477cf36ab677da) Importer(2089858483,b0f066a214c2f5e87bad3c948f4d605d) (ScriptedImporter) -> (artifact id: '22dcd15017f6c5fc9e65af81c2915e6c') in 0.0245017 seconds
Number of updated asset objects reloaded before import = 0Number of asset objects unloaded after import = 3

========================================================================
Received Import Request.
  Time since last request: 0.000022 seconds.
  path: Assets/Projects/GravityDash/kenney_ui-pack/PNG/Yellow/Default/check_square_color.png
  artifactKey: Guid(bcad85581f76343b48957e0e0d479756) Importer(2089858483,b0f066a214c2f5e87bad3c948f4d605d)
Start importing Assets/Projects/GravityDash/kenney_ui-pack/PNG/Yellow/Default/check_square_color.png using Guid(bcad85581f76343b48957e0e0d479756) Importer(2089858483,b0f066a214c2f5e87bad3c948f4d605d) (ScriptedImporter) -> (artifact id: '305f136078f13e96dfc36acfc96f345c') in 0.0219053 seconds
Number of updated asset objects reloaded before import = 0Number of asset objects unloaded after import = 3

========================================================================
Received Import Request.
  Time since last request: 0.000032 seconds.
  path: Assets/Projects/GravityDash/kenney_ui-pack/PNG/Yellow/Default/button_round_border.png
  artifactKey: Guid(4c96787b413d148aeae7e5c42f516e69) Importer(2089858483,b0f066a214c2f5e87bad3c948f4d605d)
Start importing Assets/Projects/GravityDash/kenney_ui-pack/PNG/Yellow/Default/button_round_border.png using Guid(4c96787b413d148aeae7e5c42f516e69) Importer(2089858483,b0f066a214c2f5e87bad3c948f4d605d) (ScriptedImporter) -> (artifact id: 'da8bed70071dd3bbd9724d6673489e7c') in 0.0273486 seconds
Number of updated asset objects reloaded before import = 0Number of asset objects unloaded after import = 3

========================================================================
Received Import Request.
  Time since last request: 0.000032 seconds.
  path: Assets/Projects/GravityDash/kenney_ui-pack/PNG/Yellow/Default/slide_vertical_grey_section_wide.png
  artifactKey: Guid(adb6805727ee348b89fee1ddca3c96ab) Importer(2089858483,b0f066a214c2f5e87bad3c948f4d605d)
Start importing Assets/Projects/GravityDash/kenney_ui-pack/PNG/Yellow/Default/slide_vertical_grey_section_wide.png using Guid(adb6805727ee348b89fee1ddca3c96ab) Importer(2089858483,b0f066a214c2f5e87bad3c948f4d605d) (ScriptedImporter) -> (artifact id: '65029b22e91a2d14a54545ad717e5f8f') in 0.0271815 seconds
Number of updated asset objects reloaded before import = 0Number of asset objects unloaded after import = 3

========================================================================
Received Import Request.
  Time since last request: 0.000036 seconds.
  path: Assets/Projects/GravityDash/kenney_ui-pack/PNG/Yellow/Double/arrow_decorative_e_small.png
  artifactKey: Guid(971dc5854f87e4cf2be2327b94691150) Importer(2089858483,b0f066a214c2f5e87bad3c948f4d605d)
Start importing Assets/Projects/GravityDash/kenney_ui-pack/PNG/Yellow/Double/arrow_decorative_e_small.png using Guid(971dc5854f87e4cf2be2327b94691150) Importer(2089858483,b0f066a214c2f5e87bad3c948f4d605d) (ScriptedImporter) -> (artifact id: 'f56cfaca202df3464e99d4fa3707c88b') in 0.0230118 seconds
Number of updated asset objects reloaded before import = 0Number of asset objects unloaded after import = 3

========================================================================
Received Import Request.
  Time since last request: 0.000031 seconds.
  path: Assets/Projects/GravityDash/kenney_ui-pack/PNG/Red/Double/icon_checkmark.png
  artifactKey: Guid(1de329c9d4bc84c1c90f6bc6f045e285) Importer(2089858483,b0f066a214c2f5e87bad3c948f4d605d)
Start importing Assets/Projects/GravityDash/kenney_ui-pack/PNG/Red/Double/icon_checkmark.png using Guid(1de329c9d4bc84c1c90f6bc6f045e285) Importer(2089858483,b0f066a214c2f5e87bad3c948f4d605d) (ScriptedImporter) -> (artifact id: '915141affe4948991f961a658761e321') in 0.0219749 seconds
Number of updated asset objects reloaded before import = 0Number of asset objects unloaded after import = 3

========================================================================
Received Import Request.
  Time since last request: 0.000022 seconds.
  path: Assets/Projects/GravityDash/kenney_ui-pack/PNG/Red/Double/icon_circle.png
  artifactKey: Guid(37775f371dafb4dc4b09b8f8cd30065f) Importer(2089858483,b0f066a214c2f5e87bad3c948f4d605d)
Start importing Assets/Projects/GravityDash/kenney_ui-pack/PNG/Red/Double/icon_circle.png using Guid(37775f371dafb4dc4b09b8f8cd30065f) Importer(2089858483,b0f066a214c2f5e87bad3c948f4d605d) (ScriptedImporter) -> (artifact id: 'f04d959f31aeed40ea43af96a746df48') in 0.019359 seconds
Number of updated asset objects reloaded before import = 0Number of asset objects unloaded after import = 3

========================================================================
Received Import Request.
  Time since last request: 0.000036 seconds.
  path: Assets/Projects/GravityDash/kenney_ui-pack/PNG/Yellow/Default/check_square_color_cross.png
  artifactKey: Guid(70434da1df8d34f70b6bf968843495e1) Importer(2089858483,b0f066a214c2f5e87bad3c948f4d605d)
Start importing Assets/Projects/GravityDash/kenney_ui-pack/PNG/Yellow/Default/check_square_color_cross.png using Guid(70434da1df8d34f70b6bf968843495e1) Importer(2089858483,b0f066a214c2f5e87bad3c948f4d605d) (ScriptedImporter) -> (artifact id: '57ca7e4682c9e40a062631f19f2ab914') in 0.0193104 seconds
Number of updated asset objects reloaded before import = 0Number of asset objects unloaded after import = 3

========================================================================
Received Import Request.
  Time since last request: 0.000022 seconds.
  path: Assets/Projects/GravityDash/kenney_ui-pack/PNG/Yellow/Default/slide_vertical_color.png
  artifactKey: Guid(6b3ddd401838c4de3bdd3eda31a22ef0) Importer(2089858483,b0f066a214c2f5e87bad3c948f4d605d)
Start importing Assets/Projects/GravityDash/kenney_ui-pack/PNG/Yellow/Default/slide_vertical_color.png using Guid(6b3ddd401838c4de3bdd3eda31a22ef0) Importer(2089858483,b0f066a214c2f5e87bad3c948f4d605d) (ScriptedImporter) -> (artifact id: 'f5dae575fdd47bcbe65a3386878b13c1') in 0.0195364 seconds
Number of updated asset objects reloaded before import = 0Number of asset objects unloaded after import = 3

========================================================================
Received Import Request.
  Time since last request: 0.000034 seconds.
  path: Assets/Projects/GravityDash/kenney_ui-pack/PNG/Yellow/Double/arrow_decorative_s.png
  artifactKey: Guid(bc3bbd731358945f192d7a0db3b8d480) Importer(2089858483,b0f066a214c2f5e87bad3c948f4d605d)
Start importing Assets/Projects/GravityDash/kenney_ui-pack/PNG/Yellow/Double/arrow_decorative_s.png using Guid(bc3bbd731358945f192d7a0db3b8d480) Importer(2089858483,b0f066a214c2f5e87bad3c948f4d605d) (ScriptedImporter) -> (artifact id: 'f7539d413c048b7c7f74d8d1cdfed7dd') in 0.0211232 seconds
Number of updated asset objects reloaded before import = 0Number of asset objects unloaded after import = 3

========================================================================
Received Import Request.
  Time since last request: 0.000031 seconds.
  path: Assets/Projects/GravityDash/kenney_ui-pack/PNG/Yellow/Default/star_outline.png
  artifactKey: Guid(0669c92df3a334b8c94cd86b621c2154) Importer(2089858483,b0f066a214c2f5e87bad3c948f4d605d)
Start importing Assets/Projects/GravityDash/kenney_ui-pack/PNG/Yellow/Default/star_outline.png using Guid(0669c92df3a334b8c94cd86b621c2154) Importer(2089858483,b0f066a214c2f5e87bad3c948f4d605d) (ScriptedImporter) -> (artifact id: 'f89c1f188bac0cae4f86059f806e55c9') in 0.0218511 seconds
Number of updated asset objects reloaded before import = 0Number of asset objects unloaded after import = 3

========================================================================
Received Import Request.
  Time since last request: 0.000027 seconds.
  path: Assets/Projects/GravityDash/kenney_ui-pack/PNG/Yellow/Default/arrow_basic_n.png
  artifactKey: Guid(6a362b916b9b644238bf6672dc3a70b5) Importer(2089858483,b0f066a214c2f5e87bad3c948f4d605d)
Start importing Assets/Projects/GravityDash/kenney_ui-pack/PNG/Yellow/Default/arrow_basic_n.png using Guid(6a362b916b9b644238bf6672dc3a70b5) Importer(2089858483,b0f066a214c2f5e87bad3c948f4d605d) (ScriptedImporter) -> (artifact id: '8dcbde84cb429a2628d1ded9f3e3e94b') in 0.0255958 seconds
Number of updated asset objects reloaded before import = 0Number of asset objects unloaded after import = 3

========================================================================
Received Import Request.
  Time since last request: 0.000036 seconds.
  path: Assets/Projects/GravityDash/kenney_ui-pack/PNG/Yellow/Default/button_round_gloss.png
  artifactKey: Guid(0ad35d01943244fbfa8a21c7c42567c0) Importer(2089858483,b0f066a214c2f5e87bad3c948f4d605d)
Start importing Assets/Projects/GravityDash/kenney_ui-pack/PNG/Yellow/Default/button_round_gloss.png using Guid(0ad35d01943244fbfa8a21c7c42567c0) Importer(2089858483,b0f066a214c2f5e87bad3c948f4d605d) (ScriptedImporter) -> (artifact id: '2852b6f0fa50ecf590f9d1903225808f') in 0.0246051 seconds
Number of updated asset objects reloaded before import = 0Number of asset objects unloaded after import = 3

========================================================================
Received Import Request.
  Time since last request: 0.000040 seconds.
  path: Assets/Projects/GravityDash/kenney_new-platformer-pack-1.1/Sprites/Tiles/Double/terrain_dirt_horizontal_right.png
  artifactKey: Guid(bbf5f63c7f0be419fbe489bd1e6d697e) Importer(2089858483,b0f066a214c2f5e87bad3c948f4d605d)
Start importing Assets/Projects/GravityDash/kenney_new-platformer-pack-1.1/Sprites/Tiles/Double/terrain_dirt_horizontal_right.png using Guid(bbf5f63c7f0be419fbe489bd1e6d697e) Importer(2089858483,b0f066a214c2f5e87bad3c948f4d605d) (ScriptedImporter) -> (artifact id: 'ba709677cc0f9a70140e6a50883c4513') in 0.0188237 seconds
Number of updated asset objects reloaded before import = 0Number of asset objects unloaded after import = 3

========================================================================
Received Import Request.
  Time since last request: 0.000021 seconds.
  path: Assets/Projects/GravityDash/kenney_ui-pack/PNG/Grey/Default/arrow_decorative_e.png
  artifactKey: Guid(c0014edaf9c314883b2b7bd1bc1cefd5) Importer(2089858483,b0f066a214c2f5e87bad3c948f4d605d)
Start importing Assets/Projects/GravityDash/kenney_ui-pack/PNG/Grey/Default/arrow_decorative_e.png using Guid(c0014edaf9c314883b2b7bd1bc1cefd5) Importer(2089858483,b0f066a214c2f5e87bad3c948f4d605d) (ScriptedImporter) -> (artifact id: '6c9a1220be1988e48c6d570a809217b0') in 0.0171501 seconds
Number of updated asset objects reloaded before import = 0Number of asset objects unloaded after import = 3

========================================================================
Received Import Request.
  Time since last request: 0.000018 seconds.
  path: Assets/Projects/GravityDash/kenney_new-platformer-pack-1.1/Sprites/Tiles/Double/terrain_snow_horizontal_overhang_left.png
  artifactKey: Guid(2c38dfc696aef4ff6b8c5d7b448a0bb5) Importer(2089858483,b0f066a214c2f5e87bad3c948f4d605d)
Start importing Assets/Projects/GravityDash/kenney_new-platformer-pack-1.1/Sprites/Tiles/Double/terrain_snow_horizontal_overhang_left.png using Guid(2c38dfc696aef4ff6b8c5d7b448a0bb5) Importer(2089858483,b0f066a214c2f5e87bad3c948f4d605d) (ScriptedImporter) -> (artifact id: 'aaccaa664a04e67edd39ccdd70c7cf40') in 0.0225461 seconds
Number of updated asset objects reloaded before import = 0Number of asset objects unloaded after import = 3

========================================================================
Received Import Request.
  Time since last request: 0.000028 seconds.
  path: Assets/Projects/GravityDash/kenney_ui-pack/PNG/Red/Default/slide_horizontal_color_section.png
  artifactKey: Guid(e82f5f6c8da504d77a1be0dfebefd93b) Importer(2089858483,b0f066a214c2f5e87bad3c948f4d605d)
Start importing Assets/Projects/GravityDash/kenney_ui-pack/PNG/Red/Default/slide_horizontal_color_section.png using Guid(e82f5f6c8da504d77a1be0dfebefd93b) Importer(2089858483,b0f066a214c2f5e87bad3c948f4d605d) (ScriptedImporter) -> (artifact id: 'e1c5f6f5cecdd398250454c6656c4424') in 0.0187434 seconds
Number of updated asset objects reloaded before import = 0Number of asset objects unloaded after import = 3

========================================================================
Received Import Request.
  Time since last request: 0.000028 seconds.
  path: Assets/Projects/GravityDash/kenney_ui-pack/PNG/Grey/Double/button_round_depth_line.png
  artifactKey: Guid(dc969c6725b894e468b5958193e71daf) Importer(2089858483,b0f066a214c2f5e87bad3c948f4d605d)
Start importing Assets/Projects/GravityDash/kenney_ui-pack/PNG/Grey/Double/button_round_depth_line.png using Guid(dc969c6725b894e468b5958193e71daf) Importer(2089858483,b0f066a214c2f5e87bad3c948f4d605d) (ScriptedImporter) -> (artifact id: '6d2d5160af871509d6540ae8c9f12249') in 0.013967 seconds
Number of updated asset objects reloaded before import = 0Number of asset objects unloaded after import = 3

========================================================================
Received Import Request.
  Time since last request: 0.000028 seconds.
  path: Assets/Projects/GravityDash/kenney_ui-pack/PNG/Yellow/Default/check_square_grey_checkmark.png
  artifactKey: Guid(1301124e960554bc3a215f0bbf849b87) Importer(2089858483,b0f066a214c2f5e87bad3c948f4d605d)
Start importing Assets/Projects/GravityDash/kenney_ui-pack/PNG/Yellow/Default/check_square_grey_checkmark.png using Guid(1301124e960554bc3a215f0bbf849b87) Importer(2089858483,b0f066a214c2f5e87bad3c948f4d605d) (ScriptedImporter) -> (artifact id: '409a4c283b35f43f3aa523e93396bbfb') in 0.0195843 seconds
Number of updated asset objects reloaded before import = 0Number of asset objects unloaded after import = 3

========================================================================
Received Import Request.
  Time since last request: 0.000026 seconds.
  path: Assets/Projects/GravityDash/kenney_ui-pack/PNG/Yellow/Default/slide_hangle.png
  artifactKey: Guid(998c0ca8201b34820968e7666ccc7a3a) Importer(2089858483,b0f066a214c2f5e87bad3c948f4d605d)
Start importing Assets/Projects/GravityDash/kenney_ui-pack/PNG/Yellow/Default/slide_hangle.png using Guid(998c0ca8201b34820968e7666ccc7a3a) Importer(2089858483,b0f066a214c2f5e87bad3c948f4d605d) (ScriptedImporter) -> (artifact id: '81db08884d7e24b5253b14de3482a3d2') in 0.0192666 seconds
Number of updated asset objects reloaded before import = 0Number of asset objects unloaded after import = 3

========================================================================
Received Import Request.
  Time since last request: 0.000024 seconds.
  path: Assets/Projects/GravityDash/kenney_ui-pack/PNG/Green/Double/slide_vertical_color.png
  artifactKey: Guid(951d2bd9fcb0648a6b32fc5e994a1808) Importer(2089858483,b0f066a214c2f5e87bad3c948f4d605d)
Start importing Assets/Projects/GravityDash/kenney_ui-pack/PNG/Green/Double/slide_vertical_color.png using Guid(951d2bd9fcb0648a6b32fc5e994a1808) Importer(2089858483,b0f066a214c2f5e87bad3c948f4d605d) (ScriptedImporter) -> (artifact id: '55181ec43bacccb7d6b821ebce29d271') in 0.0157432 seconds
Number of updated asset objects reloaded before import = 0Number of asset objects unloaded after import = 3

========================================================================
Received Import Request.
  Time since last request: 0.000027 seconds.
  path: Assets/Projects/GravityDash/kenney_ui-pack/PNG/Green/Double/slide_vertical_color_section_wide.png
  artifactKey: Guid(23f684a8d61604d9c93134a2849f4792) Importer(2089858483,b0f066a214c2f5e87bad3c948f4d605d)
Start importing Assets/Projects/GravityDash/kenney_ui-pack/PNG/Green/Double/slide_vertical_color_section_wide.png using Guid(23f684a8d61604d9c93134a2849f4792) Importer(2089858483,b0f066a214c2f5e87bad3c948f4d605d) (ScriptedImporter) -> (artifact id: '195fb46f4194c46db2e79022f0a00c7d') in 0.0137398 seconds
Number of updated asset objects reloaded before import = 0Number of asset objects unloaded after import = 3

========================================================================
Received Import Request.
  Time since last request: 0.000025 seconds.
  path: Assets/Projects/GravityDash/kenney_ui-pack/PNG/Green/Double/check_square_grey_checkmark.png
  artifactKey: Guid(88fbe669ad45c47339117a5b729be712) Importer(2089858483,b0f066a214c2f5e87bad3c948f4d605d)
Start importing Assets/Projects/GravityDash/kenney_ui-pack/PNG/Green/Double/check_square_grey_checkmark.png using Guid(88fbe669ad45c47339117a5b729be712) Importer(2089858483,b0f066a214c2f5e87bad3c948f4d605d) (ScriptedImporter) -> (artifact id: '39ef2e6f7db9b6f1cfe6bf937490be86') in 0.0149097 seconds
Number of updated asset objects reloaded before import = 0Number of asset objects unloaded after import = 3

========================================================================
Received Import Request.
  Time since last request: 0.000027 seconds.
  path: Assets/Projects/GravityDash/kenney_ui-pack/PNG/Green/Default/slide_vertical_grey_section_wide.png
  artifactKey: Guid(6283b6d91871a4cf39abeb33738d8141) Importer(2089858483,b0f066a214c2f5e87bad3c948f4d605d)
Start importing Assets/Projects/GravityDash/kenney_ui-pack/PNG/Green/Default/slide_vertical_grey_section_wide.png using Guid(6283b6d91871a4cf39abeb33738d8141) Importer(2089858483,b0f066a214c2f5e87bad3c948f4d605d) (ScriptedImporter) -> (artifact id: 'b7627ee62fe4d50ec8bd3924a043fd5a') in 0.0177435 seconds
Number of updated asset objects reloaded before import = 0Number of asset objects unloaded after import = 3

========================================================================
Received Import Request.
  Time since last request: 0.000026 seconds.
  path: Assets/Projects/GravityDash/kenney_ui-pack/PNG/Green/Default/button_round_depth_flat.png
  artifactKey: Guid(e30fe80606adb4cd8832b7561f92b776) Importer(2089858483,b0f066a214c2f5e87bad3c948f4d605d)
Start importing Assets/Projects/GravityDash/kenney_ui-pack/PNG/Green/Default/button_round_depth_flat.png using Guid(e30fe80606adb4cd8832b7561f92b776) Importer(2089858483,b0f066a214c2f5e87bad3c948f4d605d) (ScriptedImporter) -> (artifact id: 'a322aef997dc69950fe17bb0ffca1622') in 0.0149593 seconds
Number of updated asset objects reloaded before import = 0Number of asset objects unloaded after import = 3

========================================================================
Received Import Request.
  Time since last request: 0.000018 seconds.
  path: Assets/Projects/GravityDash/kenney_ui-pack/PNG/Yellow/Default/icon_outline_cross.png
  artifactKey: Guid(138d6607772914325952bf55920c18f9) Importer(2089858483,b0f066a214c2f5e87bad3c948f4d605d)
Start importing Assets/Projects/GravityDash/kenney_ui-pack/PNG/Yellow/Default/icon_outline_cross.png using Guid(138d6607772914325952bf55920c18f9) Importer(2089858483,b0f066a214c2f5e87bad3c948f4d605d) (ScriptedImporter) -> (artifact id: 'a637003aba543ac919e6416b1eb9a501') in 0.0186331 seconds
Number of updated asset objects reloaded before import = 0Number of asset objects unloaded after import = 3

========================================================================
Received Import Request.
  Time since last request: 0.000017 seconds.
  path: Assets/Projects/GravityDash/kenney_ui-pack/PNG/Green/Double/button_round_gloss.png
  artifactKey: Guid(d638eb9136bfb42c28d94fdc044966ec) Importer(2089858483,b0f066a214c2f5e87bad3c948f4d605d)
Start importing Assets/Projects/GravityDash/kenney_ui-pack/PNG/Green/Double/button_round_gloss.png using Guid(d638eb9136bfb42c28d94fdc044966ec) Importer(2089858483,b0f066a214c2f5e87bad3c948f4d605d) (ScriptedImporter) -> (artifact id: '32edfd190b8da98fe32033dd9dce7d74') in 0.0160877 seconds
Number of updated asset objects reloaded before import = 0Number of asset objects unloaded after import = 3

========================================================================
Received Import Request.
  Time since last request: 0.000028 seconds.
  path: Assets/Projects/GravityDash/kenney_ui-pack/PNG/Yellow/Double/button_round_depth_border.png
  artifactKey: Guid(0c7fae4a95731477baa80cc5b054f716) Importer(2089858483,b0f066a214c2f5e87bad3c948f4d605d)
Start importing Assets/Projects/GravityDash/kenney_ui-pack/PNG/Yellow/Double/button_round_depth_border.png using Guid(0c7fae4a95731477baa80cc5b054f716) Importer(2089858483,b0f066a214c2f5e87bad3c948f4d605d) (ScriptedImporter) -> (artifact id: 'bf878fb9e20e94eedeeddb2eebc83b86') in 0.0230181 seconds
Number of updated asset objects reloaded before import = 0Number of asset objects unloaded after import = 3

========================================================================
Received Import Request.
  Time since last request: 0.000021 seconds.
  path: Assets/Projects/MegaSuperChallengeShot/Graphics/Cute_Birds(4 in 1)Mini/B1/Sprites/Bird1_3.png
  artifactKey: Guid(fd073ac8e63c1f5499db46a912e95e3c) Importer(2089858483,b0f066a214c2f5e87bad3c948f4d605d)
Start importing Assets/Projects/MegaSuperChallengeShot/Graphics/Cute_Birds(4 in 1)Mini/B1/Sprites/Bird1_3.png using Guid(fd073ac8e63c1f5499db46a912e95e3c) Importer(2089858483,b0f066a214c2f5e87bad3c948f4d605d) (ScriptedImporter) -> (artifact id: 'f76a89fa6245741db28197cec54f7e15') in 0.0464143 seconds
Number of updated asset objects reloaded before import = 0Number of asset objects unloaded after import = 18

========================================================================
Received Import Request.
  Time since last request: 0.000026 seconds.
  path: Assets/Projects/MegaSuperChallengeShot/Graphics/Cute_Birds(4 in 1)Mini/B2_Duck/Animations/Bird2 Duck_4_0.controller
  artifactKey: Guid(d3b524c419ee3b048ad8abe30ca5d95c) Importer(2089858483,b0f066a214c2f5e87bad3c948f4d605d)
Start importing Assets/Projects/MegaSuperChallengeShot/Graphics/Cute_Birds(4 in 1)Mini/B2_Duck/Animations/Bird2 Duck_4_0.controller using Guid(d3b524c419ee3b048ad8abe30ca5d95c) Importer(2089858483,b0f066a214c2f5e87bad3c948f4d605d) (ScriptedImporter) -> (artifact id: 'a9e06713f7bcab47123b20b3792a7731') in 0.0150948 seconds
Number of updated asset objects reloaded before import = 0Number of asset objects unloaded after import = 4

========================================================================
Received Import Request.
  Time since last request: 0.000037 seconds.
  path: Assets/Projects/MegaSuperChallengeShot/Graphics/Cute_Birds(4 in 1)Mini/B3_Egret/Animations/BirdEgr_6.anim
  artifactKey: Guid(c22915af30d6f3a4081b8e9c388e7097) Importer(2089858483,b0f066a214c2f5e87bad3c948f4d605d)
Start importing Assets/Projects/MegaSuperChallengeShot/Graphics/Cute_Birds(4 in 1)Mini/B3_Egret/Animations/BirdEgr_6.anim using Guid(c22915af30d6f3a4081b8e9c388e7097) Importer(2089858483,b0f066a214c2f5e87bad3c948f4d605d) (ScriptedImporter) -> (artifact id: '43d5f20e302bbd18d5290411e2ccd9df') in 0.0139305 seconds
Number of updated asset objects reloaded before import = 0Number of asset objects unloaded after import = 1

========================================================================
Received Import Request.
  Time since last request: 0.000067 seconds.
  path: Assets/Projects/GravityDash/kenney_ui-pack/PNG/Yellow/Double/button_square_line.png
  artifactKey: Guid(b042db86aa035419eb859b10eb35870d) Importer(2089858483,b0f066a214c2f5e87bad3c948f4d605d)
Start importing Assets/Projects/GravityDash/kenney_ui-pack/PNG/Yellow/Double/button_square_line.png using Guid(b042db86aa035419eb859b10eb35870d) Importer(2089858483,b0f066a214c2f5e87bad3c948f4d605d) (ScriptedImporter) -> (artifact id: 'a303ba455ec57a3129ed7e7c5e1998ea') in 0.0177133 seconds
Number of updated asset objects reloaded before import = 0Number of asset objects unloaded after import = 3

========================================================================
Received Import Request.
  Time since last request: 0.000019 seconds.
  path: Assets/Projects/GravityDash/kenney_ui-pack/PNG/Yellow/Double/button_square_border.png
  artifactKey: Guid(e41386060b8ca441dba4110931ce4126) Importer(2089858483,b0f066a214c2f5e87bad3c948f4d605d)
Start importing Assets/Projects/GravityDash/kenney_ui-pack/PNG/Yellow/Double/button_square_border.png using Guid(e41386060b8ca441dba4110931ce4126) Importer(2089858483,b0f066a214c2f5e87bad3c948f4d605d) (ScriptedImporter) -> (artifact id: '13b47daa774bb8c8c5a252b705627200') in 0.0174959 seconds
Number of updated asset objects reloaded before import = 0Number of asset objects unloaded after import = 3

========================================================================
Received Import Request.
  Time since last request: 0.000022 seconds.
  path: Assets/Projects/MegaSuperChallengeShot/Graphics/Cute_Birds(4 in 1)Mini/B3_Egret/Animations/BirdEgr_1.anim
  artifactKey: Guid(934f0db62792fa142aa0e5372e35a855) Importer(2089858483,b0f066a214c2f5e87bad3c948f4d605d)
Start importing Assets/Projects/MegaSuperChallengeShot/Graphics/Cute_Birds(4 in 1)Mini/B3_Egret/Animations/BirdEgr_1.anim using Guid(934f0db62792fa142aa0e5372e35a855) Importer(2089858483,b0f066a214c2f5e87bad3c948f4d605d) (ScriptedImporter) -> (artifact id: '69cc9cb4ced6a64843b2da28e7403fad') in 0.011241 seconds
Number of updated asset objects reloaded before import = 0Number of asset objects unloaded after import = 1

========================================================================
Received Import Request.
  Time since last request: 0.000107 seconds.
  path: Assets/Projects/GravityDash/kenney_ui-pack/PNG/Yellow/Double/button_rectangle_depth_border.png
  artifactKey: Guid(938e7e9c06b4240028a436fa76e25631) Importer(2089858483,b0f066a214c2f5e87bad3c948f4d605d)
Start importing Assets/Projects/GravityDash/kenney_ui-pack/PNG/Yellow/Double/button_rectangle_depth_border.png using Guid(938e7e9c06b4240028a436fa76e25631) Importer(2089858483,b0f066a214c2f5e87bad3c948f4d605d) (ScriptedImporter) -> (artifact id: 'd15ac600cc258d97ff943110d6c6fb25') in 0.0174262 seconds
Number of updated asset objects reloaded before import = 0Number of asset objects unloaded after import = 3

========================================================================
Received Import Request.
  Time since last request: 0.000028 seconds.
  path: Assets/Projects/GravityDash/kenney_ui-pack/PNG/Yellow/Double/button_square_depth_gradient.png
  artifactKey: Guid(f8cd0615ac9714df384f4adfa5fc7c0c) Importer(2089858483,b0f066a214c2f5e87bad3c948f4d605d)
Start importing Assets/Projects/GravityDash/kenney_ui-pack/PNG/Yellow/Double/button_square_depth_gradient.png using Guid(f8cd0615ac9714df384f4adfa5fc7c0c) Importer(2089858483,b0f066a214c2f5e87bad3c948f4d605d) (ScriptedImporter) -> (artifact id: '8c9539aa6cbb5e3b0e10407c4f9dbf62') in 0.0205763 seconds
Number of updated asset objects reloaded before import = 0Number of asset objects unloaded after import = 3

========================================================================
Received Import Request.
  Time since last request: 0.000021 seconds.
  path: Assets/Projects/GravityDash/kenney_ui-pack/PNG/Yellow/Double/slide_horizontal_grey_section_wide.png
  artifactKey: Guid(85d2e91b47b4b410aa1c5389aef8211c) Importer(2089858483,b0f066a214c2f5e87bad3c948f4d605d)
Start importing Assets/Projects/GravityDash/kenney_ui-pack/PNG/Yellow/Double/slide_horizontal_grey_section_wide.png using Guid(85d2e91b47b4b410aa1c5389aef8211c) Importer(2089858483,b0f066a214c2f5e87bad3c948f4d605d) (ScriptedImporter) -> (artifact id: 'b73cb95b4b08c091d2dab860c193c206') in 0.019012 seconds
Number of updated asset objects reloaded before import = 0Number of asset objects unloaded after import = 3

========================================================================
Received Import Request.
  Time since last request: 0.000029 seconds.
  path: Assets/Projects/MegaSuperChallengeShot/Graphics/Farland Skies/Low Poly/Flares/MoonFlare.flare
  artifactKey: Guid(51e9e94bd0b2a4b96a5d00f9441133a7) Importer(2089858483,b0f066a214c2f5e87bad3c948f4d605d)
Start importing Assets/Projects/MegaSuperChallengeShot/Graphics/Farland Skies/Low Poly/Flares/MoonFlare.flare using Guid(51e9e94bd0b2a4b96a5d00f9441133a7) Importer(2089858483,b0f066a214c2f5e87bad3c948f4d605d) (ScriptedImporter) -> (artifact id: '5b2b41c44cd2305c13ad5847dd02146d') in 0.012181 seconds
Number of updated asset objects reloaded before import = 0Number of asset objects unloaded after import = 2

========================================================================
Received Import Request.
  Time since last request: 0.000026 seconds.
  path: Assets/Projects/MegaSuperChallengeShot/Graphics/Cute_Birds(4 in 1)Mini/B2_Duck/Animations/Bird2 Duck_5_0.controller
  artifactKey: Guid(14c1b65da893a014eaba831cc18d089b) Importer(2089858483,b0f066a214c2f5e87bad3c948f4d605d)
Start importing Assets/Projects/MegaSuperChallengeShot/Graphics/Cute_Birds(4 in 1)Mini/B2_Duck/Animations/Bird2 Duck_5_0.controller using Guid(14c1b65da893a014eaba831cc18d089b) Importer(2089858483,b0f066a214c2f5e87bad3c948f4d605d) (ScriptedImporter) -> (artifact id: '6d034394345e52520abe8a7ccbf61780') in 0.0098426 seconds
Number of updated asset objects reloaded before import = 0Number of asset objects unloaded after import = 4

========================================================================
Received Import Request.
  Time since last request: 0.000031 seconds.
  path: Assets/Projects/MegaSuperChallengeShot/Graphics/Farland Skies/Low Poly/Skyboxes/LowPolySkybox.mat
  artifactKey: Guid(4d0e0ffc7a6c1bf44b435e0b23260f8c) Importer(2089858483,b0f066a214c2f5e87bad3c948f4d605d)
Start importing Assets/Projects/MegaSuperChallengeShot/Graphics/Farland Skies/Low Poly/Skyboxes/LowPolySkybox.mat using Guid(4d0e0ffc7a6c1bf44b435e0b23260f8c) Importer(2089858483,b0f066a214c2f5e87bad3c948f4d605d) (ScriptedImporter) -> (artifact id: '663cb5a13866605c1e6fccf65e80af5a') in 0.0323072 seconds
Number of updated asset objects reloaded before import = 0Number of asset objects unloaded after import = 5

========================================================================
Received Import Request.
  Time since last request: 0.000042 seconds.
  path: Assets/Projects/MegaSuperChallengeShot/Graphics/Farland Skies/Low Poly/Prefabs/SkyboxController.prefab
  artifactKey: Guid(d56123a0271c76241bb2c7c6253e8c15) Importer(2089858483,b0f066a214c2f5e87bad3c948f4d605d)
Start importing Assets/Projects/MegaSuperChallengeShot/Graphics/Farland Skies/Low Poly/Prefabs/SkyboxController.prefab using Guid(d56123a0271c76241bb2c7c6253e8c15) Importer(2089858483,b0f066a214c2f5e87bad3c948f4d605d) (ScriptedImporter) -> (artifact id: 'f5d7ea6a988b585484ad2358d802defc') in 0.0138426 seconds
Number of updated asset objects reloaded before import = 0Number of asset objects unloaded after import = 13

========================================================================
Received Import Request.
  Time since last request: 0.000043 seconds.
  path: Assets/Projects/GravityDash/kenney_ui-pack/PNG/Yellow/Double/check_round_grey_circle.png
  artifactKey: Guid(0416d04dba89c4f2098c3d6955090945) Importer(2089858483,b0f066a214c2f5e87bad3c948f4d605d)
Start importing Assets/Projects/GravityDash/kenney_ui-pack/PNG/Yellow/Double/check_round_grey_circle.png using Guid(0416d04dba89c4f2098c3d6955090945) Importer(2089858483,b0f066a214c2f5e87bad3c948f4d605d) (ScriptedImporter) -> (artifact id: 'ca935ddde316ac880458b0b849dbc043') in 0.0180344 seconds
Number of updated asset objects reloaded before import = 0Number of asset objects unloaded after import = 3

========================================================================
Received Import Request.
  Time since last request: 0.000029 seconds.
  path: Assets/Projects/GravityDash/kenney_ui-pack/PNG/Yellow/Double/slide_vertical_color.png
  artifactKey: Guid(940c599b696ea4c29ab7859658a484ab) Importer(2089858483,b0f066a214c2f5e87bad3c948f4d605d)
Start importing Assets/Projects/GravityDash/kenney_ui-pack/PNG/Yellow/Double/slide_vertical_color.png using Guid(940c599b696ea4c29ab7859658a484ab) Importer(2089858483,b0f066a214c2f5e87bad3c948f4d605d) (ScriptedImporter) -> (artifact id: '2c9cd93722dfb0173470cc364c0b5199') in 0.0192459 seconds
Number of updated asset objects reloaded before import = 0Number of asset objects unloaded after import = 3

========================================================================
Received Import Request.
  Time since last request: 0.000026 seconds.
  path: Assets/Projects/MegaSuperChallengeShot/Graphics/Cute_Birds(4 in 1)Mini/B1/Sprites/Bird1_1.png
  artifactKey: Guid(5034083bde2b1294181c48fd54868f4b) Importer(2089858483,b0f066a214c2f5e87bad3c948f4d605d)
Start importing Assets/Projects/MegaSuperChallengeShot/Graphics/Cute_Birds(4 in 1)Mini/B1/Sprites/Bird1_1.png using Guid(5034083bde2b1294181c48fd54868f4b) Importer(2089858483,b0f066a214c2f5e87bad3c948f4d605d) (ScriptedImporter) -> (artifact id: 'e28ca1fed0641a2130460f368a198a54') in 0.0456546 seconds
Number of updated asset objects reloaded before import = 0Number of asset objects unloaded after import = 18

========================================================================
Received Import Request.
  Time since last request: 0.000033 seconds.
  path: Assets/Projects/GravityDash/kenney_ui-pack/PNG/Red/Double/slide_vertical_grey_section.png
  artifactKey: Guid(8fb493e8cda7a48738f8dc41e7062270) Importer(2089858483,b0f066a214c2f5e87bad3c948f4d605d)
Start importing Assets/Projects/GravityDash/kenney_ui-pack/PNG/Red/Double/slide_vertical_grey_section.png using Guid(8fb493e8cda7a48738f8dc41e7062270) Importer(2089858483,b0f066a214c2f5e87bad3c948f4d605d) (ScriptedImporter) -> (artifact id: 'ef8778b8d2ccbe528931cf2f95d09148') in 0.0261595 seconds
Number of updated asset objects reloaded before import = 0Number of asset objects unloaded after import = 3

========================================================================
Received Import Request.
  Time since last request: 0.000026 seconds.
  path: Assets/Projects/GravityDash/kenney_ui-pack/PNG/Red/Double/check_square_color.png
  artifactKey: Guid(7a79c45d4ab9b442abdf55e1f95e4c68) Importer(2089858483,b0f066a214c2f5e87bad3c948f4d605d)
Start importing Assets/Projects/GravityDash/kenney_ui-pack/PNG/Red/Double/check_square_color.png using Guid(7a79c45d4ab9b442abdf55e1f95e4c68) Importer(2089858483,b0f066a214c2f5e87bad3c948f4d605d) (ScriptedImporter) -> (artifact id: '156f99b9fe4d3b4d1a0b1ce5d6fff86c') in 0.0187672 seconds
Number of updated asset objects reloaded before import = 0Number of asset objects unloaded after import = 3

========================================================================
Received Import Request.
  Time since last request: 0.000032 seconds.
  path: Assets/Projects/GravityDash/kenney_ui-pack/PNG/Yellow/Default/button_rectangle_flat.png
  artifactKey: Guid(7f9a5eb27976e48eca290ef78cefffc3) Importer(2089858483,b0f066a214c2f5e87bad3c948f4d605d)
Start importing Assets/Projects/GravityDash/kenney_ui-pack/PNG/Yellow/Default/button_rectangle_flat.png using Guid(7f9a5eb27976e48eca290ef78cefffc3) Importer(2089858483,b0f066a214c2f5e87bad3c948f4d605d) (ScriptedImporter) -> (artifact id: 'c94b6452c5f03c2ff3d5cf6c1b000442') in 0.0144052 seconds
Number of updated asset objects reloaded before import = 0Number of asset objects unloaded after import = 3

========================================================================
Received Import Request.
  Time since last request: 0.000021 seconds.
  path: Assets/Projects/GravityDash/kenney_ui-pack/PNG/Green/Default/icon_outline_cross.png
  artifactKey: Guid(b7ad0a6a2ca6044cc8098b8e4f9de5da) Importer(2089858483,b0f066a214c2f5e87bad3c948f4d605d)
Start importing Assets/Projects/GravityDash/kenney_ui-pack/PNG/Green/Default/icon_outline_cross.png using Guid(b7ad0a6a2ca6044cc8098b8e4f9de5da) Importer(2089858483,b0f066a214c2f5e87bad3c948f4d605d) (ScriptedImporter) -> (artifact id: '002be8f3a3fcff73192c11fdf9c32c51') in 0.0180471 seconds
Number of updated asset objects reloaded before import = 0Number of asset objects unloaded after import = 3

========================================================================
Received Import Request.
  Time since last request: 0.000028 seconds.
  path: Assets/Projects/GravityDash/kenney_ui-pack/PNG/Yellow/Default/arrow_basic_w.png
  artifactKey: Guid(65441bdf76173416f8d730c9fc134840) Importer(2089858483,b0f066a214c2f5e87bad3c948f4d605d)
Start importing Assets/Projects/GravityDash/kenney_ui-pack/PNG/Yellow/Default/arrow_basic_w.png using Guid(65441bdf76173416f8d730c9fc134840) Importer(2089858483,b0f066a214c2f5e87bad3c948f4d605d) (ScriptedImporter) -> (artifact id: '82653a37ff5aa68af09602e776a45da4') in 0.014561 seconds
Number of updated asset objects reloaded before import = 0Number of asset objects unloaded after import = 3

========================================================================
Received Import Request.
  Time since last request: 0.000026 seconds.
  path: Assets/Projects/GravityDash/kenney_ui-pack/PNG/Yellow/Double/icon_outline_square.png
  artifactKey: Guid(eb3d90302acb949f7b605246930930bd) Importer(2089858483,b0f066a214c2f5e87bad3c948f4d605d)
Start importing Assets/Projects/GravityDash/kenney_ui-pack/PNG/Yellow/Double/icon_outline_square.png using Guid(eb3d90302acb949f7b605246930930bd) Importer(2089858483,b0f066a214c2f5e87bad3c948f4d605d) (ScriptedImporter) -> (artifact id: 'a9d4ad236b1d0716be378259d2232587') in 0.0174073 seconds
Number of updated asset objects reloaded before import = 0Number of asset objects unloaded after import = 3

========================================================================
Received Import Request.
  Time since last request: 0.000027 seconds.
  path: Assets/Projects/GravityDash/kenney_ui-pack/PNG/Red/Double/button_square_depth_flat.png
  artifactKey: Guid(25a166294c8f843e5aae839dad23d97d) Importer(2089858483,b0f066a214c2f5e87bad3c948f4d605d)
Start importing Assets/Projects/GravityDash/kenney_ui-pack/PNG/Red/Double/button_square_depth_flat.png using Guid(25a166294c8f843e5aae839dad23d97d) Importer(2089858483,b0f066a214c2f5e87bad3c948f4d605d) (ScriptedImporter) -> (artifact id: 'b64c3bbf52dbe0952b238cf01e75366b') in 0.0158373 seconds
Number of updated asset objects reloaded before import = 0Number of asset objects unloaded after import = 3

========================================================================
Received Import Request.
  Time since last request: 0.000022 seconds.
  path: Assets/Projects/MegaSuperChallengeShot/Graphics/Farland Skies/Low Poly/Scripts/DotParams/CloudsParamsList.cs
  artifactKey: Guid(5f45b6b837fb45448861038c7c6e8ca4) Importer(2089858483,b0f066a214c2f5e87bad3c948f4d605d)
Start importing Assets/Projects/MegaSuperChallengeShot/Graphics/Farland Skies/Low Poly/Scripts/DotParams/CloudsParamsList.cs using Guid(5f45b6b837fb45448861038c7c6e8ca4) Importer(2089858483,b0f066a214c2f5e87bad3c948f4d605d) (ScriptedImporter) -> (artifact id: '4f3d9a6d96027fbc1d303e3e63978955') in 0.0089178 seconds
Number of updated asset objects reloaded before import = 0Number of asset objects unloaded after import = 0

========================================================================
Received Import Request.
  Time since last request: 0.000055 seconds.
  path: Assets/Sprites/Cainos/Third Party/Lucid Editor/Editor/Attributes/LabelWidthAttributeProcessor.cs
  artifactKey: Guid(fa081df837cda49f39fffedcc6eb4eb8) Importer(2089858483,b0f066a214c2f5e87bad3c948f4d605d)
Start importing Assets/Sprites/Cainos/Third Party/Lucid Editor/Editor/Attributes/LabelWidthAttributeProcessor.cs using Guid(fa081df837cda49f39fffedcc6eb4eb8) Importer(2089858483,b0f066a214c2f5e87bad3c948f4d605d) (ScriptedImporter) -> (artifact id: '93e24b23848c05b8f5f53637bd183ff7') in 0.0096464 seconds
Number of updated asset objects reloaded before import = 0Number of asset objects unloaded after import = 0

========================================================================
Received Import Request.
  Time since last request: 0.000077 seconds.
  path: Assets/Projects/MegaSuperChallengeShot/Graphics/Farland Skies/Low Poly/Scripts/DotParams/StarsParam.cs
  artifactKey: Guid(b92099f5d0f3fca498512386222b70de) Importer(2089858483,b0f066a214c2f5e87bad3c948f4d605d)
Start importing Assets/Projects/MegaSuperChallengeShot/Graphics/Farland Skies/Low Poly/Scripts/DotParams/StarsParam.cs using Guid(b92099f5d0f3fca498512386222b70de) Importer(2089858483,b0f066a214c2f5e87bad3c948f4d605d) (ScriptedImporter) -> (artifact id: '514d8cda6b5a5a11220d27739c982791') in 0.0099107 seconds
Number of updated asset objects reloaded before import = 0Number of asset objects unloaded after import = 0

========================================================================
Received Import Request.
  Time since last request: 0.000035 seconds.
  path: Assets/Sprites/Cainos/Third Party/Lucid Editor/Editor/Utils/ReflectionUtil.cs
  artifactKey: Guid(fb81ea54915e94ee3b2089488dc6106d) Importer(2089858483,b0f066a214c2f5e87bad3c948f4d605d)
Start importing Assets/Sprites/Cainos/Third Party/Lucid Editor/Editor/Utils/ReflectionUtil.cs using Guid(fb81ea54915e94ee3b2089488dc6106d) Importer(2089858483,b0f066a214c2f5e87bad3c948f4d605d) (ScriptedImporter) -> (artifact id: '121a7e78e0596800c1036b515f9ae92d') in 0.0106377 seconds
Number of updated asset objects reloaded before import = 0Number of asset objects unloaded after import = 0

========================================================================
Received Import Request.
  Time since last request: 0.000080 seconds.
  path: Assets/Projects/MegaSuperChallengeShot/Graphics/Farland Skies/!Core/Scripts/DotParams/SortedParamsList.cs
  artifactKey: Guid(e878d6e7ee77a374f941083744739722) Importer(2089858483,b0f066a214c2f5e87bad3c948f4d605d)
Start importing Assets/Projects/MegaSuperChallengeShot/Graphics/Farland Skies/!Core/Scripts/DotParams/SortedParamsList.cs using Guid(e878d6e7ee77a374f941083744739722) Importer(2089858483,b0f066a214c2f5e87bad3c948f4d605d) (ScriptedImporter) -> (artifact id: 'bafd1ba81d3f3754e2eefcda9b4f6a3d') in 0.0113814 seconds
Number of updated asset objects reloaded before import = 0Number of asset objects unloaded after import = 0

========================================================================
Received Import Request.
  Time since last request: 0.000116 seconds.
  path: Assets/Sprites/Cainos/Third Party/Lucid Editor/Runtime/Attributes/SectionHeaderAttribute.cs
  artifactKey: Guid(f30c7a1e0a0b64733866abf0e57a0fde) Importer(2089858483,b0f066a214c2f5e87bad3c948f4d605d)
Start importing Assets/Sprites/Cainos/Third Party/Lucid Editor/Runtime/Attributes/SectionHeaderAttribute.cs using Guid(f30c7a1e0a0b64733866abf0e57a0fde) Importer(2089858483,b0f066a214c2f5e87bad3c948f4d605d) (ScriptedImporter) -> (artifact id: '2472239d4ec12ee4f2361809fedc96e6') in 0.0124659 seconds
Number of updated asset objects reloaded before import = 0Number of asset objects unloaded after import = 0

========================================================================
Received Import Request.
  Time since last request: 0.000076 seconds.
  path: Assets/Projects/MegaSuperChallengeShot/Graphics/Farland Skies/Low Poly/Textures/Moon/Moon_LP_02.png
  artifactKey: Guid(9e1c8edab15aa844082fcd05ad8b5d9f) Importer(2089858483,b0f066a214c2f5e87bad3c948f4d605d)
Start importing Assets/Projects/MegaSuperChallengeShot/Graphics/Farland Skies/Low Poly/Textures/Moon/Moon_LP_02.png using Guid(9e1c8edab15aa844082fcd05ad8b5d9f) Importer(2089858483,b0f066a214c2f5e87bad3c948f4d605d) (ScriptedImporter) -> (artifact id: '1a396c3c101faeee236a7e85f3869b29') in 0.0157655 seconds
Number of updated asset objects reloaded before import = 0Number of asset objects unloaded after import = 1

========================================================================
Received Import Request.
  Time since last request: 0.000030 seconds.
  path: Assets/Projects/MegaSuperChallengeShot/Graphics/Farland Skies/Low Poly/Textures/Moon/Moon_LP_01.png
  artifactKey: Guid(e894cff36344f5242801ae5fee4eda46) Importer(2089858483,b0f066a214c2f5e87bad3c948f4d605d)
Start importing Assets/Projects/MegaSuperChallengeShot/Graphics/Farland Skies/Low Poly/Textures/Moon/Moon_LP_01.png using Guid(e894cff36344f5242801ae5fee4eda46) Importer(2089858483,b0f066a214c2f5e87bad3c948f4d605d) (ScriptedImporter) -> (artifact id: '2053281d134fa5bf806f10f96ac0b02d') in 0.0207836 seconds
Number of updated asset objects reloaded before import = 0Number of asset objects unloaded after import = 1

========================================================================
Received Import Request.
  Time since last request: 0.000087 seconds.
  path: Assets/Projects/MegaSuperChallengeShot/Graphics/Farland Skies/!Core/Scripts/Demo/CameraOrbitController.cs
  artifactKey: Guid(b516fdde6af67db43bb1aa6d2801280d) Importer(2089858483,b0f066a214c2f5e87bad3c948f4d605d)
Start importing Assets/Projects/MegaSuperChallengeShot/Graphics/Farland Skies/!Core/Scripts/Demo/CameraOrbitController.cs using Guid(b516fdde6af67db43bb1aa6d2801280d) Importer(2089858483,b0f066a214c2f5e87bad3c948f4d605d) (ScriptedImporter) -> (artifact id: '9cc760da7beb9db9d1deb2301dcd4340') in 0.0093395 seconds
Number of updated asset objects reloaded before import = 0Number of asset objects unloaded after import = 0

========================================================================
Received Import Request.
  Time since last request: 0.000129 seconds.
  path: Assets/Projects/MegaSuperChallengeShot/Graphics/Farland Skies/!Core/Icons/Professional/Tag_16.png
  artifactKey: Guid(727daa23260bc8148bc2348eb0adbdaa) Importer(2089858483,b0f066a214c2f5e87bad3c948f4d605d)
Start importing Assets/Projects/MegaSuperChallengeShot/Graphics/Farland Skies/!Core/Icons/Professional/Tag_16.png using Guid(727daa23260bc8148bc2348eb0adbdaa) Importer(2089858483,b0f066a214c2f5e87bad3c948f4d605d) (ScriptedImporter) -> (artifact id: 'd7ae8c5020d9eeb547bd15bd5a54856c') in 0.0144713 seconds
Number of updated asset objects reloaded before import = 0Number of asset objects unloaded after import = 1

========================================================================
Received Import Request.
  Time since last request: 0.000018 seconds.
  path: Assets/Sprites/Cainos/Third Party/Lucid Editor/Runtime/Attributes/ButtonAttribute.cs
  artifactKey: Guid(3450506bfd5c940439d2a7f9f1878f92) Importer(2089858483,b0f066a214c2f5e87bad3c948f4d605d)
Start importing Assets/Sprites/Cainos/Third Party/Lucid Editor/Runtime/Attributes/ButtonAttribute.cs using Guid(3450506bfd5c940439d2a7f9f1878f92) Importer(2089858483,b0f066a214c2f5e87bad3c948f4d605d) (ScriptedImporter) -> (artifact id: 'e753ed310ee572c34c7e861fa903c308') in 0.0125282 seconds
Number of updated asset objects reloaded before import = 0Number of asset objects unloaded after import = 0

========================================================================
Received Import Request.
  Time since last request: 0.000042 seconds.
  path: Assets/Projects/MegaSuperChallengeShot/Graphics/Farland Skies/!Core/Icons/Personal/Moon_16.png
  artifactKey: Guid(bf999b164a863704fa6e83f5a77e1908) Importer(2089858483,b0f066a214c2f5e87bad3c948f4d605d)
Start importing Assets/Projects/MegaSuperChallengeShot/Graphics/Farland Skies/!Core/Icons/Personal/Moon_16.png using Guid(bf999b164a863704fa6e83f5a77e1908) Importer(2089858483,b0f066a214c2f5e87bad3c948f4d605d) (ScriptedImporter) -> (artifact id: '556071ad205e0a3f436bf4139b138bfc') in 0.017238 seconds
Number of updated asset objects reloaded before import = 0Number of asset objects unloaded after import = 1

========================================================================
Received Import Request.
  Time since last request: 0.000027 seconds.
  path: Assets/Sprites/Cainos/Third Party/Lucid Editor/Editor/Experimental/TreeMenu.cs
  artifactKey: Guid(8763dd98783e24b7d9684eec2742d817) Importer(2089858483,b0f066a214c2f5e87bad3c948f4d605d)
Start importing Assets/Sprites/Cainos/Third Party/Lucid Editor/Editor/Experimental/TreeMenu.cs using Guid(8763dd98783e24b7d9684eec2742d817) Importer(2089858483,b0f066a214c2f5e87bad3c948f4d605d) (ScriptedImporter) -> (artifact id: '10e606ee263fd5893f1af38d30658a54') in 0.0086829 seconds
Number of updated asset objects reloaded before import = 0Number of asset objects unloaded after import = 0

========================================================================
Received Import Request.
  Time since last request: 0.000134 seconds.
  path: Assets/Sprites/Cainos/Third Party/Lucid Editor/Runtime/Attributes/GroupAttribute.cs
  artifactKey: Guid(3331e9a3d865945aea2ec1a366214d51) Importer(2089858483,b0f066a214c2f5e87bad3c948f4d605d)
Start importing Assets/Sprites/Cainos/Third Party/Lucid Editor/Runtime/Attributes/GroupAttribute.cs using Guid(3331e9a3d865945aea2ec1a366214d51) Importer(2089858483,b0f066a214c2f5e87bad3c948f4d605d) (ScriptedImporter) -> (artifact id: '86ed5afa5a2b10346a58c5a99ac6c545') in 0.0112797 seconds
Number of updated asset objects reloaded before import = 0Number of asset objects unloaded after import = 0

========================================================================
Received Import Request.
  Time since last request: 0.000115 seconds.
  path: Assets/Projects/MegaSuperChallengeShot/Graphics/Farland Skies/!Core/Scripts/Editor/RateMeDialog.cs
  artifactKey: Guid(73f523364cc65414bacf8972e3bd4ec0) Importer(2089858483,b0f066a214c2f5e87bad3c948f4d605d)
Start importing Assets/Projects/MegaSuperChallengeShot/Graphics/Farland Skies/!Core/Scripts/Editor/RateMeDialog.cs using Guid(73f523364cc65414bacf8972e3bd4ec0) Importer(2089858483,b0f066a214c2f5e87bad3c948f4d605d) (ScriptedImporter) -> (artifact id: 'd67d5f20e93e4d373dca7804a7c6d3aa') in 0.0118259 seconds
Number of updated asset objects reloaded before import = 0Number of asset objects unloaded after import = 0

========================================================================
Received Import Request.
  Time since last request: 0.000086 seconds.
  path: Assets/Sprites/Cainos/Third Party/Lucid Editor/Editor/Attributes/ValidateInputAttributeProcessor.cs
  artifactKey: Guid(ab179775f6cfb40d7bcc4874fffa5412) Importer(2089858483,b0f066a214c2f5e87bad3c948f4d605d)
Start importing Assets/Sprites/Cainos/Third Party/Lucid Editor/Editor/Attributes/ValidateInputAttributeProcessor.cs using Guid(ab179775f6cfb40d7bcc4874fffa5412) Importer(2089858483,b0f066a214c2f5e87bad3c948f4d605d) (ScriptedImporter) -> (artifact id: '4806a37605f35d6007b2f9847de1859f') in 0.0129712 seconds
Number of updated asset objects reloaded before import = 0Number of asset objects unloaded after import = 0

========================================================================
Received Import Request.
  Time since last request: 0.000150 seconds.
  path: Assets/Sprites/Cainos/Third Party/Lucid Editor/Runtime/Attributes/ShowIfAttribute.cs
  artifactKey: Guid(feeefb731cdeb4976b8c98e1a0cbf45e) Importer(2089858483,b0f066a214c2f5e87bad3c948f4d605d)
Start importing Assets/Sprites/Cainos/Third Party/Lucid Editor/Runtime/Attributes/ShowIfAttribute.cs using Guid(feeefb731cdeb4976b8c98e1a0cbf45e) Importer(2089858483,b0f066a214c2f5e87bad3c948f4d605d) (ScriptedImporter) -> (artifact id: 'b877cfb4d86d740121ccdf95d257a3a2') in 0.0129691 seconds
Number of updated asset objects reloaded before import = 0Number of asset objects unloaded after import = 0

========================================================================
Received Import Request.
  Time since last request: 0.000135 seconds.
  path: Assets/Projects/MegaSuperChallengeShot/Graphics/OccaSoftware/Crosshairs/Editor/OccaSoftware.Crosshairs.Editor.asmdef
  artifactKey: Guid(94d06fd1668ab8e4bb8bcebd2cdd165e) Importer(2089858483,b0f066a214c2f5e87bad3c948f4d605d)
Start importing Assets/Projects/MegaSuperChallengeShot/Graphics/OccaSoftware/Crosshairs/Editor/OccaSoftware.Crosshairs.Editor.asmdef using Guid(94d06fd1668ab8e4bb8bcebd2cdd165e) Importer(2089858483,b0f066a214c2f5e87bad3c948f4d605d) (ScriptedImporter) -> (artifact id: 'feadb04ede3581fc4839ca780f331f6a') in 0.0149007 seconds
Number of updated asset objects reloaded before import = 0Number of asset objects unloaded after import = 1

========================================================================
Received Import Request.
  Time since last request: 0.000052 seconds.
  path: Assets/Projects/GravityDash/kenney_ui-pack/PNG/Grey/Default/arrow_basic_n.png
  artifactKey: Guid(2a59e04fc767d4871930dc3974956603) Importer(2089858483,b0f066a214c2f5e87bad3c948f4d605d)
Start importing Assets/Projects/GravityDash/kenney_ui-pack/PNG/Grey/Default/arrow_basic_n.png using Guid(2a59e04fc767d4871930dc3974956603) Importer(2089858483,b0f066a214c2f5e87bad3c948f4d605d) (ScriptedImporter) -> (artifact id: '98f19706777938207ef092c640b8c46a') in 0.0217384 seconds
Number of updated asset objects reloaded before import = 0Number of asset objects unloaded after import = 3

========================================================================
Received Import Request.
  Time since last request: 0.000029 seconds.
  path: Assets/Projects/GravityDash/kenney_ui-pack/PNG/Red/Double/slide_vertical_color.png
  artifactKey: Guid(d9b5da2421dd54ab4804bb1b9f0cef96) Importer(2089858483,b0f066a214c2f5e87bad3c948f4d605d)
Start importing Assets/Projects/GravityDash/kenney_ui-pack/PNG/Red/Double/slide_vertical_color.png using Guid(d9b5da2421dd54ab4804bb1b9f0cef96) Importer(2089858483,b0f066a214c2f5e87bad3c948f4d605d) (ScriptedImporter) -> (artifact id: '89cd85a0c9356da5fd142b50bd267186') in 0.0199404 seconds
Number of updated asset objects reloaded before import = 0Number of asset objects unloaded after import = 3

========================================================================
Received Import Request.
  Time since last request: 0.000028 seconds.
  path: Assets/Projects/MegaSuperChallengeShot/Graphics/Cute_Birds(4 in 1)Mini/B1/Animations/Bird1_6.anim
  artifactKey: Guid(600be7c58fb64ba4aa636fbcba6c5350) Importer(2089858483,b0f066a214c2f5e87bad3c948f4d605d)
Start importing Assets/Projects/MegaSuperChallengeShot/Graphics/Cute_Birds(4 in 1)Mini/B1/Animations/Bird1_6.anim using Guid(600be7c58fb64ba4aa636fbcba6c5350) Importer(2089858483,b0f066a214c2f5e87bad3c948f4d605d) (ScriptedImporter) -> (artifact id: 'b95efa26b17edbdda43b9bbf3ed88ffb') in 0.0109872 seconds
Number of updated asset objects reloaded before import = 0Number of asset objects unloaded after import = 1

========================================================================
Received Import Request.
  Time since last request: 0.000063 seconds.
  path: Assets/Projects/GravityDash/kenney_ui-pack/PNG/Yellow/Default/check_round_round_circle.png
  artifactKey: Guid(86c7a183ea1ec4775a32e092f638ae50) Importer(2089858483,b0f066a214c2f5e87bad3c948f4d605d)
Start importing Assets/Projects/GravityDash/kenney_ui-pack/PNG/Yellow/Default/check_round_round_circle.png using Guid(86c7a183ea1ec4775a32e092f638ae50) Importer(2089858483,b0f066a214c2f5e87bad3c948f4d605d) (ScriptedImporter) -> (artifact id: '502195a11b0a20466c859b9f55ceeb79') in 0.0177088 seconds
Number of updated asset objects reloaded before import = 0Number of asset objects unloaded after import = 3

========================================================================
Received Import Request.
  Time since last request: 0.000042 seconds.
  path: Assets/Projects/MegaSuperChallengeShot/Graphics/Cute_Birds(4 in 1)Mini/B4/Animations/B4_s3_0.controller
  artifactKey: Guid(d6bf6ccfde9790143bd7c18e219149e3) Importer(2089858483,b0f066a214c2f5e87bad3c948f4d605d)
Start importing Assets/Projects/MegaSuperChallengeShot/Graphics/Cute_Birds(4 in 1)Mini/B4/Animations/B4_s3_0.controller using Guid(d6bf6ccfde9790143bd7c18e219149e3) Importer(2089858483,b0f066a214c2f5e87bad3c948f4d605d) (ScriptedImporter) -> (artifact id: '87cb2efec2b8222f3295998ec197bce2') in 0.0133084 seconds
Number of updated asset objects reloaded before import = 0Number of asset objects unloaded after import = 4

========================================================================
Received Import Request.
  Time since last request: 0.000024 seconds.
  path: Assets/Projects/GravityDash/kenney_ui-pack/PNG/Grey/Default/arrow_decorative_w_small.png
  artifactKey: Guid(a221dde02ff814c229ccc2910d29258a) Importer(2089858483,b0f066a214c2f5e87bad3c948f4d605d)
Start importing Assets/Projects/GravityDash/kenney_ui-pack/PNG/Grey/Default/arrow_decorative_w_small.png using Guid(a221dde02ff814c229ccc2910d29258a) Importer(2089858483,b0f066a214c2f5e87bad3c948f4d605d) (ScriptedImporter) -> (artifact id: '2e9e24b2a43a904ca776986620fc48b6') in 0.0196735 seconds
Number of updated asset objects reloaded before import = 0Number of asset objects unloaded after import = 3

========================================================================
Received Import Request.
  Time since last request: 0.000028 seconds.
  path: Assets/Projects/GravityDash/kenney_ui-pack/PNG/Grey/Default/arrow_decorative_e_small.png
  artifactKey: Guid(f7dce2708f1864084af93f73f3066cee) Importer(2089858483,b0f066a214c2f5e87bad3c948f4d605d)
Start importing Assets/Projects/GravityDash/kenney_ui-pack/PNG/Grey/Default/arrow_decorative_e_small.png using Guid(f7dce2708f1864084af93f73f3066cee) Importer(2089858483,b0f066a214c2f5e87bad3c948f4d605d) (ScriptedImporter) -> (artifact id: '967c5896d4f7573be637d8b491e1fd76') in 0.0202406 seconds
Number of updated asset objects reloaded before import = 0Number of asset objects unloaded after import = 3

========================================================================
Received Import Request.
  Time since last request: 0.000023 seconds.
  path: Assets/Sprites/Cainos/Third Party/Lucid Editor/Editor/Attributes/GUIColorAttributeProcessor.cs
  artifactKey: Guid(e0a6e890fd919487c9db767e6da2b42b) Importer(2089858483,b0f066a214c2f5e87bad3c948f4d605d)
Start importing Assets/Sprites/Cainos/Third Party/Lucid Editor/Editor/Attributes/GUIColorAttributeProcessor.cs using Guid(e0a6e890fd919487c9db767e6da2b42b) Importer(2089858483,b0f066a214c2f5e87bad3c948f4d605d) (ScriptedImporter) -> (artifact id: 'bb56d0c9b4489c2c82b94f93e30e4857') in 0.01242 seconds
Number of updated asset objects reloaded before import = 0Number of asset objects unloaded after import = 0

========================================================================
Received Import Request.
  Time since last request: 0.000152 seconds.
  path: Assets/Projects/MegaSuperChallengeShot/Graphics/OccaSoftware/Crosshairs/Art/Textures/Crosshair_05.png
  artifactKey: Guid(26ce86e7f4d6e82438811bd217defb85) Importer(2089858483,b0f066a214c2f5e87bad3c948f4d605d)
Start importing Assets/Projects/MegaSuperChallengeShot/Graphics/OccaSoftware/Crosshairs/Art/Textures/Crosshair_05.png using Guid(26ce86e7f4d6e82438811bd217defb85) Importer(2089858483,b0f066a214c2f5e87bad3c948f4d605d) (ScriptedImporter) -> (artifact id: '4df63e8b6a596ae3ab3ff3829af3dba0') in 0.0186025 seconds
Number of updated asset objects reloaded before import = 0Number of asset objects unloaded after import = 3

========================================================================
Received Import Request.
  Time since last request: 0.000030 seconds.
  path: Assets/Projects/MegaSuperChallengeShot/Graphics/OccaSoftware/Crosshairs/Art/Textures/Crosshair_11.png
  artifactKey: Guid(dc7eb94056b536a4a9f810db7b171332) Importer(2089858483,b0f066a214c2f5e87bad3c948f4d605d)
Start importing Assets/Projects/MegaSuperChallengeShot/Graphics/OccaSoftware/Crosshairs/Art/Textures/Crosshair_11.png using Guid(dc7eb94056b536a4a9f810db7b171332) Importer(2089858483,b0f066a214c2f5e87bad3c948f4d605d) (ScriptedImporter) -> (artifact id: '77ae912c3930784e9d4bdb26235191b0') in 0.0162994 seconds
Number of updated asset objects reloaded before import = 0Number of asset objects unloaded after import = 3

========================================================================
Received Import Request.
  Time since last request: 0.000028 seconds.
  path: Assets/Projects/MegaSuperChallengeShot/Graphics/OccaSoftware/Crosshairs/Art/Textures/Crosshair_04.png
  artifactKey: Guid(b8e78032f8af0954784d1fe9e5a09187) Importer(2089858483,b0f066a214c2f5e87bad3c948f4d605d)
Start importing Assets/Projects/MegaSuperChallengeShot/Graphics/OccaSoftware/Crosshairs/Art/Textures/Crosshair_04.png using Guid(b8e78032f8af0954784d1fe9e5a09187) Importer(2089858483,b0f066a214c2f5e87bad3c948f4d605d) (ScriptedImporter) -> (artifact id: '7207cba1a9feb18180373ff4eee96073') in 0.0161405 seconds
Number of updated asset objects reloaded before import = 0Number of asset objects unloaded after import = 3

========================================================================
Received Import Request.
  Time since last request: 0.000028 seconds.
  path: Assets/Projects/MegaSuperChallengeShot/Graphics/Farland Skies/Low Poly/Demo/Standart/Scripts/Player/SmoothMouseLook.cs
  artifactKey: Guid(7a3dbf3efefc52e479d81cb27cd0b94a) Importer(2089858483,b0f066a214c2f5e87bad3c948f4d605d)
Start importing Assets/Projects/MegaSuperChallengeShot/Graphics/Farland Skies/Low Poly/Demo/Standart/Scripts/Player/SmoothMouseLook.cs using Guid(7a3dbf3efefc52e479d81cb27cd0b94a) Importer(2089858483,b0f066a214c2f5e87bad3c948f4d605d) (ScriptedImporter) -> (artifact id: '738e7310c36a44d3f00be61b5b7cebb0') in 0.0128819 seconds
Number of updated asset objects reloaded before import = 0Number of asset objects unloaded after import = 0

========================================================================
Received Import Request.
  Time since last request: 0.000089 seconds.
  path: Assets/Projects/MegaSuperChallengeShot/Graphics/Farland Skies/Low Poly/Demo/Standart/Models/Trees/Materials/LeafsMat.mat
  artifactKey: Guid(a21a3f06906017440880e4142057c627) Importer(2089858483,b0f066a214c2f5e87bad3c948f4d605d)
Start importing Assets/Projects/MegaSuperChallengeShot/Graphics/Farland Skies/Low Poly/Demo/Standart/Models/Trees/Materials/LeafsMat.mat using Guid(a21a3f06906017440880e4142057c627) Importer(2089858483,b0f066a214c2f5e87bad3c948f4d605d) (ScriptedImporter) -> (artifact id: '1e20666ea1827facb7c0f869b3f149c3') in 0.0181134 seconds
Number of updated asset objects reloaded before import = 0Number of asset objects unloaded after import = 1

========================================================================
Received Import Request.
  Time since last request: 0.000028 seconds.
  path: Assets/Projects/MegaSuperChallengeShot/Graphics/OccaSoftware/Crosshairs/Art/Textures/Crosshair_06.png
  artifactKey: Guid(b889ef0124f73fa4298de5e962dac98b) Importer(2089858483,b0f066a214c2f5e87bad3c948f4d605d)
Start importing Assets/Projects/MegaSuperChallengeShot/Graphics/OccaSoftware/Crosshairs/Art/Textures/Crosshair_06.png using Guid(b889ef0124f73fa4298de5e962dac98b) Importer(2089858483,b0f066a214c2f5e87bad3c948f4d605d) (ScriptedImporter) -> (artifact id: 'a2dae71b3e9fdb1b9c762b9d1620b2da') in 0.015769 seconds
Number of updated asset objects reloaded before import = 0Number of asset objects unloaded after import = 3

========================================================================
Received Import Request.
  Time since last request: 0.000017 seconds.
  path: Assets/Projects/MegaSuperChallengeShot/Graphics/Farland Skies/Low Poly/Textures/Stars/Stars_LP_03.png
  artifactKey: Guid(efc11ee732b3d7943ab0cd6236bdd0d1) Importer(2089858483,b0f066a214c2f5e87bad3c948f4d605d)
Start importing Assets/Projects/MegaSuperChallengeShot/Graphics/Farland Skies/Low Poly/Textures/Stars/Stars_LP_03.png using Guid(efc11ee732b3d7943ab0cd6236bdd0d1) Importer(2089858483,b0f066a214c2f5e87bad3c948f4d605d) (ScriptedImporter) -> (artifact id: '0ec0e6e30a16d2bbce7131bfc44ba9b3') in 0.019984 seconds
Number of updated asset objects reloaded before import = 0Number of asset objects unloaded after import = 1

========================================================================
Received Import Request.
  Time since last request: 0.000046 seconds.
  path: Assets/Projects/MegaSuperChallengeShot/Graphics/OccaSoftware/Crosshairs/Art/Textures/Crosshair_23.png
  artifactKey: Guid(e7e80d39e3e102147a3be13caa7cd3d7) Importer(2089858483,b0f066a214c2f5e87bad3c948f4d605d)
Start importing Assets/Projects/MegaSuperChallengeShot/Graphics/OccaSoftware/Crosshairs/Art/Textures/Crosshair_23.png using Guid(e7e80d39e3e102147a3be13caa7cd3d7) Importer(2089858483,b0f066a214c2f5e87bad3c948f4d605d) (ScriptedImporter) -> (artifact id: 'bb1530078d194921d3400096962f6ec7') in 0.0177725 seconds
Number of updated asset objects reloaded before import = 0Number of asset objects unloaded after import = 3

========================================================================
Received Import Request.
  Time since last request: 0.000022 seconds.
  path: Assets/Projects/MegaSuperChallengeShot/Graphics/Farland Skies/Low Poly/Demo/Standart/Scripts/UI/Sliders/PropertySlider.cs
  artifactKey: Guid(a1d7a84ab057cbd41a03ef94cc9810b6) Importer(2089858483,b0f066a214c2f5e87bad3c948f4d605d)
Start importing Assets/Projects/MegaSuperChallengeShot/Graphics/Farland Skies/Low Poly/Demo/Standart/Scripts/UI/Sliders/PropertySlider.cs using Guid(a1d7a84ab057cbd41a03ef94cc9810b6) Importer(2089858483,b0f066a214c2f5e87bad3c948f4d605d) (ScriptedImporter) -> (artifact id: '9a0e0d4d82e372987d85c16ac3a1d91e') in 0.0130177 seconds
Number of updated asset objects reloaded before import = 0Number of asset objects unloaded after import = 0

========================================================================
Received Import Request.
  Time since last request: 0.000081 seconds.
  path: Assets/Projects/MegaSuperChallengeShot/Graphics/Farland Skies/Low Poly/Demo/Standart/Models/Trees/DeciduousTree_02.fbx
  artifactKey: Guid(d24635ff574418149a2bd52fbefd2a18) Importer(2089858483,b0f066a214c2f5e87bad3c948f4d605d)
Start importing Assets/Projects/MegaSuperChallengeShot/Graphics/Farland Skies/Low Poly/Demo/Standart/Models/Trees/DeciduousTree_02.fbx using Guid(d24635ff574418149a2bd52fbefd2a18) Importer(2089858483,b0f066a214c2f5e87bad3c948f4d605d) (ScriptedImporter) -> (artifact id: '4e4a2635d38a264977465906f11b2861') in 0.036256 seconds
Number of updated asset objects reloaded before import = 0Number of asset objects unloaded after import = 14

========================================================================
Received Import Request.
  Time since last request: 0.000022 seconds.
  path: Assets/Projects/MegaSuperChallengeShot/Graphics/OccaSoftware/Crosshairs/Art/Textures/Crosshair_12.png
  artifactKey: Guid(e4fa8d5cbc85f214297ce7de14b56d3f) Importer(2089858483,b0f066a214c2f5e87bad3c948f4d605d)
Start importing Assets/Projects/MegaSuperChallengeShot/Graphics/OccaSoftware/Crosshairs/Art/Textures/Crosshair_12.png using Guid(e4fa8d5cbc85f214297ce7de14b56d3f) Importer(2089858483,b0f066a214c2f5e87bad3c948f4d605d) (ScriptedImporter) -> (artifact id: '189aac0c70ae487df13912afae9eef0f') in 0.015474 seconds
Number of updated asset objects reloaded before import = 0Number of asset objects unloaded after import = 3

========================================================================
Received Import Request.
  Time since last request: 0.000022 seconds.
  path: Assets/Projects/MegaSuperChallengeShot/Graphics/OccaSoftware/Crosshairs/Art/Textures/Crosshair_16.png
  artifactKey: Guid(743aae4b5553cb24eb7caf0bce1a4128) Importer(2089858483,b0f066a214c2f5e87bad3c948f4d605d)
Start importing Assets/Projects/MegaSuperChallengeShot/Graphics/OccaSoftware/Crosshairs/Art/Textures/Crosshair_16.png using Guid(743aae4b5553cb24eb7caf0bce1a4128) Importer(2089858483,b0f066a214c2f5e87bad3c948f4d605d) (ScriptedImporter) -> (artifact id: 'dc43dee7874dd973d21de996c4e0bb15') in 0.0181812 seconds
Number of updated asset objects reloaded before import = 0Number of asset objects unloaded after import = 3

========================================================================
Received Import Request.
  Time since last request: 0.000025 seconds.
  path: Assets/Sprites/Cainos/Third Party/Lucid Editor/Runtime/Attributes/BoxGroupAttribute.cs
  artifactKey: Guid(f3a7b70a9819341948c6c1f617307359) Importer(2089858483,b0f066a214c2f5e87bad3c948f4d605d)
Start importing Assets/Sprites/Cainos/Third Party/Lucid Editor/Runtime/Attributes/BoxGroupAttribute.cs using Guid(f3a7b70a9819341948c6c1f617307359) Importer(2089858483,b0f066a214c2f5e87bad3c948f4d605d) (ScriptedImporter) -> (artifact id: 'e9d5d156e452d426d438ee0e60ba9ae1') in 0.0133851 seconds
Number of updated asset objects reloaded before import = 0Number of asset objects unloaded after import = 0

========================================================================
Received Import Request.
  Time since last request: 0.000081 seconds.
  path: Assets/Projects/GravityDash/kenney_ui-pack/PNG/Grey/Double/check_square_grey_cross.png
  artifactKey: Guid(3078d2449dd71480c88c03bde1dc5f6f) Importer(2089858483,b0f066a214c2f5e87bad3c948f4d605d)
Start importing Assets/Projects/GravityDash/kenney_ui-pack/PNG/Grey/Double/check_square_grey_cross.png using Guid(3078d2449dd71480c88c03bde1dc5f6f) Importer(2089858483,b0f066a214c2f5e87bad3c948f4d605d) (ScriptedImporter) -> (artifact id: '949f81154b51c3f4d0a23a0b0f093998') in 0.0229793 seconds
Number of updated asset objects reloaded before import = 0Number of asset objects unloaded after import = 3

========================================================================
Received Import Request.
  Time since last request: 0.000038 seconds.
  path: Assets/Sprites/Cainos/Third Party/Lucid Editor/Runtime/Attributes/TitleHeaderAttribute.cs
  artifactKey: Guid(fd34a6e485a3e4d94829cbf9b5774d6d) Importer(2089858483,b0f066a214c2f5e87bad3c948f4d605d)
Start importing Assets/Sprites/Cainos/Third Party/Lucid Editor/Runtime/Attributes/TitleHeaderAttribute.cs using Guid(fd34a6e485a3e4d94829cbf9b5774d6d) Importer(2089858483,b0f066a214c2f5e87bad3c948f4d605d) (ScriptedImporter) -> (artifact id: '9d2ef12d9a3469c41720f7c39142753a') in 0.0171654 seconds
Number of updated asset objects reloaded before import = 0Number of asset objects unloaded after import = 0

========================================================================
Received Import Request.
  Time since last request: 0.000121 seconds.
  path: Assets/Projects/GravityDash/kenney_ui-pack/PNG/Green/Default/button_round_line.png
  artifactKey: Guid(12183cca41a2248f1be972367bcedc6e) Importer(2089858483,b0f066a214c2f5e87bad3c948f4d605d)
Start importing Assets/Projects/GravityDash/kenney_ui-pack/PNG/Green/Default/button_round_line.png using Guid(12183cca41a2248f1be972367bcedc6e) Importer(2089858483,b0f066a214c2f5e87bad3c948f4d605d) (ScriptedImporter) -> (artifact id: '6d3f0791b27b2ab55c7b633a4f6fbd3e') in 0.0243027 seconds
Number of updated asset objects reloaded before import = 0Number of asset objects unloaded after import = 3

========================================================================
Received Import Request.
  Time since last request: 0.000030 seconds.
  path: Assets/Projects/GravityDash/kenney_ui-pack/PNG/Green/Default/slide_horizontal_grey.png
  artifactKey: Guid(e591436793c0442018e144ac50de876a) Importer(2089858483,b0f066a214c2f5e87bad3c948f4d605d)
Start importing Assets/Projects/GravityDash/kenney_ui-pack/PNG/Green/Default/slide_horizontal_grey.png using Guid(e591436793c0442018e144ac50de876a) Importer(2089858483,b0f066a214c2f5e87bad3c948f4d605d) (ScriptedImporter) -> (artifact id: 'b3776a14948213ef51c7aeb8501d4e7e') in 0.0261805 seconds
Number of updated asset objects reloaded before import = 0Number of asset objects unloaded after import = 3

========================================================================
Received Import Request.
  Time since last request: 0.000050 seconds.
  path: Assets/Projects/GravityDash/kenney_ui-pack/PNG/Grey/Default/icon_outline_checkmark.png
  artifactKey: Guid(3f02b4cfc7f90487aaa2380f7d6907c4) Importer(2089858483,b0f066a214c2f5e87bad3c948f4d605d)
Start importing Assets/Projects/GravityDash/kenney_ui-pack/PNG/Grey/Default/icon_outline_checkmark.png using Guid(3f02b4cfc7f90487aaa2380f7d6907c4) Importer(2089858483,b0f066a214c2f5e87bad3c948f4d605d) (ScriptedImporter) -> (artifact id: 'f5bc7ad31bc3f7f6e20ef45b6ec9e0ab') in 0.0196856 seconds
Number of updated asset objects reloaded before import = 0Number of asset objects unloaded after import = 3

========================================================================
Received Import Request.
  Time since last request: 0.000028 seconds.
  path: Assets/Projects/MegaSuperChallengeShot/Graphics/Cute_Birds(4 in 1)Mini/B4/Animations/B4_s3.anim
  artifactKey: Guid(50f3f98470d03254780ee8f76e2cd11b) Importer(2089858483,b0f066a214c2f5e87bad3c948f4d605d)
Start importing Assets/Projects/MegaSuperChallengeShot/Graphics/Cute_Birds(4 in 1)Mini/B4/Animations/B4_s3.anim using Guid(50f3f98470d03254780ee8f76e2cd11b) Importer(2089858483,b0f066a214c2f5e87bad3c948f4d605d) (ScriptedImporter) -> (artifact id: '0c41052331062e05057668669767fd08') in 0.0174422 seconds
Number of updated asset objects reloaded before import = 0Number of asset objects unloaded after import = 1

========================================================================
Received Import Request.
  Time since last request: 0.000131 seconds.
  path: Assets/Projects/GravityDash/kenney_ui-pack/PNG/Extra/Double/icon_arrow_up_light.png
  artifactKey: Guid(c50e4e2ce67e345b389d5311c2f45885) Importer(2089858483,b0f066a214c2f5e87bad3c948f4d605d)
Start importing Assets/Projects/GravityDash/kenney_ui-pack/PNG/Extra/Double/icon_arrow_up_light.png using Guid(c50e4e2ce67e345b389d5311c2f45885) Importer(2089858483,b0f066a214c2f5e87bad3c948f4d605d) (ScriptedImporter) -> (artifact id: '6c215288163ef8c611b3a13235f394c8') in 0.018393 seconds
Number of updated asset objects reloaded before import = 0Number of asset objects unloaded after import = 3

========================================================================
Received Import Request.
  Time since last request: 0.000031 seconds.
  path: Assets/Projects/GravityDash/kenney_ui-pack/PNG/Green/Default/button_square_gradient.png
  artifactKey: Guid(50931ebcad4f44731bc21d51fc5b89de) Importer(2089858483,b0f066a214c2f5e87bad3c948f4d605d)
Start importing Assets/Projects/GravityDash/kenney_ui-pack/PNG/Green/Default/button_square_gradient.png using Guid(50931ebcad4f44731bc21d51fc5b89de) Importer(2089858483,b0f066a214c2f5e87bad3c948f4d605d) (ScriptedImporter) -> (artifact id: 'b8ed369066f6b2dff4e4bf5fdf9370bb') in 0.0205017 seconds
Number of updated asset objects reloaded before import = 0Number of asset objects unloaded after import = 3

========================================================================
Received Import Request.
  Time since last request: 0.000030 seconds.
  path: Assets/Projects/MegaSuperChallengeShot/Graphics/Farland Skies/Low Poly/Textures/Clouds/Clouds_LP_02.png
  artifactKey: Guid(d5d9dd79ad3016943b7f1ff5b201391e) Importer(2089858483,b0f066a214c2f5e87bad3c948f4d605d)
Start importing Assets/Projects/MegaSuperChallengeShot/Graphics/Farland Skies/Low Poly/Textures/Clouds/Clouds_LP_02.png using Guid(d5d9dd79ad3016943b7f1ff5b201391e) Importer(2089858483,b0f066a214c2f5e87bad3c948f4d605d) (ScriptedImporter) -> (artifact id: 'dac4affe0c59c473b08bc443eb0c0536') in 0.0219539 seconds
Number of updated asset objects reloaded before import = 0Number of asset objects unloaded after import = 1

========================================================================
Received Import Request.
  Time since last request: 0.000133 seconds.
  path: Assets/Projects/GravityDash/kenney_ui-pack/PNG/Yellow/Default/button_square_flat.png
  artifactKey: Guid(602b329e0b9ea4e9fa0a54ec2f2b493a) Importer(2089858483,b0f066a214c2f5e87bad3c948f4d605d)
Start importing Assets/Projects/GravityDash/kenney_ui-pack/PNG/Yellow/Default/button_square_flat.png using Guid(602b329e0b9ea4e9fa0a54ec2f2b493a) Importer(2089858483,b0f066a214c2f5e87bad3c948f4d605d) (ScriptedImporter) -> (artifact id: '0f4f1dcb70aa631602dc70464d169b6b') in 0.0209612 seconds
Number of updated asset objects reloaded before import = 0Number of asset objects unloaded after import = 3

========================================================================
Received Import Request.
  Time since last request: 0.000024 seconds.
  path: Assets/Projects/GravityDash/kenney_ui-pack/PNG/Green/Default/arrow_decorative_e_small.png
  artifactKey: Guid(d046776bae67c45fdbf503bd6f1683a8) Importer(2089858483,b0f066a214c2f5e87bad3c948f4d605d)
Start importing Assets/Projects/GravityDash/kenney_ui-pack/PNG/Green/Default/arrow_decorative_e_small.png using Guid(d046776bae67c45fdbf503bd6f1683a8) Importer(2089858483,b0f066a214c2f5e87bad3c948f4d605d) (ScriptedImporter) -> (artifact id: '4345b0969c182869e902894c02a6d7e1') in 0.0198032 seconds
Number of updated asset objects reloaded before import = 0Number of asset objects unloaded after import = 3

========================================================================
Received Import Request.
  Time since last request: 0.000065 seconds.
  path: Assets/Projects/GravityDash/kenney_new-platformer-pack-1.1/Sprites/Tiles/Double/terrain_grass_ramp_long_b.png
  artifactKey: Guid(47c7ee13621104e6a9650ed2789b20e7) Importer(2089858483,b0f066a214c2f5e87bad3c948f4d605d)
Start importing Assets/Projects/GravityDash/kenney_new-platformer-pack-1.1/Sprites/Tiles/Double/terrain_grass_ramp_long_b.png using Guid(47c7ee13621104e6a9650ed2789b20e7) Importer(2089858483,b0f066a214c2f5e87bad3c948f4d605d) (ScriptedImporter) -> (artifact id: '9a475d00989e4cf9b196ab0c3971f9ca') in 0.0190003 seconds
Number of updated asset objects reloaded before import = 0Number of asset objects unloaded after import = 3

========================================================================
Received Import Request.
  Time since last request: 0.000063 seconds.
  path: Assets/Projects/GravityDash/kenney_new-platformer-pack-1.1/Sprites/Tiles/Double/terrain_purple_block_bottom_right.png
  artifactKey: Guid(17d3e925e0d6b406db51ea3c2020f15a) Importer(2089858483,b0f066a214c2f5e87bad3c948f4d605d)
Start importing Assets/Projects/GravityDash/kenney_new-platformer-pack-1.1/Sprites/Tiles/Double/terrain_purple_block_bottom_right.png using Guid(17d3e925e0d6b406db51ea3c2020f15a) Importer(2089858483,b0f066a214c2f5e87bad3c948f4d605d) (ScriptedImporter) -> (artifact id: '6d6382333c71a6e34bd4cb576393460c') in 0.0252761 seconds
Number of updated asset objects reloaded before import = 0Number of asset objects unloaded after import = 3

========================================================================
Received Import Request.
  Time since last request: 0.000025 seconds.
  path: Assets/Projects/GravityDash/kenney_new-platformer-pack-1.1/Sprites/Tiles/Double/terrain_dirt_block_left.png
  artifactKey: Guid(22cda7b9783884f7db118b559551daab) Importer(2089858483,b0f066a214c2f5e87bad3c948f4d605d)
Start importing Assets/Projects/GravityDash/kenney_new-platformer-pack-1.1/Sprites/Tiles/Double/terrain_dirt_block_left.png using Guid(22cda7b9783884f7db118b559551daab) Importer(2089858483,b0f066a214c2f5e87bad3c948f4d605d) (ScriptedImporter) -> (artifact id: '01ce5a54edf25f7f541e37b8c34ba7f7') in 0.0207511 seconds
Number of updated asset objects reloaded before import = 0Number of asset objects unloaded after import = 3

========================================================================
Received Import Request.
  Time since last request: 0.000039 seconds.
  path: Assets/Projects/GravityDash/kenney_ui-pack/PNG/Green/Default/arrow_decorative_s_small.png
  artifactKey: Guid(0246031484a2d4e35b2d3b45a198b5a7) Importer(2089858483,b0f066a214c2f5e87bad3c948f4d605d)
Start importing Assets/Projects/GravityDash/kenney_ui-pack/PNG/Green/Default/arrow_decorative_s_small.png using Guid(0246031484a2d4e35b2d3b45a198b5a7) Importer(2089858483,b0f066a214c2f5e87bad3c948f4d605d) (ScriptedImporter) -> (artifact id: '5adae297f24ac4013275c01da2579387') in 0.0197785 seconds
Number of updated asset objects reloaded before import = 0Number of asset objects unloaded after import = 3

========================================================================
Received Import Request.
  Time since last request: 0.000032 seconds.
  path: Assets/Projects/GravityDash/kenney_ui-pack/PNG/Yellow/Default/arrow_decorative_w_small.png
  artifactKey: Guid(532ab612acd9348d090d6c286b8989c3) Importer(2089858483,b0f066a214c2f5e87bad3c948f4d605d)
Start importing Assets/Projects/GravityDash/kenney_ui-pack/PNG/Yellow/Default/arrow_decorative_w_small.png using Guid(532ab612acd9348d090d6c286b8989c3) Importer(2089858483,b0f066a214c2f5e87bad3c948f4d605d) (ScriptedImporter) -> (artifact id: '69b955fade9db0ae13d947e01a1d0796') in 0.0204093 seconds
Number of updated asset objects reloaded before import = 0Number of asset objects unloaded after import = 3

========================================================================
Received Import Request.
  Time since last request: 0.000026 seconds.
  path: Assets/Projects/GravityDash/kenney_new-platformer-pack-1.1/Sprites/Tiles/Double/terrain_stone_horizontal_overhang_right.png
  artifactKey: Guid(df25eca662a694437a2e5f94fcc95c00) Importer(2089858483,b0f066a214c2f5e87bad3c948f4d605d)
Start importing Assets/Projects/GravityDash/kenney_new-platformer-pack-1.1/Sprites/Tiles/Double/terrain_stone_horizontal_overhang_right.png using Guid(df25eca662a694437a2e5f94fcc95c00) Importer(2089858483,b0f066a214c2f5e87bad3c948f4d605d) (ScriptedImporter) -> (artifact id: '8aa2d7966690e233485bd4d1146b893f') in 0.0205702 seconds
Number of updated asset objects reloaded before import = 0Number of asset objects unloaded after import = 3

========================================================================
Received Import Request.
  Time since last request: 0.000017 seconds.
  path: Assets/Projects/GravityDash/kenney_new-platformer-pack-1.1/Sprites/Tiles/Double/terrain_dirt_block_bottom.png
  artifactKey: Guid(a5e952fd1934e44e3af5acd35411ece4) Importer(2089858483,b0f066a214c2f5e87bad3c948f4d605d)
Start importing Assets/Projects/GravityDash/kenney_new-platformer-pack-1.1/Sprites/Tiles/Double/terrain_dirt_block_bottom.png using Guid(a5e952fd1934e44e3af5acd35411ece4) Importer(2089858483,b0f066a214c2f5e87bad3c948f4d605d) (ScriptedImporter) -> (artifact id: 'df05d78d494a7767e3c7fc1d965958cb') in 0.0198564 seconds
Number of updated asset objects reloaded before import = 0Number of asset objects unloaded after import = 3

========================================================================
Received Import Request.
  Time since last request: 0.000024 seconds.
  path: Assets/Sprites/Cainos/Third Party/Lucid Editor/Editor/Attributes/SectionHeaderAttributeProcessor.cs
  artifactKey: Guid(a5b42575366d54c149b27a0c47737719) Importer(2089858483,b0f066a214c2f5e87bad3c948f4d605d)
Start importing Assets/Sprites/Cainos/Third Party/Lucid Editor/Editor/Attributes/SectionHeaderAttributeProcessor.cs using Guid(a5b42575366d54c149b27a0c47737719) Importer(2089858483,b0f066a214c2f5e87bad3c948f4d605d) (ScriptedImporter) -> (artifact id: '0314bb390f4a68711c8f5045c5caf0a5') in 0.0140657 seconds
Number of updated asset objects reloaded before import = 0Number of asset objects unloaded after import = 0

========================================================================
Received Import Request.
  Time since last request: 0.000179 seconds.
  path: Assets/Projects/GravityDash/kenney_ui-pack/PNG/Grey/Default/button_square_depth_gradient.png
  artifactKey: Guid(51c0c6e9a878748079f8d354387b2d1e) Importer(2089858483,b0f066a214c2f5e87bad3c948f4d605d)
Start importing Assets/Projects/GravityDash/kenney_ui-pack/PNG/Grey/Default/button_square_depth_gradient.png using Guid(51c0c6e9a878748079f8d354387b2d1e) Importer(2089858483,b0f066a214c2f5e87bad3c948f4d605d) (ScriptedImporter) -> (artifact id: '0d1c3f0f59ed1cafd99b54b42b875540') in 0.0212275 seconds
Number of updated asset objects reloaded before import = 0Number of asset objects unloaded after import = 3

========================================================================
Received Import Request.
  Time since last request: 0.000029 seconds.
  path: Assets/Projects/GravityDash/kenney_ui-pack/PNG/Red/Default/arrow_basic_s.png
  artifactKey: Guid(a6d7fe8559e894caa8c5271f585e65c5) Importer(2089858483,b0f066a214c2f5e87bad3c948f4d605d)
Start importing Assets/Projects/GravityDash/kenney_ui-pack/PNG/Red/Default/arrow_basic_s.png using Guid(a6d7fe8559e894caa8c5271f585e65c5) Importer(2089858483,b0f066a214c2f5e87bad3c948f4d605d) (ScriptedImporter) -> (artifact id: 'e376c261d2f806b04e62a6aef51bd87a') in 0.0199816 seconds
Number of updated asset objects reloaded before import = 0Number of asset objects unloaded after import = 3

========================================================================
Received Import Request.
  Time since last request: 0.000057 seconds.
  path: Assets/Sprites/Cainos/Third Party/Lucid Editor/Editor/Attributes/OnValueChangedAttributeProcessor.cs
  artifactKey: Guid(3d257440bc9b64dc9a8e3c0ec7ecab97) Importer(2089858483,b0f066a214c2f5e87bad3c948f4d605d)
Start importing Assets/Sprites/Cainos/Third Party/Lucid Editor/Editor/Attributes/OnValueChangedAttributeProcessor.cs using Guid(3d257440bc9b64dc9a8e3c0ec7ecab97) Importer(2089858483,b0f066a214c2f5e87bad3c948f4d605d) (ScriptedImporter) -> (artifact id: '948d2b593cfda7fccf57f17eb347e19e') in 0.0146114 seconds
Number of updated asset objects reloaded before import = 0Number of asset objects unloaded after import = 0

========================================================================
Received Import Request.
  Time since last request: 0.000070 seconds.
  path: Assets/Projects/GravityDash/kenney_ui-pack/PNG/Green/Default/button_square_depth_gradient.png
  artifactKey: Guid(df011083051644643bd981989ae6191b) Importer(2089858483,b0f066a214c2f5e87bad3c948f4d605d)
Start importing Assets/Projects/GravityDash/kenney_ui-pack/PNG/Green/Default/button_square_depth_gradient.png using Guid(df011083051644643bd981989ae6191b) Importer(2089858483,b0f066a214c2f5e87bad3c948f4d605d) (ScriptedImporter) -> (artifact id: '8b85883cfdd6a23275f1f7cfd4ddf4a1') in 0.027887 seconds
Number of updated asset objects reloaded before import = 0Number of asset objects unloaded after import = 3

========================================================================
Received Import Request.
  Time since last request: 0.000034 seconds.
  path: Assets/Projects/GravityDash/kenney_ui-pack/PNG/Blue/Double/icon_outline_square.png
  artifactKey: Guid(a1dfe0133fc884f23a1220f449599dc9) Importer(2089858483,b0f066a214c2f5e87bad3c948f4d605d)
Start importing Assets/Projects/GravityDash/kenney_ui-pack/PNG/Blue/Double/icon_outline_square.png using Guid(a1dfe0133fc884f23a1220f449599dc9) Importer(2089858483,b0f066a214c2f5e87bad3c948f4d605d) (ScriptedImporter) -> (artifact id: 'a90378766702b34a342c1b8f192f4030') in 0.0259636 seconds
Number of updated asset objects reloaded before import = 0Number of asset objects unloaded after import = 3

========================================================================
Received Import Request.
  Time since last request: 0.000024 seconds.
  path: Assets/Projects/GravityDash/kenney_ui-pack/PNG/Green/Double/button_rectangle_border.png
  artifactKey: Guid(1b452e1e0fd664b7fbe0443b03ce8731) Importer(2089858483,b0f066a214c2f5e87bad3c948f4d605d)
Start importing Assets/Projects/GravityDash/kenney_ui-pack/PNG/Green/Double/button_rectangle_border.png using Guid(1b452e1e0fd664b7fbe0443b03ce8731) Importer(2089858483,b0f066a214c2f5e87bad3c948f4d605d) (ScriptedImporter) -> (artifact id: 'a808e1248cde085ed1575cf3e8ca6a45') in 0.02515 seconds
Number of updated asset objects reloaded before import = 0Number of asset objects unloaded after import = 3

========================================================================
Received Import Request.
  Time since last request: 0.000030 seconds.
  path: Assets/Projects/MegaSuperChallengeShot/Graphics/Farland Skies/!Core/Scripts/Demo/UI/ColorPicker.cs
  artifactKey: Guid(06d916052f5ce9f45a4ea1f371b9672d) Importer(2089858483,b0f066a214c2f5e87bad3c948f4d605d)
Start importing Assets/Projects/MegaSuperChallengeShot/Graphics/Farland Skies/!Core/Scripts/Demo/UI/ColorPicker.cs using Guid(06d916052f5ce9f45a4ea1f371b9672d) Importer(2089858483,b0f066a214c2f5e87bad3c948f4d605d) (ScriptedImporter) -> (artifact id: 'c73f80bea7860a346839712516bccf2b') in 0.017964 seconds
Number of updated asset objects reloaded before import = 0Number of asset objects unloaded after import = 0

========================================================================
Received Import Request.
  Time since last request: 0.000142 seconds.
  path: Assets/Projects/GravityDash/kenney_ui-pack/PNG/Yellow/Double/button_round_depth_flat.png
  artifactKey: Guid(1b00b18a0cd5447b2be15e4debade4f9) Importer(2089858483,b0f066a214c2f5e87bad3c948f4d605d)
Start importing Assets/Projects/GravityDash/kenney_ui-pack/PNG/Yellow/Double/button_round_depth_flat.png using Guid(1b00b18a0cd5447b2be15e4debade4f9) Importer(2089858483,b0f066a214c2f5e87bad3c948f4d605d) (ScriptedImporter) -> (artifact id: '78c7ecbfec7d7b4d1fa8371fc3460a63') in 0.0247303 seconds
Number of updated asset objects reloaded before import = 0Number of asset objects unloaded after import = 3

========================================================================
Received Import Request.
  Time since last request: 0.000032 seconds.
  path: Assets/Projects/GravityDash/kenney_ui-pack/PNG/Yellow/Default/check_square_grey_cross.png
  artifactKey: Guid(417c1ffedd7584257a8b545adf261f7d) Importer(2089858483,b0f066a214c2f5e87bad3c948f4d605d)
Start importing Assets/Projects/GravityDash/kenney_ui-pack/PNG/Yellow/Default/check_square_grey_cross.png using Guid(417c1ffedd7584257a8b545adf261f7d) Importer(2089858483,b0f066a214c2f5e87bad3c948f4d605d) (ScriptedImporter) -> (artifact id: '7a86f3a273b3d43debad915e96762a85') in 0.0224817 seconds
Number of updated asset objects reloaded before import = 0Number of asset objects unloaded after import = 3

========================================================================
Received Import Request.
  Time since last request: 0.000041 seconds.
  path: Assets/Projects/GravityDash/kenney_new-platformer-pack-1.1/Sprites/Tiles/Double/lock_yellow.png
  artifactKey: Guid(752fb901efeec45579043b2089dd7794) Importer(2089858483,b0f066a214c2f5e87bad3c948f4d605d)
Start importing Assets/Projects/GravityDash/kenney_new-platformer-pack-1.1/Sprites/Tiles/Double/lock_yellow.png using Guid(752fb901efeec45579043b2089dd7794) Importer(2089858483,b0f066a214c2f5e87bad3c948f4d605d) (ScriptedImporter) -> (artifact id: '5c8799fbb6846bc09884dad384967438') in 0.02634 seconds
Number of updated asset objects reloaded before import = 0Number of asset objects unloaded after import = 3

========================================================================
Received Import Request.
  Time since last request: 0.000047 seconds.
  path: Assets/Projects/GravityDash/kenney_ui-pack/PNG/Grey/Default/arrow_decorative_n.png
  artifactKey: Guid(6e343799c9cd34861b86cc9080005365) Importer(2089858483,b0f066a214c2f5e87bad3c948f4d605d)
Start importing Assets/Projects/GravityDash/kenney_ui-pack/PNG/Grey/Default/arrow_decorative_n.png using Guid(6e343799c9cd34861b86cc9080005365) Importer(2089858483,b0f066a214c2f5e87bad3c948f4d605d) (ScriptedImporter) -> (artifact id: '701d5029b5532c25e4293ef0ba32cc95') in 0.0273659 seconds
Number of updated asset objects reloaded before import = 0Number of asset objects unloaded after import = 3

========================================================================
Received Import Request.
  Time since last request: 0.000030 seconds.
  path: Assets/Projects/GravityDash/kenney_ui-pack/PNG/Red/Default/check_square_color_square.png
  artifactKey: Guid(5e00bba9eb0474757a3b342e57489ab4) Importer(2089858483,b0f066a214c2f5e87bad3c948f4d605d)
Start importing Assets/Projects/GravityDash/kenney_ui-pack/PNG/Red/Default/check_square_color_square.png using Guid(5e00bba9eb0474757a3b342e57489ab4) Importer(2089858483,b0f066a214c2f5e87bad3c948f4d605d) (ScriptedImporter) -> (artifact id: 'be6015276d544c0d202bfed0db4efa22') in 0.0293688 seconds
Number of updated asset objects reloaded before import = 0Number of asset objects unloaded after import = 3

========================================================================
Received Import Request.
  Time since last request: 0.000125 seconds.
  path: Assets/Projects/MegaSuperChallengeShot/Graphics/Farland Skies/!Core/Scripts/Demo/UI/ForegroundToggle.cs
  artifactKey: Guid(a24884612b2ceb04aa4944bdde15f62d) Importer(2089858483,b0f066a214c2f5e87bad3c948f4d605d)
Start importing Assets/Projects/MegaSuperChallengeShot/Graphics/Farland Skies/!Core/Scripts/Demo/UI/ForegroundToggle.cs using Guid(a24884612b2ceb04aa4944bdde15f62d) Importer(2089858483,b0f066a214c2f5e87bad3c948f4d605d) (ScriptedImporter) -> (artifact id: '060097c67350434bd08bbae05a031cdf') in 0.0294013 seconds
Number of updated asset objects reloaded before import = 0Number of asset objects unloaded after import = 0

========================================================================
Received Import Request.
  Time since last request: 0.000653 seconds.
  path: Assets/Projects/GravityDash/kenney_ui-pack/PNG/Extra/Default/input_rectangle.png
  artifactKey: Guid(f605a675f08554acc83950ab03bca484) Importer(2089858483,b0f066a214c2f5e87bad3c948f4d605d)
Start importing Assets/Projects/GravityDash/kenney_ui-pack/PNG/Extra/Default/input_rectangle.png using Guid(f605a675f08554acc83950ab03bca484) Importer(2089858483,b0f066a214c2f5e87bad3c948f4d605d) (ScriptedImporter) -> (artifact id: '87b717938bdd27b9d5951cb7dcbaeac3') in 0.034283 seconds
Number of updated asset objects reloaded before import = 0Number of asset objects unloaded after import = 3

========================================================================
Received Import Request.
  Time since last request: 0.000028 seconds.
  path: Assets/Projects/GravityDash/kenney_ui-pack/PNG/Grey/Double/button_round_depth_gloss.png
  artifactKey: Guid(8c92b7d27c06749e295111eaf71c77e9) Importer(2089858483,b0f066a214c2f5e87bad3c948f4d605d)
Start importing Assets/Projects/GravityDash/kenney_ui-pack/PNG/Grey/Double/button_round_depth_gloss.png using Guid(8c92b7d27c06749e295111eaf71c77e9) Importer(2089858483,b0f066a214c2f5e87bad3c948f4d605d) (ScriptedImporter) -> (artifact id: '5dffa943fbe0128c9e655ce4fbb014ef') in 0.0348186 seconds
Number of updated asset objects reloaded before import = 0Number of asset objects unloaded after import = 3

========================================================================
Received Import Request.
  Time since last request: 0.000032 seconds.
  path: Assets/Projects/GravityDash/kenney_ui-pack/PNG/Green/Double/star_outline_depth.png
  artifactKey: Guid(c221e21fddba0471b917bd56839f9ff3) Importer(2089858483,b0f066a214c2f5e87bad3c948f4d605d)
Start importing Assets/Projects/GravityDash/kenney_ui-pack/PNG/Green/Double/star_outline_depth.png using Guid(c221e21fddba0471b917bd56839f9ff3) Importer(2089858483,b0f066a214c2f5e87bad3c948f4d605d) (ScriptedImporter) -> (artifact id: '33cdf526106abbdab72599ff6ef211e6') in 0.0301044 seconds
Number of updated asset objects reloaded before import = 0Number of asset objects unloaded after import = 3

========================================================================
Received Import Request.
  Time since last request: 0.000049 seconds.
  path: Assets/Projects/GravityDash/kenney_ui-pack/PNG/Yellow/Double/arrow_basic_s_small.png
  artifactKey: Guid(834f66781087d4272aa2363c3f5c55ab) Importer(2089858483,b0f066a214c2f5e87bad3c948f4d605d)
Start importing Assets/Projects/GravityDash/kenney_ui-pack/PNG/Yellow/Double/arrow_basic_s_small.png using Guid(834f66781087d4272aa2363c3f5c55ab) Importer(2089858483,b0f066a214c2f5e87bad3c948f4d605d) (ScriptedImporter) -> (artifact id: 'a6153047278308f91f149573c96fb912') in 0.0282465 seconds
Number of updated asset objects reloaded before import = 0Number of asset objects unloaded after import = 3

========================================================================
Received Import Request.
  Time since last request: 0.000039 seconds.
  path: Assets/Projects/GravityDash/kenney_ui-pack/PNG/Grey/Default/button_round_gloss.png
  artifactKey: Guid(a8bbb900f483c4950823e627decab460) Importer(2089858483,b0f066a214c2f5e87bad3c948f4d605d)
Start importing Assets/Projects/GravityDash/kenney_ui-pack/PNG/Grey/Default/button_round_gloss.png using Guid(a8bbb900f483c4950823e627decab460) Importer(2089858483,b0f066a214c2f5e87bad3c948f4d605d) (ScriptedImporter) -> (artifact id: 'ac04ddefd044c3c6243d418211a19a05') in 0.0235407 seconds
Number of updated asset objects reloaded before import = 0Number of asset objects unloaded after import = 3

========================================================================
Received Import Request.
  Time since last request: 0.000028 seconds.
  path: Assets/Projects/GravityDash/kenney_new-platformer-pack-1.1/Sprites/Tiles/Double/terrain_grass_block_right.png
  artifactKey: Guid(61110696be09d48fa897210a65812042) Importer(2089858483,b0f066a214c2f5e87bad3c948f4d605d)
Start importing Assets/Projects/GravityDash/kenney_new-platformer-pack-1.1/Sprites/Tiles/Double/terrain_grass_block_right.png using Guid(61110696be09d48fa897210a65812042) Importer(2089858483,b0f066a214c2f5e87bad3c948f4d605d) (ScriptedImporter) -> (artifact id: '17df28b394572648e4811deb9274b9e4') in 0.0275202 seconds
Number of updated asset objects reloaded before import = 0Number of asset objects unloaded after import = 3

========================================================================
Received Import Request.
  Time since last request: 0.000030 seconds.
  path: Assets/Projects/GravityDash/kenney_ui-pack/PNG/Extra/Double/input_square.png
  artifactKey: Guid(9f367895e0ef741e09368a398dac037d) Importer(2089858483,b0f066a214c2f5e87bad3c948f4d605d)
Start importing Assets/Projects/GravityDash/kenney_ui-pack/PNG/Extra/Double/input_square.png using Guid(9f367895e0ef741e09368a398dac037d) Importer(2089858483,b0f066a214c2f5e87bad3c948f4d605d) (ScriptedImporter) -> (artifact id: '4a4d249a60a09305f2fa7c40e12589dd') in 0.0272849 seconds
Number of updated asset objects reloaded before import = 0Number of asset objects unloaded after import = 3

========================================================================
Received Import Request.
  Time since last request: 0.000039 seconds.
  path: Assets/Projects/MegaSuperChallengeShot/Graphics/Farland Skies/Low Poly/Scripts/DotParams/SunParamsList.cs
  artifactKey: Guid(ffe611091c19bcb40ab6f70c613cdae0) Importer(2089858483,b0f066a214c2f5e87bad3c948f4d605d)
Start importing Assets/Projects/MegaSuperChallengeShot/Graphics/Farland Skies/Low Poly/Scripts/DotParams/SunParamsList.cs using Guid(ffe611091c19bcb40ab6f70c613cdae0) Importer(2089858483,b0f066a214c2f5e87bad3c948f4d605d) (ScriptedImporter) -> (artifact id: '18d1a9db3355723af671b3e8bef2c75b') in 0.019233 seconds
Number of updated asset objects reloaded before import = 0Number of asset objects unloaded after import = 0

========================================================================
Received Import Request.
  Time since last request: 0.000087 seconds.
  path: Assets/Projects/GravityDash/kenney_ui-pack/PNG/Blue/Double/button_rectangle_border.png
  artifactKey: Guid(1dc642494b8944a51aa7f3ca155c06b7) Importer(2089858483,b0f066a214c2f5e87bad3c948f4d605d)
Start importing Assets/Projects/GravityDash/kenney_ui-pack/PNG/Blue/Double/button_rectangle_border.png using Guid(1dc642494b8944a51aa7f3ca155c06b7) Importer(2089858483,b0f066a214c2f5e87bad3c948f4d605d) (ScriptedImporter) -> (artifact id: '1ad55b81924210fe9930233854334516') in 0.0290519 seconds
Number of updated asset objects reloaded before import = 0Number of asset objects unloaded after import = 3

========================================================================
Received Import Request.
  Time since last request: 0.000031 seconds.
  path: Assets/Projects/GravityDash/kenney_ui-pack/PNG/Blue/Double/slide_vertical_color_section.png
  artifactKey: Guid(6adfa4ac1a07d4c879db2fcfe330a7c1) Importer(2089858483,b0f066a214c2f5e87bad3c948f4d605d)
Start importing Assets/Projects/GravityDash/kenney_ui-pack/PNG/Blue/Double/slide_vertical_color_section.png using Guid(6adfa4ac1a07d4c879db2fcfe330a7c1) Importer(2089858483,b0f066a214c2f5e87bad3c948f4d605d) (ScriptedImporter) -> (artifact id: '098cbc796871d87df90830a331606397') in 0.0278593 seconds
Number of updated asset objects reloaded before import = 0Number of asset objects unloaded after import = 3

========================================================================
Received Import Request.
  Time since last request: 0.000068 seconds.
  path: Assets/Projects/GravityDash/kenney_ui-pack/PNG/Extra/Default/input_square.png
  artifactKey: Guid(7ab8c99823fbf40b88f10bdae60715fd) Importer(2089858483,b0f066a214c2f5e87bad3c948f4d605d)
Start importing Assets/Projects/GravityDash/kenney_ui-pack/PNG/Extra/Default/input_square.png using Guid(7ab8c99823fbf40b88f10bdae60715fd) Importer(2089858483,b0f066a214c2f5e87bad3c948f4d605d) (ScriptedImporter) -> (artifact id: 'e3c936575d11e95abfa1146c40ffae45') in 0.0234206 seconds
Number of updated asset objects reloaded before import = 0Number of asset objects unloaded after import = 3

========================================================================
Received Import Request.
  Time since last request: 0.000036 seconds.
  path: Assets/Projects/GravityDash/kenney_ui-pack/PNG/Red/Default/check_round_grey.png
  artifactKey: Guid(8f8b27e9f4cba4a248df8082e4594d88) Importer(2089858483,b0f066a214c2f5e87bad3c948f4d605d)
Start importing Assets/Projects/GravityDash/kenney_ui-pack/PNG/Red/Default/check_round_grey.png using Guid(8f8b27e9f4cba4a248df8082e4594d88) Importer(2089858483,b0f066a214c2f5e87bad3c948f4d605d) (ScriptedImporter) -> (artifact id: '15c6dfb3888533a2dedc6b18610e803e') in 0.0306767 seconds
Number of updated asset objects reloaded before import = 0Number of asset objects unloaded after import = 3

========================================================================
Received Import Request.
  Time since last request: 0.000032 seconds.
  path: Assets/Projects/GravityDash/kenney_ui-pack/PNG/Red/Default/slide_vertical_grey.png
  artifactKey: Guid(3f8a1b2fa245547ea96c04e882815859) Importer(2089858483,b0f066a214c2f5e87bad3c948f4d605d)
Start importing Assets/Projects/GravityDash/kenney_ui-pack/PNG/Red/Default/slide_vertical_grey.png using Guid(3f8a1b2fa245547ea96c04e882815859) Importer(2089858483,b0f066a214c2f5e87bad3c948f4d605d) (ScriptedImporter) -> (artifact id: '9e2bc2e83b8c2a1eddd7a72babb76fe9') in 0.028696 seconds
Number of updated asset objects reloaded before import = 0Number of asset objects unloaded after import = 3

========================================================================
Received Import Request.
  Time since last request: 0.000022 seconds.
  path: Assets/Projects/GravityDash/kenney_ui-pack/PNG/Blue/Double/icon_outline_checkmark.png
  artifactKey: Guid(52189c586553c45baa06e5bc7c7f3efb) Importer(2089858483,b0f066a214c2f5e87bad3c948f4d605d)
Start importing Assets/Projects/GravityDash/kenney_ui-pack/PNG/Blue/Double/icon_outline_checkmark.png using Guid(52189c586553c45baa06e5bc7c7f3efb) Importer(2089858483,b0f066a214c2f5e87bad3c948f4d605d) (ScriptedImporter) -> (artifact id: 'ba8cb9f49369ad38a5644685ceae1afa') in 0.0257398 seconds
Number of updated asset objects reloaded before import = 0Number of asset objects unloaded after import = 3

========================================================================
Received Import Request.
  Time since last request: 0.000025 seconds.
  path: Assets/Projects/MegaSuperChallengeShot/Graphics/Cute_Birds(4 in 1)Mini/B1/Animations/Bird1_3.anim
  artifactKey: Guid(626b238d568322a4eb17c680f8a16e56) Importer(2089858483,b0f066a214c2f5e87bad3c948f4d605d)
Start importing Assets/Projects/MegaSuperChallengeShot/Graphics/Cute_Birds(4 in 1)Mini/B1/Animations/Bird1_3.anim using Guid(626b238d568322a4eb17c680f8a16e56) Importer(2089858483,b0f066a214c2f5e87bad3c948f4d605d) (ScriptedImporter) -> (artifact id: '43bb21783bf1504fd785535aec408d6e') in 0.0204924 seconds
Number of updated asset objects reloaded before import = 0Number of asset objects unloaded after import = 1

========================================================================
Received Import Request.
  Time since last request: 0.000081 seconds.
  path: Assets/Projects/GravityDash/kenney_ui-pack/PNG/Blue/Double/arrow_decorative_s_small.png
  artifactKey: Guid(4997aa8ddc16c4723a4a1e822fc18d36) Importer(2089858483,b0f066a214c2f5e87bad3c948f4d605d)
Start importing Assets/Projects/GravityDash/kenney_ui-pack/PNG/Blue/Double/arrow_decorative_s_small.png using Guid(4997aa8ddc16c4723a4a1e822fc18d36) Importer(2089858483,b0f066a214c2f5e87bad3c948f4d605d) (ScriptedImporter) -> (artifact id: 'b0d852d15adbf50fb2104dda2df8bc01') in 0.0243847 seconds
Number of updated asset objects reloaded before import = 0Number of asset objects unloaded after import = 3

========================================================================
Received Import Request.
  Time since last request: 0.000039 seconds.
  path: Assets/Sprites/Cainos/Third Party/Lucid Editor/Runtime/Attributes/HorizontalGroupAttribute.cs
  artifactKey: Guid(987a7c71bec394997b54689b1823597a) Importer(2089858483,b0f066a214c2f5e87bad3c948f4d605d)
Start importing Assets/Sprites/Cainos/Third Party/Lucid Editor/Runtime/Attributes/HorizontalGroupAttribute.cs using Guid(987a7c71bec394997b54689b1823597a) Importer(2089858483,b0f066a214c2f5e87bad3c948f4d605d) (ScriptedImporter) -> (artifact id: '9d25f8097fe65e21f9058d444b02f8c8') in 0.018032 seconds
Number of updated asset objects reloaded before import = 0Number of asset objects unloaded after import = 0

========================================================================
Received Import Request.
  Time since last request: 0.000140 seconds.
  path: Assets/Projects/GravityDash/kenney_ui-pack/PNG/Green/Default/slide_horizontal_color_section_wide.png
  artifactKey: Guid(0c7d138d0b6ec4a71ad7645c094a2abd) Importer(2089858483,b0f066a214c2f5e87bad3c948f4d605d)
Start importing Assets/Projects/GravityDash/kenney_ui-pack/PNG/Green/Default/slide_horizontal_color_section_wide.png using Guid(0c7d138d0b6ec4a71ad7645c094a2abd) Importer(2089858483,b0f066a214c2f5e87bad3c948f4d605d) (ScriptedImporter) -> (artifact id: '06fc3f13d71161a0eaf50ed9fd33b861') in 0.0237035 seconds
Number of updated asset objects reloaded before import = 0Number of asset objects unloaded after import = 3

========================================================================
Received Import Request.
  Time since last request: 0.000034 seconds.
  path: Assets/Projects/GravityDash/kenney_ui-pack/PNG/Red/Double/icon_cross.png
  artifactKey: Guid(2de505254034c42c99990bad21d9f171) Importer(2089858483,b0f066a214c2f5e87bad3c948f4d605d)
Start importing Assets/Projects/GravityDash/kenney_ui-pack/PNG/Red/Double/icon_cross.png using Guid(2de505254034c42c99990bad21d9f171) Importer(2089858483,b0f066a214c2f5e87bad3c948f4d605d) (ScriptedImporter) -> (artifact id: '2899021567ae958caaaa0dd19cc1a0af') in 0.0234149 seconds
Number of updated asset objects reloaded before import = 0Number of asset objects unloaded after import = 3

========================================================================
Received Import Request.
  Time since last request: 0.000031 seconds.
  path: Assets/Projects/GravityDash/kenney_ui-pack/PNG/Yellow/Default/button_square_border.png
  artifactKey: Guid(58803b2d189944e058e1be8a5349a20e) Importer(2089858483,b0f066a214c2f5e87bad3c948f4d605d)
Start importing Assets/Projects/GravityDash/kenney_ui-pack/PNG/Yellow/Default/button_square_border.png using Guid(58803b2d189944e058e1be8a5349a20e) Importer(2089858483,b0f066a214c2f5e87bad3c948f4d605d) (ScriptedImporter) -> (artifact id: 'd2d7f2176afd32da73a1fbe6dc417dd7') in 0.0257107 seconds
Number of updated asset objects reloaded before import = 0Number of asset objects unloaded after import = 3

========================================================================
Received Import Request.
  Time since last request: 0.000028 seconds.
  path: Assets/Projects/GravityDash/kenney_ui-pack/PNG/Green/Double/slide_horizontal_color_section_wide.png
  artifactKey: Guid(aadf037b53ffd468eb1490e097f5bb85) Importer(2089858483,b0f066a214c2f5e87bad3c948f4d605d)
Start importing Assets/Projects/GravityDash/kenney_ui-pack/PNG/Green/Double/slide_horizontal_color_section_wide.png using Guid(aadf037b53ffd468eb1490e097f5bb85) Importer(2089858483,b0f066a214c2f5e87bad3c948f4d605d) (ScriptedImporter) -> (artifact id: '9c4b50598fbd3248abd125d97ac5e1cd') in 0.0238949 seconds
Number of updated asset objects reloaded before import = 0Number of asset objects unloaded after import = 3

========================================================================
Received Import Request.
  Time since last request: 0.000027 seconds.
  path: Assets/Projects/GravityDash/kenney_ui-pack/PNG/Blue/Default/button_rectangle_depth_gloss.png
  artifactKey: Guid(0a15f6087b61d4f9ab53cb98ee7cb9f8) Importer(2089858483,b0f066a214c2f5e87bad3c948f4d605d)
Start importing Assets/Projects/GravityDash/kenney_ui-pack/PNG/Blue/Default/button_rectangle_depth_gloss.png using Guid(0a15f6087b61d4f9ab53cb98ee7cb9f8) Importer(2089858483,b0f066a214c2f5e87bad3c948f4d605d) (ScriptedImporter) -> (artifact id: 'b620dbc2a27007173e53e155a3c3358b') in 0.026249 seconds
Number of updated asset objects reloaded before import = 0Number of asset objects unloaded after import = 3

========================================================================
Received Import Request.
  Time since last request: 0.000025 seconds.
  path: Assets/Projects/GravityDash/kenney_new-platformer-pack-1.1/Sprites/Tiles/Double/terrain_snow_block_center.png
  artifactKey: Guid(3fbcdfecf121b4d0db769b55c681b67a) Importer(2089858483,b0f066a214c2f5e87bad3c948f4d605d)
Start importing Assets/Projects/GravityDash/kenney_new-platformer-pack-1.1/Sprites/Tiles/Double/terrain_snow_block_center.png using Guid(3fbcdfecf121b4d0db769b55c681b67a) Importer(2089858483,b0f066a214c2f5e87bad3c948f4d605d) (ScriptedImporter) -> (artifact id: '2f6786ce24aca24913fbea00e637c5a6') in 0.0229337 seconds
Number of updated asset objects reloaded before import = 0Number of asset objects unloaded after import = 3

========================================================================
Received Import Request.
  Time since last request: 0.000036 seconds.
  path: Assets/Projects/GravityDash/kenney_ui-pack/PNG/Red/Default/button_round_gloss.png
  artifactKey: Guid(498c2458ebea44e4084fdff4b78c4536) Importer(2089858483,b0f066a214c2f5e87bad3c948f4d605d)
Start importing Assets/Projects/GravityDash/kenney_ui-pack/PNG/Red/Default/button_round_gloss.png using Guid(498c2458ebea44e4084fdff4b78c4536) Importer(2089858483,b0f066a214c2f5e87bad3c948f4d605d) (ScriptedImporter) -> (artifact id: 'acf4447a56ca8923ec8c11c9819cc428') in 0.0243238 seconds
Number of updated asset objects reloaded before import = 0Number of asset objects unloaded after import = 3

========================================================================
Received Import Request.
  Time since last request: 0.000047 seconds.
  path: Assets/Projects/GravityDash/kenney_ui-pack/PNG/Blue/Default/arrow_decorative_n.png
  artifactKey: Guid(2381c462a701f417a95acce32bb0c70d) Importer(2089858483,b0f066a214c2f5e87bad3c948f4d605d)
Start importing Assets/Projects/GravityDash/kenney_ui-pack/PNG/Blue/Default/arrow_decorative_n.png using Guid(2381c462a701f417a95acce32bb0c70d) Importer(2089858483,b0f066a214c2f5e87bad3c948f4d605d) (ScriptedImporter) -> (artifact id: '1c86f4b6fc2a43409a708b2e921b9723') in 0.0218902 seconds
Number of updated asset objects reloaded before import = 0Number of asset objects unloaded after import = 3

========================================================================
Received Import Request.
  Time since last request: 0.000023 seconds.
  path: Assets/Projects/GravityDash/kenney_ui-pack/PNG/Red/Default/button_square_depth_border.png
  artifactKey: Guid(1940dbd90010e48e5bcaee9cf4bb5cfc) Importer(2089858483,b0f066a214c2f5e87bad3c948f4d605d)
Start importing Assets/Projects/GravityDash/kenney_ui-pack/PNG/Red/Default/button_square_depth_border.png using Guid(1940dbd90010e48e5bcaee9cf4bb5cfc) Importer(2089858483,b0f066a214c2f5e87bad3c948f4d605d) (ScriptedImporter) -> (artifact id: '282d3137a466c3971f632c4393a558c5') in 0.0238735 seconds
Number of updated asset objects reloaded before import = 0Number of asset objects unloaded after import = 3

========================================================================
Received Import Request.
  Time since last request: 0.000028 seconds.
  path: Assets/Projects/GravityDash/kenney_ui-pack/PNG/Red/Default/slide_horizontal_grey_section_wide.png
  artifactKey: Guid(0dac2427f99c14cfda42c0392db779ff) Importer(2089858483,b0f066a214c2f5e87bad3c948f4d605d)
Start importing Assets/Projects/GravityDash/kenney_ui-pack/PNG/Red/Default/slide_horizontal_grey_section_wide.png using Guid(0dac2427f99c14cfda42c0392db779ff) Importer(2089858483,b0f066a214c2f5e87bad3c948f4d605d) (ScriptedImporter) -> (artifact id: '8df2b235897db591f873ef984059a354') in 0.0222845 seconds
Number of updated asset objects reloaded before import = 0Number of asset objects unloaded after import = 3

========================================================================
Received Import Request.
  Time since last request: 0.000028 seconds.
  path: Assets/Projects/GravityDash/kenney_ui-pack/PNG/Yellow/Double/button_round_gradient.png
  artifactKey: Guid(1d2ebf1f0ff7d48aba8c61de54ff8279) Importer(2089858483,b0f066a214c2f5e87bad3c948f4d605d)
Start importing Assets/Projects/GravityDash/kenney_ui-pack/PNG/Yellow/Double/button_round_gradient.png using Guid(1d2ebf1f0ff7d48aba8c61de54ff8279) Importer(2089858483,b0f066a214c2f5e87bad3c948f4d605d) (ScriptedImporter) -> (artifact id: '4fa996553be924876c1a4e584e8fb43a') in 0.0218842 seconds
Number of updated asset objects reloaded before import = 0Number of asset objects unloaded after import = 3

========================================================================
Received Import Request.
  Time since last request: 0.000020 seconds.
  path: Assets/Projects/GravityDash/kenney_ui-pack/PNG/Yellow/Default/arrow_basic_s.png
  artifactKey: Guid(6a9005037cef847389bffb46c2863e5e) Importer(2089858483,b0f066a214c2f5e87bad3c948f4d605d)
Start importing Assets/Projects/GravityDash/kenney_ui-pack/PNG/Yellow/Default/arrow_basic_s.png using Guid(6a9005037cef847389bffb46c2863e5e) Importer(2089858483,b0f066a214c2f5e87bad3c948f4d605d) (ScriptedImporter) -> (artifact id: '5c7d1913add51554a560bd9437623f10') in 0.0189235 seconds
Number of updated asset objects reloaded before import = 0Number of asset objects unloaded after import = 3

========================================================================
Received Import Request.
  Time since last request: 0.000033 seconds.
  path: Assets/Projects/GravityDash/kenney_ui-pack/PNG/Green/Default/slide_hangle.png
  artifactKey: Guid(7cb64283f63f748359726695b97c5eb5) Importer(2089858483,b0f066a214c2f5e87bad3c948f4d605d)
Start importing Assets/Projects/GravityDash/kenney_ui-pack/PNG/Green/Default/slide_hangle.png using Guid(7cb64283f63f748359726695b97c5eb5) Importer(2089858483,b0f066a214c2f5e87bad3c948f4d605d) (ScriptedImporter) -> (artifact id: 'a03fb7bfb8d14ef185d890ed51c820e4') in 0.0240815 seconds
Number of updated asset objects reloaded before import = 0Number of asset objects unloaded after import = 3

========================================================================
Received Import Request.
  Time since last request: 0.000045 seconds.
  path: Assets/Projects/GravityDash/kenney_ui-pack/PNG/Yellow/Double/arrow_basic_e_small.png
  artifactKey: Guid(26b9eda20f1f8436ba4c59936d88da66) Importer(2089858483,b0f066a214c2f5e87bad3c948f4d605d)
Start importing Assets/Projects/GravityDash/kenney_ui-pack/PNG/Yellow/Double/arrow_basic_e_small.png using Guid(26b9eda20f1f8436ba4c59936d88da66) Importer(2089858483,b0f066a214c2f5e87bad3c948f4d605d) (ScriptedImporter) -> (artifact id: 'dffc266b688e81ca6800e7c6063753be') in 0.0179491 seconds
Number of updated asset objects reloaded before import = 0Number of asset objects unloaded after import = 3

========================================================================
Received Import Request.
  Time since last request: 0.000038 seconds.
  path: Assets/Projects/MegaSuperChallengeShot/Graphics/Farland Skies/Low Poly/Demo/Standart/Scripts/UI/TexturesDropdown.cs
  artifactKey: Guid(9c96597d74a120e4daf521ebf71ac4d9) Importer(2089858483,b0f066a214c2f5e87bad3c948f4d605d)
Start importing Assets/Projects/MegaSuperChallengeShot/Graphics/Farland Skies/Low Poly/Demo/Standart/Scripts/UI/TexturesDropdown.cs using Guid(9c96597d74a120e4daf521ebf71ac4d9) Importer(2089858483,b0f066a214c2f5e87bad3c948f4d605d) (ScriptedImporter) -> (artifact id: '3da7e12e097a16d07fccc25c46bc1d2a') in 0.0169998 seconds
Number of updated asset objects reloaded before import = 0Number of asset objects unloaded after import = 0

========================================================================
Received Import Request.
  Time since last request: 0.000125 seconds.
  path: Assets/Projects/GravityDash/kenney_ui-pack/PNG/Yellow/Double/icon_outline_circle.png
  artifactKey: Guid(a61ebebd040ee40858be99f478a1544b) Importer(2089858483,b0f066a214c2f5e87bad3c948f4d605d)
Start importing Assets/Projects/GravityDash/kenney_ui-pack/PNG/Yellow/Double/icon_outline_circle.png using Guid(a61ebebd040ee40858be99f478a1544b) Importer(2089858483,b0f066a214c2f5e87bad3c948f4d605d) (ScriptedImporter) -> (artifact id: '1fe72de5f7e303ec961f5a50515528ce') in 0.0197151 seconds
Number of updated asset objects reloaded before import = 0Number of asset objects unloaded after import = 3

========================================================================
Received Import Request.
  Time since last request: 0.000026 seconds.
  path: Assets/Projects/GravityDash/kenney_ui-pack/PNG/Grey/Double/check_square_color.png
  artifactKey: Guid(6703523eebecd423ebf1ff45af4bca3a) Importer(2089858483,b0f066a214c2f5e87bad3c948f4d605d)
Start importing Assets/Projects/GravityDash/kenney_ui-pack/PNG/Grey/Double/check_square_color.png using Guid(6703523eebecd423ebf1ff45af4bca3a) Importer(2089858483,b0f066a214c2f5e87bad3c948f4d605d) (ScriptedImporter) -> (artifact id: '5c20f63440188fd6d899d3985f33433e') in 0.0151668 seconds
Number of updated asset objects reloaded before import = 0Number of asset objects unloaded after import = 3

========================================================================
Received Import Request.
  Time since last request: 0.000020 seconds.
  path: Assets/Projects/MegaSuperChallengeShot/Graphics/Cute_Birds(4 in 1)Mini/B1/Animations/Bird1_6_0.controller
  artifactKey: Guid(8764d13ec8d152f4c88578419c7d8577) Importer(2089858483,b0f066a214c2f5e87bad3c948f4d605d)
Start importing Assets/Projects/MegaSuperChallengeShot/Graphics/Cute_Birds(4 in 1)Mini/B1/Animations/Bird1_6_0.controller using Guid(8764d13ec8d152f4c88578419c7d8577) Importer(2089858483,b0f066a214c2f5e87bad3c948f4d605d) (ScriptedImporter) -> (artifact id: 'e868a769fdf7fb26717efe4ab7d34866') in 0.0139843 seconds
Number of updated asset objects reloaded before import = 0Number of asset objects unloaded after import = 4

========================================================================
Received Import Request.
  Time since last request: 0.000021 seconds.
  path: Assets/Projects/GravityDash/kenney_ui-pack/PNG/Yellow/Default/star.png
  artifactKey: Guid(01c21081dd618455eb698ba6d16e098d) Importer(2089858483,b0f066a214c2f5e87bad3c948f4d605d)
Start importing Assets/Projects/GravityDash/kenney_ui-pack/PNG/Yellow/Default/star.png using Guid(01c21081dd618455eb698ba6d16e098d) Importer(2089858483,b0f066a214c2f5e87bad3c948f4d605d) (ScriptedImporter) -> (artifact id: '9799e4f0c3e60cc94bc6e82a1ed1da09') in 0.019518 seconds
Number of updated asset objects reloaded before import = 0Number of asset objects unloaded after import = 3

========================================================================
Received Import Request.
  Time since last request: 0.000036 seconds.
  path: Assets/Projects/GravityDash/kenney_ui-pack/PNG/Yellow/Default/button_square_depth_gradient.png
  artifactKey: Guid(ccfe225f6a0c2482687b70ab01b1c866) Importer(2089858483,b0f066a214c2f5e87bad3c948f4d605d)
Start importing Assets/Projects/GravityDash/kenney_ui-pack/PNG/Yellow/Default/button_square_depth_gradient.png using Guid(ccfe225f6a0c2482687b70ab01b1c866) Importer(2089858483,b0f066a214c2f5e87bad3c948f4d605d) (ScriptedImporter) -> (artifact id: '09387e4d4d2940a2999d6bddd2c0da87') in 0.0220201 seconds
Number of updated asset objects reloaded before import = 0Number of asset objects unloaded after import = 3

========================================================================
Received Import Request.
  Time since last request: 0.000061 seconds.
  path: Assets/Projects/GravityDash/kenney_ui-pack/PNG/Green/Double/icon_outline_checkmark.png
  artifactKey: Guid(c8d904ff5817244c29628420ab6c0cf1) Importer(2089858483,b0f066a214c2f5e87bad3c948f4d605d)
Start importing Assets/Projects/GravityDash/kenney_ui-pack/PNG/Green/Double/icon_outline_checkmark.png using Guid(c8d904ff5817244c29628420ab6c0cf1) Importer(2089858483,b0f066a214c2f5e87bad3c948f4d605d) (ScriptedImporter) -> (artifact id: '3152f1662cac470d14912f14573e360b') in 0.0158592 seconds
Number of updated asset objects reloaded before import = 0Number of asset objects unloaded after import = 3

========================================================================
Received Import Request.
  Time since last request: 0.000033 seconds.
  path: Assets/Projects/GravityDash/kenney_ui-pack/PNG/Red/Double/slide_horizontal_color_section_wide.png
  artifactKey: Guid(e89b78a137cd4496393915cdc42854c8) Importer(2089858483,b0f066a214c2f5e87bad3c948f4d605d)
Start importing Assets/Projects/GravityDash/kenney_ui-pack/PNG/Red/Double/slide_horizontal_color_section_wide.png using Guid(e89b78a137cd4496393915cdc42854c8) Importer(2089858483,b0f066a214c2f5e87bad3c948f4d605d) (ScriptedImporter) -> (artifact id: 'e34a2cf9b8610683ca2c2687279ab821') in 0.0251026 seconds
Number of updated asset objects reloaded before import = 0Number of asset objects unloaded after import = 3

========================================================================
Received Import Request.
  Time since last request: 0.000040 seconds.
  path: Assets/Projects/GravityDash/kenney_ui-pack/PNG/Green/Default/icon_circle.png
  artifactKey: Guid(57ec7c3c57a9a4ce59bd185794aa9537) Importer(2089858483,b0f066a214c2f5e87bad3c948f4d605d)
Start importing Assets/Projects/GravityDash/kenney_ui-pack/PNG/Green/Default/icon_circle.png using Guid(57ec7c3c57a9a4ce59bd185794aa9537) Importer(2089858483,b0f066a214c2f5e87bad3c948f4d605d) (ScriptedImporter) -> (artifact id: '349e18d544245e4a081024f63923fe97') in 0.0214993 seconds
Number of updated asset objects reloaded before import = 0Number of asset objects unloaded after import = 3

========================================================================
Received Import Request.
  Time since last request: 0.000062 seconds.
  path: Assets/Projects/GravityDash/kenney_ui-pack/PNG/Extra/Default/icon_play_light.png
  artifactKey: Guid(ab67bde865c0647a3817704fc3efc988) Importer(2089858483,b0f066a214c2f5e87bad3c948f4d605d)
Start importing Assets/Projects/GravityDash/kenney_ui-pack/PNG/Extra/Default/icon_play_light.png using Guid(ab67bde865c0647a3817704fc3efc988) Importer(2089858483,b0f066a214c2f5e87bad3c948f4d605d) (ScriptedImporter) -> (artifact id: '66b941ca6294a42193019d801796d129') in 0.0188938 seconds
Number of updated asset objects reloaded before import = 0Number of asset objects unloaded after import = 3

========================================================================
Received Import Request.
  Time since last request: 0.000020 seconds.
  path: Assets/Projects/GravityDash/kenney_ui-pack/PNG/Yellow/Default/check_square_color_checkmark.png
  artifactKey: Guid(3f8193a017a234965bf98f44796e126b) Importer(2089858483,b0f066a214c2f5e87bad3c948f4d605d)
Start importing Assets/Projects/GravityDash/kenney_ui-pack/PNG/Yellow/Default/check_square_color_checkmark.png using Guid(3f8193a017a234965bf98f44796e126b) Importer(2089858483,b0f066a214c2f5e87bad3c948f4d605d) (ScriptedImporter) -> (artifact id: '61bddf862b0c86501443abcbebf4c5f6') in 0.023147 seconds
Number of updated asset objects reloaded before import = 0Number of asset objects unloaded after import = 3

========================================================================
Received Import Request.
  Time since last request: 0.000027 seconds.
  path: Assets/Projects/MegaSuperChallengeShot/Graphics/OccaSoftware/Crosshairs/Art/Textures/Crosshair_18.png
  artifactKey: Guid(11e5ab06858788e4283a67ae91eca8b5) Importer(2089858483,b0f066a214c2f5e87bad3c948f4d605d)
Start importing Assets/Projects/MegaSuperChallengeShot/Graphics/OccaSoftware/Crosshairs/Art/Textures/Crosshair_18.png using Guid(11e5ab06858788e4283a67ae91eca8b5) Importer(2089858483,b0f066a214c2f5e87bad3c948f4d605d) (ScriptedImporter) -> (artifact id: '3d6e276f4e0fd44660a626edc8f89af3') in 0.0147198 seconds
Number of updated asset objects reloaded before import = 0Number of asset objects unloaded after import = 3

========================================================================
Received Import Request.
  Time since last request: 0.000030 seconds.
  path: Assets/Projects/MegaSuperChallengeShot/Graphics/Farland Skies/Low Poly/Scripts/DotParams/MoonParam.cs
  artifactKey: Guid(da6fc1e5d789c854c872a7c5302ede98) Importer(2089858483,b0f066a214c2f5e87bad3c948f4d605d)
Start importing Assets/Projects/MegaSuperChallengeShot/Graphics/Farland Skies/Low Poly/Scripts/DotParams/MoonParam.cs using Guid(da6fc1e5d789c854c872a7c5302ede98) Importer(2089858483,b0f066a214c2f5e87bad3c948f4d605d) (ScriptedImporter) -> (artifact id: 'dd61073ac8f9c6340b01e6347a714de9') in 0.0110762 seconds
Number of updated asset objects reloaded before import = 0Number of asset objects unloaded after import = 0

========================================================================
Received Import Request.
  Time since last request: 0.000099 seconds.
  path: Assets/Projects/MegaSuperChallengeShot/Graphics/Cute_Birds(4 in 1)Mini/B4/Animations/B4_s5_0.controller
  artifactKey: Guid(bf3da979260cbbf4fb161f92802f3bc1) Importer(2089858483,b0f066a214c2f5e87bad3c948f4d605d)
Start importing Assets/Projects/MegaSuperChallengeShot/Graphics/Cute_Birds(4 in 1)Mini/B4/Animations/B4_s5_0.controller using Guid(bf3da979260cbbf4fb161f92802f3bc1) Importer(2089858483,b0f066a214c2f5e87bad3c948f4d605d) (ScriptedImporter) -> (artifact id: 'bf343bc5435564ee1fa7c89c656b8eff') in 0.0160076 seconds
Number of updated asset objects reloaded before import = 0Number of asset objects unloaded after import = 4

Editor requested this worker to shutdown with reason: Scaling down because of idle timeout
AssetImportWorker is now disconnected from the server
Process exiting
Exiting without the bug reporter. Application will terminate with return code 0