[Licensing::Module] Trying to connect to existing licensing client channel...
[Licensing::IpcConnector] Successfully connected to: "LicenseClient-Vetlik" at "2026-06-13T13:11:58.292954Z"
Built from '6000.3/staging' branch; Version is '6000.3.8f1 (1c7db571dde0) revision 1867189'; Using compiler version '194234433'; Build Type 'Release'
OS: 'Windows 11  (10.0.26200) Professional' Language: 'uk' Physical Memory: 32189 MB
BatchMode: 1, IsHumanControllingUs: 0, StartBugReporterOnCrash: 0, Is64bit: 1
System  architecture: x64
Process architecture: x64
Date: 2026-06-13T13:11:58Z

COMMAND LINE ARGUMENTS:
C:\Program Files\Unity\Hub\Editor\6000.3.8f1\Editor\Unity.exe
-adb2
-batchMode
-noUpm
-name
AssetImportWorker4
-projectPath
D:/3 курс_2 семестр_Чайковський/Крос-платформне програмування/fixed_games/lab6/labs_gamedev
-logFile
Logs/AssetImportWorker4.log
-srvPort
55765
-licensingIpc
LicenseClient-Vetlik
-job-worker-count
10
-background-job-worker-count
8
-gc-helper-count
1
-name
AssetImport
Successfully changed project path to: D:/3 курс_2 семестр_Чайковський/Крос-платформне програмування/fixed_games/lab6/labs_gamedev
D:/3 курс_2 семестр_Чайковський/Крос-платформне програмування/fixed_games/lab6/labs_gamedev
[UnityMemory] Configuration Parameters - Can be set up in boot.config
    "memorysetup-temp-allocator-size-nav-mesh-worker=65536"
    "memorysetup-temp-allocator-size-audio-worker=65536"
    "memorysetup-temp-allocator-size-gfx=262144"
    "memorysetup-allocator-temp-initial-block-size-main=262144"
    "memorysetup-allocator-temp-initial-block-size-worker=262144"
    "memorysetup-temp-allocator-size-background-worker=32768"
    "memorysetup-temp-allocator-size-job-worker=262144"
    "memorysetup-temp-allocator-size-preload-manager=33554432"
    "memorysetup-temp-allocator-size-gi-baking-worker=262144"
    "memorysetup-temp-allocator-size-gi-baking-worker=262144"
    "memorysetup-temp-allocator-size-gi-baking-worker=262144"
    "memorysetup-temp-allocator-size-gi-baking-worker=262144"
    "memorysetup-temp-allocator-size-gi-baking-worker=262144"
    "memorysetup-bucket-allocator-granularity=16"
    "memorysetup-bucket-allocator-bucket-count=8"
    "memorysetup-bucket-allocator-block-size=33554432"
    "memorysetup-bucket-allocator-block-count=8"
    "memorysetup-main-allocator-block-size=16777216"
    "memorysetup-thread-allocator-block-size=16777216"
    "memorysetup-gfx-main-allocator-block-size=16777216"
    "memorysetup-gfx-thread-allocator-block-size=16777216"
    "memorysetup-cache-allocator-block-size=4194304"
    "memorysetup-typetree-allocator-block-size=2097152"
    "memorysetup-profiler-bucket-allocator-granularity=16"
    "memorysetup-profiler-bucket-allocator-bucket-count=8"
    "memorysetup-profiler-bucket-allocator-block-size=33554432"
    "memorysetup-profiler-bucket-allocator-block-count=8"
    "memorysetup-profiler-allocator-block-size=16777216"
    "memorysetup-profiler-editor-allocator-block-size=1048576"
    "memorysetup-temp-allocator-size-main=16777216"
    "memorysetup-job-temp-allocator-block-size=2097152"
    "memorysetup-job-temp-allocator-block-size-background=1048576"
    "memorysetup-job-temp-allocator-reduction-small-platforms=262144"
    "memorysetup-temp-allocator-size-cloud-worker=32768"
Player connection [19584]  Target information:

Player connection [19584]  * "[IP] 192.168.56.1 [Port] 0 [Flags] 2 [Guid] 3217982983 [EditorId] 3217982983 [Version] 1048832 [Id] WindowsEditor(7,DESKTOP-0FQ05EC) [Debug] 1 [PackageName] WindowsEditor [ProjectName] Editor" 

Player connection [19584]  * "[IP] 172.31.64.1 [Port] 0 [Flags] 2 [Guid] 3217982983 [EditorId] 3217982983 [Version] 1048832 [Id] WindowsEditor(7,DESKTOP-0FQ05EC) [Debug] 1 [PackageName] WindowsEditor [ProjectName] Editor" 

Player connection [19584]  * "[IP] 192.168.0.110 [Port] 0 [Flags] 2 [Guid] 3217982983 [EditorId] 3217982983 [Version] 1048832 [Id] WindowsEditor(7,DESKTOP-0FQ05EC) [Debug] 1 [PackageName] WindowsEditor [ProjectName] Editor" 

Player connection [19584] Host joined multi-casting on [225.0.0.222:54997]...
Player connection [19584] Host joined alternative multi-casting on [225.0.0.222:34997]...
JobSystem: Creating JobQueue using job-worker-count value 10
Input System module state changed to: Initialized.
[Physics::Module] Initialized fallback backend.
[Physics::Module] Id: 0xdecafbad
Library Redirect Path: Library/
[Physics::Module] Selected backend.
[Physics::Module] Name: PhysX
[Physics::Module] Id: 0xf2b8ea05
[Physics::Module] SDK Version: 4.1.2
[Physics::Module] Integration Version: 1.0.0
[Physics::Module] Threading Mode: Multi-Threaded
Refreshing native plugins compatible for Editor in 13.19 ms, found 4 plugins.
Preloading 0 native plugins for Editor in 0.00 ms.
Initialize engine version: 6000.3.8f1 (1c7db571dde0)
[Subsystems] Discovering subsystems at path C:/Program Files/Unity/Hub/Editor/6000.3.8f1/Editor/Data/Resources/UnitySubsystems
[Subsystems] Discovering subsystems at path D:/3 курс_2 семестр_Чайковський/Крос-платформне програмування/fixed_games/lab6/labs_gamedev/Assets
GfxDevice: creating device client; kGfxThreadingModeNonThreaded
Direct3D:
    Version:  Direct3D 11.0 [level 11.1]
    Renderer: Intel(R) Arc(TM) Graphics (ID=0x7d55)
    Vendor:   Intel
    VRAM:     18347 MB
    Driver:   32.0.101.8132
Initialize mono
Mono path[0] = 'C:/Program Files/Unity/Hub/Editor/6000.3.8f1/Editor/Data/Managed'
Mono path[1] = 'C:/Program Files/Unity/Hub/Editor/6000.3.8f1/Editor/Data/MonoBleedingEdge/lib/mono/unityjit-win32'
Mono config path = 'C:/Program Files/Unity/Hub/Editor/6000.3.8f1/Editor/Data/MonoBleedingEdge/etc'
Using monoOptions --debugger-agent=transport=dt_socket,embedding=1,server=y,suspend=n,address=127.0.0.1:56632
Begin MonoManager ReloadAssembly
Registering precompiled unity dll's ...
Register platform support module: C:/Program Files/Unity/Hub/Editor/6000.3.8f1/Editor/Data/PlaybackEngines/WindowsStandaloneSupport/UnityEditor.WindowsStandalone.Extensions.dll
Registered in 0.004882 seconds.
- Loaded All Assemblies, in  1.133 seconds
Native extension for WindowsStandalone target not found
ScheduleIndexationOnStartup MainProcess:False IndexOnStartup:True
Mono: successfully reloaded assembly
- Finished resetting the current domain, in  0.799 seconds
Domain Reload Profiling: 1929ms
	BeginReloadAssembly (414ms)
		ExecutionOrderSort (0ms)
		DisableScriptedObjects (0ms)
		BackupInstance (0ms)
		ReleaseScriptingObjects (0ms)
		CreateAndSetChildDomain (1ms)
	RebuildCommonClasses (96ms)
	RebuildNativeTypeToScriptingClass (38ms)
	initialDomainReloadingComplete (121ms)
	LoadAllAssembliesAndSetupDomain (459ms)
		LoadAssemblies (409ms)
		RebuildTransferFunctionScriptingTraits (0ms)
		AnalyzeDomain (454ms)
			TypeCache.Refresh (449ms)
				TypeCache.ScanAssembly (419ms)
			BuildScriptInfoCaches (0ms)
			ResolveRequiredComponents (1ms)
	FinalizeReload (800ms)
		ReleaseScriptCaches (0ms)
		RebuildScriptCaches (0ms)
		SetupLoadedEditorAssemblies (696ms)
			LogAssemblyErrors (0ms)
			InitializePlatformSupportModulesInManaged (106ms)
			SetLoadedEditorAssemblies (9ms)
			BeforeProcessingInitializeOnLoad (196ms)
			ProcessInitializeOnLoadAttributes (248ms)
			ProcessInitializeOnLoadMethodAttributes (138ms)
			AfterProcessingInitializeOnLoad (0ms)
			EditorAssembliesLoaded (0ms)
		ExecutionOrderSort2 (0ms)
		AwakeInstancesAfterBackupRestoration (0ms)
========================================================================
Worker process is ready to serve import requests
Import Worker Mode flag is 0x00
[Licensing::Client] Handshaking with LicensingClient:
  Version:                 1.17.4+4293ba1
  Session Id:              9c6cdc0a4c714ab28b02f51745be133b
  Correlation Id:          04bed74e7ec85f4ac415e3263256bf27
  External correlation Id: 2916940922580225307
  Machine Id:              XF9qbCF8jYGah7fdRYj1Jhek+PE=
[Licensing::Module] Successfully connected to LicensingClient on channel: "LicenseClient-Vetlik" (connect: 0.00s, validation: 0.00s, handshake: 3.88s)
[Licensing::IpcConnector] Successfully connected to: "LicenseClient-Vetlik-notifications" at "2026-06-13T13:12:02.1724503Z"
[Licensing::Module] Licensing Background thread has ended after 3.88s
Begin MonoManager ReloadAssembly
[Licensing::Client] Successfully resolved entitlement details
[Licensing::Module] License group:
  Id: F4-6GGE-9CKT-UPYG-SP8W-XXXX
  Product: Unity Personal
  Type: ULF
  Expiration: Unlimited
[Licensing::Module] License group:
  Id: 7972560156196-UnityPersXXXX
  Product: Unity Personal
  Type: Assigned
  Expiration: Unlimited
DirectoryNotFoundException: Could not find a part of the path "D:\3 курс_2 семестр_Чайковський\Крос-платформне програмування\fixed_games\lab6\labs_gamedev\Assets\UnityAds\UnityEngine.Advertisements.Editor.dll".
  at System.IO.FileStream..ctor (System.String path, System.IO.FileMode mode, System.IO.FileAccess access, System.IO.FileShare share, System.Int32 bufferSize, System.Boolean anonymous, System.IO.FileOptions options) [0x00164] in <1eb9db207454431c84a47bcd81e79c37>:0 
  at System.IO.FileStream..ctor (System.String path, System.IO.FileMode mode, System.IO.FileAccess access, System.IO.FileShare share) [0x00000] in <1eb9db207454431c84a47bcd81e79c37>:0 
  at (wrapper remoting-invoke-with-check) System.IO.FileStream..ctor(string,System.IO.FileMode,System.IO.FileAccess,System.IO.FileShare)
  at Mono.Cecil.ModuleDefinition.GetFileStream (System.String fileName, System.IO.FileMode mode, System.IO.FileAccess access, System.IO.FileShare share) [0x00006] in <4e339395f8074c75847e518298d9c5fd>:0 
  at Mono.Cecil.ModuleDefinition.ReadModule (System.String fileName, Mono.Cecil.ReaderParameters parameters) [0x00008] in <4e339395f8074c75847e518298d9c5fd>:0 
  at Mono.Cecil.AssemblyDefinition.ReadAssembly (System.String fileName, Mono.Cecil.ReaderParameters parameters) [0x00000] in <4e339395f8074c75847e518298d9c5fd>:0 
  at UnityEditor.AssemblyValidation.LoadAssemblyDefinitions (System.String[] assemblyPaths, System.String[] searchPaths) [0x00048] in <6dd00658fb454e6fb4c06a416ab8eaa1>:0 
  at UnityEditor.AssemblyValidation.ValidateAssemblies (System.String[] assemblyPaths, System.Boolean enableLogging) [0x00007] in <6dd00658fb454e6fb4c06a416ab8eaa1>:0 

Symbol file data-0000021C324D4020 doesn't match image D:\3 курс_2 семестр_Чайковський\Крос-платформне програмування\fixed_games\lab6\labs_gamedev\Library\ScriptAssemblies\Unity.ShaderGraph.Editor.dll
Symbol file LoadedFromMemory is not a mono symbol file
Loading assembly failed: "Assets/UnityAds/UnityEngine.Advertisements.Editor.dll"
Symbol file LoadedFromMemory is not a mono symbol file
- Loaded All Assemblies, in 32.921 seconds
Failed to determine dll type for Assets/UnityAds/UnityEngine.Advertisements.Unsupported.dll
Failed to determine dll type for Assets/UnityAds/UnityEngine.Advertisements.Unsupported.dll
Failed to determine dll type for Assets/UnityAds/UnityEngine.Advertisements.Editor.dll
Failed to determine dll type for Assets/UnityAds/UnityEngine.Advertisements.Editor.dll
Failed to determine dll type for Assets/UnityAds/UnityEngine.Advertisements.iOS.dll
Failed to determine dll type for Assets/UnityAds/UnityEngine.Advertisements.iOS.dll
Failed to determine dll type for Assets/UnityAds/UnityEngine.Advertisements.Android.dll
Failed to determine dll type for Assets/UnityAds/UnityEngine.Advertisements.Android.dll
Refreshing native plugins compatible for Editor in 7.95 ms, found 4 plugins.
Native extension for WindowsStandalone target not found
Refreshing native plugins compatible for Editor in 5.13 ms, found 4 plugins.
Package Manager log level set to [2]
[Package Manager] Failed to launch server process. Reason: Unity was launched with the -noUpm command-line argument
[Package Manager] Unable to send message (not connected to server process).
[Package Manager] Cannot connect to Unity Package Manager local server
ScheduleIndexationOnStartup MainProcess:False IndexOnStartup:True
Mono: successfully reloaded assembly
- Finished resetting the current domain, in  1.404 seconds
Domain Reload Profiling: 34322ms
	BeginReloadAssembly (207ms)
		ExecutionOrderSort (0ms)
		DisableScriptedObjects (6ms)
		BackupInstance (0ms)
		ReleaseScriptingObjects (0ms)
		CreateAndSetChildDomain (36ms)
	RebuildCommonClasses (43ms)
	RebuildNativeTypeToScriptingClass (13ms)
	initialDomainReloadingComplete (45ms)
	LoadAllAssembliesAndSetupDomain (32609ms)
		LoadAssemblies (31772ms)
		RebuildTransferFunctionScriptingTraits (0ms)
		AnalyzeDomain (958ms)
			TypeCache.Refresh (613ms)
				TypeCache.ScanAssembly (572ms)
			BuildScriptInfoCaches (308ms)
			ResolveRequiredComponents (20ms)
	FinalizeReload (1404ms)
		ReleaseScriptCaches (0ms)
		RebuildScriptCaches (0ms)
		SetupLoadedEditorAssemblies (1224ms)
			LogAssemblyErrors (0ms)
			InitializePlatformSupportModulesInManaged (3ms)
			SetLoadedEditorAssemblies (11ms)
			BeforeProcessingInitializeOnLoad (335ms)
			ProcessInitializeOnLoadAttributes (619ms)
			ProcessInitializeOnLoadMethodAttributes (252ms)
			AfterProcessingInitializeOnLoad (4ms)
			EditorAssembliesLoaded (0ms)
		ExecutionOrderSort2 (0ms)
		AwakeInstancesAfterBackupRestoration (6ms)
WARNING: Shader Unsupported: 'Hidden/Universal Render Pipeline/Terrain/Lit (Base Pass)' - All subshaders removed
WARNING: Shader Did you use #pragma only_renderers and omit this platform?
WARNING: Shader If subshaders removal was intentional, you may have forgotten turning Fallback off?
WARNING: Shader Unsupported: 'Hidden/Universal Render Pipeline/Terrain/Lit (Base Pass)' - All subshaders removed
WARNING: Shader Did you use #pragma only_renderers and omit this platform?
WARNING: Shader If subshaders removal was intentional, you may have forgotten turning Fallback off?
WARNING: Shader Unsupported: 'Universal Render Pipeline/Terrain/Lit' - All subshaders removed
WARNING: Shader Did you use #pragma only_renderers and omit this platform?
WARNING: Shader If subshaders removal was intentional, you may have forgotten turning Fallback off?
WARNING: Shader Unsupported: 'Universal Render Pipeline/Terrain/Lit' - All subshaders removed
WARNING: Shader Did you use #pragma only_renderers and omit this platform?
WARNING: Shader If subshaders removal was intentional, you may have forgotten turning Fallback off?
Launched and connected shader compiler UnityShaderCompiler.exe after 0.02 seconds
Refreshing native plugins compatible for Editor in 6.34 ms, found 4 plugins.
Preloading 0 native plugins for Editor in 0.00 ms.
Unloading 45 Unused Serialized files (Serialized files now loaded: 0)
Unloading 8175 unused Assets / (6.2 MB). Loaded Objects now: 8800.
Memory consumption went from 161.7 MB to 155.5 MB.
Total: 21.833800 ms (FindLiveObjects: 1.767900 ms CreateObjectMapping: 0.813300 ms MarkObjects: 15.298200 ms  DeleteObjects: 3.952400 ms)

========================================================================
Received Prepare
WARNING: Shader Unsupported: 'Hidden/Universal Render Pipeline/Terrain/Lit (Base Pass)' - All subshaders removed
WARNING: Shader Did you use #pragma only_renderers and omit this platform?
WARNING: Shader If subshaders removal was intentional, you may have forgotten turning Fallback off?
WARNING: Shader Unsupported: 'Hidden/Universal Render Pipeline/Terrain/Lit (Base Pass)' - All subshaders removed
WARNING: Shader Did you use #pragma only_renderers and omit this platform?
WARNING: Shader If subshaders removal was intentional, you may have forgotten turning Fallback off?
WARNING: Shader Unsupported: 'Universal Render Pipeline/Terrain/Lit' - All subshaders removed
WARNING: Shader Did you use #pragma only_renderers and omit this platform?
WARNING: Shader If subshaders removal was intentional, you may have forgotten turning Fallback off?
WARNING: Shader Unsupported: 'Universal Render Pipeline/Terrain/Lit' - All subshaders removed
WARNING: Shader Did you use #pragma only_renderers and omit this platform?
WARNING: Shader If subshaders removal was intentional, you may have forgotten turning Fallback off?
Refreshing native plugins compatible for Editor in 5.46 ms, found 4 plugins.
Preloading 0 native plugins for Editor in 0.00 ms.
Unloading 45 Unused Serialized files (Serialized files now loaded: 0)
Unloading 8129 unused Assets / (6.3 MB). Loaded Objects now: 8800.
Memory consumption went from 158.5 MB to 152.2 MB.
Total: 19.738600 ms (FindLiveObjects: 0.911300 ms CreateObjectMapping: 1.706100 ms MarkObjects: 12.874500 ms  DeleteObjects: 4.244400 ms)

Prepare: number of updated asset objects reloaded= 0
========================================================================
Received Import Request.
  Time since last request: 262065.086986 seconds.
  path: Assets/Projects/GravityDash/kenney_ui-pack/Vector/Yellow/icon_outline_square.svg
  artifactKey: Guid(94616ec7e53b042b4843d4b13d9fa02c) Importer(2089858483,b0f066a214c2f5e87bad3c948f4d605d)
Start importing Assets/Projects/GravityDash/kenney_ui-pack/Vector/Yellow/icon_outline_square.svg using Guid(94616ec7e53b042b4843d4b13d9fa02c) Importer(2089858483,b0f066a214c2f5e87bad3c948f4d605d) (ScriptedImporter) -> (artifact id: '2e3646c10f92032eec543aa9151a41e6') in 0.1370852 seconds
Number of updated asset objects reloaded before import = 0Number of asset objects unloaded after import = 1

========================================================================
Received Import Request.
  Time since last request: 0.000024 seconds.
  path: Assets/Sprites/Cainos/Pixel Art Platformer - Village Props/Tileset Palette/TP Ground/TX Tileset Ground_115.asset
  artifactKey: Guid(6e364f0b28336ea42813b955064b593d) Importer(2089858483,b0f066a214c2f5e87bad3c948f4d605d)
Start importing Assets/Sprites/Cainos/Pixel Art Platformer - Village Props/Tileset Palette/TP Ground/TX Tileset Ground_115.asset using Guid(6e364f0b28336ea42813b955064b593d) Importer(2089858483,b0f066a214c2f5e87bad3c948f4d605d) (ScriptedImporter) -> (artifact id: 'c671051be6d936001036bd3636474d0f') in 0.0436245 seconds
Number of updated asset objects reloaded before import = 0Number of asset objects unloaded after import = 2

========================================================================
Received Import Request.
  Time since last request: 0.000034 seconds.
  path: Assets/Projects/GravityDash/kenney_ui-pack/Vector/Yellow/arrow_decorative_n.svg
  artifactKey: Guid(112a5a2e4fd72481c9c45b8b858c3287) Importer(2089858483,b0f066a214c2f5e87bad3c948f4d605d)
Start importing Assets/Projects/GravityDash/kenney_ui-pack/Vector/Yellow/arrow_decorative_n.svg using Guid(112a5a2e4fd72481c9c45b8b858c3287) Importer(2089858483,b0f066a214c2f5e87bad3c948f4d605d) (ScriptedImporter) -> (artifact id: 'd77a72c75a8cdd6ea03aa688799389e7') in 0.0268579 seconds
Number of updated asset objects reloaded before import = 0Number of asset objects unloaded after import = 1

========================================================================
Received Import Request.
  Time since last request: 0.000051 seconds.
  path: Assets/Projects/GravityDash/kenney_ui-pack/Vector/Yellow/slide_horizontal_grey_section_wide.svg
  artifactKey: Guid(3df89b82c03574b3b84a4a03d3f9fd92) Importer(2089858483,b0f066a214c2f5e87bad3c948f4d605d)
Start importing Assets/Projects/GravityDash/kenney_ui-pack/Vector/Yellow/slide_horizontal_grey_section_wide.svg using Guid(3df89b82c03574b3b84a4a03d3f9fd92) Importer(2089858483,b0f066a214c2f5e87bad3c948f4d605d) (ScriptedImporter) -> (artifact id: 'b541c7415e7f420d7ca3da3a1392acf3') in 0.0292949 seconds
Number of updated asset objects reloaded before import = 0Number of asset objects unloaded after import = 1

========================================================================
Received Import Request.
  Time since last request: 0.000069 seconds.
  path: Assets/Projects/GravityDash/kenney_ui-pack/Vector/Yellow/check_square_grey.svg
  artifactKey: Guid(ab50a840ff3f645e7a0cafa4d3103e61) Importer(2089858483,b0f066a214c2f5e87bad3c948f4d605d)
Start importing Assets/Projects/GravityDash/kenney_ui-pack/Vector/Yellow/check_square_grey.svg using Guid(ab50a840ff3f645e7a0cafa4d3103e61) Importer(2089858483,b0f066a214c2f5e87bad3c948f4d605d) (ScriptedImporter) -> (artifact id: 'c9fd957cc685ef09fa9b3fd0afcbcf52') in 0.0249105 seconds
Number of updated asset objects reloaded before import = 0Number of asset objects unloaded after import = 1

========================================================================
Received Import Request.
  Time since last request: 0.000083 seconds.
  path: Assets/Sprites/Cainos/Pixel Art Platformer - Village Props/Tileset Palette/TP Ground/TX Tileset Ground_36.asset
  artifactKey: Guid(c03d45905315e534092151f3dee26356) Importer(2089858483,b0f066a214c2f5e87bad3c948f4d605d)
Start importing Assets/Sprites/Cainos/Pixel Art Platformer - Village Props/Tileset Palette/TP Ground/TX Tileset Ground_36.asset using Guid(c03d45905315e534092151f3dee26356) Importer(2089858483,b0f066a214c2f5e87bad3c948f4d605d) (ScriptedImporter) -> (artifact id: 'fc97c36a3124a46f75a6ed7e0b878bbc') in 0.0261324 seconds
Number of updated asset objects reloaded before import = 0Number of asset objects unloaded after import = 2

========================================================================
Received Import Request.
  Time since last request: 0.000058 seconds.
  path: Assets/Sprites/Cainos/Pixel Art Platformer - Village Props/Tileset Palette/TP Ground/TX Tileset Ground_10.asset
  artifactKey: Guid(8c0583c4997af29459616893182f1c61) Importer(2089858483,b0f066a214c2f5e87bad3c948f4d605d)
Start importing Assets/Sprites/Cainos/Pixel Art Platformer - Village Props/Tileset Palette/TP Ground/TX Tileset Ground_10.asset using Guid(8c0583c4997af29459616893182f1c61) Importer(2089858483,b0f066a214c2f5e87bad3c948f4d605d) (ScriptedImporter) -> (artifact id: '26cb58a6aea7edabfb3ac3348c3d1bdf') in 0.0279366 seconds
Number of updated asset objects reloaded before import = 0Number of asset objects unloaded after import = 2

========================================================================
Received Import Request.
  Time since last request: 0.000023 seconds.
  path: Assets/Sprites/Cainos/Pixel Art Platformer - Village Props/Tileset Palette/TP Ground/TX Tileset Ground_154.asset
  artifactKey: Guid(fe0118b3577988f43b9becf37509efa8) Importer(2089858483,b0f066a214c2f5e87bad3c948f4d605d)
Start importing Assets/Sprites/Cainos/Pixel Art Platformer - Village Props/Tileset Palette/TP Ground/TX Tileset Ground_154.asset using Guid(fe0118b3577988f43b9becf37509efa8) Importer(2089858483,b0f066a214c2f5e87bad3c948f4d605d) (ScriptedImporter) -> (artifact id: '7468000131325e2e94225d4d84ef39ef') in 0.0299243 seconds
Number of updated asset objects reloaded before import = 0Number of asset objects unloaded after import = 2

========================================================================
Received Import Request.
  Time since last request: 0.000023 seconds.
  path: Assets/Sprites/Cainos/Pixel Art Platformer - Village Props/Animation/Chest Wooden/AM Chest Wooden - Closed.anim
  artifactKey: Guid(6200b15041085524eb4bb831eebbb9ed) Importer(2089858483,b0f066a214c2f5e87bad3c948f4d605d)
Start importing Assets/Sprites/Cainos/Pixel Art Platformer - Village Props/Animation/Chest Wooden/AM Chest Wooden - Closed.anim using Guid(6200b15041085524eb4bb831eebbb9ed) Importer(2089858483,b0f066a214c2f5e87bad3c948f4d605d) (ScriptedImporter) -> (artifact id: 'bfd48236bc0b73f293f94bf68fae54d8') in 0.0376351 seconds
Number of updated asset objects reloaded before import = 0Number of asset objects unloaded after import = 1

========================================================================
Received Import Request.
  Time since last request: 0.000085 seconds.
  path: Assets/Projects/GravityDash/kenney_ui-pack/Vector/Red/slide_vertical_grey_section.svg
  artifactKey: Guid(9230d784474e142189cb7c40c0eca2c2) Importer(2089858483,b0f066a214c2f5e87bad3c948f4d605d)
Start importing Assets/Projects/GravityDash/kenney_ui-pack/Vector/Red/slide_vertical_grey_section.svg using Guid(9230d784474e142189cb7c40c0eca2c2) Importer(2089858483,b0f066a214c2f5e87bad3c948f4d605d) (ScriptedImporter) -> (artifact id: '404be9b0a04feb54419398ef2fb0d834') in 0.0283077 seconds
Number of updated asset objects reloaded before import = 0Number of asset objects unloaded after import = 1

========================================================================
Received Import Request.
  Time since last request: 0.000074 seconds.
  path: Assets/Sprites/Cainos/Pixel Art Platformer - Village Props/Tileset Palette/TP Ground/TX Tileset Ground_39.asset
  artifactKey: Guid(f5538472cb4277543954ce71eed32c04) Importer(2089858483,b0f066a214c2f5e87bad3c948f4d605d)
Start importing Assets/Sprites/Cainos/Pixel Art Platformer - Village Props/Tileset Palette/TP Ground/TX Tileset Ground_39.asset using Guid(f5538472cb4277543954ce71eed32c04) Importer(2089858483,b0f066a214c2f5e87bad3c948f4d605d) (ScriptedImporter) -> (artifact id: 'cd0f10f07900cd1bd01a3a7ed66bf6ef') in 0.0273957 seconds
Number of updated asset objects reloaded before import = 0Number of asset objects unloaded after import = 2

========================================================================
Received Import Request.
  Time since last request: 0.000023 seconds.
  path: Assets/Projects/GravityDash/kenney_ui-pack/Vector/Red/icon_cross.svg
  artifactKey: Guid(8340c88788c5b42cbbda0570cf22f6ab) Importer(2089858483,b0f066a214c2f5e87bad3c948f4d605d)
Start importing Assets/Projects/GravityDash/kenney_ui-pack/Vector/Red/icon_cross.svg using Guid(8340c88788c5b42cbbda0570cf22f6ab) Importer(2089858483,b0f066a214c2f5e87bad3c948f4d605d) (ScriptedImporter) -> (artifact id: '4abc3d0688bb6b2b49224dbcad3a2e97') in 0.0265393 seconds
Number of updated asset objects reloaded before import = 0Number of asset objects unloaded after import = 1

========================================================================
Received Import Request.
  Time since last request: 0.000049 seconds.
  path: Assets/Sprites/Cainos/Pixel Art Platformer - Village Props/Tileset Palette/TP Ground/TX Tileset Ground_30.asset
  artifactKey: Guid(36df7a307fa03dd4e947b2d5a8996ee0) Importer(2089858483,b0f066a214c2f5e87bad3c948f4d605d)
Start importing Assets/Sprites/Cainos/Pixel Art Platformer - Village Props/Tileset Palette/TP Ground/TX Tileset Ground_30.asset using Guid(36df7a307fa03dd4e947b2d5a8996ee0) Importer(2089858483,b0f066a214c2f5e87bad3c948f4d605d) (ScriptedImporter) -> (artifact id: 'eec6fb18b0ec7aac3b5e15978895ab03') in 0.0420275 seconds
Number of updated asset objects reloaded before import = 0Number of asset objects unloaded after import = 2

========================================================================
Received Import Request.
  Time since last request: 0.000025 seconds.
  path: Assets/Projects/GravityDash/kenney_ui-pack/Vector/Yellow/button_rectangle_depth_gloss.svg
  artifactKey: Guid(918a8983f1c084014ac79649a0fe12d4) Importer(2089858483,b0f066a214c2f5e87bad3c948f4d605d)
Start importing Assets/Projects/GravityDash/kenney_ui-pack/Vector/Yellow/button_rectangle_depth_gloss.svg using Guid(918a8983f1c084014ac79649a0fe12d4) Importer(2089858483,b0f066a214c2f5e87bad3c948f4d605d) (ScriptedImporter) -> (artifact id: 'b0df698ae63a151250bb039ace07093e') in 0.0246241 seconds
Number of updated asset objects reloaded before import = 0Number of asset objects unloaded after import = 1

========================================================================
Received Import Request.
  Time since last request: 0.000121 seconds.
  path: Assets/Sprites/Cainos/Pixel Art Platformer - Village Props/Tileset Palette/TP Ground/TX Tileset Ground_146.asset
  artifactKey: Guid(16637d8c65410994097d5d787c1fd19c) Importer(2089858483,b0f066a214c2f5e87bad3c948f4d605d)
Start importing Assets/Sprites/Cainos/Pixel Art Platformer - Village Props/Tileset Palette/TP Ground/TX Tileset Ground_146.asset using Guid(16637d8c65410994097d5d787c1fd19c) Importer(2089858483,b0f066a214c2f5e87bad3c948f4d605d) (ScriptedImporter) -> (artifact id: '51ab3fbc6bbc1216ed5727836dcb64d3') in 0.0249023 seconds
Number of updated asset objects reloaded before import = 0Number of asset objects unloaded after import = 2

========================================================================
Received Import Request.
  Time since last request: 0.000025 seconds.
  path: Assets/Music/240776__f4ngy__card-flip.wav
  artifactKey: Guid(6c5b6f0bb941d3d4e8db04422be673a3) Importer(815301076,1909f56bfc062723c751e8b465ee728b)
Start importing Assets/Music/240776__f4ngy__card-flip.wav using Guid(6c5b6f0bb941d3d4e8db04422be673a3) Importer(815301076,1909f56bfc062723c751e8b465ee728b) (PreviewImporter) -> (artifact id: '273ac342d9aeb33f218a14be4b4f5216') in 0.1119687 seconds
Number of updated asset objects reloaded before import = 0Number of asset objects unloaded after import = 2

========================================================================
Received Import Request.
  Time since last request: 0.000044 seconds.
  path: Assets/Projects/GravityDash/kenney_ui-pack/Vector/Red/slide_horizontal_grey_section.svg
  artifactKey: Guid(952008f5840534e51b14fb77a6a1b708) Importer(2089858483,b0f066a214c2f5e87bad3c948f4d605d)
Start importing Assets/Projects/GravityDash/kenney_ui-pack/Vector/Red/slide_horizontal_grey_section.svg using Guid(952008f5840534e51b14fb77a6a1b708) Importer(2089858483,b0f066a214c2f5e87bad3c948f4d605d) (ScriptedImporter) -> (artifact id: '9cb06c9071e4f6d82cf529401b59ee11') in 0.0288093 seconds
Number of updated asset objects reloaded before import = 0Number of asset objects unloaded after import = 1

========================================================================
Received Import Request.
  Time since last request: 0.000100 seconds.
  path: Assets/Sprites/Cainos/Pixel Art Platformer - Village Props/Tileset Palette/TP Ground/TX Tileset Ground_20.asset
  artifactKey: Guid(3b6a4513fd7fe3d4f86ed6eb63487143) Importer(2089858483,b0f066a214c2f5e87bad3c948f4d605d)
Start importing Assets/Sprites/Cainos/Pixel Art Platformer - Village Props/Tileset Palette/TP Ground/TX Tileset Ground_20.asset using Guid(3b6a4513fd7fe3d4f86ed6eb63487143) Importer(2089858483,b0f066a214c2f5e87bad3c948f4d605d) (ScriptedImporter) -> (artifact id: 'c5989269b18aa64b68cf139c39c694fd') in 0.0303283 seconds
Number of updated asset objects reloaded before import = 0Number of asset objects unloaded after import = 2

========================================================================
Received Import Request.
  Time since last request: 0.000036 seconds.
  path: Assets/Sprites/Cainos/Pixel Art Platformer - Village Props/Tileset Palette/TP Ground/TX Tileset Ground_114.asset
  artifactKey: Guid(319525b28c1ee774da735b06d4820b8e) Importer(2089858483,b0f066a214c2f5e87bad3c948f4d605d)
Start importing Assets/Sprites/Cainos/Pixel Art Platformer - Village Props/Tileset Palette/TP Ground/TX Tileset Ground_114.asset using Guid(319525b28c1ee774da735b06d4820b8e) Importer(2089858483,b0f066a214c2f5e87bad3c948f4d605d) (ScriptedImporter) -> (artifact id: '9d15e81741f646e2cf33239952fa0a8c') in 0.0285348 seconds
Number of updated asset objects reloaded before import = 0Number of asset objects unloaded after import = 2

========================================================================
Received Import Request.
  Time since last request: 0.000032 seconds.
  path: Assets/Projects/GravityDash/kenney_ui-pack/Vector/Yellow/slide_horizontal_grey_section.svg
  artifactKey: Guid(8f33ca418c36c443c86b8aef77c7d6c0) Importer(2089858483,b0f066a214c2f5e87bad3c948f4d605d)
Start importing Assets/Projects/GravityDash/kenney_ui-pack/Vector/Yellow/slide_horizontal_grey_section.svg using Guid(8f33ca418c36c443c86b8aef77c7d6c0) Importer(2089858483,b0f066a214c2f5e87bad3c948f4d605d) (ScriptedImporter) -> (artifact id: '45696963f88b69a9d4f4249e3a612e83') in 0.0173819 seconds
Number of updated asset objects reloaded before import = 0Number of asset objects unloaded after import = 1

========================================================================
Received Import Request.
  Time since last request: 0.000093 seconds.
  path: Assets/Projects/GravityDash/kenney_ui-pack/Vector/Red/check_round_grey.svg
  artifactKey: Guid(8c761f5a358e442bcb9d13db8077f1c3) Importer(2089858483,b0f066a214c2f5e87bad3c948f4d605d)
Start importing Assets/Projects/GravityDash/kenney_ui-pack/Vector/Red/check_round_grey.svg using Guid(8c761f5a358e442bcb9d13db8077f1c3) Importer(2089858483,b0f066a214c2f5e87bad3c948f4d605d) (ScriptedImporter) -> (artifact id: 'a52a4682a90573197549f8f74ad2a2bb') in 0.0156869 seconds
Number of updated asset objects reloaded before import = 0Number of asset objects unloaded after import = 1

========================================================================
Received Import Request.
  Time since last request: 0.000059 seconds.
  path: Assets/Sprites/Cainos/Pixel Art Platformer - Village Props/Animation/Chest Wooden/AM Chest Wooden - Close.anim
  artifactKey: Guid(6e3b71f7d1ef74943b7162bb9b8f89e1) Importer(2089858483,b0f066a214c2f5e87bad3c948f4d605d)
Start importing Assets/Sprites/Cainos/Pixel Art Platformer - Village Props/Animation/Chest Wooden/AM Chest Wooden - Close.anim using Guid(6e3b71f7d1ef74943b7162bb9b8f89e1) Importer(2089858483,b0f066a214c2f5e87bad3c948f4d605d) (ScriptedImporter) -> (artifact id: '92752c1575614818ae3bf63db6f8aaf8') in 0.0289788 seconds
Number of updated asset objects reloaded before import = 0Number of asset objects unloaded after import = 1

========================================================================
Received Import Request.
  Time since last request: 0.000238 seconds.
  path: Assets/Music/Default.mp3
  artifactKey: Guid(2c06a4ae7160f5949970dfa845ddbf1e) Importer(815301076,1909f56bfc062723c751e8b465ee728b)
Start importing Assets/Music/Default.mp3 using Guid(2c06a4ae7160f5949970dfa845ddbf1e) Importer(815301076,1909f56bfc062723c751e8b465ee728b) (PreviewImporter) -> (artifact id: '0c5933ebf90a2182eebaccb443a6d243') in 0.4297165 seconds
Number of updated asset objects reloaded before import = 0Number of asset objects unloaded after import = 2

========================================================================
Received Import Request.
  Time since last request: 0.000029 seconds.
  path: Assets/Sprites/Cainos/Pixel Art Platformer - Village Props/Tileset Palette/TP Ground/TX Tileset Ground_129.asset
  artifactKey: Guid(e1c286eb85795ea4bb28552652a6337e) Importer(2089858483,b0f066a214c2f5e87bad3c948f4d605d)
Start importing Assets/Sprites/Cainos/Pixel Art Platformer - Village Props/Tileset Palette/TP Ground/TX Tileset Ground_129.asset using Guid(e1c286eb85795ea4bb28552652a6337e) Importer(2089858483,b0f066a214c2f5e87bad3c948f4d605d) (ScriptedImporter) -> (artifact id: '8f16e92a2e0e846b189e55184e9796e5') in 0.0318159 seconds
Number of updated asset objects reloaded before import = 0Number of asset objects unloaded after import = 2

========================================================================
Received Import Request.
  Time since last request: 0.000085 seconds.
  path: Assets/Sprites/Cainos/Pixel Art Platformer - Village Props/Tileset Palette/TP Ground/TX Tileset Ground_124.asset
  artifactKey: Guid(4d078929644baef49866a25156dbc4de) Importer(2089858483,b0f066a214c2f5e87bad3c948f4d605d)
Start importing Assets/Sprites/Cainos/Pixel Art Platformer - Village Props/Tileset Palette/TP Ground/TX Tileset Ground_124.asset using Guid(4d078929644baef49866a25156dbc4de) Importer(2089858483,b0f066a214c2f5e87bad3c948f4d605d) (ScriptedImporter) -> (artifact id: '3efc8b9bccf92d520d4a5a4858d6b6a4') in 0.028259 seconds
Number of updated asset objects reloaded before import = 0Number of asset objects unloaded after import = 2

========================================================================
Received Import Request.
  Time since last request: 0.000019 seconds.
  path: Assets/Projects/GravityDash/kenney_ui-pack/Vector/Yellow/check_square_grey_checkmark.svg
  artifactKey: Guid(b38b93a4e61414dfeaa86bfa466f704d) Importer(2089858483,b0f066a214c2f5e87bad3c948f4d605d)
Start importing Assets/Projects/GravityDash/kenney_ui-pack/Vector/Yellow/check_square_grey_checkmark.svg using Guid(b38b93a4e61414dfeaa86bfa466f704d) Importer(2089858483,b0f066a214c2f5e87bad3c948f4d605d) (ScriptedImporter) -> (artifact id: 'f7ddb358a3fcbeb51030bf30fdbc0316') in 0.028673 seconds
Number of updated asset objects reloaded before import = 0Number of asset objects unloaded after import = 1

========================================================================
Received Import Request.
  Time since last request: 0.000061 seconds.
  path: Assets/Sprites/Cainos/Pixel Art Platformer - Village Props/Tileset Palette/TP Ground/TX Tileset Ground_96.asset
  artifactKey: Guid(2cfcb4859b7ca3e4ea80a318e3668302) Importer(2089858483,b0f066a214c2f5e87bad3c948f4d605d)
Start importing Assets/Sprites/Cainos/Pixel Art Platformer - Village Props/Tileset Palette/TP Ground/TX Tileset Ground_96.asset using Guid(2cfcb4859b7ca3e4ea80a318e3668302) Importer(2089858483,b0f066a214c2f5e87bad3c948f4d605d) (ScriptedImporter) -> (artifact id: '581e77dd4889671672f783c2cf842a99') in 0.0317271 seconds
Number of updated asset objects reloaded before import = 0Number of asset objects unloaded after import = 2

========================================================================
Received Import Request.
  Time since last request: 0.000027 seconds.
  path: Assets/Sprites/Cainos/Pixel Art Platformer - Village Props/Tileset Palette/TP Ground/TX Tileset Ground_69.asset
  artifactKey: Guid(973bb312b44cb3b40991709a6d83a2b6) Importer(2089858483,b0f066a214c2f5e87bad3c948f4d605d)
Start importing Assets/Sprites/Cainos/Pixel Art Platformer - Village Props/Tileset Palette/TP Ground/TX Tileset Ground_69.asset using Guid(973bb312b44cb3b40991709a6d83a2b6) Importer(2089858483,b0f066a214c2f5e87bad3c948f4d605d) (ScriptedImporter) -> (artifact id: '132ce1620064b1b14ffbf6ad8dce7824') in 0.0279398 seconds
Number of updated asset objects reloaded before import = 0Number of asset objects unloaded after import = 2

========================================================================
Received Import Request.
  Time since last request: 0.000023 seconds.
  path: Assets/Sprites/Cainos/Third Party/Lucid Editor/Editor/SerializeReferenceDropdown.cs
  artifactKey: Guid(f22e9c83330894a79a03fa7342c23c14) Importer(2089858483,b0f066a214c2f5e87bad3c948f4d605d)
Start importing Assets/Sprites/Cainos/Third Party/Lucid Editor/Editor/SerializeReferenceDropdown.cs using Guid(f22e9c83330894a79a03fa7342c23c14) Importer(2089858483,b0f066a214c2f5e87bad3c948f4d605d) (ScriptedImporter) -> (artifact id: 'b9b9ae42f9bd7d028c5a944101369067') in 0.021572 seconds
Number of updated asset objects reloaded before import = 0Number of asset objects unloaded after import = 0

========================================================================
Received Import Request.
  Time since last request: 0.000225 seconds.
  path: Assets/Sprites/Cainos/Pixel Art Platformer - Village Props/Tileset Palette/TP Ground/TX Tileset Ground_78.asset
  artifactKey: Guid(e659f5ac918b91446933ea487e9a561a) Importer(2089858483,b0f066a214c2f5e87bad3c948f4d605d)
Start importing Assets/Sprites/Cainos/Pixel Art Platformer - Village Props/Tileset Palette/TP Ground/TX Tileset Ground_78.asset using Guid(e659f5ac918b91446933ea487e9a561a) Importer(2089858483,b0f066a214c2f5e87bad3c948f4d605d) (ScriptedImporter) -> (artifact id: '61abe008815ddb44947a5e64d07b4897') in 0.03027 seconds
Number of updated asset objects reloaded before import = 0Number of asset objects unloaded after import = 2

========================================================================
Received Import Request.
  Time since last request: 0.000027 seconds.
  path: Assets/Sprites/Cainos/Pixel Art Platformer - Village Props/Tileset Palette/TP Ground/TX Tileset Ground_97.asset
  artifactKey: Guid(9816bb40723c3f841bdabcacc439eecf) Importer(2089858483,b0f066a214c2f5e87bad3c948f4d605d)
Start importing Assets/Sprites/Cainos/Pixel Art Platformer - Village Props/Tileset Palette/TP Ground/TX Tileset Ground_97.asset using Guid(9816bb40723c3f841bdabcacc439eecf) Importer(2089858483,b0f066a214c2f5e87bad3c948f4d605d) (ScriptedImporter) -> (artifact id: '290e1c51265e27584c6f371d7057b5eb') in 0.0293205 seconds
Number of updated asset objects reloaded before import = 0Number of asset objects unloaded after import = 2

========================================================================
Received Import Request.
  Time since last request: 0.000075 seconds.
  path: Assets/Projects/GravityDash/kenney_new-platformer-pack-1.1/Sprites/Characters/Default/character_beige_idle.png
  artifactKey: Guid(e5bdaeac48fed4c48a328d9d1b2bb57a) Importer(2089858483,b0f066a214c2f5e87bad3c948f4d605d)
Start importing Assets/Projects/GravityDash/kenney_new-platformer-pack-1.1/Sprites/Characters/Default/character_beige_idle.png using Guid(e5bdaeac48fed4c48a328d9d1b2bb57a) Importer(2089858483,b0f066a214c2f5e87bad3c948f4d605d) (ScriptedImporter) -> (artifact id: '99408d618c40b2d69957652e61ecb7c0') in 0.0715192 seconds
Number of updated asset objects reloaded before import = 0Number of asset objects unloaded after import = 3

========================================================================
Received Import Request.
  Time since last request: 0.000029 seconds.
  path: Assets/Projects/GravityDash/kenney_new-platformer-pack-1.1/Sprites/Characters/Default/character_pink_climb_b.png
  artifactKey: Guid(5f30f42facab04a9695d61f41402b2e9) Importer(2089858483,b0f066a214c2f5e87bad3c948f4d605d)
Start importing Assets/Projects/GravityDash/kenney_new-platformer-pack-1.1/Sprites/Characters/Default/character_pink_climb_b.png using Guid(5f30f42facab04a9695d61f41402b2e9) Importer(2089858483,b0f066a214c2f5e87bad3c948f4d605d) (ScriptedImporter) -> (artifact id: '88a2c763f74de3faa76f7f91c911ed4f') in 0.0334192 seconds
Number of updated asset objects reloaded before import = 0Number of asset objects unloaded after import = 3

========================================================================
Received Import Request.
  Time since last request: 0.000034 seconds.
  path: Assets/Projects/GravityDash/kenney_new-platformer-pack-1.1/Sprites/Characters/Default/character_purple_front.png
  artifactKey: Guid(46f42edd9e6a44aa583ad638586e62da) Importer(2089858483,b0f066a214c2f5e87bad3c948f4d605d)
Start importing Assets/Projects/GravityDash/kenney_new-platformer-pack-1.1/Sprites/Characters/Default/character_purple_front.png using Guid(46f42edd9e6a44aa583ad638586e62da) Importer(2089858483,b0f066a214c2f5e87bad3c948f4d605d) (ScriptedImporter) -> (artifact id: 'e47ea483a2a0d1218d92bbe65dc0c37d') in 0.0327046 seconds
Number of updated asset objects reloaded before import = 0Number of asset objects unloaded after import = 3

========================================================================
Received Import Request.
  Time since last request: 0.000023 seconds.
  path: Assets/Sprites/Cainos/Pixel Art Platformer - Village Props/Tileset Palette/TP Ground/TX Tileset Ground_87.asset
  artifactKey: Guid(1b618c5d45d3b00418d45e0c3745ec6b) Importer(2089858483,b0f066a214c2f5e87bad3c948f4d605d)
Start importing Assets/Sprites/Cainos/Pixel Art Platformer - Village Props/Tileset Palette/TP Ground/TX Tileset Ground_87.asset using Guid(1b618c5d45d3b00418d45e0c3745ec6b) Importer(2089858483,b0f066a214c2f5e87bad3c948f4d605d) (ScriptedImporter) -> (artifact id: 'dc32f0bf46f08ae98bad684d4e810213') in 0.0268957 seconds
Number of updated asset objects reloaded before import = 0Number of asset objects unloaded after import = 2

========================================================================
Received Import Request.
  Time since last request: 0.000037 seconds.
  path: Assets/Projects/GravityDash/kenney_new-platformer-pack-1.1/Sprites/Characters/Double/character_beige_walk_b.png
  artifactKey: Guid(dddef485be76943a0923078f90fe26c0) Importer(2089858483,b0f066a214c2f5e87bad3c948f4d605d)
Start importing Assets/Projects/GravityDash/kenney_new-platformer-pack-1.1/Sprites/Characters/Double/character_beige_walk_b.png using Guid(dddef485be76943a0923078f90fe26c0) Importer(2089858483,b0f066a214c2f5e87bad3c948f4d605d) (ScriptedImporter) -> (artifact id: 'bc48fc6439d85aeefa4da52c432a7a13') in 0.0317631 seconds
Number of updated asset objects reloaded before import = 0Number of asset objects unloaded after import = 3

========================================================================
Received Import Request.
  Time since last request: 0.000028 seconds.
  path: Assets/Projects/GravityDash/kenney_new-platformer-pack-1.1/Sprites/Characters/Default/character_beige_walk_b.png
  artifactKey: Guid(0bdcbe244842743068327062ccbc6127) Importer(2089858483,b0f066a214c2f5e87bad3c948f4d605d)
Start importing Assets/Projects/GravityDash/kenney_new-platformer-pack-1.1/Sprites/Characters/Default/character_beige_walk_b.png using Guid(0bdcbe244842743068327062ccbc6127) Importer(2089858483,b0f066a214c2f5e87bad3c948f4d605d) (ScriptedImporter) -> (artifact id: '3fe875ab68d562660e7346a932566f18') in 0.0298729 seconds
Number of updated asset objects reloaded before import = 0Number of asset objects unloaded after import = 3

========================================================================
Received Import Request.
  Time since last request: 0.000053 seconds.
  path: Assets/Sprites/Cainos/Pixel Art Platformer - Village Props/Tileset Palette/TP Ground/TX Tileset Ground_77.asset
  artifactKey: Guid(c006b76be1b27bc43baa1665f061bebf) Importer(2089858483,b0f066a214c2f5e87bad3c948f4d605d)
Start importing Assets/Sprites/Cainos/Pixel Art Platformer - Village Props/Tileset Palette/TP Ground/TX Tileset Ground_77.asset using Guid(c006b76be1b27bc43baa1665f061bebf) Importer(2089858483,b0f066a214c2f5e87bad3c948f4d605d) (ScriptedImporter) -> (artifact id: 'bbf4d7e0210f3fdbf9fcef8088a00691') in 0.0329715 seconds
Number of updated asset objects reloaded before import = 0Number of asset objects unloaded after import = 2

========================================================================
Received Import Request.
  Time since last request: 0.000027 seconds.
  path: Assets/Projects/GravityDash/kenney_new-platformer-pack-1.1/Sprites/Characters/Default/character_purple_duck.png
  artifactKey: Guid(0810b6b0feabf4d109aba6c98105c720) Importer(2089858483,b0f066a214c2f5e87bad3c948f4d605d)
Start importing Assets/Projects/GravityDash/kenney_new-platformer-pack-1.1/Sprites/Characters/Default/character_purple_duck.png using Guid(0810b6b0feabf4d109aba6c98105c720) Importer(2089858483,b0f066a214c2f5e87bad3c948f4d605d) (ScriptedImporter) -> (artifact id: '52e3573912b9f3352a1f82a3a730717c') in 0.0293559 seconds
Number of updated asset objects reloaded before import = 0Number of asset objects unloaded after import = 3

========================================================================
Received Import Request.
  Time since last request: 0.000021 seconds.
  path: Assets/Sprites/Cainos/Third Party/Lucid Editor/Editor/LucidEditorGUI.cs
  artifactKey: Guid(de69ea548194a40c19a7abcbfbaa2bd3) Importer(2089858483,b0f066a214c2f5e87bad3c948f4d605d)
Start importing Assets/Sprites/Cainos/Third Party/Lucid Editor/Editor/LucidEditorGUI.cs using Guid(de69ea548194a40c19a7abcbfbaa2bd3) Importer(2089858483,b0f066a214c2f5e87bad3c948f4d605d) (ScriptedImporter) -> (artifact id: 'd21162a120308e3118e34b1439ba5a5a') in 0.0120727 seconds
Number of updated asset objects reloaded before import = 0Number of asset objects unloaded after import = 0

========================================================================
Received Import Request.
  Time since last request: 0.000094 seconds.
  path: Assets/Projects/GravityDash/kenney_new-platformer-pack-1.1/Sprites/Backgrounds/Default/background_color_mushrooms.png
  artifactKey: Guid(2dc72bf0e574b4ec1b4acaf499205c13) Importer(2089858483,b0f066a214c2f5e87bad3c948f4d605d)
Start importing Assets/Projects/GravityDash/kenney_new-platformer-pack-1.1/Sprites/Backgrounds/Default/background_color_mushrooms.png using Guid(2dc72bf0e574b4ec1b4acaf499205c13) Importer(2089858483,b0f066a214c2f5e87bad3c948f4d605d) (ScriptedImporter) -> (artifact id: '085daf74aafa37e0f304fd67189ab076') in 0.0310273 seconds
Number of updated asset objects reloaded before import = 0Number of asset objects unloaded after import = 3

========================================================================
Received Import Request.
  Time since last request: 0.000031 seconds.
  path: Assets/Projects/GravityDash/kenney_new-platformer-pack-1.1/Sprites/Characters/Default/character_pink_duck.png
  artifactKey: Guid(db88e346fc55c4d9a85be671ac262979) Importer(2089858483,b0f066a214c2f5e87bad3c948f4d605d)
Start importing Assets/Projects/GravityDash/kenney_new-platformer-pack-1.1/Sprites/Characters/Default/character_pink_duck.png using Guid(db88e346fc55c4d9a85be671ac262979) Importer(2089858483,b0f066a214c2f5e87bad3c948f4d605d) (ScriptedImporter) -> (artifact id: '60453b5b193a02260f66c40164f374cd') in 0.0337592 seconds
Number of updated asset objects reloaded before import = 0Number of asset objects unloaded after import = 3

========================================================================
Received Import Request.
  Time since last request: 0.000031 seconds.
  path: Assets/Projects/GravityDash/kenney_new-platformer-pack-1.1/Sprites/Characters/Default/character_purple_climb_b.png
  artifactKey: Guid(67b137d213c0a47c7a67ba9febca7cdc) Importer(2089858483,b0f066a214c2f5e87bad3c948f4d605d)
Start importing Assets/Projects/GravityDash/kenney_new-platformer-pack-1.1/Sprites/Characters/Default/character_purple_climb_b.png using Guid(67b137d213c0a47c7a67ba9febca7cdc) Importer(2089858483,b0f066a214c2f5e87bad3c948f4d605d) (ScriptedImporter) -> (artifact id: '2ef2a990abe01d09f125ab6dbbd22c69') in 0.0358512 seconds
Number of updated asset objects reloaded before import = 0Number of asset objects unloaded after import = 3

========================================================================
Received Import Request.
  Time since last request: 0.000039 seconds.
  path: Assets/Sprites/Cainos/Pixel Art Platformer - Village Props/Tileset Palette/TP Ground/TX Tileset Ground_59.asset
  artifactKey: Guid(b5967cc5ba41ae84ab3f2cea7634339a) Importer(2089858483,b0f066a214c2f5e87bad3c948f4d605d)
Start importing Assets/Sprites/Cainos/Pixel Art Platformer - Village Props/Tileset Palette/TP Ground/TX Tileset Ground_59.asset using Guid(b5967cc5ba41ae84ab3f2cea7634339a) Importer(2089858483,b0f066a214c2f5e87bad3c948f4d605d) (ScriptedImporter) -> (artifact id: '33c9fb5e243b56280678d58f824bc1c1') in 0.0279707 seconds
Number of updated asset objects reloaded before import = 0Number of asset objects unloaded after import = 2

========================================================================
Received Import Request.
  Time since last request: 0.000051 seconds.
  path: Assets/Projects/GravityDash/kenney_new-platformer-pack-1.1/Sprites/Backgrounds/Default/background_color_trees.png
  artifactKey: Guid(a9f37086ca5ff405cbbaf4ffc3c6499f) Importer(2089858483,b0f066a214c2f5e87bad3c948f4d605d)
Start importing Assets/Projects/GravityDash/kenney_new-platformer-pack-1.1/Sprites/Backgrounds/Default/background_color_trees.png using Guid(a9f37086ca5ff405cbbaf4ffc3c6499f) Importer(2089858483,b0f066a214c2f5e87bad3c948f4d605d) (ScriptedImporter) -> (artifact id: 'ec66a2f4b822edc7def0658f06837ffa') in 0.0335132 seconds
Number of updated asset objects reloaded before import = 0Number of asset objects unloaded after import = 3

========================================================================
Received Import Request.
  Time since last request: 0.000026 seconds.
  path: Assets/Projects/GravityDash/kenney_new-platformer-pack-1.1/Sprites/Characters/Double/character_beige_climb_b.png
  artifactKey: Guid(7beb519e11f61446a9b8fe756fd2ee0e) Importer(2089858483,b0f066a214c2f5e87bad3c948f4d605d)
Start importing Assets/Projects/GravityDash/kenney_new-platformer-pack-1.1/Sprites/Characters/Double/character_beige_climb_b.png using Guid(7beb519e11f61446a9b8fe756fd2ee0e) Importer(2089858483,b0f066a214c2f5e87bad3c948f4d605d) (ScriptedImporter) -> (artifact id: 'e07531e255b6e76aa68a240aaee6d94b') in 0.0319441 seconds
Number of updated asset objects reloaded before import = 0Number of asset objects unloaded after import = 3

========================================================================
Received Import Request.
  Time since last request: 0.000023 seconds.
  path: Assets/Projects/GravityDash/kenney_new-platformer-pack-1.1/Sprites/Backgrounds/Double/background_fade_hills.png
  artifactKey: Guid(9437565da9ba945bcbc31dd89d18c82c) Importer(2089858483,b0f066a214c2f5e87bad3c948f4d605d)
Start importing Assets/Projects/GravityDash/kenney_new-platformer-pack-1.1/Sprites/Backgrounds/Double/background_fade_hills.png using Guid(9437565da9ba945bcbc31dd89d18c82c) Importer(2089858483,b0f066a214c2f5e87bad3c948f4d605d) (ScriptedImporter) -> (artifact id: 'd539d70886106b48d485f504efc84b27') in 0.0313603 seconds
Number of updated asset objects reloaded before import = 0Number of asset objects unloaded after import = 3

========================================================================
Received Import Request.
  Time since last request: 0.000030 seconds.
  path: Assets/Projects/GravityDash/kenney_new-platformer-pack-1.1/Sprites/Backgrounds/Double/background_solid_sand.png
  artifactKey: Guid(c52a6db0f34664d08b3e6d4583616cd6) Importer(2089858483,b0f066a214c2f5e87bad3c948f4d605d)
Start importing Assets/Projects/GravityDash/kenney_new-platformer-pack-1.1/Sprites/Backgrounds/Double/background_solid_sand.png using Guid(c52a6db0f34664d08b3e6d4583616cd6) Importer(2089858483,b0f066a214c2f5e87bad3c948f4d605d) (ScriptedImporter) -> (artifact id: '52c14715e6d7fbfa18c8ad19e1624eda') in 0.0303163 seconds
Number of updated asset objects reloaded before import = 0Number of asset objects unloaded after import = 3

========================================================================
Received Import Request.
  Time since last request: 0.000023 seconds.
  path: Assets/Projects/GravityDash/kenney_new-platformer-pack-1.1/Sprites/Backgrounds/Double/background_color_trees.png
  artifactKey: Guid(bb2ccbca39e1e4fef9540c6456902b68) Importer(2089858483,b0f066a214c2f5e87bad3c948f4d605d)
Start importing Assets/Projects/GravityDash/kenney_new-platformer-pack-1.1/Sprites/Backgrounds/Double/background_color_trees.png using Guid(bb2ccbca39e1e4fef9540c6456902b68) Importer(2089858483,b0f066a214c2f5e87bad3c948f4d605d) (ScriptedImporter) -> (artifact id: '5b36f853013b4fbb04993daeee3bcbee') in 0.0323928 seconds
Number of updated asset objects reloaded before import = 0Number of asset objects unloaded after import = 3

========================================================================
Received Import Request.
  Time since last request: 0.000034 seconds.
  path: Assets/Sprites/Cainos/Pixel Art Platformer - Village Props/Tileset Palette/TP Ground/TX Tileset Ground_92.asset
  artifactKey: Guid(62281e056124cff459cb19141b57c5bd) Importer(2089858483,b0f066a214c2f5e87bad3c948f4d605d)
Start importing Assets/Sprites/Cainos/Pixel Art Platformer - Village Props/Tileset Palette/TP Ground/TX Tileset Ground_92.asset using Guid(62281e056124cff459cb19141b57c5bd) Importer(2089858483,b0f066a214c2f5e87bad3c948f4d605d) (ScriptedImporter) -> (artifact id: '0117615f5d8dfa18e8860b5152b51633') in 0.0275027 seconds
Number of updated asset objects reloaded before import = 0Number of asset objects unloaded after import = 2

========================================================================
Received Import Request.
  Time since last request: 0.000036 seconds.
  path: Assets/Projects/GravityDash/kenney_new-platformer-pack-1.1/Sprites/Characters/Double/character_beige_jump.png
  artifactKey: Guid(c99631f28c8ff49aca05ac19d0318bb9) Importer(2089858483,b0f066a214c2f5e87bad3c948f4d605d)
Start importing Assets/Projects/GravityDash/kenney_new-platformer-pack-1.1/Sprites/Characters/Double/character_beige_jump.png using Guid(c99631f28c8ff49aca05ac19d0318bb9) Importer(2089858483,b0f066a214c2f5e87bad3c948f4d605d) (ScriptedImporter) -> (artifact id: '6dbdaeb07aceaaac2858a38a2ce06f4d') in 0.028423 seconds
Number of updated asset objects reloaded before import = 0Number of asset objects unloaded after import = 3

========================================================================
Received Import Request.
  Time since last request: 0.000026 seconds.
  path: Assets/Projects/GravityDash/kenney_new-platformer-pack-1.1/Sprites/Backgrounds/Double/background_color_mushrooms.png
  artifactKey: Guid(b263b90bf74fa4e47bc640ae0ecbd213) Importer(2089858483,b0f066a214c2f5e87bad3c948f4d605d)
Start importing Assets/Projects/GravityDash/kenney_new-platformer-pack-1.1/Sprites/Backgrounds/Double/background_color_mushrooms.png using Guid(b263b90bf74fa4e47bc640ae0ecbd213) Importer(2089858483,b0f066a214c2f5e87bad3c948f4d605d) (ScriptedImporter) -> (artifact id: 'bf6318ee6e2e59435b3c20ccc34d38b9') in 0.0318962 seconds
Number of updated asset objects reloaded before import = 0Number of asset objects unloaded after import = 3

========================================================================
Received Import Request.
  Time since last request: 0.000052 seconds.
  path: Assets/Projects/GravityDash/kenney_ui-pack/Vector/Red/check_square_grey.svg
  artifactKey: Guid(3f1a2a4ecd8534cb78c42f53e13bd6c5) Importer(2089858483,b0f066a214c2f5e87bad3c948f4d605d)
Start importing Assets/Projects/GravityDash/kenney_ui-pack/Vector/Red/check_square_grey.svg using Guid(3f1a2a4ecd8534cb78c42f53e13bd6c5) Importer(2089858483,b0f066a214c2f5e87bad3c948f4d605d) (ScriptedImporter) -> (artifact id: '1173af387d23a810fa734db9464cf185') in 0.0168073 seconds
Number of updated asset objects reloaded before import = 0Number of asset objects unloaded after import = 1

========================================================================
Received Import Request.
  Time since last request: 0.964755 seconds.
  path: Assets/Projects/GravityDash/kenney_new-platformer-pack-1.1/Sprites/Characters/Double/character_green_climb_a.png
  artifactKey: Guid(47fe6749c02b24ffda594f9569f1d355) Importer(2089858483,b0f066a214c2f5e87bad3c948f4d605d)
Start importing Assets/Projects/GravityDash/kenney_new-platformer-pack-1.1/Sprites/Characters/Double/character_green_climb_a.png using Guid(47fe6749c02b24ffda594f9569f1d355) Importer(2089858483,b0f066a214c2f5e87bad3c948f4d605d) (ScriptedImporter) -> (artifact id: '1aa5d48d6b0db23595ee6919d3738403') in 0.0234655 seconds
Number of updated asset objects reloaded before import = 0Number of asset objects unloaded after import = 3

========================================================================
Received Import Request.
  Time since last request: 0.000019 seconds.
  path: Assets/Projects/GravityDash/kenney_new-platformer-pack-1.1/Sprites/Enemies/Default/barnacle_attack_rest.png
  artifactKey: Guid(8ceb6b4c616444cb2b5fef776c1696b4) Importer(2089858483,b0f066a214c2f5e87bad3c948f4d605d)
Start importing Assets/Projects/GravityDash/kenney_new-platformer-pack-1.1/Sprites/Enemies/Default/barnacle_attack_rest.png using Guid(8ceb6b4c616444cb2b5fef776c1696b4) Importer(2089858483,b0f066a214c2f5e87bad3c948f4d605d) (ScriptedImporter) -> (artifact id: 'e9b5a0927a4c17ab527f667d4bc84541') in 0.0208399 seconds
Number of updated asset objects reloaded before import = 0Number of asset objects unloaded after import = 3

========================================================================
Received Import Request.
  Time since last request: 0.000025 seconds.
  path: Assets/Projects/GravityDash/kenney_new-platformer-pack-1.1/Sprites/Tiles/Default/heart.png
  artifactKey: Guid(66d9b7981393e4a6eb0a66eb143f8fc6) Importer(2089858483,b0f066a214c2f5e87bad3c948f4d605d)
Start importing Assets/Projects/GravityDash/kenney_new-platformer-pack-1.1/Sprites/Tiles/Default/heart.png using Guid(66d9b7981393e4a6eb0a66eb143f8fc6) Importer(2089858483,b0f066a214c2f5e87bad3c948f4d605d) (ScriptedImporter) -> (artifact id: '22bee6978008d882bfc723391bd3bfc8') in 0.0219 seconds
Number of updated asset objects reloaded before import = 0Number of asset objects unloaded after import = 3

========================================================================
Received Import Request.
  Time since last request: 0.000025 seconds.
  path: Assets/Projects/GravityDash/kenney_new-platformer-pack-1.1/Sprites/Tiles/Default/coin_bronze_side.png
  artifactKey: Guid(99c0a3ce21eaf43d88f60e8113cd250c) Importer(2089858483,b0f066a214c2f5e87bad3c948f4d605d)
Start importing Assets/Projects/GravityDash/kenney_new-platformer-pack-1.1/Sprites/Tiles/Default/coin_bronze_side.png using Guid(99c0a3ce21eaf43d88f60e8113cd250c) Importer(2089858483,b0f066a214c2f5e87bad3c948f4d605d) (ScriptedImporter) -> (artifact id: '582b02650bfeb5b241dc7842e9dc47be') in 0.024478 seconds
Number of updated asset objects reloaded before import = 0Number of asset objects unloaded after import = 3

========================================================================
Received Import Request.
  Time since last request: 0.000019 seconds.
  path: Assets/Projects/GravityDash/kenney_new-platformer-pack-1.1/Sprites/Enemies/Double/fly_a.png
  artifactKey: Guid(6a3ae2989aa254644a364bf19ac13752) Importer(2089858483,b0f066a214c2f5e87bad3c948f4d605d)
Start importing Assets/Projects/GravityDash/kenney_new-platformer-pack-1.1/Sprites/Enemies/Double/fly_a.png using Guid(6a3ae2989aa254644a364bf19ac13752) Importer(2089858483,b0f066a214c2f5e87bad3c948f4d605d) (ScriptedImporter) -> (artifact id: '84e7473b2500f82f4e6c2147bd39f415') in 0.0237307 seconds
Number of updated asset objects reloaded before import = 0Number of asset objects unloaded after import = 3

========================================================================
Received Import Request.
  Time since last request: 0.000025 seconds.
  path: Assets/Projects/GravityDash/kenney_new-platformer-pack-1.1/Sprites/Tiles/Default/door_closed_top.png
  artifactKey: Guid(fcf1766a99ac7412f8ecb8fece8cd7bf) Importer(2089858483,b0f066a214c2f5e87bad3c948f4d605d)
Start importing Assets/Projects/GravityDash/kenney_new-platformer-pack-1.1/Sprites/Tiles/Default/door_closed_top.png using Guid(fcf1766a99ac7412f8ecb8fece8cd7bf) Importer(2089858483,b0f066a214c2f5e87bad3c948f4d605d) (ScriptedImporter) -> (artifact id: '6e09efd2e933ab7b0229ac10240083b2') in 0.0245485 seconds
Number of updated asset objects reloaded before import = 0Number of asset objects unloaded after import = 3

========================================================================
Received Import Request.
  Time since last request: 0.000031 seconds.
  path: Assets/Projects/GravityDash/kenney_new-platformer-pack-1.1/Sprites/Enemies/Default/block_rest.png
  artifactKey: Guid(e00b0c3887b2348fd926f8cfa79f5559) Importer(2089858483,b0f066a214c2f5e87bad3c948f4d605d)
Start importing Assets/Projects/GravityDash/kenney_new-platformer-pack-1.1/Sprites/Enemies/Default/block_rest.png using Guid(e00b0c3887b2348fd926f8cfa79f5559) Importer(2089858483,b0f066a214c2f5e87bad3c948f4d605d) (ScriptedImporter) -> (artifact id: '93a14f40620a72fd76984f18f0d50029') in 0.0230213 seconds
Number of updated asset objects reloaded before import = 0Number of asset objects unloaded after import = 3

========================================================================
Received Import Request.
  Time since last request: 0.000029 seconds.
  path: Assets/Projects/GravityDash/kenney_new-platformer-pack-1.1/Sprites/Enemies/Default/fish_purple_up.png
  artifactKey: Guid(0570a899b3a1a473ab1da9c69b721123) Importer(2089858483,b0f066a214c2f5e87bad3c948f4d605d)
Start importing Assets/Projects/GravityDash/kenney_new-platformer-pack-1.1/Sprites/Enemies/Default/fish_purple_up.png using Guid(0570a899b3a1a473ab1da9c69b721123) Importer(2089858483,b0f066a214c2f5e87bad3c948f4d605d) (ScriptedImporter) -> (artifact id: '5f4ab4c1ab3f941ef506288b73bdb828') in 0.031139 seconds
Number of updated asset objects reloaded before import = 0Number of asset objects unloaded after import = 3

========================================================================
Received Import Request.
  Time since last request: 0.000022 seconds.
  path: Assets/Projects/GravityDash/kenney_new-platformer-pack-1.1/Sprites/Characters/Double/character_purple_jump.png
  artifactKey: Guid(a03a476fa62fe46349c3c6a0362cbc01) Importer(2089858483,b0f066a214c2f5e87bad3c948f4d605d)
Start importing Assets/Projects/GravityDash/kenney_new-platformer-pack-1.1/Sprites/Characters/Double/character_purple_jump.png using Guid(a03a476fa62fe46349c3c6a0362cbc01) Importer(2089858483,b0f066a214c2f5e87bad3c948f4d605d) (ScriptedImporter) -> (artifact id: '9c87c690bf57e724dc2fcb785ca105ae') in 0.0265971 seconds
Number of updated asset objects reloaded before import = 0Number of asset objects unloaded after import = 3

========================================================================
Received Import Request.
  Time since last request: 0.000024 seconds.
  path: Assets/Projects/GravityDash/kenney_new-platformer-pack-1.1/Sprites/Enemies/Default/slime_fire_flat.png
  artifactKey: Guid(679d9feef8c8942edb6f1e84634ceb9b) Importer(2089858483,b0f066a214c2f5e87bad3c948f4d605d)
Start importing Assets/Projects/GravityDash/kenney_new-platformer-pack-1.1/Sprites/Enemies/Default/slime_fire_flat.png using Guid(679d9feef8c8942edb6f1e84634ceb9b) Importer(2089858483,b0f066a214c2f5e87bad3c948f4d605d) (ScriptedImporter) -> (artifact id: '66b998cb6ab3b5e3dabf4040f7926966') in 0.0319728 seconds
Number of updated asset objects reloaded before import = 0Number of asset objects unloaded after import = 3

========================================================================
Received Import Request.
  Time since last request: 0.000024 seconds.
  path: Assets/Projects/GravityDash/kenney_new-platformer-pack-1.1/Sprites/Tiles/Default/conveyor.png
  artifactKey: Guid(36907a95be47b4374a97de2176553503) Importer(2089858483,b0f066a214c2f5e87bad3c948f4d605d)
Start importing Assets/Projects/GravityDash/kenney_new-platformer-pack-1.1/Sprites/Tiles/Default/conveyor.png using Guid(36907a95be47b4374a97de2176553503) Importer(2089858483,b0f066a214c2f5e87bad3c948f4d605d) (ScriptedImporter) -> (artifact id: '0a49a5b724e966c251d2115a473f5d54') in 0.0302736 seconds
Number of updated asset objects reloaded before import = 0Number of asset objects unloaded after import = 3

========================================================================
Received Import Request.
  Time since last request: 0.000027 seconds.
  path: Assets/Projects/GravityDash/kenney_new-platformer-pack-1.1/Sprites/Enemies/Double/worm_ring_rest.png
  artifactKey: Guid(a3947bd73a04e428b9116bfa3fd61cde) Importer(2089858483,b0f066a214c2f5e87bad3c948f4d605d)
Start importing Assets/Projects/GravityDash/kenney_new-platformer-pack-1.1/Sprites/Enemies/Double/worm_ring_rest.png using Guid(a3947bd73a04e428b9116bfa3fd61cde) Importer(2089858483,b0f066a214c2f5e87bad3c948f4d605d) (ScriptedImporter) -> (artifact id: 'a10f6a98c7a74203b9e37fad1460e2d4') in 0.0318326 seconds
Number of updated asset objects reloaded before import = 0Number of asset objects unloaded after import = 3

========================================================================
Received Import Request.
  Time since last request: 0.000027 seconds.
  path: Assets/Projects/GravityDash/kenney_new-platformer-pack-1.1/Sprites/Enemies/Double/fish_yellow_swim_b.png
  artifactKey: Guid(11c51b3001dec486bbbd121fac71ff4b) Importer(2089858483,b0f066a214c2f5e87bad3c948f4d605d)
Start importing Assets/Projects/GravityDash/kenney_new-platformer-pack-1.1/Sprites/Enemies/Double/fish_yellow_swim_b.png using Guid(11c51b3001dec486bbbd121fac71ff4b) Importer(2089858483,b0f066a214c2f5e87bad3c948f4d605d) (ScriptedImporter) -> (artifact id: 'ff47cc4ac68915ad3e26c847f473a283') in 0.0325277 seconds
Number of updated asset objects reloaded before import = 0Number of asset objects unloaded after import = 3

========================================================================
Received Import Request.
  Time since last request: 0.000047 seconds.
  path: Assets/Projects/GravityDash/kenney_new-platformer-pack-1.1/Sprites/Enemies/Default/ladybug_walk_b.png
  artifactKey: Guid(9369a4f32b65a46ec9057e0da4320478) Importer(2089858483,b0f066a214c2f5e87bad3c948f4d605d)
Start importing Assets/Projects/GravityDash/kenney_new-platformer-pack-1.1/Sprites/Enemies/Default/ladybug_walk_b.png using Guid(9369a4f32b65a46ec9057e0da4320478) Importer(2089858483,b0f066a214c2f5e87bad3c948f4d605d) (ScriptedImporter) -> (artifact id: '3f1fa4c6b25b612aed207e9ffdbb1755') in 0.0316389 seconds
Number of updated asset objects reloaded before import = 0Number of asset objects unloaded after import = 3

========================================================================
Received Import Request.
  Time since last request: 0.000024 seconds.
  path: Assets/Projects/GravityDash/kenney_new-platformer-pack-1.1/Sprites/Enemies/Default/snail_shell.png
  artifactKey: Guid(46159a9681996467a9ebc5924f89c5c4) Importer(2089858483,b0f066a214c2f5e87bad3c948f4d605d)
Start importing Assets/Projects/GravityDash/kenney_new-platformer-pack-1.1/Sprites/Enemies/Default/snail_shell.png using Guid(46159a9681996467a9ebc5924f89c5c4) Importer(2089858483,b0f066a214c2f5e87bad3c948f4d605d) (ScriptedImporter) -> (artifact id: '152d60da910656fe6702364d1f2bc1e3') in 0.0312273 seconds
Number of updated asset objects reloaded before import = 0Number of asset objects unloaded after import = 3

========================================================================
Received Import Request.
  Time since last request: 0.000021 seconds.
  path: Assets/Projects/GravityDash/kenney_new-platformer-pack-1.1/Sprites/Tiles/Default/flag_red_b.png
  artifactKey: Guid(ec779685e8f3e4895abd25028321793b) Importer(2089858483,b0f066a214c2f5e87bad3c948f4d605d)
Start importing Assets/Projects/GravityDash/kenney_new-platformer-pack-1.1/Sprites/Tiles/Default/flag_red_b.png using Guid(ec779685e8f3e4895abd25028321793b) Importer(2089858483,b0f066a214c2f5e87bad3c948f4d605d) (ScriptedImporter) -> (artifact id: '6dbc21cf13ee1a41ed30cb98b8b4f98b') in 0.0292535 seconds
Number of updated asset objects reloaded before import = 0Number of asset objects unloaded after import = 3

========================================================================
Received Import Request.
  Time since last request: 0.000028 seconds.
  path: Assets/Projects/GravityDash/kenney_new-platformer-pack-1.1/Sprites/Enemies/Double/slime_fire_flat.png
  artifactKey: Guid(ef021b17c7655414e8b5861de5408559) Importer(2089858483,b0f066a214c2f5e87bad3c948f4d605d)
Start importing Assets/Projects/GravityDash/kenney_new-platformer-pack-1.1/Sprites/Enemies/Double/slime_fire_flat.png using Guid(ef021b17c7655414e8b5861de5408559) Importer(2089858483,b0f066a214c2f5e87bad3c948f4d605d) (ScriptedImporter) -> (artifact id: '9a7ea7a3807644f9616c724857b553c3') in 0.0319358 seconds
Number of updated asset objects reloaded before import = 0Number of asset objects unloaded after import = 3

========================================================================
Received Import Request.
  Time since last request: 0.000023 seconds.
  path: Assets/Projects/GravityDash/kenney_new-platformer-pack-1.1/Sprites/Tiles/Default/brick_brown.png
  artifactKey: Guid(d7078fe4808544a26a7bfd3e5823850d) Importer(2089858483,b0f066a214c2f5e87bad3c948f4d605d)
Start importing Assets/Projects/GravityDash/kenney_new-platformer-pack-1.1/Sprites/Tiles/Default/brick_brown.png using Guid(d7078fe4808544a26a7bfd3e5823850d) Importer(2089858483,b0f066a214c2f5e87bad3c948f4d605d) (ScriptedImporter) -> (artifact id: '1d96663d0389e8e34c5c692652bfff4e') in 0.0315761 seconds
Number of updated asset objects reloaded before import = 0Number of asset objects unloaded after import = 3

========================================================================
Received Import Request.
  Time since last request: 0.000022 seconds.
  path: Assets/Projects/GravityDash/kenney_new-platformer-pack-1.1/Sprites/Enemies/Default/slime_block_walk_a.png
  artifactKey: Guid(f9a5edfcea213406faea1fe62a20e9ff) Importer(2089858483,b0f066a214c2f5e87bad3c948f4d605d)
Start importing Assets/Projects/GravityDash/kenney_new-platformer-pack-1.1/Sprites/Enemies/Default/slime_block_walk_a.png using Guid(f9a5edfcea213406faea1fe62a20e9ff) Importer(2089858483,b0f066a214c2f5e87bad3c948f4d605d) (ScriptedImporter) -> (artifact id: '8fdcdb1537cc6bbd655c51e08d3c81b5') in 0.0323084 seconds
Number of updated asset objects reloaded before import = 0Number of asset objects unloaded after import = 3

========================================================================
Received Import Request.
  Time since last request: 0.000027 seconds.
  path: Assets/Projects/GravityDash/kenney_new-platformer-pack-1.1/Sprites/Enemies/Default/mouse_rest.png
  artifactKey: Guid(3ba56cbb0f40c40c5947d7a03863bfe1) Importer(2089858483,b0f066a214c2f5e87bad3c948f4d605d)
Start importing Assets/Projects/GravityDash/kenney_new-platformer-pack-1.1/Sprites/Enemies/Default/mouse_rest.png using Guid(3ba56cbb0f40c40c5947d7a03863bfe1) Importer(2089858483,b0f066a214c2f5e87bad3c948f4d605d) (ScriptedImporter) -> (artifact id: '51f928fd77ac2434be2bf19565227b85') in 0.0347116 seconds
Number of updated asset objects reloaded before import = 0Number of asset objects unloaded after import = 3

========================================================================
Received Import Request.
  Time since last request: 0.000044 seconds.
  path: Assets/Projects/GravityDash/kenney_new-platformer-pack-1.1/Sprites/Enemies/Default/mouse_walk_b.png
  artifactKey: Guid(c2bcf15e9fe9f40078517da55d19b269) Importer(2089858483,b0f066a214c2f5e87bad3c948f4d605d)
Start importing Assets/Projects/GravityDash/kenney_new-platformer-pack-1.1/Sprites/Enemies/Default/mouse_walk_b.png using Guid(c2bcf15e9fe9f40078517da55d19b269) Importer(2089858483,b0f066a214c2f5e87bad3c948f4d605d) (ScriptedImporter) -> (artifact id: '97ef0e43d3b88d43367b78c50397c2d5') in 0.0356831 seconds
Number of updated asset objects reloaded before import = 0Number of asset objects unloaded after import = 3

========================================================================
Received Import Request.
  Time since last request: 0.000018 seconds.
  path: Assets/Projects/GravityDash/kenney_new-platformer-pack-1.1/Sprites/Enemies/Double/snail_shell.png
  artifactKey: Guid(86dce45ce19f74c779c2ce9cf23e65dc) Importer(2089858483,b0f066a214c2f5e87bad3c948f4d605d)
Start importing Assets/Projects/GravityDash/kenney_new-platformer-pack-1.1/Sprites/Enemies/Double/snail_shell.png using Guid(86dce45ce19f74c779c2ce9cf23e65dc) Importer(2089858483,b0f066a214c2f5e87bad3c948f4d605d) (ScriptedImporter) -> (artifact id: 'd8a621a1bb23e2a6065337f477592c4b') in 0.0336143 seconds
Number of updated asset objects reloaded before import = 0Number of asset objects unloaded after import = 3

========================================================================
Received Import Request.
  Time since last request: 0.000029 seconds.
  path: Assets/Projects/GravityDash/kenney_new-platformer-pack-1.1/Sprites/Characters/Double/character_yellow_climb_a.png
  artifactKey: Guid(8493057fcb11948fc9098a9bbe2ac3cb) Importer(2089858483,b0f066a214c2f5e87bad3c948f4d605d)
Start importing Assets/Projects/GravityDash/kenney_new-platformer-pack-1.1/Sprites/Characters/Double/character_yellow_climb_a.png using Guid(8493057fcb11948fc9098a9bbe2ac3cb) Importer(2089858483,b0f066a214c2f5e87bad3c948f4d605d) (ScriptedImporter) -> (artifact id: 'acb171de299fc5edb79c68c095604a3e') in 0.0315189 seconds
Number of updated asset objects reloaded before import = 0Number of asset objects unloaded after import = 3

========================================================================
Received Import Request.
  Time since last request: 0.000022 seconds.
  path: Assets/Projects/GravityDash/kenney_new-platformer-pack-1.1/Sprites/Tiles/Default/bricks_brown.png
  artifactKey: Guid(61687dddbfe4743e787fdd20404aac65) Importer(2089858483,b0f066a214c2f5e87bad3c948f4d605d)
Start importing Assets/Projects/GravityDash/kenney_new-platformer-pack-1.1/Sprites/Tiles/Default/bricks_brown.png using Guid(61687dddbfe4743e787fdd20404aac65) Importer(2089858483,b0f066a214c2f5e87bad3c948f4d605d) (ScriptedImporter) -> (artifact id: '92236ebd1b547b3b36553f7d8e75dbc7') in 0.0301621 seconds
Number of updated asset objects reloaded before import = 0Number of asset objects unloaded after import = 3

========================================================================
Received Import Request.
  Time since last request: 0.000019 seconds.
  path: Assets/Projects/GravityDash/kenney_new-platformer-pack-1.1/Sprites/Enemies/Default/fly_a.png
  artifactKey: Guid(a02cb4453a9b34c3cabde1480ddecbcd) Importer(2089858483,b0f066a214c2f5e87bad3c948f4d605d)
Start importing Assets/Projects/GravityDash/kenney_new-platformer-pack-1.1/Sprites/Enemies/Default/fly_a.png using Guid(a02cb4453a9b34c3cabde1480ddecbcd) Importer(2089858483,b0f066a214c2f5e87bad3c948f4d605d) (ScriptedImporter) -> (artifact id: '19b38614f393cf29166a1d9b5ec71722') in 0.0297919 seconds
Number of updated asset objects reloaded before import = 0Number of asset objects unloaded after import = 3

========================================================================
Received Import Request.
  Time since last request: 0.000029 seconds.
  path: Assets/Projects/GravityDash/kenney_new-platformer-pack-1.1/Sprites/Enemies/Double/slime_fire_walk_a.png
  artifactKey: Guid(e76f371419b814269aae018f236b624b) Importer(2089858483,b0f066a214c2f5e87bad3c948f4d605d)
Start importing Assets/Projects/GravityDash/kenney_new-platformer-pack-1.1/Sprites/Enemies/Double/slime_fire_walk_a.png using Guid(e76f371419b814269aae018f236b624b) Importer(2089858483,b0f066a214c2f5e87bad3c948f4d605d) (ScriptedImporter) -> (artifact id: '93b0613c48df0946dbf07fd3b3363055') in 0.0332957 seconds
Number of updated asset objects reloaded before import = 0Number of asset objects unloaded after import = 3

========================================================================
Received Import Request.
  Time since last request: 0.000032 seconds.
  path: Assets/Projects/GravityDash/kenney_new-platformer-pack-1.1/Sprites/Tiles/Default/chain.png
  artifactKey: Guid(31e08ac43d3974e90adccfa32356f84d) Importer(2089858483,b0f066a214c2f5e87bad3c948f4d605d)
Start importing Assets/Projects/GravityDash/kenney_new-platformer-pack-1.1/Sprites/Tiles/Default/chain.png using Guid(31e08ac43d3974e90adccfa32356f84d) Importer(2089858483,b0f066a214c2f5e87bad3c948f4d605d) (ScriptedImporter) -> (artifact id: '6dea7f05727aed829c3807bd2649d8dd') in 0.034627 seconds
Number of updated asset objects reloaded before import = 0Number of asset objects unloaded after import = 3

========================================================================
Received Import Request.
  Time since last request: 0.000023 seconds.
  path: Assets/Projects/GravityDash/kenney_new-platformer-pack-1.1/Sprites/Tiles/Default/gem_blue.png
  artifactKey: Guid(53f1fbb2251a94418bdf73df9fbc765e) Importer(2089858483,b0f066a214c2f5e87bad3c948f4d605d)
Start importing Assets/Projects/GravityDash/kenney_new-platformer-pack-1.1/Sprites/Tiles/Default/gem_blue.png using Guid(53f1fbb2251a94418bdf73df9fbc765e) Importer(2089858483,b0f066a214c2f5e87bad3c948f4d605d) (ScriptedImporter) -> (artifact id: 'a66d27f40fc8c699d5e8e2988b8f0265') in 0.0282196 seconds
Number of updated asset objects reloaded before import = 0Number of asset objects unloaded after import = 3

========================================================================
Received Import Request.
  Time since last request: 0.000022 seconds.
  path: Assets/Projects/GravityDash/kenney_new-platformer-pack-1.1/Sprites/Enemies/Default/slime_block_jump.png
  artifactKey: Guid(40c89519d842345c6adbfd1118684a57) Importer(2089858483,b0f066a214c2f5e87bad3c948f4d605d)
Start importing Assets/Projects/GravityDash/kenney_new-platformer-pack-1.1/Sprites/Enemies/Default/slime_block_jump.png using Guid(40c89519d842345c6adbfd1118684a57) Importer(2089858483,b0f066a214c2f5e87bad3c948f4d605d) (ScriptedImporter) -> (artifact id: '9fb2e17ff46340f934a5cf26b996aa12') in 0.0337719 seconds
Number of updated asset objects reloaded before import = 0Number of asset objects unloaded after import = 3

========================================================================
Received Import Request.
  Time since last request: 0.000021 seconds.
  path: Assets/Projects/GravityDash/kenney_new-platformer-pack-1.1/Sprites/Tiles/Default/coin_silver_side.png
  artifactKey: Guid(a2d6be5878a1740448984fb0ce152cb4) Importer(2089858483,b0f066a214c2f5e87bad3c948f4d605d)
Start importing Assets/Projects/GravityDash/kenney_new-platformer-pack-1.1/Sprites/Tiles/Default/coin_silver_side.png using Guid(a2d6be5878a1740448984fb0ce152cb4) Importer(2089858483,b0f066a214c2f5e87bad3c948f4d605d) (ScriptedImporter) -> (artifact id: '2adef11af2fc9bd78c628df87bc33a81') in 0.0301602 seconds
Number of updated asset objects reloaded before import = 0Number of asset objects unloaded after import = 3

========================================================================
Received Import Request.
  Time since last request: 0.000023 seconds.
  path: Assets/Projects/GravityDash/kenney_new-platformer-pack-1.1/Sprites/Tiles/Default/hill_top_smile.png
  artifactKey: Guid(0ba53990534a943b4b099fa979fe9345) Importer(2089858483,b0f066a214c2f5e87bad3c948f4d605d)
Start importing Assets/Projects/GravityDash/kenney_new-platformer-pack-1.1/Sprites/Tiles/Default/hill_top_smile.png using Guid(0ba53990534a943b4b099fa979fe9345) Importer(2089858483,b0f066a214c2f5e87bad3c948f4d605d) (ScriptedImporter) -> (artifact id: 'f774da7afa18f591e364b7a7ada798f6') in 0.031292 seconds
Number of updated asset objects reloaded before import = 0Number of asset objects unloaded after import = 3

========================================================================
Received Import Request.
  Time since last request: 0.000027 seconds.
  path: Assets/Projects/GravityDash/kenney_new-platformer-pack-1.1/Sprites/Enemies/Default/worm_ring_rest.png
  artifactKey: Guid(25e0a576e573a4639be99a5889c4c8b5) Importer(2089858483,b0f066a214c2f5e87bad3c948f4d605d)
Start importing Assets/Projects/GravityDash/kenney_new-platformer-pack-1.1/Sprites/Enemies/Default/worm_ring_rest.png using Guid(25e0a576e573a4639be99a5889c4c8b5) Importer(2089858483,b0f066a214c2f5e87bad3c948f4d605d) (ScriptedImporter) -> (artifact id: 'de77a5faff4525310dfadceafb2dc878') in 0.0392368 seconds
Number of updated asset objects reloaded before import = 0Number of asset objects unloaded after import = 3

========================================================================
Received Import Request.
  Time since last request: 0.000043 seconds.
  path: Assets/Projects/GravityDash/kenney_new-platformer-pack-1.1/Sprites/Tiles/Default/bush.png
  artifactKey: Guid(2d9e4de0f55e643c593a45098644c934) Importer(2089858483,b0f066a214c2f5e87bad3c948f4d605d)
Start importing Assets/Projects/GravityDash/kenney_new-platformer-pack-1.1/Sprites/Tiles/Default/bush.png using Guid(2d9e4de0f55e643c593a45098644c934) Importer(2089858483,b0f066a214c2f5e87bad3c948f4d605d) (ScriptedImporter) -> (artifact id: '274149bbdbd49a08f68c2a92ff61fb66') in 0.0376098 seconds
Number of updated asset objects reloaded before import = 0Number of asset objects unloaded after import = 3

========================================================================
Received Import Request.
  Time since last request: 0.000051 seconds.
  path: Assets/Projects/GravityDash/kenney_new-platformer-pack-1.1/Sprites/Enemies/Default/fish_purple_down.png
  artifactKey: Guid(31475a0c9a4e049e78c635822a1b7163) Importer(2089858483,b0f066a214c2f5e87bad3c948f4d605d)
Start importing Assets/Projects/GravityDash/kenney_new-platformer-pack-1.1/Sprites/Enemies/Default/fish_purple_down.png using Guid(31475a0c9a4e049e78c635822a1b7163) Importer(2089858483,b0f066a214c2f5e87bad3c948f4d605d) (ScriptedImporter) -> (artifact id: '551ca7ce1fae02d2502efd27c317523e') in 0.0325919 seconds
Number of updated asset objects reloaded before import = 0Number of asset objects unloaded after import = 3

========================================================================
Received Import Request.
  Time since last request: 0.000099 seconds.
  path: Assets/Projects/GravityDash/kenney_new-platformer-pack-1.1/Sprites/Enemies/Double/fly_rest.png
  artifactKey: Guid(fce58142a52f249a49c99baee0fa4713) Importer(2089858483,b0f066a214c2f5e87bad3c948f4d605d)
Start importing Assets/Projects/GravityDash/kenney_new-platformer-pack-1.1/Sprites/Enemies/Double/fly_rest.png using Guid(fce58142a52f249a49c99baee0fa4713) Importer(2089858483,b0f066a214c2f5e87bad3c948f4d605d) (ScriptedImporter) -> (artifact id: 'c460f39267c0f136ecbf289723478c59') in 0.0295794 seconds
Number of updated asset objects reloaded before import = 0Number of asset objects unloaded after import = 3

========================================================================
Received Import Request.
  Time since last request: 0.000051 seconds.
  path: Assets/Projects/GravityDash/kenney_new-platformer-pack-1.1/Sprites/Enemies/Default/slime_normal_rest.png
  artifactKey: Guid(aea194786abd049bfa1633860861595b) Importer(2089858483,b0f066a214c2f5e87bad3c948f4d605d)
Start importing Assets/Projects/GravityDash/kenney_new-platformer-pack-1.1/Sprites/Enemies/Default/slime_normal_rest.png using Guid(aea194786abd049bfa1633860861595b) Importer(2089858483,b0f066a214c2f5e87bad3c948f4d605d) (ScriptedImporter) -> (artifact id: '3aab5569bed8b02565e4b243d454b66a') in 0.0296283 seconds
Number of updated asset objects reloaded before import = 0Number of asset objects unloaded after import = 3

========================================================================
Received Import Request.
  Time since last request: 0.000024 seconds.
  path: Assets/Projects/GravityDash/kenney_new-platformer-pack-1.1/Sprites/Enemies/Double/frog_rest.png
  artifactKey: Guid(e27d1edf87f9d4fdd9cc98b7251a5069) Importer(2089858483,b0f066a214c2f5e87bad3c948f4d605d)
Start importing Assets/Projects/GravityDash/kenney_new-platformer-pack-1.1/Sprites/Enemies/Double/frog_rest.png using Guid(e27d1edf87f9d4fdd9cc98b7251a5069) Importer(2089858483,b0f066a214c2f5e87bad3c948f4d605d) (ScriptedImporter) -> (artifact id: '618ad9b34353d0549491526ec6e1a67d') in 0.0299111 seconds
Number of updated asset objects reloaded before import = 0Number of asset objects unloaded after import = 3

========================================================================
Received Import Request.
  Time since last request: 0.000167 seconds.
  path: Assets/Projects/GravityDash/kenney_new-platformer-pack-1.1/Sprites/Tiles/Default/block_red.png
  artifactKey: Guid(77c21b101e28045acafe4fae5e356692) Importer(2089858483,b0f066a214c2f5e87bad3c948f4d605d)
Start importing Assets/Projects/GravityDash/kenney_new-platformer-pack-1.1/Sprites/Tiles/Default/block_red.png using Guid(77c21b101e28045acafe4fae5e356692) Importer(2089858483,b0f066a214c2f5e87bad3c948f4d605d) (ScriptedImporter) -> (artifact id: '6aae789a4b4a2d1c9a11af1c98cb7c26') in 0.030915 seconds
Number of updated asset objects reloaded before import = 0Number of asset objects unloaded after import = 3

========================================================================
Received Import Request.
  Time since last request: 0.000031 seconds.
  path: Assets/Projects/GravityDash/kenney_new-platformer-pack-1.1/Sprites/Enemies/Default/barnacle_attack_b.png
  artifactKey: Guid(11763fb4f9c35494ab189eb6bc3642e6) Importer(2089858483,b0f066a214c2f5e87bad3c948f4d605d)
Start importing Assets/Projects/GravityDash/kenney_new-platformer-pack-1.1/Sprites/Enemies/Default/barnacle_attack_b.png using Guid(11763fb4f9c35494ab189eb6bc3642e6) Importer(2089858483,b0f066a214c2f5e87bad3c948f4d605d) (ScriptedImporter) -> (artifact id: 'eab24cf22d291327bc751fef69f55681') in 0.0344371 seconds
Number of updated asset objects reloaded before import = 0Number of asset objects unloaded after import = 3

========================================================================
Received Import Request.
  Time since last request: 0.000024 seconds.
  path: Assets/Projects/GravityDash/kenney_new-platformer-pack-1.1/Sprites/Tiles/Default/block_strong_exclamation.png
  artifactKey: Guid(31d30a0f1359944e8b1d529ee1ae12c7) Importer(2089858483,b0f066a214c2f5e87bad3c948f4d605d)
Start importing Assets/Projects/GravityDash/kenney_new-platformer-pack-1.1/Sprites/Tiles/Default/block_strong_exclamation.png using Guid(31d30a0f1359944e8b1d529ee1ae12c7) Importer(2089858483,b0f066a214c2f5e87bad3c948f4d605d) (ScriptedImporter) -> (artifact id: '071eaa7d6ba2c5c05d9bef0742b79fee') in 0.0375553 seconds
Number of updated asset objects reloaded before import = 0Number of asset objects unloaded after import = 3

========================================================================
Received Import Request.
  Time since last request: 0.000028 seconds.
  path: Assets/Projects/GravityDash/kenney_new-platformer-pack-1.1/Sprites/Tiles/Default/block_exclamation_active.png
  artifactKey: Guid(94005117b1d284118916b5b8f9189093) Importer(2089858483,b0f066a214c2f5e87bad3c948f4d605d)
Start importing Assets/Projects/GravityDash/kenney_new-platformer-pack-1.1/Sprites/Tiles/Default/block_exclamation_active.png using Guid(94005117b1d284118916b5b8f9189093) Importer(2089858483,b0f066a214c2f5e87bad3c948f4d605d) (ScriptedImporter) -> (artifact id: 'c40ee03835ca609705f5e6e04bdb8047') in 0.0306093 seconds
Number of updated asset objects reloaded before import = 0Number of asset objects unloaded after import = 3

========================================================================
Received Import Request.
  Time since last request: 0.000023 seconds.
  path: Assets/Projects/GravityDash/kenney_new-platformer-pack-1.1/Sprites/Tiles/Default/block_strong_coin.png
  artifactKey: Guid(6bb0275f5b9ad4a6cac8a9c30452dff1) Importer(2089858483,b0f066a214c2f5e87bad3c948f4d605d)
Start importing Assets/Projects/GravityDash/kenney_new-platformer-pack-1.1/Sprites/Tiles/Default/block_strong_coin.png using Guid(6bb0275f5b9ad4a6cac8a9c30452dff1) Importer(2089858483,b0f066a214c2f5e87bad3c948f4d605d) (ScriptedImporter) -> (artifact id: '1b2ea51e2dcafe48696a7b935b0beb47') in 0.0331922 seconds
Number of updated asset objects reloaded before import = 0Number of asset objects unloaded after import = 3

========================================================================
Received Import Request.
  Time since last request: 0.000026 seconds.
  path: Assets/Projects/GravityDash/kenney_new-platformer-pack-1.1/Sprites/Enemies/Double/ladybug_fly.png
  artifactKey: Guid(732e658ddc4ee4bc1a03e6f1339b80cd) Importer(2089858483,b0f066a214c2f5e87bad3c948f4d605d)
Start importing Assets/Projects/GravityDash/kenney_new-platformer-pack-1.1/Sprites/Enemies/Double/ladybug_fly.png using Guid(732e658ddc4ee4bc1a03e6f1339b80cd) Importer(2089858483,b0f066a214c2f5e87bad3c948f4d605d) (ScriptedImporter) -> (artifact id: 'a77c6d631639b6b369e68aeb536872a6') in 0.0294554 seconds
Number of updated asset objects reloaded before import = 0Number of asset objects unloaded after import = 3

========================================================================
Received Import Request.
  Time since last request: 0.000041 seconds.
  path: Assets/Projects/GravityDash/kenney_new-platformer-pack-1.1/Sprites/Characters/Double/character_green_walk_a.png
  artifactKey: Guid(72560d06043a8467fbdb53580893bf3f) Importer(2089858483,b0f066a214c2f5e87bad3c948f4d605d)
Start importing Assets/Projects/GravityDash/kenney_new-platformer-pack-1.1/Sprites/Characters/Double/character_green_walk_a.png using Guid(72560d06043a8467fbdb53580893bf3f) Importer(2089858483,b0f066a214c2f5e87bad3c948f4d605d) (ScriptedImporter) -> (artifact id: '139e9c5160e87ed6313b81925aee4a3a') in 0.0334435 seconds
Number of updated asset objects reloaded before import = 0Number of asset objects unloaded after import = 3

========================================================================
Received Import Request.
  Time since last request: 0.000023 seconds.
  path: Assets/Projects/GravityDash/kenney_new-platformer-pack-1.1/Sprites/Enemies/Double/frog_jump.png
  artifactKey: Guid(f0bca8007ee7f4b499358d5e684ed004) Importer(2089858483,b0f066a214c2f5e87bad3c948f4d605d)
Start importing Assets/Projects/GravityDash/kenney_new-platformer-pack-1.1/Sprites/Enemies/Double/frog_jump.png using Guid(f0bca8007ee7f4b499358d5e684ed004) Importer(2089858483,b0f066a214c2f5e87bad3c948f4d605d) (ScriptedImporter) -> (artifact id: '035f83a332c5187243be2d718d115125') in 0.0302165 seconds
Number of updated asset objects reloaded before import = 0Number of asset objects unloaded after import = 3

========================================================================
Received Import Request.
  Time since last request: 0.106192 seconds.
  path: Assets/Projects/GravityDash/kenney_new-platformer-pack-1.1/Sprites/Tiles/Default/hud_character_0.png
  artifactKey: Guid(900ed97f7ae9a4e85b5a4fde87e1a584) Importer(2089858483,b0f066a214c2f5e87bad3c948f4d605d)
Start importing Assets/Projects/GravityDash/kenney_new-platformer-pack-1.1/Sprites/Tiles/Default/hud_character_0.png using Guid(900ed97f7ae9a4e85b5a4fde87e1a584) Importer(2089858483,b0f066a214c2f5e87bad3c948f4d605d) (ScriptedImporter) -> (artifact id: 'f6cacc2187a0ae659f199b01d4d29f70') in 0.0283081 seconds
Number of updated asset objects reloaded before import = 0Number of asset objects unloaded after import = 3

========================================================================
Received Import Request.
  Time since last request: 0.000027 seconds.
  path: Assets/Projects/GravityDash/kenney_new-platformer-pack-1.1/Sprites/Tiles/Default/terrain_purple_block_top.png
  artifactKey: Guid(e92b271b13157469490f187d69ea5054) Importer(2089858483,b0f066a214c2f5e87bad3c948f4d605d)
Start importing Assets/Projects/GravityDash/kenney_new-platformer-pack-1.1/Sprites/Tiles/Default/terrain_purple_block_top.png using Guid(e92b271b13157469490f187d69ea5054) Importer(2089858483,b0f066a214c2f5e87bad3c948f4d605d) (ScriptedImporter) -> (artifact id: '5c202a9006521ee1f8cbacb9ceb175e6') in 0.023451 seconds
Number of updated asset objects reloaded before import = 0Number of asset objects unloaded after import = 3

========================================================================
Received Import Request.
  Time since last request: 0.000034 seconds.
  path: Assets/Projects/GravityDash/kenney_new-platformer-pack-1.1/Sprites/Tiles/Default/terrain_dirt_ramp_long_b.png
  artifactKey: Guid(bddfec5885cd44421ad981b3dcf5846d) Importer(2089858483,b0f066a214c2f5e87bad3c948f4d605d)
Start importing Assets/Projects/GravityDash/kenney_new-platformer-pack-1.1/Sprites/Tiles/Default/terrain_dirt_ramp_long_b.png using Guid(bddfec5885cd44421ad981b3dcf5846d) Importer(2089858483,b0f066a214c2f5e87bad3c948f4d605d) (ScriptedImporter) -> (artifact id: '4bba5dc0a29f3c38d0cda624a0eaed1d') in 0.0245543 seconds
Number of updated asset objects reloaded before import = 0Number of asset objects unloaded after import = 3

========================================================================
Received Import Request.
  Time since last request: 0.000028 seconds.
  path: Assets/Projects/GravityDash/kenney_new-platformer-pack-1.1/Sprites/Tiles/Default/hud_character_9.png
  artifactKey: Guid(8c04f9fd9481f4329ab31cc7f5a47cc4) Importer(2089858483,b0f066a214c2f5e87bad3c948f4d605d)
Start importing Assets/Projects/GravityDash/kenney_new-platformer-pack-1.1/Sprites/Tiles/Default/hud_character_9.png using Guid(8c04f9fd9481f4329ab31cc7f5a47cc4) Importer(2089858483,b0f066a214c2f5e87bad3c948f4d605d) (ScriptedImporter) -> (artifact id: '8d658a5318072e1e86fbaacf297fbdf3') in 0.0287579 seconds
Number of updated asset objects reloaded before import = 0Number of asset objects unloaded after import = 3

========================================================================
Received Import Request.
  Time since last request: 0.000021 seconds.
  path: Assets/Projects/GravityDash/kenney_new-platformer-pack-1.1/Sprites/Tiles/Default/terrain_snow_cloud_background.png
  artifactKey: Guid(3a8462e27d2144aa082fa0562279d8b5) Importer(2089858483,b0f066a214c2f5e87bad3c948f4d605d)
Start importing Assets/Projects/GravityDash/kenney_new-platformer-pack-1.1/Sprites/Tiles/Default/terrain_snow_cloud_background.png using Guid(3a8462e27d2144aa082fa0562279d8b5) Importer(2089858483,b0f066a214c2f5e87bad3c948f4d605d) (ScriptedImporter) -> (artifact id: 'ad31f550e59c05d0a272c34febecc525') in 0.0237261 seconds
Number of updated asset objects reloaded before import = 0Number of asset objects unloaded after import = 3

========================================================================
Received Import Request.
  Time since last request: 0.000029 seconds.
  path: Assets/Projects/GravityDash/kenney_new-platformer-pack-1.1/Sprites/Tiles/Default/terrain_snow_cloud_middle.png
  artifactKey: Guid(f2afcbd08e01340e5bcbcabab8b12eb2) Importer(2089858483,b0f066a214c2f5e87bad3c948f4d605d)
Start importing Assets/Projects/GravityDash/kenney_new-platformer-pack-1.1/Sprites/Tiles/Default/terrain_snow_cloud_middle.png using Guid(f2afcbd08e01340e5bcbcabab8b12eb2) Importer(2089858483,b0f066a214c2f5e87bad3c948f4d605d) (ScriptedImporter) -> (artifact id: 'ca59a20a790a8e87b919afdeb242eab0') in 0.0252704 seconds
Number of updated asset objects reloaded before import = 0Number of asset objects unloaded after import = 3

========================================================================
Received Import Request.
  Time since last request: 0.000022 seconds.
  path: Assets/Projects/GravityDash/kenney_new-platformer-pack-1.1/Sprites/Tiles/Default/terrain_grass_vertical_middle.png
  artifactKey: Guid(d640b7f01f124438bbfa8858048dc978) Importer(2089858483,b0f066a214c2f5e87bad3c948f4d605d)
Start importing Assets/Projects/GravityDash/kenney_new-platformer-pack-1.1/Sprites/Tiles/Default/terrain_grass_vertical_middle.png using Guid(d640b7f01f124438bbfa8858048dc978) Importer(2089858483,b0f066a214c2f5e87bad3c948f4d605d) (ScriptedImporter) -> (artifact id: 'c71d85daa05ac682950ca181b7bddd97') in 0.0264482 seconds
Number of updated asset objects reloaded before import = 0Number of asset objects unloaded after import = 3

========================================================================
Received Import Request.
  Time since last request: 0.000021 seconds.
  path: Assets/Projects/GravityDash/kenney_new-platformer-pack-1.1/Sprites/Tiles/Default/terrain_grass_block_left.png
  artifactKey: Guid(5bf3a589d46a44469aa71b95f7386540) Importer(2089858483,b0f066a214c2f5e87bad3c948f4d605d)
Start importing Assets/Projects/GravityDash/kenney_new-platformer-pack-1.1/Sprites/Tiles/Default/terrain_grass_block_left.png using Guid(5bf3a589d46a44469aa71b95f7386540) Importer(2089858483,b0f066a214c2f5e87bad3c948f4d605d) (ScriptedImporter) -> (artifact id: '0dda98d95641032d6db118e5d2e47860') in 0.0337747 seconds
Number of updated asset objects reloaded before import = 0Number of asset objects unloaded after import = 3

========================================================================
Received Import Request.
  Time since last request: 0.000029 seconds.
  path: Assets/Projects/GravityDash/kenney_new-platformer-pack-1.1/Sprites/Tiles/Default/switch_green.png
  artifactKey: Guid(86eab732ccdff4d878f2bacdefbad21c) Importer(2089858483,b0f066a214c2f5e87bad3c948f4d605d)
Start importing Assets/Projects/GravityDash/kenney_new-platformer-pack-1.1/Sprites/Tiles/Default/switch_green.png using Guid(86eab732ccdff4d878f2bacdefbad21c) Importer(2089858483,b0f066a214c2f5e87bad3c948f4d605d) (ScriptedImporter) -> (artifact id: '6b1ca3b9d050b88c4a4a1a435130aa60') in 0.0304973 seconds
Number of updated asset objects reloaded before import = 0Number of asset objects unloaded after import = 3

========================================================================
Received Import Request.
  Time since last request: 0.000072 seconds.
  path: Assets/Projects/GravityDash/kenney_new-platformer-pack-1.1/Sprites/Tiles/Default/terrain_sand_block_top.png
  artifactKey: Guid(881fa55c857414872b905ebb35427714) Importer(2089858483,b0f066a214c2f5e87bad3c948f4d605d)
Start importing Assets/Projects/GravityDash/kenney_new-platformer-pack-1.1/Sprites/Tiles/Default/terrain_sand_block_top.png using Guid(881fa55c857414872b905ebb35427714) Importer(2089858483,b0f066a214c2f5e87bad3c948f4d605d) (ScriptedImporter) -> (artifact id: '08ef86b5d244b03fc320a54358d608b3') in 0.0286896 seconds
Number of updated asset objects reloaded before import = 0Number of asset objects unloaded after import = 3

========================================================================
Received Import Request.
  Time since last request: 0.000022 seconds.
  path: Assets/Projects/GravityDash/kenney_new-platformer-pack-1.1/Sprites/Tiles/Default/terrain_sand_horizontal_middle.png
  artifactKey: Guid(c016a3e7996cd4b37afd587c87a42a85) Importer(2089858483,b0f066a214c2f5e87bad3c948f4d605d)
Start importing Assets/Projects/GravityDash/kenney_new-platformer-pack-1.1/Sprites/Tiles/Default/terrain_sand_horizontal_middle.png using Guid(c016a3e7996cd4b37afd587c87a42a85) Importer(2089858483,b0f066a214c2f5e87bad3c948f4d605d) (ScriptedImporter) -> (artifact id: '9d49581690ca36741e410e86a87afb39') in 0.0347834 seconds
Number of updated asset objects reloaded before import = 0Number of asset objects unloaded after import = 3

========================================================================
Received Import Request.
  Time since last request: 0.000028 seconds.
  path: Assets/Projects/GravityDash/kenney_new-platformer-pack-1.1/Sprites/Tiles/Default/terrain_purple_block_top_right.png
  artifactKey: Guid(4a1dde7cd6b3048ebb3905f4722a7344) Importer(2089858483,b0f066a214c2f5e87bad3c948f4d605d)
Start importing Assets/Projects/GravityDash/kenney_new-platformer-pack-1.1/Sprites/Tiles/Default/terrain_purple_block_top_right.png using Guid(4a1dde7cd6b3048ebb3905f4722a7344) Importer(2089858483,b0f066a214c2f5e87bad3c948f4d605d) (ScriptedImporter) -> (artifact id: '38a149b25f2d1faef6a6570459c86c17') in 0.0276636 seconds
Number of updated asset objects reloaded before import = 0Number of asset objects unloaded after import = 3

========================================================================
Received Import Request.
  Time since last request: 0.000019 seconds.
  path: Assets/Projects/GravityDash/kenney_new-platformer-pack-1.1/Sprites/Tiles/Default/terrain_stone_block_bottom.png
  artifactKey: Guid(165e7c77814ba4df1819200f46d7460f) Importer(2089858483,b0f066a214c2f5e87bad3c948f4d605d)
Start importing Assets/Projects/GravityDash/kenney_new-platformer-pack-1.1/Sprites/Tiles/Default/terrain_stone_block_bottom.png using Guid(165e7c77814ba4df1819200f46d7460f) Importer(2089858483,b0f066a214c2f5e87bad3c948f4d605d) (ScriptedImporter) -> (artifact id: 'd9533d46bac143bc4a0e60335af83f2a') in 0.0311419 seconds
Number of updated asset objects reloaded before import = 0Number of asset objects unloaded after import = 3

========================================================================
Received Import Request.
  Time since last request: 0.000022 seconds.
  path: Assets/Projects/GravityDash/kenney_new-platformer-pack-1.1/Sprites/Tiles/Default/terrain_sand_horizontal_right.png
  artifactKey: Guid(b070b684f06be43b2b22a163e6d3c51f) Importer(2089858483,b0f066a214c2f5e87bad3c948f4d605d)
Start importing Assets/Projects/GravityDash/kenney_new-platformer-pack-1.1/Sprites/Tiles/Default/terrain_sand_horizontal_right.png using Guid(b070b684f06be43b2b22a163e6d3c51f) Importer(2089858483,b0f066a214c2f5e87bad3c948f4d605d) (ScriptedImporter) -> (artifact id: 'b4d47ee6438ac2e31ad11b26ed309292') in 0.0282636 seconds
Number of updated asset objects reloaded before import = 0Number of asset objects unloaded after import = 3

========================================================================
Received Import Request.
  Time since last request: 0.000020 seconds.
  path: Assets/Projects/GravityDash/kenney_new-platformer-pack-1.1/Sprites/Tiles/Default/lock_red.png
  artifactKey: Guid(c3e86bc6eb9df4332b54e22c3f0737ff) Importer(2089858483,b0f066a214c2f5e87bad3c948f4d605d)
Start importing Assets/Projects/GravityDash/kenney_new-platformer-pack-1.1/Sprites/Tiles/Default/lock_red.png using Guid(c3e86bc6eb9df4332b54e22c3f0737ff) Importer(2089858483,b0f066a214c2f5e87bad3c948f4d605d) (ScriptedImporter) -> (artifact id: '68e00a38668dd1126304ba7f3c29310e') in 0.0271373 seconds
Number of updated asset objects reloaded before import = 0Number of asset objects unloaded after import = 3

========================================================================
Received Import Request.
  Time since last request: 0.000027 seconds.
  path: Assets/Projects/GravityDash/kenney_new-platformer-pack-1.1/Sprites/Tiles/Default/terrain_snow_block_bottom_right.png
  artifactKey: Guid(29fd33d0cf34c467db4466a672e28d53) Importer(2089858483,b0f066a214c2f5e87bad3c948f4d605d)
Start importing Assets/Projects/GravityDash/kenney_new-platformer-pack-1.1/Sprites/Tiles/Default/terrain_snow_block_bottom_right.png using Guid(29fd33d0cf34c467db4466a672e28d53) Importer(2089858483,b0f066a214c2f5e87bad3c948f4d605d) (ScriptedImporter) -> (artifact id: 'f10c35a3fd832029451b745d07e84cee') in 0.0289245 seconds
Number of updated asset objects reloaded before import = 0Number of asset objects unloaded after import = 3

========================================================================
Received Import Request.
  Time since last request: 0.000035 seconds.
  path: Assets/Projects/GravityDash/kenney_new-platformer-pack-1.1/Sprites/Tiles/Default/terrain_stone_block_bottom_right.png
  artifactKey: Guid(b48baad8e7ef64f4ca9eccae07c6d8d4) Importer(2089858483,b0f066a214c2f5e87bad3c948f4d605d)
Start importing Assets/Projects/GravityDash/kenney_new-platformer-pack-1.1/Sprites/Tiles/Default/terrain_stone_block_bottom_right.png using Guid(b48baad8e7ef64f4ca9eccae07c6d8d4) Importer(2089858483,b0f066a214c2f5e87bad3c948f4d605d) (ScriptedImporter) -> (artifact id: '8fe1c984ea240d22e4e5b7002887151f') in 0.0299808 seconds
Number of updated asset objects reloaded before import = 0Number of asset objects unloaded after import = 3

========================================================================
Received Import Request.
  Time since last request: 0.000030 seconds.
  path: Assets/Projects/GravityDash/kenney_new-platformer-pack-1.1/Sprites/Tiles/Default/terrain_purple_block_center.png
  artifactKey: Guid(1e24518b436824efca65e4c53f8c41bf) Importer(2089858483,b0f066a214c2f5e87bad3c948f4d605d)
Start importing Assets/Projects/GravityDash/kenney_new-platformer-pack-1.1/Sprites/Tiles/Default/terrain_purple_block_center.png using Guid(1e24518b436824efca65e4c53f8c41bf) Importer(2089858483,b0f066a214c2f5e87bad3c948f4d605d) (ScriptedImporter) -> (artifact id: 'b12b30cf3f01535ebc9c39d4c77d3e49') in 0.0316168 seconds
Number of updated asset objects reloaded before import = 0Number of asset objects unloaded after import = 3

========================================================================
Received Import Request.
  Time since last request: 0.000021 seconds.
  path: Assets/Projects/GravityDash/kenney_new-platformer-pack-1.1/Sprites/Tiles/Default/terrain_dirt_cloud_left.png
  artifactKey: Guid(c87b995885bea45c68f5eb4b005968ca) Importer(2089858483,b0f066a214c2f5e87bad3c948f4d605d)
Start importing Assets/Projects/GravityDash/kenney_new-platformer-pack-1.1/Sprites/Tiles/Default/terrain_dirt_cloud_left.png using Guid(c87b995885bea45c68f5eb4b005968ca) Importer(2089858483,b0f066a214c2f5e87bad3c948f4d605d) (ScriptedImporter) -> (artifact id: 'c345c043fe482557113176727bb36ee8') in 0.0301242 seconds
Number of updated asset objects reloaded before import = 0Number of asset objects unloaded after import = 3

========================================================================
Received Import Request.
  Time since last request: 0.000024 seconds.
  path: Assets/Projects/GravityDash/kenney_new-platformer-pack-1.1/Sprites/Tiles/Default/terrain_dirt_cloud_background.png
  artifactKey: Guid(0f867cf438e114044b5af9db1cc47b6e) Importer(2089858483,b0f066a214c2f5e87bad3c948f4d605d)
Start importing Assets/Projects/GravityDash/kenney_new-platformer-pack-1.1/Sprites/Tiles/Default/terrain_dirt_cloud_background.png using Guid(0f867cf438e114044b5af9db1cc47b6e) Importer(2089858483,b0f066a214c2f5e87bad3c948f4d605d) (ScriptedImporter) -> (artifact id: 'aba8fbbb265913c884c0f7178fc9979e') in 0.0321627 seconds
Number of updated asset objects reloaded before import = 0Number of asset objects unloaded after import = 3

========================================================================
Received Import Request.
  Time since last request: 0.000022 seconds.
  path: Assets/Projects/GravityDash/kenney_new-platformer-pack-1.1/Sprites/Tiles/Default/terrain_grass_cloud_background.png
  artifactKey: Guid(1664a1fd686d346a4ae554b55a2d717f) Importer(2089858483,b0f066a214c2f5e87bad3c948f4d605d)
Start importing Assets/Projects/GravityDash/kenney_new-platformer-pack-1.1/Sprites/Tiles/Default/terrain_grass_cloud_background.png using Guid(1664a1fd686d346a4ae554b55a2d717f) Importer(2089858483,b0f066a214c2f5e87bad3c948f4d605d) (ScriptedImporter) -> (artifact id: '0dfebfebf004ae0c1a8e2af4dfce2e9f') in 0.0282623 seconds
Number of updated asset objects reloaded before import = 0Number of asset objects unloaded after import = 3

========================================================================
Received Import Request.
  Time since last request: 0.000027 seconds.
  path: Assets/Projects/GravityDash/kenney_new-platformer-pack-1.1/Sprites/Tiles/Default/terrain_purple_ramp_long_a.png
  artifactKey: Guid(b31fabc199acb4b4c803514b10b34d1b) Importer(2089858483,b0f066a214c2f5e87bad3c948f4d605d)
Start importing Assets/Projects/GravityDash/kenney_new-platformer-pack-1.1/Sprites/Tiles/Default/terrain_purple_ramp_long_a.png using Guid(b31fabc199acb4b4c803514b10b34d1b) Importer(2089858483,b0f066a214c2f5e87bad3c948f4d605d) (ScriptedImporter) -> (artifact id: 'bbf815906b90b4c8e4d3540897ac44a2') in 0.0278479 seconds
Number of updated asset objects reloaded before import = 0Number of asset objects unloaded after import = 3

========================================================================
Received Import Request.
  Time since last request: 0.000027 seconds.
  path: Assets/Projects/GravityDash/kenney_new-platformer-pack-1.1/Sprites/Tiles/Default/rope.png
  artifactKey: Guid(12d36a2bc1e494f86b74eb701e59a7f2) Importer(2089858483,b0f066a214c2f5e87bad3c948f4d605d)
Start importing Assets/Projects/GravityDash/kenney_new-platformer-pack-1.1/Sprites/Tiles/Default/rope.png using Guid(12d36a2bc1e494f86b74eb701e59a7f2) Importer(2089858483,b0f066a214c2f5e87bad3c948f4d605d) (ScriptedImporter) -> (artifact id: 'd5f730cc5057bb3bedef496a8d9cd112') in 0.0300812 seconds
Number of updated asset objects reloaded before import = 0Number of asset objects unloaded after import = 3

========================================================================
Received Import Request.
  Time since last request: 0.000036 seconds.
  path: Assets/Projects/GravityDash/kenney_new-platformer-pack-1.1/Sprites/Tiles/Default/terrain_purple_block_left.png
  artifactKey: Guid(d5afbadee7ce543a1b706442bafefe71) Importer(2089858483,b0f066a214c2f5e87bad3c948f4d605d)
Start importing Assets/Projects/GravityDash/kenney_new-platformer-pack-1.1/Sprites/Tiles/Default/terrain_purple_block_left.png using Guid(d5afbadee7ce543a1b706442bafefe71) Importer(2089858483,b0f066a214c2f5e87bad3c948f4d605d) (ScriptedImporter) -> (artifact id: '9e8072c3c0d79d93129d8c891fbcf868') in 0.0310167 seconds
Number of updated asset objects reloaded before import = 0Number of asset objects unloaded after import = 3

========================================================================
Received Import Request.
  Time since last request: 0.000027 seconds.
  path: Assets/Projects/GravityDash/kenney_new-platformer-pack-1.1/Sprites/Tiles/Default/terrain_dirt_horizontal_overhang_left.png
  artifactKey: Guid(d500d847b3bf64b4daf84d31a183140d) Importer(2089858483,b0f066a214c2f5e87bad3c948f4d605d)
Start importing Assets/Projects/GravityDash/kenney_new-platformer-pack-1.1/Sprites/Tiles/Default/terrain_dirt_horizontal_overhang_left.png using Guid(d500d847b3bf64b4daf84d31a183140d) Importer(2089858483,b0f066a214c2f5e87bad3c948f4d605d) (ScriptedImporter) -> (artifact id: 'fd45e28e79c2ba4086ea9c8a5b942564') in 0.0288442 seconds
Number of updated asset objects reloaded before import = 0Number of asset objects unloaded after import = 3

========================================================================
Received Import Request.
  Time since last request: 0.000036 seconds.
  path: Assets/Projects/GravityDash/kenney_new-platformer-pack-1.1/Sprites/Tiles/Default/ramp.png
  artifactKey: Guid(5814d7638bf9d418caa1a6164c954bff) Importer(2089858483,b0f066a214c2f5e87bad3c948f4d605d)
Start importing Assets/Projects/GravityDash/kenney_new-platformer-pack-1.1/Sprites/Tiles/Default/ramp.png using Guid(5814d7638bf9d418caa1a6164c954bff) Importer(2089858483,b0f066a214c2f5e87bad3c948f4d605d) (ScriptedImporter) -> (artifact id: '1395c40236454f469ccaf0246f55d91b') in 0.0313583 seconds
Number of updated asset objects reloaded before import = 0Number of asset objects unloaded after import = 3

========================================================================
Received Import Request.
  Time since last request: 0.000024 seconds.
  path: Assets/Projects/GravityDash/kenney_new-platformer-pack-1.1/Sprites/Tiles/Default/terrain_grass_cloud_middle.png
  artifactKey: Guid(5c8adb4ba1a00481495e325597d1bae7) Importer(2089858483,b0f066a214c2f5e87bad3c948f4d605d)
Start importing Assets/Projects/GravityDash/kenney_new-platformer-pack-1.1/Sprites/Tiles/Default/terrain_grass_cloud_middle.png using Guid(5c8adb4ba1a00481495e325597d1bae7) Importer(2089858483,b0f066a214c2f5e87bad3c948f4d605d) (ScriptedImporter) -> (artifact id: 'cdc5008cef41817e59032a086eb6fdab') in 0.0262151 seconds
Number of updated asset objects reloaded before import = 0Number of asset objects unloaded after import = 3

========================================================================
Received Import Request.
  Time since last request: 0.000029 seconds.
  path: Assets/Projects/GravityDash/kenney_new-platformer-pack-1.1/Sprites/Tiles/Default/terrain_grass_block_right.png
  artifactKey: Guid(31066247c2f7c40d58e8d5b3d8412781) Importer(2089858483,b0f066a214c2f5e87bad3c948f4d605d)
Start importing Assets/Projects/GravityDash/kenney_new-platformer-pack-1.1/Sprites/Tiles/Default/terrain_grass_block_right.png using Guid(31066247c2f7c40d58e8d5b3d8412781) Importer(2089858483,b0f066a214c2f5e87bad3c948f4d605d) (ScriptedImporter) -> (artifact id: '85a2a03179a83ebe8bdff8010f752db0') in 0.0263007 seconds
Number of updated asset objects reloaded before import = 0Number of asset objects unloaded after import = 3

========================================================================
Received Import Request.
  Time since last request: 0.000019 seconds.
  path: Assets/Projects/GravityDash/kenney_new-platformer-pack-1.1/Sprites/Tiles/Default/rop_attached.png
  artifactKey: Guid(45482fe1467264e8f9f40898df227ff5) Importer(2089858483,b0f066a214c2f5e87bad3c948f4d605d)
Start importing Assets/Projects/GravityDash/kenney_new-platformer-pack-1.1/Sprites/Tiles/Default/rop_attached.png using Guid(45482fe1467264e8f9f40898df227ff5) Importer(2089858483,b0f066a214c2f5e87bad3c948f4d605d) (ScriptedImporter) -> (artifact id: '6772d7e62f7905df6eb31e80db86dc77') in 0.0290224 seconds
Number of updated asset objects reloaded before import = 0Number of asset objects unloaded after import = 3

========================================================================
Received Import Request.
  Time since last request: 0.000036 seconds.
  path: Assets/Projects/GravityDash/kenney_new-platformer-pack-1.1/Sprites/Tiles/Default/terrain_grass_horizontal_middle.png
  artifactKey: Guid(b6d6d726d6e2b4099a036352feb25751) Importer(2089858483,b0f066a214c2f5e87bad3c948f4d605d)
Start importing Assets/Projects/GravityDash/kenney_new-platformer-pack-1.1/Sprites/Tiles/Default/terrain_grass_horizontal_middle.png using Guid(b6d6d726d6e2b4099a036352feb25751) Importer(2089858483,b0f066a214c2f5e87bad3c948f4d605d) (ScriptedImporter) -> (artifact id: '252288653eb82cb83fe16f7be30aff2d') in 0.0287313 seconds
Number of updated asset objects reloaded before import = 0Number of asset objects unloaded after import = 3

========================================================================
Received Import Request.
  Time since last request: 0.000050 seconds.
  path: Assets/Projects/GravityDash/kenney_new-platformer-pack-1.1/Sprites/Tiles/Default/hud_player_green.png
  artifactKey: Guid(0360976640f9d438d86be6a499c7c5ea) Importer(2089858483,b0f066a214c2f5e87bad3c948f4d605d)
Start importing Assets/Projects/GravityDash/kenney_new-platformer-pack-1.1/Sprites/Tiles/Default/hud_player_green.png using Guid(0360976640f9d438d86be6a499c7c5ea) Importer(2089858483,b0f066a214c2f5e87bad3c948f4d605d) (ScriptedImporter) -> (artifact id: 'db76519b44af708284251c508da3800f') in 0.0280235 seconds
Number of updated asset objects reloaded before import = 0Number of asset objects unloaded after import = 3

========================================================================
Received Import Request.
  Time since last request: 0.000026 seconds.
  path: Assets/Projects/GravityDash/kenney_new-platformer-pack-1.1/Sprites/Tiles/Default/terrain_stone_block.png
  artifactKey: Guid(71753c2e5761548858dafbbd8a33d76f) Importer(2089858483,b0f066a214c2f5e87bad3c948f4d605d)
Start importing Assets/Projects/GravityDash/kenney_new-platformer-pack-1.1/Sprites/Tiles/Default/terrain_stone_block.png using Guid(71753c2e5761548858dafbbd8a33d76f) Importer(2089858483,b0f066a214c2f5e87bad3c948f4d605d) (ScriptedImporter) -> (artifact id: '08abd40c32517fbcfeaeed0b187553f2') in 0.0292957 seconds
Number of updated asset objects reloaded before import = 0Number of asset objects unloaded after import = 3

========================================================================
Received Import Request.
  Time since last request: 0.000080 seconds.
  path: Assets/Projects/GravityDash/kenney_new-platformer-pack-1.1/Sprites/Tiles/Default/terrain_snow_ramp_long_b.png
  artifactKey: Guid(e7c1977f0562747bf8e850799320c2b0) Importer(2089858483,b0f066a214c2f5e87bad3c948f4d605d)
Start importing Assets/Projects/GravityDash/kenney_new-platformer-pack-1.1/Sprites/Tiles/Default/terrain_snow_ramp_long_b.png using Guid(e7c1977f0562747bf8e850799320c2b0) Importer(2089858483,b0f066a214c2f5e87bad3c948f4d605d) (ScriptedImporter) -> (artifact id: '397997ed129afee10775539b1406cbf2') in 0.0303054 seconds
Number of updated asset objects reloaded before import = 0Number of asset objects unloaded after import = 3

========================================================================
Received Import Request.
  Time since last request: 0.000022 seconds.
  path: Assets/Projects/GravityDash/kenney_new-platformer-pack-1.1/Sprites/Tiles/Default/terrain_dirt_vertical_middle.png
  artifactKey: Guid(80237b420522d4c36939e62ea8dcabe4) Importer(2089858483,b0f066a214c2f5e87bad3c948f4d605d)
Start importing Assets/Projects/GravityDash/kenney_new-platformer-pack-1.1/Sprites/Tiles/Default/terrain_dirt_vertical_middle.png using Guid(80237b420522d4c36939e62ea8dcabe4) Importer(2089858483,b0f066a214c2f5e87bad3c948f4d605d) (ScriptedImporter) -> (artifact id: '57df36b84c6e19ee3ab5400386502059') in 0.0287726 seconds
Number of updated asset objects reloaded before import = 0Number of asset objects unloaded after import = 3

========================================================================
Received Import Request.
  Time since last request: 0.000023 seconds.
  path: Assets/Projects/GravityDash/kenney_new-platformer-pack-1.1/Sprites/Tiles/Default/lock_green.png
  artifactKey: Guid(a0f4d2b53daa8408ca0d69392b0e459e) Importer(2089858483,b0f066a214c2f5e87bad3c948f4d605d)
Start importing Assets/Projects/GravityDash/kenney_new-platformer-pack-1.1/Sprites/Tiles/Default/lock_green.png using Guid(a0f4d2b53daa8408ca0d69392b0e459e) Importer(2089858483,b0f066a214c2f5e87bad3c948f4d605d) (ScriptedImporter) -> (artifact id: 'aff037300785bdcb8052f3a86466b2ff') in 0.02842 seconds
Number of updated asset objects reloaded before import = 0Number of asset objects unloaded after import = 3

========================================================================
Received Import Request.
  Time since last request: 0.000032 seconds.
  path: Assets/Projects/GravityDash/kenney_new-platformer-pack-1.1/Sprites/Tiles/Default/hud_player_purple.png
  artifactKey: Guid(d9bc22b5ba3704b66809560f3ae249d9) Importer(2089858483,b0f066a214c2f5e87bad3c948f4d605d)
Start importing Assets/Projects/GravityDash/kenney_new-platformer-pack-1.1/Sprites/Tiles/Default/hud_player_purple.png using Guid(d9bc22b5ba3704b66809560f3ae249d9) Importer(2089858483,b0f066a214c2f5e87bad3c948f4d605d) (ScriptedImporter) -> (artifact id: 'b74001d5dbc8d46d598cab69f8ffc2cf') in 0.0294244 seconds
Number of updated asset objects reloaded before import = 0Number of asset objects unloaded after import = 3

========================================================================
Received Import Request.
  Time since last request: 0.000027 seconds.
  path: Assets/Projects/GravityDash/kenney_new-platformer-pack-1.1/Sprites/Tiles/Default/terrain_grass_horizontal_right.png
  artifactKey: Guid(848c43c81def14ddcadf287fd929a614) Importer(2089858483,b0f066a214c2f5e87bad3c948f4d605d)
Start importing Assets/Projects/GravityDash/kenney_new-platformer-pack-1.1/Sprites/Tiles/Default/terrain_grass_horizontal_right.png using Guid(848c43c81def14ddcadf287fd929a614) Importer(2089858483,b0f066a214c2f5e87bad3c948f4d605d) (ScriptedImporter) -> (artifact id: '542db85dd81c555011d4f586b2635efd') in 0.0277898 seconds
Number of updated asset objects reloaded before import = 0Number of asset objects unloaded after import = 3

========================================================================
Received Import Request.
  Time since last request: 0.000038 seconds.
  path: Assets/Projects/GravityDash/kenney_new-platformer-pack-1.1/Sprites/Tiles/Default/hud_player_helmet_green.png
  artifactKey: Guid(bb64ce7747e1c41bfa29e1806e3a5a08) Importer(2089858483,b0f066a214c2f5e87bad3c948f4d605d)
Start importing Assets/Projects/GravityDash/kenney_new-platformer-pack-1.1/Sprites/Tiles/Default/hud_player_helmet_green.png using Guid(bb64ce7747e1c41bfa29e1806e3a5a08) Importer(2089858483,b0f066a214c2f5e87bad3c948f4d605d) (ScriptedImporter) -> (artifact id: 'f95e1f3b0be08fdce72801e8d6760616') in 0.0291314 seconds
Number of updated asset objects reloaded before import = 0Number of asset objects unloaded after import = 3

========================================================================
Received Import Request.
  Time since last request: 0.000033 seconds.
  path: Assets/Projects/GravityDash/kenney_new-platformer-pack-1.1/Sprites/Tiles/Default/terrain_dirt_block_right.png
  artifactKey: Guid(be46dfec669ad4f1091505ad7aebee05) Importer(2089858483,b0f066a214c2f5e87bad3c948f4d605d)
Start importing Assets/Projects/GravityDash/kenney_new-platformer-pack-1.1/Sprites/Tiles/Default/terrain_dirt_block_right.png using Guid(be46dfec669ad4f1091505ad7aebee05) Importer(2089858483,b0f066a214c2f5e87bad3c948f4d605d) (ScriptedImporter) -> (artifact id: '699aee001a9970143e56d221e1069c28') in 0.0266404 seconds
Number of updated asset objects reloaded before import = 0Number of asset objects unloaded after import = 3

========================================================================
Received Import Request.
  Time since last request: 0.000023 seconds.
  path: Assets/Projects/GravityDash/kenney_new-platformer-pack-1.1/Sprites/Tiles/Default/terrain_grass_block_top_right.png
  artifactKey: Guid(57e1dc28b826e4d7ea2a3eb137637380) Importer(2089858483,b0f066a214c2f5e87bad3c948f4d605d)
Start importing Assets/Projects/GravityDash/kenney_new-platformer-pack-1.1/Sprites/Tiles/Default/terrain_grass_block_top_right.png using Guid(57e1dc28b826e4d7ea2a3eb137637380) Importer(2089858483,b0f066a214c2f5e87bad3c948f4d605d) (ScriptedImporter) -> (artifact id: '8c4fdd4f1431a4e43880b569b5dc5f43') in 0.0305688 seconds
Number of updated asset objects reloaded before import = 0Number of asset objects unloaded after import = 3

========================================================================
Received Import Request.
  Time since last request: 0.000024 seconds.
  path: Assets/Projects/GravityDash/kenney_new-platformer-pack-1.1/Sprites/Tiles/Default/terrain_snow_vertical_bottom.png
  artifactKey: Guid(a50c1c686f7c242de8855e9cbf30558d) Importer(2089858483,b0f066a214c2f5e87bad3c948f4d605d)
Start importing Assets/Projects/GravityDash/kenney_new-platformer-pack-1.1/Sprites/Tiles/Default/terrain_snow_vertical_bottom.png using Guid(a50c1c686f7c242de8855e9cbf30558d) Importer(2089858483,b0f066a214c2f5e87bad3c948f4d605d) (ScriptedImporter) -> (artifact id: '55e16c81576c4847cd7c0e5ebb88d926') in 0.0280417 seconds
Number of updated asset objects reloaded before import = 0Number of asset objects unloaded after import = 3

========================================================================
Received Import Request.
  Time since last request: 0.000026 seconds.
  path: Assets/Projects/GravityDash/kenney_new-platformer-pack-1.1/Sprites/Tiles/Default/terrain_dirt_ramp_short_a.png
  artifactKey: Guid(b475411e0ebdf470182b554c92cabcf9) Importer(2089858483,b0f066a214c2f5e87bad3c948f4d605d)
Start importing Assets/Projects/GravityDash/kenney_new-platformer-pack-1.1/Sprites/Tiles/Default/terrain_dirt_ramp_short_a.png using Guid(b475411e0ebdf470182b554c92cabcf9) Importer(2089858483,b0f066a214c2f5e87bad3c948f4d605d) (ScriptedImporter) -> (artifact id: '3e5ebafaa6ff3ce18abcc0e262528689') in 0.0321838 seconds
Number of updated asset objects reloaded before import = 0Number of asset objects unloaded after import = 3

========================================================================
Received Import Request.
  Time since last request: 0.000035 seconds.
  path: Assets/Projects/GravityDash/kenney_new-platformer-pack-1.1/Sprites/Tiles/Default/hud_heart_empty.png
  artifactKey: Guid(70b0e4716ab6f4b748792769d20727eb) Importer(2089858483,b0f066a214c2f5e87bad3c948f4d605d)
Start importing Assets/Projects/GravityDash/kenney_new-platformer-pack-1.1/Sprites/Tiles/Default/hud_heart_empty.png using Guid(70b0e4716ab6f4b748792769d20727eb) Importer(2089858483,b0f066a214c2f5e87bad3c948f4d605d) (ScriptedImporter) -> (artifact id: '78b1534a7ba648dc264d36ba749c9398') in 0.0307959 seconds
Number of updated asset objects reloaded before import = 0Number of asset objects unloaded after import = 3

========================================================================
Received Import Request.
  Time since last request: 0.000029 seconds.
  path: Assets/Projects/GravityDash/kenney_new-platformer-pack-1.1/Sprites/Tiles/Default/terrain_stone_block_right.png
  artifactKey: Guid(2c82276775279405b9b29f84f6feb6be) Importer(2089858483,b0f066a214c2f5e87bad3c948f4d605d)
Start importing Assets/Projects/GravityDash/kenney_new-platformer-pack-1.1/Sprites/Tiles/Default/terrain_stone_block_right.png using Guid(2c82276775279405b9b29f84f6feb6be) Importer(2089858483,b0f066a214c2f5e87bad3c948f4d605d) (ScriptedImporter) -> (artifact id: '56728188d14800636464f4e4cc071064') in 0.0349374 seconds
Number of updated asset objects reloaded before import = 0Number of asset objects unloaded after import = 3

========================================================================
Received Import Request.
  Time since last request: 0.000043 seconds.
  path: Assets/Projects/GravityDash/kenney_new-platformer-pack-1.1/Sprites/Tiles/Default/terrain_grass_cloud.png
  artifactKey: Guid(dc182ef33e1e34dd3bf80e5754c0cf89) Importer(2089858483,b0f066a214c2f5e87bad3c948f4d605d)
Start importing Assets/Projects/GravityDash/kenney_new-platformer-pack-1.1/Sprites/Tiles/Default/terrain_grass_cloud.png using Guid(dc182ef33e1e34dd3bf80e5754c0cf89) Importer(2089858483,b0f066a214c2f5e87bad3c948f4d605d) (ScriptedImporter) -> (artifact id: '958cd9db866aab336df5cc2d9bcfbeae') in 0.0309013 seconds
Number of updated asset objects reloaded before import = 0Number of asset objects unloaded after import = 3

========================================================================
Received Import Request.
  Time since last request: 0.008824 seconds.
  path: Assets/Projects/GravityDash/kenney_new-platformer-pack-1.1/Sprites/Tiles/Default/terrain_stone_cloud_left.png
  artifactKey: Guid(a538980c2ec10482888903e89578748a) Importer(2089858483,b0f066a214c2f5e87bad3c948f4d605d)
Start importing Assets/Projects/GravityDash/kenney_new-platformer-pack-1.1/Sprites/Tiles/Default/terrain_stone_cloud_left.png using Guid(a538980c2ec10482888903e89578748a) Importer(2089858483,b0f066a214c2f5e87bad3c948f4d605d) (ScriptedImporter) -> (artifact id: 'ad485bbfc01d46f857461ee90c6b4a0c') in 0.0310798 seconds
Number of updated asset objects reloaded before import = 0Number of asset objects unloaded after import = 3

========================================================================
Received Import Request.
  Time since last request: 0.000023 seconds.
  path: Assets/Projects/GravityDash/kenney_new-platformer-pack-1.1/Sprites/Tiles/Double/terrain_stone_horizontal_middle.png
  artifactKey: Guid(35f4a7362a74b4a7ab805aa86b1498b5) Importer(2089858483,b0f066a214c2f5e87bad3c948f4d605d)
Start importing Assets/Projects/GravityDash/kenney_new-platformer-pack-1.1/Sprites/Tiles/Double/terrain_stone_horizontal_middle.png using Guid(35f4a7362a74b4a7ab805aa86b1498b5) Importer(2089858483,b0f066a214c2f5e87bad3c948f4d605d) (ScriptedImporter) -> (artifact id: 'a8e197ea1ee4c55b9733298f5c97b363') in 0.0275731 seconds
Number of updated asset objects reloaded before import = 0Number of asset objects unloaded after import = 3

========================================================================
Received Import Request.
  Time since last request: 0.000022 seconds.
  path: Assets/Projects/GravityDash/kenney_new-platformer-pack-1.1/Sprites/Tiles/Double/terrain_purple_vertical_top.png
  artifactKey: Guid(96f49f6f4853947fc96eaa609dcf85ee) Importer(2089858483,b0f066a214c2f5e87bad3c948f4d605d)
Start importing Assets/Projects/GravityDash/kenney_new-platformer-pack-1.1/Sprites/Tiles/Double/terrain_purple_vertical_top.png using Guid(96f49f6f4853947fc96eaa609dcf85ee) Importer(2089858483,b0f066a214c2f5e87bad3c948f4d605d) (ScriptedImporter) -> (artifact id: 'cd4862f342b4269f722579a4de265020') in 0.0271356 seconds
Number of updated asset objects reloaded before import = 0Number of asset objects unloaded after import = 3

========================================================================
Received Import Request.
  Time since last request: 0.000054 seconds.
  path: Assets/Projects/GravityDash/kenney_new-platformer-pack-1.1/Sprites/Tiles/Double/terrain_grass_cloud_left.png
  artifactKey: Guid(35a724faab7714a6a98dba4c11783e26) Importer(2089858483,b0f066a214c2f5e87bad3c948f4d605d)
Start importing Assets/Projects/GravityDash/kenney_new-platformer-pack-1.1/Sprites/Tiles/Double/terrain_grass_cloud_left.png using Guid(35a724faab7714a6a98dba4c11783e26) Importer(2089858483,b0f066a214c2f5e87bad3c948f4d605d) (ScriptedImporter) -> (artifact id: '4fce44cbd155284f9415766cc442ddb9') in 0.0316909 seconds
Number of updated asset objects reloaded before import = 0Number of asset objects unloaded after import = 3

========================================================================
Received Import Request.
  Time since last request: 0.000031 seconds.
  path: Assets/Projects/GravityDash/kenney_new-platformer-pack-1.1/Sprites/Tiles/Double/terrain_stone_block_center.png
  artifactKey: Guid(0193653333b3f446cb9fafd861fc2bb7) Importer(2089858483,b0f066a214c2f5e87bad3c948f4d605d)
Start importing Assets/Projects/GravityDash/kenney_new-platformer-pack-1.1/Sprites/Tiles/Double/terrain_stone_block_center.png using Guid(0193653333b3f446cb9fafd861fc2bb7) Importer(2089858483,b0f066a214c2f5e87bad3c948f4d605d) (ScriptedImporter) -> (artifact id: '3b4a62e3c5c0058abe63d6d5e32252d8') in 0.0322806 seconds
Number of updated asset objects reloaded before import = 0Number of asset objects unloaded after import = 3

========================================================================
Received Import Request.
  Time since last request: 0.000025 seconds.
  path: Assets/Projects/GravityDash/kenney_new-platformer-pack-1.1/Sprites/Tiles/Double/hud_player_green.png
  artifactKey: Guid(812aca387fe6640b68fb6da8848b8a13) Importer(2089858483,b0f066a214c2f5e87bad3c948f4d605d)
Start importing Assets/Projects/GravityDash/kenney_new-platformer-pack-1.1/Sprites/Tiles/Double/hud_player_green.png using Guid(812aca387fe6640b68fb6da8848b8a13) Importer(2089858483,b0f066a214c2f5e87bad3c948f4d605d) (ScriptedImporter) -> (artifact id: '66c69ee8856f3e4b247ce4cb537531f6') in 0.0281258 seconds
Number of updated asset objects reloaded before import = 0Number of asset objects unloaded after import = 3

========================================================================
Received Import Request.
  Time since last request: 0.000051 seconds.
  path: Assets/Projects/GravityDash/kenney_new-platformer-pack-1.1/Sprites/Tiles/Double/terrain_sand_vertical_top.png
  artifactKey: Guid(a21684b766e764247adfcbaaa8586414) Importer(2089858483,b0f066a214c2f5e87bad3c948f4d605d)
Start importing Assets/Projects/GravityDash/kenney_new-platformer-pack-1.1/Sprites/Tiles/Double/terrain_sand_vertical_top.png using Guid(a21684b766e764247adfcbaaa8586414) Importer(2089858483,b0f066a214c2f5e87bad3c948f4d605d) (ScriptedImporter) -> (artifact id: '60500435bb74239cf89fa28c2a92721c') in 0.0257772 seconds
Number of updated asset objects reloaded before import = 0Number of asset objects unloaded after import = 3

========================================================================
Received Import Request.
  Time since last request: 0.000036 seconds.
  path: Assets/Projects/GravityDash/kenney_new-platformer-pack-1.1/Sprites/Tiles/Double/fence_broken.png
  artifactKey: Guid(c873a44eb3e83482a87c23aae7171b29) Importer(2089858483,b0f066a214c2f5e87bad3c948f4d605d)
Start importing Assets/Projects/GravityDash/kenney_new-platformer-pack-1.1/Sprites/Tiles/Double/fence_broken.png using Guid(c873a44eb3e83482a87c23aae7171b29) Importer(2089858483,b0f066a214c2f5e87bad3c948f4d605d) (ScriptedImporter) -> (artifact id: '4ef48c27f0d40bc1ce6c7b0a000fc26a') in 0.027914 seconds
Number of updated asset objects reloaded before import = 0Number of asset objects unloaded after import = 3

========================================================================
Received Import Request.
  Time since last request: 0.000021 seconds.
  path: Assets/Projects/GravityDash/kenney_new-platformer-pack-1.1/Sprites/Tiles/Double/hud_coin.png
  artifactKey: Guid(8301fbf409c024de1a2ab26c2b5bbf3e) Importer(2089858483,b0f066a214c2f5e87bad3c948f4d605d)
Start importing Assets/Projects/GravityDash/kenney_new-platformer-pack-1.1/Sprites/Tiles/Double/hud_coin.png using Guid(8301fbf409c024de1a2ab26c2b5bbf3e) Importer(2089858483,b0f066a214c2f5e87bad3c948f4d605d) (ScriptedImporter) -> (artifact id: 'd320440fb414bef0bf522394fce73084') in 0.0323926 seconds
Number of updated asset objects reloaded before import = 0Number of asset objects unloaded after import = 3

========================================================================
Received Import Request.
  Time since last request: 0.000022 seconds.
  path: Assets/Projects/GravityDash/kenney_new-platformer-pack-1.1/Sprites/Tiles/Double/terrain_dirt_vertical_middle.png
  artifactKey: Guid(b442d371a285f41809620466864d911f) Importer(2089858483,b0f066a214c2f5e87bad3c948f4d605d)
Start importing Assets/Projects/GravityDash/kenney_new-platformer-pack-1.1/Sprites/Tiles/Double/terrain_dirt_vertical_middle.png using Guid(b442d371a285f41809620466864d911f) Importer(2089858483,b0f066a214c2f5e87bad3c948f4d605d) (ScriptedImporter) -> (artifact id: '3bf3c0bf42eb820a48a46e2eccfeaadd') in 0.0304897 seconds
Number of updated asset objects reloaded before import = 0Number of asset objects unloaded after import = 3

========================================================================
Received Import Request.
  Time since last request: 0.000023 seconds.
  path: Assets/Projects/GravityDash/kenney_new-platformer-pack-1.1/Sprites/Tiles/Double/door_open_top.png
  artifactKey: Guid(fdd1516155425499eada303fc3b1e7cf) Importer(2089858483,b0f066a214c2f5e87bad3c948f4d605d)
Start importing Assets/Projects/GravityDash/kenney_new-platformer-pack-1.1/Sprites/Tiles/Double/door_open_top.png using Guid(fdd1516155425499eada303fc3b1e7cf) Importer(2089858483,b0f066a214c2f5e87bad3c948f4d605d) (ScriptedImporter) -> (artifact id: '21cc2e4055f10f6be918f46672e77abb') in 0.0296954 seconds
Number of updated asset objects reloaded before import = 0Number of asset objects unloaded after import = 3

========================================================================
Received Import Request.
  Time since last request: 0.000022 seconds.
  path: Assets/Projects/GravityDash/kenney_new-platformer-pack-1.1/Sprites/Tiles/Double/gem_blue.png
  artifactKey: Guid(8b66c6cd5c3d0472f9945ca98e44f9ed) Importer(2089858483,b0f066a214c2f5e87bad3c948f4d605d)
Start importing Assets/Projects/GravityDash/kenney_new-platformer-pack-1.1/Sprites/Tiles/Double/gem_blue.png using Guid(8b66c6cd5c3d0472f9945ca98e44f9ed) Importer(2089858483,b0f066a214c2f5e87bad3c948f4d605d) (ScriptedImporter) -> (artifact id: '3ed239ce0acee382eec2cbcea13a0467') in 0.0279536 seconds
Number of updated asset objects reloaded before import = 0Number of asset objects unloaded after import = 3

========================================================================
Received Import Request.
  Time since last request: 0.000023 seconds.
  path: Assets/Projects/GravityDash/kenney_new-platformer-pack-1.1/Sprites/Tiles/Double/terrain_purple_horizontal_middle.png
  artifactKey: Guid(441d0e555b5984ba7806acb157716a73) Importer(2089858483,b0f066a214c2f5e87bad3c948f4d605d)
Start importing Assets/Projects/GravityDash/kenney_new-platformer-pack-1.1/Sprites/Tiles/Double/terrain_purple_horizontal_middle.png using Guid(441d0e555b5984ba7806acb157716a73) Importer(2089858483,b0f066a214c2f5e87bad3c948f4d605d) (ScriptedImporter) -> (artifact id: '4cedeff184b53aa64946abdecd5c2cea') in 0.0286051 seconds
Number of updated asset objects reloaded before import = 0Number of asset objects unloaded after import = 3

========================================================================
Received Import Request.
  Time since last request: 0.000043 seconds.
  path: Assets/Projects/GravityDash/kenney_new-platformer-pack-1.1/Sprites/Tiles/Double/hud_character_9.png
  artifactKey: Guid(daa8cd3eeec264a23bcad1ba0d0b7ab3) Importer(2089858483,b0f066a214c2f5e87bad3c948f4d605d)
Start importing Assets/Projects/GravityDash/kenney_new-platformer-pack-1.1/Sprites/Tiles/Double/hud_character_9.png using Guid(daa8cd3eeec264a23bcad1ba0d0b7ab3) Importer(2089858483,b0f066a214c2f5e87bad3c948f4d605d) (ScriptedImporter) -> (artifact id: '29d53346323e774243aa35ba8a5b9509') in 0.0304999 seconds
Number of updated asset objects reloaded before import = 0Number of asset objects unloaded after import = 3

========================================================================
Received Import Request.
  Time since last request: 0.000022 seconds.
  path: Assets/Projects/GravityDash/kenney_new-platformer-pack-1.1/Sprites/Tiles/Double/lever.png
  artifactKey: Guid(d77fd629987244e5ca7c4335c805c0db) Importer(2089858483,b0f066a214c2f5e87bad3c948f4d605d)
Start importing Assets/Projects/GravityDash/kenney_new-platformer-pack-1.1/Sprites/Tiles/Double/lever.png using Guid(d77fd629987244e5ca7c4335c805c0db) Importer(2089858483,b0f066a214c2f5e87bad3c948f4d605d) (ScriptedImporter) -> (artifact id: '5c524895b98b54de10fc1bc47b7ea1f0') in 0.0300998 seconds
Number of updated asset objects reloaded before import = 0Number of asset objects unloaded after import = 3

========================================================================
Received Import Request.
  Time since last request: 0.000021 seconds.
  path: Assets/Projects/GravityDash/kenney_new-platformer-pack-1.1/Sprites/Tiles/Double/mushroom_brown.png
  artifactKey: Guid(bbcf9159fa81847028684b3d54754c21) Importer(2089858483,b0f066a214c2f5e87bad3c948f4d605d)
Start importing Assets/Projects/GravityDash/kenney_new-platformer-pack-1.1/Sprites/Tiles/Double/mushroom_brown.png using Guid(bbcf9159fa81847028684b3d54754c21) Importer(2089858483,b0f066a214c2f5e87bad3c948f4d605d) (ScriptedImporter) -> (artifact id: 'f3b1939bd3bf66e8f557c59afa063274') in 0.0290716 seconds
Number of updated asset objects reloaded before import = 0Number of asset objects unloaded after import = 3

========================================================================
Received Import Request.
  Time since last request: 0.000022 seconds.
  path: Assets/Projects/GravityDash/kenney_new-platformer-pack-1.1/Sprites/Tiles/Double/hill.png
  artifactKey: Guid(521da3e90fe3a4087958c15c5060f606) Importer(2089858483,b0f066a214c2f5e87bad3c948f4d605d)
Start importing Assets/Projects/GravityDash/kenney_new-platformer-pack-1.1/Sprites/Tiles/Double/hill.png using Guid(521da3e90fe3a4087958c15c5060f606) Importer(2089858483,b0f066a214c2f5e87bad3c948f4d605d) (ScriptedImporter) -> (artifact id: 'ea4dba104b8fab704b4c1984e26258f0') in 0.0291837 seconds
Number of updated asset objects reloaded before import = 0Number of asset objects unloaded after import = 3

========================================================================
Received Import Request.
  Time since last request: 0.000023 seconds.
  path: Assets/Projects/GravityDash/kenney_new-platformer-pack-1.1/Sprites/Tiles/Double/brick_grey.png
  artifactKey: Guid(4c4924f4f18ea4a87b0d9b7b5f284619) Importer(2089858483,b0f066a214c2f5e87bad3c948f4d605d)
Start importing Assets/Projects/GravityDash/kenney_new-platformer-pack-1.1/Sprites/Tiles/Double/brick_grey.png using Guid(4c4924f4f18ea4a87b0d9b7b5f284619) Importer(2089858483,b0f066a214c2f5e87bad3c948f4d605d) (ScriptedImporter) -> (artifact id: 'baad3af0d17f5cadb07a4a63f14ef777') in 0.0277356 seconds
Number of updated asset objects reloaded before import = 0Number of asset objects unloaded after import = 3

========================================================================
Received Import Request.
  Time since last request: 0.000030 seconds.
  path: Assets/Projects/GravityDash/kenney_new-platformer-pack-1.1/Sprites/Tiles/Default/window.png
  artifactKey: Guid(519f777c201494c8f9f7bd50f79ecd30) Importer(2089858483,b0f066a214c2f5e87bad3c948f4d605d)
Start importing Assets/Projects/GravityDash/kenney_new-platformer-pack-1.1/Sprites/Tiles/Default/window.png using Guid(519f777c201494c8f9f7bd50f79ecd30) Importer(2089858483,b0f066a214c2f5e87bad3c948f4d605d) (ScriptedImporter) -> (artifact id: 'f48ef8c85e0058c0591ba18fbee6f432') in 0.0259674 seconds
Number of updated asset objects reloaded before import = 0Number of asset objects unloaded after import = 3

========================================================================
Received Import Request.
  Time since last request: 0.000024 seconds.
  path: Assets/Projects/GravityDash/kenney_new-platformer-pack-1.1/Sprites/Tiles/Double/terrain_snow_block_left.png
  artifactKey: Guid(140d5c25e8e38429395c046fc7364b0f) Importer(2089858483,b0f066a214c2f5e87bad3c948f4d605d)
Start importing Assets/Projects/GravityDash/kenney_new-platformer-pack-1.1/Sprites/Tiles/Double/terrain_snow_block_left.png using Guid(140d5c25e8e38429395c046fc7364b0f) Importer(2089858483,b0f066a214c2f5e87bad3c948f4d605d) (ScriptedImporter) -> (artifact id: 'd5ffe27accb3c1d3f4a1a028fb37f830') in 0.0284765 seconds
Number of updated asset objects reloaded before import = 0Number of asset objects unloaded after import = 3

========================================================================
Received Import Request.
  Time since last request: 0.000036 seconds.
  path: Assets/Projects/GravityDash/kenney_new-platformer-pack-1.1/Sprites/Tiles/Double/flag_off.png
  artifactKey: Guid(dbfc56e2a028a44bc89b65a53340b276) Importer(2089858483,b0f066a214c2f5e87bad3c948f4d605d)
Start importing Assets/Projects/GravityDash/kenney_new-platformer-pack-1.1/Sprites/Tiles/Double/flag_off.png using Guid(dbfc56e2a028a44bc89b65a53340b276) Importer(2089858483,b0f066a214c2f5e87bad3c948f4d605d) (ScriptedImporter) -> (artifact id: 'ad33583dc8b4b5c0b935fd164aae6609') in 0.0298666 seconds
Number of updated asset objects reloaded before import = 0Number of asset objects unloaded after import = 3

========================================================================
Received Import Request.
  Time since last request: 0.000031 seconds.
  path: Assets/Projects/GravityDash/kenney_new-platformer-pack-1.1/Sprites/Tiles/Double/terrain_grass_horizontal_right.png
  artifactKey: Guid(6fbf8fa9dd9ca457cba57fa6355cfb5e) Importer(2089858483,b0f066a214c2f5e87bad3c948f4d605d)
Start importing Assets/Projects/GravityDash/kenney_new-platformer-pack-1.1/Sprites/Tiles/Double/terrain_grass_horizontal_right.png using Guid(6fbf8fa9dd9ca457cba57fa6355cfb5e) Importer(2089858483,b0f066a214c2f5e87bad3c948f4d605d) (ScriptedImporter) -> (artifact id: '3bd2b9ec4e2fc652b2daf1c805aabfa5') in 0.0309762 seconds
Number of updated asset objects reloaded before import = 0Number of asset objects unloaded after import = 3

========================================================================
Received Import Request.
  Time since last request: 0.000074 seconds.
  path: Assets/Projects/GravityDash/kenney_new-platformer-pack-1.1/Sprites/Tiles/Double/terrain_snow_ramp_long_c.png
  artifactKey: Guid(ea1ec6fb1e5504746ae693bb88483bd1) Importer(2089858483,b0f066a214c2f5e87bad3c948f4d605d)
Start importing Assets/Projects/GravityDash/kenney_new-platformer-pack-1.1/Sprites/Tiles/Double/terrain_snow_ramp_long_c.png using Guid(ea1ec6fb1e5504746ae693bb88483bd1) Importer(2089858483,b0f066a214c2f5e87bad3c948f4d605d) (ScriptedImporter) -> (artifact id: '254df72f90eec0d1e2b5bd68bf372a5a') in 0.0254063 seconds
Number of updated asset objects reloaded before import = 0Number of asset objects unloaded after import = 3

========================================================================
Received Import Request.
  Time since last request: 0.000034 seconds.
  path: Assets/Projects/GravityDash/kenney_new-platformer-pack-1.1/Sprites/Tiles/Double/terrain_sand_horizontal_overhang_right.png
  artifactKey: Guid(1fa422383ea2c4b138fc35f671cdb406) Importer(2089858483,b0f066a214c2f5e87bad3c948f4d605d)
Start importing Assets/Projects/GravityDash/kenney_new-platformer-pack-1.1/Sprites/Tiles/Double/terrain_sand_horizontal_overhang_right.png using Guid(1fa422383ea2c4b138fc35f671cdb406) Importer(2089858483,b0f066a214c2f5e87bad3c948f4d605d) (ScriptedImporter) -> (artifact id: '3af465037eecb2bb1428d8dc64191213') in 0.0325511 seconds
Number of updated asset objects reloaded before import = 0Number of asset objects unloaded after import = 3

========================================================================
Received Import Request.
  Time since last request: 0.000023 seconds.
  path: Assets/Projects/GravityDash/kenney_new-platformer-pack-1.1/Sprites/Tiles/Double/terrain_purple_cloud_right.png
  artifactKey: Guid(6eb3453a3263d45e485f5faff3bfe349) Importer(2089858483,b0f066a214c2f5e87bad3c948f4d605d)
Start importing Assets/Projects/GravityDash/kenney_new-platformer-pack-1.1/Sprites/Tiles/Double/terrain_purple_cloud_right.png using Guid(6eb3453a3263d45e485f5faff3bfe349) Importer(2089858483,b0f066a214c2f5e87bad3c948f4d605d) (ScriptedImporter) -> (artifact id: 'a814a42cb44bf31c72b02e2af2430f9d') in 0.0289872 seconds
Number of updated asset objects reloaded before import = 0Number of asset objects unloaded after import = 3

========================================================================
Received Import Request.
  Time since last request: 0.000022 seconds.
  path: Assets/Projects/GravityDash/kenney_new-platformer-pack-1.1/Sprites/Tiles/Double/terrain_grass_vertical_middle.png
  artifactKey: Guid(f8b6fb789a58c4b6eb3aad98d2c6fa42) Importer(2089858483,b0f066a214c2f5e87bad3c948f4d605d)
Start importing Assets/Projects/GravityDash/kenney_new-platformer-pack-1.1/Sprites/Tiles/Double/terrain_grass_vertical_middle.png using Guid(f8b6fb789a58c4b6eb3aad98d2c6fa42) Importer(2089858483,b0f066a214c2f5e87bad3c948f4d605d) (ScriptedImporter) -> (artifact id: '818637328da486f138b455b56b7ec153') in 0.0266187 seconds
Number of updated asset objects reloaded before import = 0Number of asset objects unloaded after import = 3

========================================================================
Received Import Request.
  Time since last request: 0.000026 seconds.
  path: Assets/Projects/GravityDash/kenney_new-platformer-pack-1.1/Sprites/Tiles/Double/terrain_dirt_cloud_background.png
  artifactKey: Guid(6a5f2b7f9ffce46bd8b4c48ec6dd7aa0) Importer(2089858483,b0f066a214c2f5e87bad3c948f4d605d)
Start importing Assets/Projects/GravityDash/kenney_new-platformer-pack-1.1/Sprites/Tiles/Double/terrain_dirt_cloud_background.png using Guid(6a5f2b7f9ffce46bd8b4c48ec6dd7aa0) Importer(2089858483,b0f066a214c2f5e87bad3c948f4d605d) (ScriptedImporter) -> (artifact id: '5a0be459814dc1228cbad55fd481d436') in 0.0307266 seconds
Number of updated asset objects reloaded before import = 0Number of asset objects unloaded after import = 3

========================================================================
Received Import Request.
  Time since last request: 0.000034 seconds.
  path: Assets/Projects/GravityDash/kenney_new-platformer-pack-1.1/Sprites/Tiles/Double/hud_heart_half.png
  artifactKey: Guid(96c3125bed62544ff85752adbeffa6b6) Importer(2089858483,b0f066a214c2f5e87bad3c948f4d605d)
Start importing Assets/Projects/GravityDash/kenney_new-platformer-pack-1.1/Sprites/Tiles/Double/hud_heart_half.png using Guid(96c3125bed62544ff85752adbeffa6b6) Importer(2089858483,b0f066a214c2f5e87bad3c948f4d605d) (ScriptedImporter) -> (artifact id: '786734ce07aa9f371ee0826fdc47d01b') in 0.0295314 seconds
Number of updated asset objects reloaded before import = 0Number of asset objects unloaded after import = 3

========================================================================
Received Import Request.
  Time since last request: 0.000023 seconds.
  path: Assets/Projects/GravityDash/kenney_new-platformer-pack-1.1/Sprites/Tiles/Double/terrain_grass_horizontal_middle.png
  artifactKey: Guid(e28442854b26440929dcdfba36deada6) Importer(2089858483,b0f066a214c2f5e87bad3c948f4d605d)
Start importing Assets/Projects/GravityDash/kenney_new-platformer-pack-1.1/Sprites/Tiles/Double/terrain_grass_horizontal_middle.png using Guid(e28442854b26440929dcdfba36deada6) Importer(2089858483,b0f066a214c2f5e87bad3c948f4d605d) (ScriptedImporter) -> (artifact id: 'da7c2ee6f2518526a7c1cadb96f315cb') in 0.028115 seconds
Number of updated asset objects reloaded before import = 0Number of asset objects unloaded after import = 3

========================================================================
Received Import Request.
  Time since last request: 0.000023 seconds.
  path: Assets/Projects/GravityDash/kenney_new-platformer-pack-1.1/Sprites/Tiles/Double/terrain_snow_block_top.png
  artifactKey: Guid(7e8e47a782a8c4d1e99253c095a662e5) Importer(2089858483,b0f066a214c2f5e87bad3c948f4d605d)
Start importing Assets/Projects/GravityDash/kenney_new-platformer-pack-1.1/Sprites/Tiles/Double/terrain_snow_block_top.png using Guid(7e8e47a782a8c4d1e99253c095a662e5) Importer(2089858483,b0f066a214c2f5e87bad3c948f4d605d) (ScriptedImporter) -> (artifact id: 'bb15ec1f4c33f6f706123b1f3e65bb7e') in 0.0266305 seconds
Number of updated asset objects reloaded before import = 0Number of asset objects unloaded after import = 3

========================================================================
Received Import Request.
  Time since last request: 0.000034 seconds.
  path: Assets/Projects/GravityDash/kenney_new-platformer-pack-1.1/Sprites/Tiles/Double/terrain_stone_ramp_short_b.png
  artifactKey: Guid(cad5076d9a6e647a689497c041da30c0) Importer(2089858483,b0f066a214c2f5e87bad3c948f4d605d)
Start importing Assets/Projects/GravityDash/kenney_new-platformer-pack-1.1/Sprites/Tiles/Double/terrain_stone_ramp_short_b.png using Guid(cad5076d9a6e647a689497c041da30c0) Importer(2089858483,b0f066a214c2f5e87bad3c948f4d605d) (ScriptedImporter) -> (artifact id: '73ac7121641cc2bc34d22e052dbc4358') in 0.032868 seconds
Number of updated asset objects reloaded before import = 0Number of asset objects unloaded after import = 3

========================================================================
Received Import Request.
  Time since last request: 0.000062 seconds.
  path: Assets/Projects/GravityDash/kenney_new-platformer-pack-1.1/Sprites/Tiles/Double/terrain_stone_vertical_top.png
  artifactKey: Guid(b9e303e6a6db6498a9820178c689ef94) Importer(2089858483,b0f066a214c2f5e87bad3c948f4d605d)
Start importing Assets/Projects/GravityDash/kenney_new-platformer-pack-1.1/Sprites/Tiles/Double/terrain_stone_vertical_top.png using Guid(b9e303e6a6db6498a9820178c689ef94) Importer(2089858483,b0f066a214c2f5e87bad3c948f4d605d) (ScriptedImporter) -> (artifact id: 'af7a84e45184b98bbf79e88a0e627d3b') in 0.0310776 seconds
Number of updated asset objects reloaded before import = 0Number of asset objects unloaded after import = 3

========================================================================
Received Import Request.
  Time since last request: 0.000019 seconds.
  path: Assets/Projects/GravityDash/kenney_new-platformer-pack-1.1/Sprites/Tiles/Double/terrain_snow_cloud_left.png
  artifactKey: Guid(bcbb861935e894d7e9c39c4a77ba1d43) Importer(2089858483,b0f066a214c2f5e87bad3c948f4d605d)
Start importing Assets/Projects/GravityDash/kenney_new-platformer-pack-1.1/Sprites/Tiles/Double/terrain_snow_cloud_left.png using Guid(bcbb861935e894d7e9c39c4a77ba1d43) Importer(2089858483,b0f066a214c2f5e87bad3c948f4d605d) (ScriptedImporter) -> (artifact id: '0759f8bc69049aa08d252b5a06d52f6f') in 0.0329707 seconds
Number of updated asset objects reloaded before import = 0Number of asset objects unloaded after import = 3

========================================================================
Received Import Request.
  Time since last request: 0.000034 seconds.
  path: Assets/Projects/GravityDash/kenney_new-platformer-pack-1.1/Sprites/Tiles/Double/flag_green_b.png
  artifactKey: Guid(48e52d2e748e746a4adca7ff92b11e58) Importer(2089858483,b0f066a214c2f5e87bad3c948f4d605d)
Start importing Assets/Projects/GravityDash/kenney_new-platformer-pack-1.1/Sprites/Tiles/Double/flag_green_b.png using Guid(48e52d2e748e746a4adca7ff92b11e58) Importer(2089858483,b0f066a214c2f5e87bad3c948f4d605d) (ScriptedImporter) -> (artifact id: '96531174715ee635e3c61d8be2105683') in 0.0266339 seconds
Number of updated asset objects reloaded before import = 0Number of asset objects unloaded after import = 3

========================================================================
Received Import Request.
  Time since last request: 0.000037 seconds.
  path: Assets/Projects/GravityDash/kenney_new-platformer-pack-1.1/Sprites/Tiles/Double/terrain_purple_cloud_middle.png
  artifactKey: Guid(e90d46f063e594115af279e091b41ceb) Importer(2089858483,b0f066a214c2f5e87bad3c948f4d605d)
Start importing Assets/Projects/GravityDash/kenney_new-platformer-pack-1.1/Sprites/Tiles/Double/terrain_purple_cloud_middle.png using Guid(e90d46f063e594115af279e091b41ceb) Importer(2089858483,b0f066a214c2f5e87bad3c948f4d605d) (ScriptedImporter) -> (artifact id: '623dff33c4ebc65513382ed59030b294') in 0.0326127 seconds
Number of updated asset objects reloaded before import = 0Number of asset objects unloaded after import = 3

========================================================================
Received Import Request.
  Time since last request: 0.000028 seconds.
  path: Assets/Projects/GravityDash/kenney_new-platformer-pack-1.1/Sprites/Tiles/Default/terrain_stone_horizontal_right.png
  artifactKey: Guid(dd07b2f96f44347c5b84bbda54c2e09e) Importer(2089858483,b0f066a214c2f5e87bad3c948f4d605d)
Start importing Assets/Projects/GravityDash/kenney_new-platformer-pack-1.1/Sprites/Tiles/Default/terrain_stone_horizontal_right.png using Guid(dd07b2f96f44347c5b84bbda54c2e09e) Importer(2089858483,b0f066a214c2f5e87bad3c948f4d605d) (ScriptedImporter) -> (artifact id: '884c62f3e85e011e9fcd780edbc54239') in 0.0350903 seconds
Number of updated asset objects reloaded before import = 0Number of asset objects unloaded after import = 3

========================================================================
Received Import Request.
  Time since last request: 0.000032 seconds.
  path: Assets/Projects/GravityDash/kenney_new-platformer-pack-1.1/Sprites/Tiles/Double/spring.png
  artifactKey: Guid(e182cd64fed2749b6819036a16a8b179) Importer(2089858483,b0f066a214c2f5e87bad3c948f4d605d)
Start importing Assets/Projects/GravityDash/kenney_new-platformer-pack-1.1/Sprites/Tiles/Double/spring.png using Guid(e182cd64fed2749b6819036a16a8b179) Importer(2089858483,b0f066a214c2f5e87bad3c948f4d605d) (ScriptedImporter) -> (artifact id: '4df63a63c071f7363b45500d6ba89245') in 0.0272316 seconds
Number of updated asset objects reloaded before import = 0Number of asset objects unloaded after import = 3

========================================================================
Received Import Request.
  Time since last request: 0.000022 seconds.
  path: Assets/Projects/GravityDash/kenney_new-platformer-pack-1.1/Sprites/Tiles/Double/terrain_purple_cloud.png
  artifactKey: Guid(c7614d7366513459881882e7db3bcb1d) Importer(2089858483,b0f066a214c2f5e87bad3c948f4d605d)
Start importing Assets/Projects/GravityDash/kenney_new-platformer-pack-1.1/Sprites/Tiles/Double/terrain_purple_cloud.png using Guid(c7614d7366513459881882e7db3bcb1d) Importer(2089858483,b0f066a214c2f5e87bad3c948f4d605d) (ScriptedImporter) -> (artifact id: 'a1c12cf8ccc038dbaa0f239636ec64dd') in 0.0301126 seconds
Number of updated asset objects reloaded before import = 0Number of asset objects unloaded after import = 3

========================================================================
Received Import Request.
  Time since last request: 0.000080 seconds.
  path: Assets/Projects/GravityDash/kenney_new-platformer-pack-1.1/Sprites/Tiles/Double/terrain_snow_horizontal_middle.png
  artifactKey: Guid(5255aedba272b4fe484da40700895341) Importer(2089858483,b0f066a214c2f5e87bad3c948f4d605d)
Start importing Assets/Projects/GravityDash/kenney_new-platformer-pack-1.1/Sprites/Tiles/Double/terrain_snow_horizontal_middle.png using Guid(5255aedba272b4fe484da40700895341) Importer(2089858483,b0f066a214c2f5e87bad3c948f4d605d) (ScriptedImporter) -> (artifact id: '09633c20dd8315d2fc8b5bdb999d452c') in 0.0279982 seconds
Number of updated asset objects reloaded before import = 0Number of asset objects unloaded after import = 3

========================================================================
Received Import Request.
  Time since last request: 0.000026 seconds.
  path: Assets/Projects/GravityDash/kenney_new-platformer-pack-1.1/Sprites/Tiles/Double/terrain_grass_block_top.png
  artifactKey: Guid(cb6ee634838c54a4fb3860aa9ec90b96) Importer(2089858483,b0f066a214c2f5e87bad3c948f4d605d)
Start importing Assets/Projects/GravityDash/kenney_new-platformer-pack-1.1/Sprites/Tiles/Double/terrain_grass_block_top.png using Guid(cb6ee634838c54a4fb3860aa9ec90b96) Importer(2089858483,b0f066a214c2f5e87bad3c948f4d605d) (ScriptedImporter) -> (artifact id: 'bac90764b88e69f89b6d452a5ccdfaa5') in 0.0292692 seconds
Number of updated asset objects reloaded before import = 0Number of asset objects unloaded after import = 3

========================================================================
Received Import Request.
  Time since last request: 0.000039 seconds.
  path: Assets/Projects/GravityDash/kenney_ui-pack/PNG/Blue/Double/arrow_basic_n_small.png
  artifactKey: Guid(bbd8cbb69ded1487bac922ae57c22bcf) Importer(2089858483,b0f066a214c2f5e87bad3c948f4d605d)
Start importing Assets/Projects/GravityDash/kenney_ui-pack/PNG/Blue/Double/arrow_basic_n_small.png using Guid(bbd8cbb69ded1487bac922ae57c22bcf) Importer(2089858483,b0f066a214c2f5e87bad3c948f4d605d) (ScriptedImporter) -> (artifact id: '01c651496e97c5571d6412f46833b17b') in 0.032298 seconds
Number of updated asset objects reloaded before import = 0Number of asset objects unloaded after import = 3

========================================================================
Received Import Request.
  Time since last request: 0.000037 seconds.
  path: Assets/Projects/GravityDash/kenney_ui-pack/PNG/Blue/Default/check_square_grey_cross.png
  artifactKey: Guid(9b6714342e167498eab6c12a93f08c8d) Importer(2089858483,b0f066a214c2f5e87bad3c948f4d605d)
Start importing Assets/Projects/GravityDash/kenney_ui-pack/PNG/Blue/Default/check_square_grey_cross.png using Guid(9b6714342e167498eab6c12a93f08c8d) Importer(2089858483,b0f066a214c2f5e87bad3c948f4d605d) (ScriptedImporter) -> (artifact id: '6300bca2f9e1f00626a269927b30c4e5') in 0.0308548 seconds
Number of updated asset objects reloaded before import = 0Number of asset objects unloaded after import = 3

========================================================================
Received Import Request.
  Time since last request: 0.000021 seconds.
  path: Assets/Projects/GravityDash/kenney_ui-pack/PNG/Blue/Double/button_rectangle_depth_gloss.png
  artifactKey: Guid(0de4d5000ff5645728d40b10c74a5bc5) Importer(2089858483,b0f066a214c2f5e87bad3c948f4d605d)
Start importing Assets/Projects/GravityDash/kenney_ui-pack/PNG/Blue/Double/button_rectangle_depth_gloss.png using Guid(0de4d5000ff5645728d40b10c74a5bc5) Importer(2089858483,b0f066a214c2f5e87bad3c948f4d605d) (ScriptedImporter) -> (artifact id: 'f9ebc7b7502f35ad4695abcf03df46fc') in 0.0311788 seconds
Number of updated asset objects reloaded before import = 0Number of asset objects unloaded after import = 3

========================================================================
Received Import Request.
  Time since last request: 0.000019 seconds.
  path: Assets/Projects/GravityDash/kenney_ui-pack/PNG/Blue/Double/slide_vertical_color_section_wide.png
  artifactKey: Guid(668bbd551cb314f568bde89fcf748cf9) Importer(2089858483,b0f066a214c2f5e87bad3c948f4d605d)
Start importing Assets/Projects/GravityDash/kenney_ui-pack/PNG/Blue/Double/slide_vertical_color_section_wide.png using Guid(668bbd551cb314f568bde89fcf748cf9) Importer(2089858483,b0f066a214c2f5e87bad3c948f4d605d) (ScriptedImporter) -> (artifact id: '7f263d037a7754c8be130741a4925f33') in 0.0278841 seconds
Number of updated asset objects reloaded before import = 0Number of asset objects unloaded after import = 3

========================================================================
Received Import Request.
  Time since last request: 0.000020 seconds.
  path: Assets/Projects/GravityDash/kenney_ui-pack/PNG/Extra/Default/icon_arrow_up_dark.png
  artifactKey: Guid(c2355775c0a4a4c33b1264e074b9e335) Importer(2089858483,b0f066a214c2f5e87bad3c948f4d605d)
Start importing Assets/Projects/GravityDash/kenney_ui-pack/PNG/Extra/Default/icon_arrow_up_dark.png using Guid(c2355775c0a4a4c33b1264e074b9e335) Importer(2089858483,b0f066a214c2f5e87bad3c948f4d605d) (ScriptedImporter) -> (artifact id: 'c65ac2567d9ea621fe42a2a54b87b215') in 0.0287609 seconds
Number of updated asset objects reloaded before import = 0Number of asset objects unloaded after import = 3

========================================================================
Received Import Request.
  Time since last request: 0.000023 seconds.
  path: Assets/Projects/GravityDash/kenney_ui-pack/PNG/Blue/Default/check_square_color_cross.png
  artifactKey: Guid(fe3aece0ed899475eb82fcb7d925d88f) Importer(2089858483,b0f066a214c2f5e87bad3c948f4d605d)
Start importing Assets/Projects/GravityDash/kenney_ui-pack/PNG/Blue/Default/check_square_color_cross.png using Guid(fe3aece0ed899475eb82fcb7d925d88f) Importer(2089858483,b0f066a214c2f5e87bad3c948f4d605d) (ScriptedImporter) -> (artifact id: '6eb7e054c77cd91e7d2cf94558afa8b9') in 0.0290541 seconds
Number of updated asset objects reloaded before import = 0Number of asset objects unloaded after import = 3

========================================================================
Received Import Request.
  Time since last request: 0.000022 seconds.
  path: Assets/Projects/GravityDash/kenney_ui-pack/PNG/Blue/Double/arrow_basic_e_small.png
  artifactKey: Guid(9b698780589d34427bc03ffb4816a052) Importer(2089858483,b0f066a214c2f5e87bad3c948f4d605d)
Start importing Assets/Projects/GravityDash/kenney_ui-pack/PNG/Blue/Double/arrow_basic_e_small.png using Guid(9b698780589d34427bc03ffb4816a052) Importer(2089858483,b0f066a214c2f5e87bad3c948f4d605d) (ScriptedImporter) -> (artifact id: '1f7d23909ae1bc2765e83c75f844b1f1') in 0.0273322 seconds
Number of updated asset objects reloaded before import = 0Number of asset objects unloaded after import = 3

========================================================================
Received Import Request.
  Time since last request: 0.000031 seconds.
  path: Assets/Projects/GravityDash/kenney_ui-pack/PNG/Blue/Double/check_square_grey_cross.png
  artifactKey: Guid(7c32d46032ccd41fd978ddb15d89bb32) Importer(2089858483,b0f066a214c2f5e87bad3c948f4d605d)
Start importing Assets/Projects/GravityDash/kenney_ui-pack/PNG/Blue/Double/check_square_grey_cross.png using Guid(7c32d46032ccd41fd978ddb15d89bb32) Importer(2089858483,b0f066a214c2f5e87bad3c948f4d605d) (ScriptedImporter) -> (artifact id: '55797d2bcb4857167491fa297c49f588') in 0.029917 seconds
Number of updated asset objects reloaded before import = 0Number of asset objects unloaded after import = 3

========================================================================
Received Import Request.
  Time since last request: 0.000034 seconds.
  path: Assets/Projects/GravityDash/kenney_ui-pack/PNG/Blue/Double/arrow_basic_s_small.png
  artifactKey: Guid(d189f5cea2d4843ce99a6b7a490da7d9) Importer(2089858483,b0f066a214c2f5e87bad3c948f4d605d)
Start importing Assets/Projects/GravityDash/kenney_ui-pack/PNG/Blue/Double/arrow_basic_s_small.png using Guid(d189f5cea2d4843ce99a6b7a490da7d9) Importer(2089858483,b0f066a214c2f5e87bad3c948f4d605d) (ScriptedImporter) -> (artifact id: 'a02ab7b6f377a75335d3c1198136e3c3') in 0.0257757 seconds
Number of updated asset objects reloaded before import = 0Number of asset objects unloaded after import = 3

========================================================================
Received Import Request.
  Time since last request: 0.000023 seconds.
  path: Assets/Projects/GravityDash/kenney_ui-pack/PNG/Extra/Default/divider_edges.png
  artifactKey: Guid(6289bd74049ff4577817a56d06f3a157) Importer(2089858483,b0f066a214c2f5e87bad3c948f4d605d)
Start importing Assets/Projects/GravityDash/kenney_ui-pack/PNG/Extra/Default/divider_edges.png using Guid(6289bd74049ff4577817a56d06f3a157) Importer(2089858483,b0f066a214c2f5e87bad3c948f4d605d) (ScriptedImporter) -> (artifact id: 'e525bd3a093ed220be2eac18eab8f62f') in 0.0644212 seconds
Number of updated asset objects reloaded before import = 0Number of asset objects unloaded after import = 3

========================================================================
Received Import Request.
  Time since last request: 0.000022 seconds.
  path: Assets/Projects/GravityDash/kenney_ui-pack/PNG/Blue/Double/button_square_gloss.png
  artifactKey: Guid(12f048b58d46c4432be3e733c9b7b806) Importer(2089858483,b0f066a214c2f5e87bad3c948f4d605d)
Start importing Assets/Projects/GravityDash/kenney_ui-pack/PNG/Blue/Double/button_square_gloss.png using Guid(12f048b58d46c4432be3e733c9b7b806) Importer(2089858483,b0f066a214c2f5e87bad3c948f4d605d) (ScriptedImporter) -> (artifact id: '48e2fc82a0be43df63a8ad14a85f2edc') in 0.0295607 seconds
Number of updated asset objects reloaded before import = 0Number of asset objects unloaded after import = 3

========================================================================
Received Import Request.
  Time since last request: 0.000031 seconds.
  path: Assets/Projects/GravityDash/kenney_ui-pack/PNG/Blue/Double/icon_cross.png
  artifactKey: Guid(ccff5f9dbf5f643eea54f0f019ba6e8f) Importer(2089858483,b0f066a214c2f5e87bad3c948f4d605d)
Start importing Assets/Projects/GravityDash/kenney_ui-pack/PNG/Blue/Double/icon_cross.png using Guid(ccff5f9dbf5f643eea54f0f019ba6e8f) Importer(2089858483,b0f066a214c2f5e87bad3c948f4d605d) (ScriptedImporter) -> (artifact id: 'cbe5754b83d4f80d83a9fdc9c4c88ca1') in 0.0453591 seconds
Number of updated asset objects reloaded before import = 0Number of asset objects unloaded after import = 3

========================================================================
Received Import Request.
  Time since last request: 0.000040 seconds.
  path: Assets/Projects/GravityDash/kenney_ui-pack/PNG/Blue/Default/slide_vertical_color_section.png
  artifactKey: Guid(a4315e71b0ce94fc4a183d1b04b78618) Importer(2089858483,b0f066a214c2f5e87bad3c948f4d605d)
Start importing Assets/Projects/GravityDash/kenney_ui-pack/PNG/Blue/Default/slide_vertical_color_section.png using Guid(a4315e71b0ce94fc4a183d1b04b78618) Importer(2089858483,b0f066a214c2f5e87bad3c948f4d605d) (ScriptedImporter) -> (artifact id: 'a9035f920db53695a55dafd872c14f99') in 0.0250334 seconds
Number of updated asset objects reloaded before import = 0Number of asset objects unloaded after import = 3

========================================================================
Received Import Request.
  Time since last request: 0.000027 seconds.
  path: Assets/Projects/GravityDash/kenney_ui-pack/PNG/Blue/Double/button_square_gradient.png
  artifactKey: Guid(30c1abae6d1d648b8af478aaaf3dead4) Importer(2089858483,b0f066a214c2f5e87bad3c948f4d605d)
Start importing Assets/Projects/GravityDash/kenney_ui-pack/PNG/Blue/Double/button_square_gradient.png using Guid(30c1abae6d1d648b8af478aaaf3dead4) Importer(2089858483,b0f066a214c2f5e87bad3c948f4d605d) (ScriptedImporter) -> (artifact id: '9f1990f1bd5a44603a064a89ba0b49ed') in 0.024227 seconds
Number of updated asset objects reloaded before import = 0Number of asset objects unloaded after import = 3

========================================================================
Received Import Request.
  Time since last request: 0.000041 seconds.
  path: Assets/Projects/GravityDash/kenney_ui-pack/PNG/Blue/Default/arrow_decorative_w.png
  artifactKey: Guid(e3ad71941d46f4653a059660258aa683) Importer(2089858483,b0f066a214c2f5e87bad3c948f4d605d)
Start importing Assets/Projects/GravityDash/kenney_ui-pack/PNG/Blue/Default/arrow_decorative_w.png using Guid(e3ad71941d46f4653a059660258aa683) Importer(2089858483,b0f066a214c2f5e87bad3c948f4d605d) (ScriptedImporter) -> (artifact id: '3ec9507b0f8e2d1e271494fb9b5d1d57') in 0.0294964 seconds
Number of updated asset objects reloaded before import = 0Number of asset objects unloaded after import = 3

========================================================================
Received Import Request.
  Time since last request: 0.000022 seconds.
  path: Assets/Projects/GravityDash/kenney_new-platformer-pack-1.1/Sprites/Tiles/Double/weight.png
  artifactKey: Guid(4e8bdd2733b914bd0abe6a36b2dbd5e3) Importer(2089858483,b0f066a214c2f5e87bad3c948f4d605d)
Start importing Assets/Projects/GravityDash/kenney_new-platformer-pack-1.1/Sprites/Tiles/Double/weight.png using Guid(4e8bdd2733b914bd0abe6a36b2dbd5e3) Importer(2089858483,b0f066a214c2f5e87bad3c948f4d605d) (ScriptedImporter) -> (artifact id: 'c3f6aceebb70ba8d064eea04dd7f0739') in 0.0288188 seconds
Number of updated asset objects reloaded before import = 0Number of asset objects unloaded after import = 3

========================================================================
Received Import Request.
  Time since last request: 0.000031 seconds.
  path: Assets/Projects/GravityDash/kenney_ui-pack/PNG/Blue/Double/slide_vertical_color.png
  artifactKey: Guid(32320568ac5c748b7bb94cb59c56da5b) Importer(2089858483,b0f066a214c2f5e87bad3c948f4d605d)
Start importing Assets/Projects/GravityDash/kenney_ui-pack/PNG/Blue/Double/slide_vertical_color.png using Guid(32320568ac5c748b7bb94cb59c56da5b) Importer(2089858483,b0f066a214c2f5e87bad3c948f4d605d) (ScriptedImporter) -> (artifact id: 'cef4f5737dbe7cb8815a92816f0160d5') in 0.027961 seconds
Number of updated asset objects reloaded before import = 0Number of asset objects unloaded after import = 3

========================================================================
Received Import Request.
  Time since last request: 0.000023 seconds.
  path: Assets/Projects/GravityDash/kenney_ui-pack/PNG/Blue/Double/arrow_decorative_s.png
  artifactKey: Guid(770d4bbfbb2c0488281c57045e4306f5) Importer(2089858483,b0f066a214c2f5e87bad3c948f4d605d)
Start importing Assets/Projects/GravityDash/kenney_ui-pack/PNG/Blue/Double/arrow_decorative_s.png using Guid(770d4bbfbb2c0488281c57045e4306f5) Importer(2089858483,b0f066a214c2f5e87bad3c948f4d605d) (ScriptedImporter) -> (artifact id: '080987a5ca37aeecbd8dbd44277276f4') in 0.0303151 seconds
Number of updated asset objects reloaded before import = 0Number of asset objects unloaded after import = 3

========================================================================
Received Import Request.
  Time since last request: 0.000025 seconds.
  path: Assets/Projects/GravityDash/kenney_ui-pack/PNG/Blue/Default/button_rectangle_depth_border.png
  artifactKey: Guid(3ca5e676aec874ee4ba5c025f1c554c5) Importer(2089858483,b0f066a214c2f5e87bad3c948f4d605d)
Start importing Assets/Projects/GravityDash/kenney_ui-pack/PNG/Blue/Default/button_rectangle_depth_border.png using Guid(3ca5e676aec874ee4ba5c025f1c554c5) Importer(2089858483,b0f066a214c2f5e87bad3c948f4d605d) (ScriptedImporter) -> (artifact id: 'c8dd660c88fa3f650c369cc180f46412') in 0.030875 seconds
Number of updated asset objects reloaded before import = 0Number of asset objects unloaded after import = 3

========================================================================
Received Import Request.
  Time since last request: 0.000187 seconds.
  path: Assets/Projects/GravityDash/kenney_ui-pack/PNG/Blue/Default/icon_cross.png
  artifactKey: Guid(b3108546149864054bfbc7824f9f86d4) Importer(2089858483,b0f066a214c2f5e87bad3c948f4d605d)
Start importing Assets/Projects/GravityDash/kenney_ui-pack/PNG/Blue/Default/icon_cross.png using Guid(b3108546149864054bfbc7824f9f86d4) Importer(2089858483,b0f066a214c2f5e87bad3c948f4d605d) (ScriptedImporter) -> (artifact id: '21d2878fdb73ea812fef80eb53109400') in 0.0310669 seconds
Number of updated asset objects reloaded before import = 0Number of asset objects unloaded after import = 3

========================================================================
Received Import Request.
  Time since last request: 0.000027 seconds.
  path: Assets/Projects/GravityDash/kenney_ui-pack/PNG/Blue/Double/check_square_grey.png
  artifactKey: Guid(642ca7514679e408f9393fb961077ef2) Importer(2089858483,b0f066a214c2f5e87bad3c948f4d605d)
Start importing Assets/Projects/GravityDash/kenney_ui-pack/PNG/Blue/Double/check_square_grey.png using Guid(642ca7514679e408f9393fb961077ef2) Importer(2089858483,b0f066a214c2f5e87bad3c948f4d605d) (ScriptedImporter) -> (artifact id: 'ec8534a9e28a5385f66d4f7d267586f2') in 0.0295033 seconds
Number of updated asset objects reloaded before import = 0Number of asset objects unloaded after import = 3

========================================================================
Received Import Request.
  Time since last request: 0.000049 seconds.
  path: Assets/Projects/GravityDash/kenney_new-platformer-pack-1.1/Sprites/Tiles/Double/terrain_dirt_block_left.png
  artifactKey: Guid(22cda7b9783884f7db118b559551daab) Importer(2089858483,b0f066a214c2f5e87bad3c948f4d605d)
Start importing Assets/Projects/GravityDash/kenney_new-platformer-pack-1.1/Sprites/Tiles/Double/terrain_dirt_block_left.png using Guid(22cda7b9783884f7db118b559551daab) Importer(2089858483,b0f066a214c2f5e87bad3c948f4d605d) (ScriptedImporter) -> (artifact id: 'abf470d178e37fe7c22d50e8ce5b9412') in 0.0318061 seconds
Number of updated asset objects reloaded before import = 0Number of asset objects unloaded after import = 3

========================================================================
Received Import Request.
  Time since last request: 0.000030 seconds.
  path: Assets/Projects/GravityDash/kenney_new-platformer-pack-1.1/Sprites/Tiles/Double/hill_top.png
  artifactKey: Guid(449995ab3c4184dfcaa21c3aefc38cc6) Importer(2089858483,b0f066a214c2f5e87bad3c948f4d605d)
Start importing Assets/Projects/GravityDash/kenney_new-platformer-pack-1.1/Sprites/Tiles/Double/hill_top.png using Guid(449995ab3c4184dfcaa21c3aefc38cc6) Importer(2089858483,b0f066a214c2f5e87bad3c948f4d605d) (ScriptedImporter) -> (artifact id: 'f548a2889fb2e4f042aa3ccd40a6d01b') in 0.0283009 seconds
Number of updated asset objects reloaded before import = 0Number of asset objects unloaded after import = 3

========================================================================
Received Import Request.
  Time since last request: 0.000029 seconds.
  path: Assets/Projects/GravityDash/kenney_new-platformer-pack-1.1/Sprites/Tiles/Double/terrain_stone_horizontal_overhang_right.png
  artifactKey: Guid(df25eca662a694437a2e5f94fcc95c00) Importer(2089858483,b0f066a214c2f5e87bad3c948f4d605d)
Start importing Assets/Projects/GravityDash/kenney_new-platformer-pack-1.1/Sprites/Tiles/Double/terrain_stone_horizontal_overhang_right.png using Guid(df25eca662a694437a2e5f94fcc95c00) Importer(2089858483,b0f066a214c2f5e87bad3c948f4d605d) (ScriptedImporter) -> (artifact id: '92a7f82ff51880f552db92c3d8363984') in 0.0310537 seconds
Number of updated asset objects reloaded before import = 0Number of asset objects unloaded after import = 3

========================================================================
Received Import Request.
  Time since last request: 0.000026 seconds.
  path: Assets/Projects/GravityDash/kenney_new-platformer-pack-1.1/Sprites/Tiles/Default/terrain_stone_ramp_short_b.png
  artifactKey: Guid(dea8ee1fba004409a93dd73e283d61c1) Importer(2089858483,b0f066a214c2f5e87bad3c948f4d605d)
Start importing Assets/Projects/GravityDash/kenney_new-platformer-pack-1.1/Sprites/Tiles/Default/terrain_stone_ramp_short_b.png using Guid(dea8ee1fba004409a93dd73e283d61c1) Importer(2089858483,b0f066a214c2f5e87bad3c948f4d605d) (ScriptedImporter) -> (artifact id: '17594cd0fa407f831b7686db174082b8') in 0.0345025 seconds
Number of updated asset objects reloaded before import = 0Number of asset objects unloaded after import = 3

========================================================================
Received Import Request.
  Time since last request: 0.000024 seconds.
  path: Assets/Projects/GravityDash/kenney_new-platformer-pack-1.1/Sprites/Tiles/Double/terrain_purple_block_top_right.png
  artifactKey: Guid(21849ebfa3df64bffa5b16401b1b4e0f) Importer(2089858483,b0f066a214c2f5e87bad3c948f4d605d)
Start importing Assets/Projects/GravityDash/kenney_new-platformer-pack-1.1/Sprites/Tiles/Double/terrain_purple_block_top_right.png using Guid(21849ebfa3df64bffa5b16401b1b4e0f) Importer(2089858483,b0f066a214c2f5e87bad3c948f4d605d) (ScriptedImporter) -> (artifact id: '8506e5f4907fedcefd624f3da2cf03a5') in 0.0283191 seconds
Number of updated asset objects reloaded before import = 0Number of asset objects unloaded after import = 3

========================================================================
Received Import Request.
  Time since last request: 0.000026 seconds.
  path: Assets/Projects/GravityDash/kenney_new-platformer-pack-1.1/Sprites/Tiles/Double/torch_on_b.png
  artifactKey: Guid(a2214a61888a54259975e3ff958282a7) Importer(2089858483,b0f066a214c2f5e87bad3c948f4d605d)
Start importing Assets/Projects/GravityDash/kenney_new-platformer-pack-1.1/Sprites/Tiles/Double/torch_on_b.png using Guid(a2214a61888a54259975e3ff958282a7) Importer(2089858483,b0f066a214c2f5e87bad3c948f4d605d) (ScriptedImporter) -> (artifact id: '995f5454786fe4f15217bab35efbf265') in 0.0309146 seconds
Number of updated asset objects reloaded before import = 0Number of asset objects unloaded after import = 3

========================================================================
Received Import Request.
  Time since last request: 0.000028 seconds.
  path: Assets/Projects/GravityDash/kenney_new-platformer-pack-1.1/Sprites/Tiles/Double/bricks_brown.png
  artifactKey: Guid(9d2d74b9df7194f66984dea50baa4c65) Importer(2089858483,b0f066a214c2f5e87bad3c948f4d605d)
Start importing Assets/Projects/GravityDash/kenney_new-platformer-pack-1.1/Sprites/Tiles/Double/bricks_brown.png using Guid(9d2d74b9df7194f66984dea50baa4c65) Importer(2089858483,b0f066a214c2f5e87bad3c948f4d605d) (ScriptedImporter) -> (artifact id: '93671c5697ca883b94a111c3a5c18d89') in 0.0278674 seconds
Number of updated asset objects reloaded before import = 0Number of asset objects unloaded after import = 3

========================================================================
Received Import Request.
  Time since last request: 0.000036 seconds.
  path: Assets/Projects/GravityDash/kenney_new-platformer-pack-1.1/Sprites/Tiles/Double/hud_character_6.png
  artifactKey: Guid(711a59bf5e6a94aab8804ad19d92e1e3) Importer(2089858483,b0f066a214c2f5e87bad3c948f4d605d)
Start importing Assets/Projects/GravityDash/kenney_new-platformer-pack-1.1/Sprites/Tiles/Double/hud_character_6.png using Guid(711a59bf5e6a94aab8804ad19d92e1e3) Importer(2089858483,b0f066a214c2f5e87bad3c948f4d605d) (ScriptedImporter) -> (artifact id: '172339cda13e78134cb46fb436c121d8') in 0.0303617 seconds
Number of updated asset objects reloaded before import = 0Number of asset objects unloaded after import = 3

========================================================================
Received Import Request.
  Time since last request: 0.000031 seconds.
  path: Assets/Projects/GravityDash/kenney_new-platformer-pack-1.1/Sprites/Tiles/Double/terrain_purple_block_right.png
  artifactKey: Guid(4d490cb30826444fab211912f56999ba) Importer(2089858483,b0f066a214c2f5e87bad3c948f4d605d)
Start importing Assets/Projects/GravityDash/kenney_new-platformer-pack-1.1/Sprites/Tiles/Double/terrain_purple_block_right.png using Guid(4d490cb30826444fab211912f56999ba) Importer(2089858483,b0f066a214c2f5e87bad3c948f4d605d) (ScriptedImporter) -> (artifact id: '91569bdad8e619a01461525064a0d7e5') in 0.0291258 seconds
Number of updated asset objects reloaded before import = 0Number of asset objects unloaded after import = 3

========================================================================
Received Import Request.
  Time since last request: 0.000033 seconds.
  path: Assets/Projects/GravityDash/kenney_new-platformer-pack-1.1/Sprites/Tiles/Double/saw.png
  artifactKey: Guid(ce6f371aa51bf42b9844d046e79a23f7) Importer(2089858483,b0f066a214c2f5e87bad3c948f4d605d)
Start importing Assets/Projects/GravityDash/kenney_new-platformer-pack-1.1/Sprites/Tiles/Double/saw.png using Guid(ce6f371aa51bf42b9844d046e79a23f7) Importer(2089858483,b0f066a214c2f5e87bad3c948f4d605d) (ScriptedImporter) -> (artifact id: '0978881a0d0eb551c25fb354b1d7f969') in 0.0276763 seconds
Number of updated asset objects reloaded before import = 0Number of asset objects unloaded after import = 3

========================================================================
Received Import Request.
  Time since last request: 0.000028 seconds.
  path: Assets/Projects/GravityDash/kenney_ui-pack/PNG/Blue/Double/slide_horizontal_color_section.png
  artifactKey: Guid(e20599e392bb54d049f78bf8f003a48e) Importer(2089858483,b0f066a214c2f5e87bad3c948f4d605d)
Start importing Assets/Projects/GravityDash/kenney_ui-pack/PNG/Blue/Double/slide_horizontal_color_section.png using Guid(e20599e392bb54d049f78bf8f003a48e) Importer(2089858483,b0f066a214c2f5e87bad3c948f4d605d) (ScriptedImporter) -> (artifact id: '61cb49e4613289ec98a4139f740ac932') in 0.0316767 seconds
Number of updated asset objects reloaded before import = 0Number of asset objects unloaded after import = 3

========================================================================
Received Import Request.
  Time since last request: 0.000027 seconds.
  path: Assets/Projects/GravityDash/kenney_new-platformer-pack-1.1/Sprites/Tiles/Double/switch_green_pressed.png
  artifactKey: Guid(f3a22d544328647e498eccffa8ccebfa) Importer(2089858483,b0f066a214c2f5e87bad3c948f4d605d)
Start importing Assets/Projects/GravityDash/kenney_new-platformer-pack-1.1/Sprites/Tiles/Double/switch_green_pressed.png using Guid(f3a22d544328647e498eccffa8ccebfa) Importer(2089858483,b0f066a214c2f5e87bad3c948f4d605d) (ScriptedImporter) -> (artifact id: '2dc9b75a91f62b9b042aae15d245a3b7') in 0.0282847 seconds
Number of updated asset objects reloaded before import = 0Number of asset objects unloaded after import = 3

========================================================================
Received Import Request.
  Time since last request: 0.000024 seconds.
  path: Assets/Projects/GravityDash/kenney_ui-pack/PNG/Green/Double/button_round_line.png
  artifactKey: Guid(1a6b3c2ec13d649e49c772fe4bfa3ce5) Importer(2089858483,b0f066a214c2f5e87bad3c948f4d605d)
Start importing Assets/Projects/GravityDash/kenney_ui-pack/PNG/Green/Double/button_round_line.png using Guid(1a6b3c2ec13d649e49c772fe4bfa3ce5) Importer(2089858483,b0f066a214c2f5e87bad3c948f4d605d) (ScriptedImporter) -> (artifact id: '38909acde173b9050487c9d3403e41da') in 0.0300406 seconds
Number of updated asset objects reloaded before import = 0Number of asset objects unloaded after import = 3

========================================================================
Received Import Request.
  Time since last request: 0.000036 seconds.
  path: Assets/Projects/GravityDash/kenney_ui-pack/PNG/Green/Double/arrow_decorative_n.png
  artifactKey: Guid(5390ec69be888479f9f91d2b50c2cc48) Importer(2089858483,b0f066a214c2f5e87bad3c948f4d605d)
Start importing Assets/Projects/GravityDash/kenney_ui-pack/PNG/Green/Double/arrow_decorative_n.png using Guid(5390ec69be888479f9f91d2b50c2cc48) Importer(2089858483,b0f066a214c2f5e87bad3c948f4d605d) (ScriptedImporter) -> (artifact id: 'd21958d15e4c399c6472bc10a50955ea') in 0.0312753 seconds
Number of updated asset objects reloaded before import = 0Number of asset objects unloaded after import = 3

========================================================================
Received Import Request.
  Time since last request: 0.000040 seconds.
  path: Assets/Projects/GravityDash/kenney_ui-pack/PNG/Green/Double/button_square_gloss.png
  artifactKey: Guid(903e85bc2f5a743a184d794f36e502ce) Importer(2089858483,b0f066a214c2f5e87bad3c948f4d605d)
Start importing Assets/Projects/GravityDash/kenney_ui-pack/PNG/Green/Double/button_square_gloss.png using Guid(903e85bc2f5a743a184d794f36e502ce) Importer(2089858483,b0f066a214c2f5e87bad3c948f4d605d) (ScriptedImporter) -> (artifact id: 'c978d73829701df7ef6a0eeaa811c8fb') in 0.0329668 seconds
Number of updated asset objects reloaded before import = 0Number of asset objects unloaded after import = 3

========================================================================
Received Import Request.
  Time since last request: 0.000022 seconds.
  path: Assets/Projects/GravityDash/kenney_ui-pack/PNG/Green/Default/arrow_basic_s_small.png
  artifactKey: Guid(10ab1cd30b8624fd49f99779cc79b2ba) Importer(2089858483,b0f066a214c2f5e87bad3c948f4d605d)
Start importing Assets/Projects/GravityDash/kenney_ui-pack/PNG/Green/Default/arrow_basic_s_small.png using Guid(10ab1cd30b8624fd49f99779cc79b2ba) Importer(2089858483,b0f066a214c2f5e87bad3c948f4d605d) (ScriptedImporter) -> (artifact id: '3a39171b74914cba4cb2597ee3450de6') in 0.0306366 seconds
Number of updated asset objects reloaded before import = 0Number of asset objects unloaded after import = 3

========================================================================
Received Import Request.
  Time since last request: 0.000026 seconds.
  path: Assets/Projects/GravityDash/kenney_ui-pack/PNG/Green/Default/slide_vertical_grey_section_wide.png
  artifactKey: Guid(6283b6d91871a4cf39abeb33738d8141) Importer(2089858483,b0f066a214c2f5e87bad3c948f4d605d)
Start importing Assets/Projects/GravityDash/kenney_ui-pack/PNG/Green/Default/slide_vertical_grey_section_wide.png using Guid(6283b6d91871a4cf39abeb33738d8141) Importer(2089858483,b0f066a214c2f5e87bad3c948f4d605d) (ScriptedImporter) -> (artifact id: 'e4b9e17af741b1a0b5256c099b0ca745') in 0.0197901 seconds
Number of updated asset objects reloaded before import = 0Number of asset objects unloaded after import = 3

========================================================================
Received Import Request.
  Time since last request: 0.000023 seconds.
  path: Assets/Projects/GravityDash/kenney_ui-pack/PNG/Extra/Double/icon_repeat_outline.png
  artifactKey: Guid(57a966a9c70f84ce7982bbacb1aebf9c) Importer(2089858483,b0f066a214c2f5e87bad3c948f4d605d)
Start importing Assets/Projects/GravityDash/kenney_ui-pack/PNG/Extra/Double/icon_repeat_outline.png using Guid(57a966a9c70f84ce7982bbacb1aebf9c) Importer(2089858483,b0f066a214c2f5e87bad3c948f4d605d) (ScriptedImporter) -> (artifact id: 'd569b86d6f15ee3a12f0b547429fbe4a') in 0.0285801 seconds
Number of updated asset objects reloaded before import = 0Number of asset objects unloaded after import = 3

========================================================================
Received Import Request.
  Time since last request: 0.000033 seconds.
  path: Assets/Projects/GravityDash/kenney_ui-pack/PNG/Green/Double/button_round_gloss.png
  artifactKey: Guid(d638eb9136bfb42c28d94fdc044966ec) Importer(2089858483,b0f066a214c2f5e87bad3c948f4d605d)
Start importing Assets/Projects/GravityDash/kenney_ui-pack/PNG/Green/Double/button_round_gloss.png using Guid(d638eb9136bfb42c28d94fdc044966ec) Importer(2089858483,b0f066a214c2f5e87bad3c948f4d605d) (ScriptedImporter) -> (artifact id: '83077c506c43b62c5ab6659c804db6ae') in 0.0306652 seconds
Number of updated asset objects reloaded before import = 0Number of asset objects unloaded after import = 3

========================================================================
Received Import Request.
  Time since last request: 0.000027 seconds.
  path: Assets/Projects/GravityDash/kenney_ui-pack/PNG/Green/Default/button_rectangle_line.png
  artifactKey: Guid(da4978e56636243e7849034985b97527) Importer(2089858483,b0f066a214c2f5e87bad3c948f4d605d)
Start importing Assets/Projects/GravityDash/kenney_ui-pack/PNG/Green/Default/button_rectangle_line.png using Guid(da4978e56636243e7849034985b97527) Importer(2089858483,b0f066a214c2f5e87bad3c948f4d605d) (ScriptedImporter) -> (artifact id: '9a41601f22fd07b6067d5e938fa77604') in 0.0314571 seconds
Number of updated asset objects reloaded before import = 0Number of asset objects unloaded after import = 3

========================================================================
Received Import Request.
  Time since last request: 0.000029 seconds.
  path: Assets/Projects/GravityDash/kenney_ui-pack/PNG/Extra/Double/icon_play_outline.png
  artifactKey: Guid(7a8eed98102484424bb13cf708535851) Importer(2089858483,b0f066a214c2f5e87bad3c948f4d605d)
Start importing Assets/Projects/GravityDash/kenney_ui-pack/PNG/Extra/Double/icon_play_outline.png using Guid(7a8eed98102484424bb13cf708535851) Importer(2089858483,b0f066a214c2f5e87bad3c948f4d605d) (ScriptedImporter) -> (artifact id: '28527766a842f1f72812e29e9ebc771b') in 0.0346032 seconds
Number of updated asset objects reloaded before import = 0Number of asset objects unloaded after import = 3

========================================================================
Received Import Request.
  Time since last request: 0.000051 seconds.
  path: Assets/Projects/GravityDash/kenney_ui-pack/PNG/Green/Default/icon_outline_cross.png
  artifactKey: Guid(b7ad0a6a2ca6044cc8098b8e4f9de5da) Importer(2089858483,b0f066a214c2f5e87bad3c948f4d605d)
Start importing Assets/Projects/GravityDash/kenney_ui-pack/PNG/Green/Default/icon_outline_cross.png using Guid(b7ad0a6a2ca6044cc8098b8e4f9de5da) Importer(2089858483,b0f066a214c2f5e87bad3c948f4d605d) (ScriptedImporter) -> (artifact id: '4fbc0e1c4108b94e3652e9c2f9747542') in 0.0338403 seconds
Number of updated asset objects reloaded before import = 0Number of asset objects unloaded after import = 3

========================================================================
Received Import Request.
  Time since last request: 0.000021 seconds.
  path: Assets/Projects/GravityDash/kenney_ui-pack/PNG/Extra/Double/icon_repeat_light.png
  artifactKey: Guid(2acddd0de6e264943951e905c419c974) Importer(2089858483,b0f066a214c2f5e87bad3c948f4d605d)
Start importing Assets/Projects/GravityDash/kenney_ui-pack/PNG/Extra/Double/icon_repeat_light.png using Guid(2acddd0de6e264943951e905c419c974) Importer(2089858483,b0f066a214c2f5e87bad3c948f4d605d) (ScriptedImporter) -> (artifact id: '13667f0a3461e8bcfac2af8639d8ba44') in 0.0303607 seconds
Number of updated asset objects reloaded before import = 0Number of asset objects unloaded after import = 3

========================================================================
Received Import Request.
  Time since last request: 0.000027 seconds.
  path: Assets/Projects/GravityDash/kenney_ui-pack/PNG/Green/Default/check_square_color_checkmark.png
  artifactKey: Guid(a95c0643e5d7b41ccbc7f43e5c03a0e9) Importer(2089858483,b0f066a214c2f5e87bad3c948f4d605d)
Start importing Assets/Projects/GravityDash/kenney_ui-pack/PNG/Green/Default/check_square_color_checkmark.png using Guid(a95c0643e5d7b41ccbc7f43e5c03a0e9) Importer(2089858483,b0f066a214c2f5e87bad3c948f4d605d) (ScriptedImporter) -> (artifact id: '2add7821dd9eda552ba4c42d9d6b0188') in 0.034732 seconds
Number of updated asset objects reloaded before import = 0Number of asset objects unloaded after import = 3

========================================================================
Received Import Request.
  Time since last request: 0.000041 seconds.
  path: Assets/Projects/GravityDash/kenney_ui-pack/PNG/Green/Default/button_round_flat.png
  artifactKey: Guid(dc2b164ab27ab41c2b33a79dcc717fe1) Importer(2089858483,b0f066a214c2f5e87bad3c948f4d605d)
Start importing Assets/Projects/GravityDash/kenney_ui-pack/PNG/Green/Default/button_round_flat.png using Guid(dc2b164ab27ab41c2b33a79dcc717fe1) Importer(2089858483,b0f066a214c2f5e87bad3c948f4d605d) (ScriptedImporter) -> (artifact id: 'c33557c635b3e3a0e5d71398d2945185') in 0.0319 seconds
Number of updated asset objects reloaded before import = 0Number of asset objects unloaded after import = 3

========================================================================
Received Import Request.
  Time since last request: 0.000032 seconds.
  path: Assets/Projects/GravityDash/kenney_ui-pack/PNG/Green/Default/button_round_depth_border.png
  artifactKey: Guid(7a2d30e17c192437daea82e61aeca6cd) Importer(2089858483,b0f066a214c2f5e87bad3c948f4d605d)
Start importing Assets/Projects/GravityDash/kenney_ui-pack/PNG/Green/Default/button_round_depth_border.png using Guid(7a2d30e17c192437daea82e61aeca6cd) Importer(2089858483,b0f066a214c2f5e87bad3c948f4d605d) (ScriptedImporter) -> (artifact id: 'e53908a1a96e1f5284d2911b66ca9db9') in 0.0330828 seconds
Number of updated asset objects reloaded before import = 0Number of asset objects unloaded after import = 3

========================================================================
Received Import Request.
  Time since last request: 0.000037 seconds.
  path: Assets/Projects/GravityDash/kenney_ui-pack/PNG/Green/Default/arrow_decorative_w.png
  artifactKey: Guid(3c2b0ca5880374e8ebea844e5e8ff714) Importer(2089858483,b0f066a214c2f5e87bad3c948f4d605d)
Start importing Assets/Projects/GravityDash/kenney_ui-pack/PNG/Green/Default/arrow_decorative_w.png using Guid(3c2b0ca5880374e8ebea844e5e8ff714) Importer(2089858483,b0f066a214c2f5e87bad3c948f4d605d) (ScriptedImporter) -> (artifact id: 'c65abc1572392196905b9c1063a028aa') in 0.0326821 seconds
Number of updated asset objects reloaded before import = 0Number of asset objects unloaded after import = 3

========================================================================
Received Import Request.
  Time since last request: 0.000091 seconds.
  path: Assets/Projects/GravityDash/kenney_ui-pack/PNG/Green/Default/check_round_grey.png
  artifactKey: Guid(65b360415daad4f5d8cd708bf90b3e89) Importer(2089858483,b0f066a214c2f5e87bad3c948f4d605d)
Start importing Assets/Projects/GravityDash/kenney_ui-pack/PNG/Green/Default/check_round_grey.png using Guid(65b360415daad4f5d8cd708bf90b3e89) Importer(2089858483,b0f066a214c2f5e87bad3c948f4d605d) (ScriptedImporter) -> (artifact id: 'c9022dc4b074b5f844e1ba987a09f9f1') in 0.0184829 seconds
Number of updated asset objects reloaded before import = 0Number of asset objects unloaded after import = 3

========================================================================
Received Import Request.
  Time since last request: 0.000022 seconds.
  path: Assets/Projects/GravityDash/kenney_ui-pack/PNG/Green/Double/button_square_depth_gradient.png
  artifactKey: Guid(33699a86a08eb4dbc84438419d7c883f) Importer(2089858483,b0f066a214c2f5e87bad3c948f4d605d)
Start importing Assets/Projects/GravityDash/kenney_ui-pack/PNG/Green/Double/button_square_depth_gradient.png using Guid(33699a86a08eb4dbc84438419d7c883f) Importer(2089858483,b0f066a214c2f5e87bad3c948f4d605d) (ScriptedImporter) -> (artifact id: '98723934274b99d476819c50873e3d5d') in 0.0342092 seconds
Number of updated asset objects reloaded before import = 0Number of asset objects unloaded after import = 3

========================================================================
Received Import Request.
  Time since last request: 0.000025 seconds.
  path: Assets/Projects/GravityDash/kenney_ui-pack/PNG/Green/Default/arrow_decorative_e_small.png
  artifactKey: Guid(d046776bae67c45fdbf503bd6f1683a8) Importer(2089858483,b0f066a214c2f5e87bad3c948f4d605d)
Start importing Assets/Projects/GravityDash/kenney_ui-pack/PNG/Green/Default/arrow_decorative_e_small.png using Guid(d046776bae67c45fdbf503bd6f1683a8) Importer(2089858483,b0f066a214c2f5e87bad3c948f4d605d) (ScriptedImporter) -> (artifact id: '33e11d454392eaeedc7d0d8f80e024ee') in 0.030366 seconds
Number of updated asset objects reloaded before import = 0Number of asset objects unloaded after import = 3

========================================================================
Received Import Request.
  Time since last request: 0.000025 seconds.
  path: Assets/Projects/GravityDash/kenney_ui-pack/PNG/Green/Default/arrow_decorative_e.png
  artifactKey: Guid(780fed22c302546e88452090f798c593) Importer(2089858483,b0f066a214c2f5e87bad3c948f4d605d)
Start importing Assets/Projects/GravityDash/kenney_ui-pack/PNG/Green/Default/arrow_decorative_e.png using Guid(780fed22c302546e88452090f798c593) Importer(2089858483,b0f066a214c2f5e87bad3c948f4d605d) (ScriptedImporter) -> (artifact id: '4ef35eaafa13dc06f4b0e039da5f7731') in 0.027402 seconds
Number of updated asset objects reloaded before import = 0Number of asset objects unloaded after import = 3

========================================================================
Received Import Request.
  Time since last request: 0.000030 seconds.
  path: Assets/Projects/GravityDash/kenney_ui-pack/PNG/Green/Double/arrow_decorative_s_small.png
  artifactKey: Guid(b830c7ed1de3d47b6ac3c41073ed1b21) Importer(2089858483,b0f066a214c2f5e87bad3c948f4d605d)
Start importing Assets/Projects/GravityDash/kenney_ui-pack/PNG/Green/Double/arrow_decorative_s_small.png using Guid(b830c7ed1de3d47b6ac3c41073ed1b21) Importer(2089858483,b0f066a214c2f5e87bad3c948f4d605d) (ScriptedImporter) -> (artifact id: '8cb5990f89b510aa7f08446aa903544f') in 0.0274572 seconds
Number of updated asset objects reloaded before import = 0Number of asset objects unloaded after import = 3

========================================================================
Received Import Request.
  Time since last request: 0.000027 seconds.
  path: Assets/Projects/GravityDash/kenney_ui-pack/PNG/Green/Double/button_rectangle_depth_gloss.png
  artifactKey: Guid(22e238061f9f747eb89bb8e6a0064149) Importer(2089858483,b0f066a214c2f5e87bad3c948f4d605d)
Start importing Assets/Projects/GravityDash/kenney_ui-pack/PNG/Green/Double/button_rectangle_depth_gloss.png using Guid(22e238061f9f747eb89bb8e6a0064149) Importer(2089858483,b0f066a214c2f5e87bad3c948f4d605d) (ScriptedImporter) -> (artifact id: '9e1597a6aa4e071daa3f81cbe2f45e33') in 0.0330873 seconds
Number of updated asset objects reloaded before import = 0Number of asset objects unloaded after import = 3

========================================================================
Received Import Request.
  Time since last request: 0.000028 seconds.
  path: Assets/Projects/GravityDash/kenney_ui-pack/PNG/Green/Double/arrow_basic_n_small.png
  artifactKey: Guid(07a70c3c543024633950fcd5f25d031a) Importer(2089858483,b0f066a214c2f5e87bad3c948f4d605d)
Start importing Assets/Projects/GravityDash/kenney_ui-pack/PNG/Green/Double/arrow_basic_n_small.png using Guid(07a70c3c543024633950fcd5f25d031a) Importer(2089858483,b0f066a214c2f5e87bad3c948f4d605d) (ScriptedImporter) -> (artifact id: '968109311ebde899316e0dbfbfc2fcea') in 0.0311629 seconds
Number of updated asset objects reloaded before import = 0Number of asset objects unloaded after import = 3

========================================================================
Received Import Request.
  Time since last request: 0.000052 seconds.
  path: Assets/Projects/GravityDash/kenney_ui-pack/PNG/Green/Double/check_round_color.png
  artifactKey: Guid(e96c54d2790df48d5aa0aafe1a65705f) Importer(2089858483,b0f066a214c2f5e87bad3c948f4d605d)
Start importing Assets/Projects/GravityDash/kenney_ui-pack/PNG/Green/Double/check_round_color.png using Guid(e96c54d2790df48d5aa0aafe1a65705f) Importer(2089858483,b0f066a214c2f5e87bad3c948f4d605d) (ScriptedImporter) -> (artifact id: '2ef72a479cc686631caaa269d0b4dc23') in 0.032505 seconds
Number of updated asset objects reloaded before import = 0Number of asset objects unloaded after import = 3

========================================================================
Received Import Request.
  Time since last request: 0.000033 seconds.
  path: Assets/Projects/GravityDash/kenney_new-platformer-pack-1.1/Sprites/Tiles/Default/water_top.png
  artifactKey: Guid(517fffac33ee845a890c7151543784dc) Importer(2089858483,b0f066a214c2f5e87bad3c948f4d605d)
Start importing Assets/Projects/GravityDash/kenney_new-platformer-pack-1.1/Sprites/Tiles/Default/water_top.png using Guid(517fffac33ee845a890c7151543784dc) Importer(2089858483,b0f066a214c2f5e87bad3c948f4d605d) (ScriptedImporter) -> (artifact id: '78e56ae8e3ce46729cc7cb53b0219c6e') in 0.0332486 seconds
Number of updated asset objects reloaded before import = 0Number of asset objects unloaded after import = 3

========================================================================
Received Import Request.
  Time since last request: 0.000024 seconds.
  path: Assets/Projects/GravityDash/kenney_ui-pack/PNG/Green/Double/button_square_border.png
  artifactKey: Guid(8c5dec6badcfb403eb9c4902ce6734ff) Importer(2089858483,b0f066a214c2f5e87bad3c948f4d605d)
Start importing Assets/Projects/GravityDash/kenney_ui-pack/PNG/Green/Double/button_square_border.png using Guid(8c5dec6badcfb403eb9c4902ce6734ff) Importer(2089858483,b0f066a214c2f5e87bad3c948f4d605d) (ScriptedImporter) -> (artifact id: '11ff53480e4221deede17ea3664ebb93') in 0.0338456 seconds
Number of updated asset objects reloaded before import = 0Number of asset objects unloaded after import = 3

========================================================================
Received Import Request.
  Time since last request: 0.000024 seconds.
  path: Assets/Projects/GravityDash/kenney_ui-pack/PNG/Blue/Default/button_round_depth_flat.png
  artifactKey: Guid(fe087a265fbed467a94e60c284d3b2a4) Importer(2089858483,b0f066a214c2f5e87bad3c948f4d605d)
Start importing Assets/Projects/GravityDash/kenney_ui-pack/PNG/Blue/Default/button_round_depth_flat.png using Guid(fe087a265fbed467a94e60c284d3b2a4) Importer(2089858483,b0f066a214c2f5e87bad3c948f4d605d) (ScriptedImporter) -> (artifact id: '29325c00ea9f2e2ba940320c432c8183') in 0.0707506 seconds
Number of updated asset objects reloaded before import = 0Number of asset objects unloaded after import = 3

========================================================================
Received Import Request.
  Time since last request: 0.000047 seconds.
  path: Assets/Projects/GravityDash/kenney_ui-pack/PNG/Blue/Double/button_rectangle_depth_gradient.png
  artifactKey: Guid(c67ff24fd259a41fea4877ea00add869) Importer(2089858483,b0f066a214c2f5e87bad3c948f4d605d)
Start importing Assets/Projects/GravityDash/kenney_ui-pack/PNG/Blue/Double/button_rectangle_depth_gradient.png using Guid(c67ff24fd259a41fea4877ea00add869) Importer(2089858483,b0f066a214c2f5e87bad3c948f4d605d) (ScriptedImporter) -> (artifact id: 'f6979093c98da7b1baa360dc3343ac27') in 0.0593462 seconds
Number of updated asset objects reloaded before import = 0Number of asset objects unloaded after import = 3

========================================================================
Received Import Request.
  Time since last request: 0.000150 seconds.
  path: Assets/Projects/GravityDash/kenney_ui-pack/PNG/Grey/Double/arrow_decorative_e_small.png
  artifactKey: Guid(d2d401b9d962e47bca11616d45de82fb) Importer(2089858483,b0f066a214c2f5e87bad3c948f4d605d)
Start importing Assets/Projects/GravityDash/kenney_ui-pack/PNG/Grey/Double/arrow_decorative_e_small.png using Guid(d2d401b9d962e47bca11616d45de82fb) Importer(2089858483,b0f066a214c2f5e87bad3c948f4d605d) (ScriptedImporter) -> (artifact id: '795b840d65393b54491fdea7320a1c01') in 0.058532 seconds
Number of updated asset objects reloaded before import = 0Number of asset objects unloaded after import = 3

========================================================================
Received Import Request.
  Time since last request: 0.000055 seconds.
  path: Assets/Projects/GravityDash/kenney_ui-pack/PNG/Grey/Default/button_rectangle_gradient.png
  artifactKey: Guid(b2e0f227e90a64be3924831e1ba53221) Importer(2089858483,b0f066a214c2f5e87bad3c948f4d605d)
Start importing Assets/Projects/GravityDash/kenney_ui-pack/PNG/Grey/Default/button_rectangle_gradient.png using Guid(b2e0f227e90a64be3924831e1ba53221) Importer(2089858483,b0f066a214c2f5e87bad3c948f4d605d) (ScriptedImporter) -> (artifact id: '6e1ec8929c7699a503ea83a0e8fcc701') in 0.0563734 seconds
Number of updated asset objects reloaded before import = 0Number of asset objects unloaded after import = 3

========================================================================
Received Import Request.
  Time since last request: 0.000031 seconds.
  path: Assets/Projects/GravityDash/kenney_ui-pack/PNG/Grey/Default/check_square_grey_cross.png
  artifactKey: Guid(bc179a7705908443f983baa4926f1cfa) Importer(2089858483,b0f066a214c2f5e87bad3c948f4d605d)
Start importing Assets/Projects/GravityDash/kenney_ui-pack/PNG/Grey/Default/check_square_grey_cross.png using Guid(bc179a7705908443f983baa4926f1cfa) Importer(2089858483,b0f066a214c2f5e87bad3c948f4d605d) (ScriptedImporter) -> (artifact id: 'fa52535ad6155232ced4f594578cc0d4') in 0.0553719 seconds
Number of updated asset objects reloaded before import = 0Number of asset objects unloaded after import = 3

========================================================================
Received Import Request.
  Time since last request: 0.000041 seconds.
  path: Assets/Projects/GravityDash/kenney_ui-pack/PNG/Grey/Default/button_square_depth_border.png
  artifactKey: Guid(4c74063372e8b474d9af52b80ac5a851) Importer(2089858483,b0f066a214c2f5e87bad3c948f4d605d)
Start importing Assets/Projects/GravityDash/kenney_ui-pack/PNG/Grey/Default/button_square_depth_border.png using Guid(4c74063372e8b474d9af52b80ac5a851) Importer(2089858483,b0f066a214c2f5e87bad3c948f4d605d) (ScriptedImporter) -> (artifact id: '9e37080fc20907ce347d601efcef5e4b') in 0.0578291 seconds
Number of updated asset objects reloaded before import = 0Number of asset objects unloaded after import = 3

========================================================================
Received Import Request.
  Time since last request: 0.000056 seconds.
  path: Assets/Projects/GravityDash/kenney_ui-pack/PNG/Grey/Double/arrow_decorative_n_small.png
  artifactKey: Guid(dbdc719e4a30d438ca9c253090704faa) Importer(2089858483,b0f066a214c2f5e87bad3c948f4d605d)
Start importing Assets/Projects/GravityDash/kenney_ui-pack/PNG/Grey/Double/arrow_decorative_n_small.png using Guid(dbdc719e4a30d438ca9c253090704faa) Importer(2089858483,b0f066a214c2f5e87bad3c948f4d605d) (ScriptedImporter) -> (artifact id: 'd1ca6bfec63bf95085e733dcc3d4e181') in 0.0565954 seconds
Number of updated asset objects reloaded before import = 0Number of asset objects unloaded after import = 3

========================================================================
Received Import Request.
  Time since last request: 0.000028 seconds.
  path: Assets/Projects/GravityDash/kenney_ui-pack/PNG/Grey/Default/icon_outline_circle.png
  artifactKey: Guid(b4a08481f43194bee82552a2e6a2055e) Importer(2089858483,b0f066a214c2f5e87bad3c948f4d605d)
Start importing Assets/Projects/GravityDash/kenney_ui-pack/PNG/Grey/Default/icon_outline_circle.png using Guid(b4a08481f43194bee82552a2e6a2055e) Importer(2089858483,b0f066a214c2f5e87bad3c948f4d605d) (ScriptedImporter) -> (artifact id: '5d4f22d5746f8bfa2870939f48a3df14') in 0.057341 seconds
Number of updated asset objects reloaded before import = 0Number of asset objects unloaded after import = 3

========================================================================
Received Import Request.
  Time since last request: 0.000184 seconds.
  path: Assets/Projects/GravityDash/kenney_ui-pack/PNG/Grey/Double/arrow_basic_n_small.png
  artifactKey: Guid(a5ca969a50b7c417d86c0fd52eef5b81) Importer(2089858483,b0f066a214c2f5e87bad3c948f4d605d)
Start importing Assets/Projects/GravityDash/kenney_ui-pack/PNG/Grey/Double/arrow_basic_n_small.png using Guid(a5ca969a50b7c417d86c0fd52eef5b81) Importer(2089858483,b0f066a214c2f5e87bad3c948f4d605d) (ScriptedImporter) -> (artifact id: 'a3265af3da133183f046b5800031f941') in 0.0548673 seconds
Number of updated asset objects reloaded before import = 0Number of asset objects unloaded after import = 3

========================================================================
Received Import Request.
  Time since last request: 0.000030 seconds.
  path: Assets/Projects/GravityDash/kenney_ui-pack/PNG/Green/Double/star.png
  artifactKey: Guid(1a5fa0ba66ffb4f678bf332e8430437e) Importer(2089858483,b0f066a214c2f5e87bad3c948f4d605d)
Start importing Assets/Projects/GravityDash/kenney_ui-pack/PNG/Green/Double/star.png using Guid(1a5fa0ba66ffb4f678bf332e8430437e) Importer(2089858483,b0f066a214c2f5e87bad3c948f4d605d) (ScriptedImporter) -> (artifact id: '56283fd4f1ecae7ca7a7c0034841724f') in 0.0513521 seconds
Number of updated asset objects reloaded before import = 0Number of asset objects unloaded after import = 3

========================================================================
Received Import Request.
  Time since last request: 0.000068 seconds.
  path: Assets/Projects/GravityDash/kenney_ui-pack/PNG/Grey/Default/button_rectangle_depth_flat.png
  artifactKey: Guid(1da5cc21205b04582a3ece3551f91a17) Importer(2089858483,b0f066a214c2f5e87bad3c948f4d605d)
Start importing Assets/Projects/GravityDash/kenney_ui-pack/PNG/Grey/Default/button_rectangle_depth_flat.png using Guid(1da5cc21205b04582a3ece3551f91a17) Importer(2089858483,b0f066a214c2f5e87bad3c948f4d605d) (ScriptedImporter) -> (artifact id: '0e11a46baa7ddf1e628b4c0e88e30a1c') in 0.0455482 seconds
Number of updated asset objects reloaded before import = 0Number of asset objects unloaded after import = 3

========================================================================
Received Import Request.
  Time since last request: 0.000027 seconds.
  path: Assets/Projects/GravityDash/kenney_ui-pack/PNG/Green/Double/slide_vertical_grey_section.png
  artifactKey: Guid(6c2540027c48e4b1595d3cd72ca69548) Importer(2089858483,b0f066a214c2f5e87bad3c948f4d605d)
Start importing Assets/Projects/GravityDash/kenney_ui-pack/PNG/Green/Double/slide_vertical_grey_section.png using Guid(6c2540027c48e4b1595d3cd72ca69548) Importer(2089858483,b0f066a214c2f5e87bad3c948f4d605d) (ScriptedImporter) -> (artifact id: '8b91f5db3b2870d2df265c0f37978e51') in 0.0326355 seconds
Number of updated asset objects reloaded before import = 0Number of asset objects unloaded after import = 3

========================================================================
Received Import Request.
  Time since last request: 0.000029 seconds.
  path: Assets/Projects/GravityDash/kenney_ui-pack/PNG/Grey/Default/arrow_decorative_w_small.png
  artifactKey: Guid(a221dde02ff814c229ccc2910d29258a) Importer(2089858483,b0f066a214c2f5e87bad3c948f4d605d)
Start importing Assets/Projects/GravityDash/kenney_ui-pack/PNG/Grey/Default/arrow_decorative_w_small.png using Guid(a221dde02ff814c229ccc2910d29258a) Importer(2089858483,b0f066a214c2f5e87bad3c948f4d605d) (ScriptedImporter) -> (artifact id: 'e22e5527c2e3a89b31359913916a295e') in 0.0483346 seconds
Number of updated asset objects reloaded before import = 0Number of asset objects unloaded after import = 3

========================================================================
Received Import Request.
  Time since last request: 0.000029 seconds.
  path: Assets/Projects/GravityDash/kenney_ui-pack/PNG/Grey/Default/button_rectangle_border.png
  artifactKey: Guid(fd2cf08307316479cab03507a23b3809) Importer(2089858483,b0f066a214c2f5e87bad3c948f4d605d)
Start importing Assets/Projects/GravityDash/kenney_ui-pack/PNG/Grey/Default/button_rectangle_border.png using Guid(fd2cf08307316479cab03507a23b3809) Importer(2089858483,b0f066a214c2f5e87bad3c948f4d605d) (ScriptedImporter) -> (artifact id: 'aebbbbae9e8e3c11ea6163b08e3a7c31') in 0.048858 seconds
Number of updated asset objects reloaded before import = 0Number of asset objects unloaded after import = 3

========================================================================
Received Import Request.
  Time since last request: 0.000040 seconds.
  path: Assets/Projects/GravityDash/kenney_ui-pack/PNG/Green/Double/icon_outline_cross.png
  artifactKey: Guid(f2e9cd3fc117f426ead8835d88284051) Importer(2089858483,b0f066a214c2f5e87bad3c948f4d605d)
Start importing Assets/Projects/GravityDash/kenney_ui-pack/PNG/Green/Double/icon_outline_cross.png using Guid(f2e9cd3fc117f426ead8835d88284051) Importer(2089858483,b0f066a214c2f5e87bad3c948f4d605d) (ScriptedImporter) -> (artifact id: '289d4911d8874ca0be3830d2f4daa34e') in 0.0484216 seconds
Number of updated asset objects reloaded before import = 0Number of asset objects unloaded after import = 3

========================================================================
Received Import Request.
  Time since last request: 0.000053 seconds.
  path: Assets/Projects/GravityDash/kenney_ui-pack/PNG/Grey/Double/button_rectangle_depth_gloss.png
  artifactKey: Guid(318aa988ae7b04bbcb8794d6ce15bdc2) Importer(2089858483,b0f066a214c2f5e87bad3c948f4d605d)
Start importing Assets/Projects/GravityDash/kenney_ui-pack/PNG/Grey/Double/button_rectangle_depth_gloss.png using Guid(318aa988ae7b04bbcb8794d6ce15bdc2) Importer(2089858483,b0f066a214c2f5e87bad3c948f4d605d) (ScriptedImporter) -> (artifact id: 'e1ac9cded4d1b9c8c30f58dfa7a97431') in 0.0420148 seconds
Number of updated asset objects reloaded before import = 0Number of asset objects unloaded after import = 3

========================================================================
Received Import Request.
  Time since last request: 0.000062 seconds.
  path: Assets/Projects/GravityDash/kenney_ui-pack/PNG/Green/Double/slide_horizontal_grey_section_wide.png
  artifactKey: Guid(37b340216a2b14644a8e6928fcd0dd08) Importer(2089858483,b0f066a214c2f5e87bad3c948f4d605d)
Start importing Assets/Projects/GravityDash/kenney_ui-pack/PNG/Green/Double/slide_horizontal_grey_section_wide.png using Guid(37b340216a2b14644a8e6928fcd0dd08) Importer(2089858483,b0f066a214c2f5e87bad3c948f4d605d) (ScriptedImporter) -> (artifact id: '3b0523a2085ec8548867dbd69b152f36') in 0.0278541 seconds
Number of updated asset objects reloaded before import = 0Number of asset objects unloaded after import = 3

========================================================================
Received Import Request.
  Time since last request: 0.000048 seconds.
  path: Assets/Projects/GravityDash/kenney_ui-pack/PNG/Grey/Default/check_square_color.png
  artifactKey: Guid(cca1d9602115344d7880cf9242bb0d12) Importer(2089858483,b0f066a214c2f5e87bad3c948f4d605d)
Start importing Assets/Projects/GravityDash/kenney_ui-pack/PNG/Grey/Default/check_square_color.png using Guid(cca1d9602115344d7880cf9242bb0d12) Importer(2089858483,b0f066a214c2f5e87bad3c948f4d605d) (ScriptedImporter) -> (artifact id: '77281c534f4af83e672e6a7c0f85b618') in 0.0416407 seconds
Number of updated asset objects reloaded before import = 0Number of asset objects unloaded after import = 3

========================================================================
Received Import Request.
  Time since last request: 0.000033 seconds.
  path: Assets/Projects/GravityDash/kenney_ui-pack/PNG/Grey/Double/icon_outline_circle.png
  artifactKey: Guid(06cb9d8749462455dad0841337089bca) Importer(2089858483,b0f066a214c2f5e87bad3c948f4d605d)
Start importing Assets/Projects/GravityDash/kenney_ui-pack/PNG/Grey/Double/icon_outline_circle.png using Guid(06cb9d8749462455dad0841337089bca) Importer(2089858483,b0f066a214c2f5e87bad3c948f4d605d) (ScriptedImporter) -> (artifact id: 'e94948e34d5eeacbf720ebe71ddabfdc') in 0.0463321 seconds
Number of updated asset objects reloaded before import = 0Number of asset objects unloaded after import = 3

========================================================================
Received Import Request.
  Time since last request: 0.000034 seconds.
  path: Assets/Projects/GravityDash/kenney_ui-pack/PNG/Grey/Double/slide_vertical_grey.png
  artifactKey: Guid(ff7782593c1584b04ab56ff84a1407ee) Importer(2089858483,b0f066a214c2f5e87bad3c948f4d605d)
Start importing Assets/Projects/GravityDash/kenney_ui-pack/PNG/Grey/Double/slide_vertical_grey.png using Guid(ff7782593c1584b04ab56ff84a1407ee) Importer(2089858483,b0f066a214c2f5e87bad3c948f4d605d) (ScriptedImporter) -> (artifact id: 'e367f4b63d6826dcb96a936a87f707e3') in 0.0282857 seconds
Number of updated asset objects reloaded before import = 0Number of asset objects unloaded after import = 3

========================================================================
Received Import Request.
  Time since last request: 0.000044 seconds.
  path: Assets/Projects/GravityDash/kenney_ui-pack/PNG/Grey/Double/button_round_flat.png
  artifactKey: Guid(28cf804c9d48941e1ab5822392081e59) Importer(2089858483,b0f066a214c2f5e87bad3c948f4d605d)
Start importing Assets/Projects/GravityDash/kenney_ui-pack/PNG/Grey/Double/button_round_flat.png using Guid(28cf804c9d48941e1ab5822392081e59) Importer(2089858483,b0f066a214c2f5e87bad3c948f4d605d) (ScriptedImporter) -> (artifact id: '7614ebee48043b9b5ba36e8f1a1017f2') in 0.038077 seconds
Number of updated asset objects reloaded before import = 0Number of asset objects unloaded after import = 3

========================================================================
Received Import Request.
  Time since last request: 0.000029 seconds.
  path: Assets/Projects/GravityDash/kenney_ui-pack/PNG/Grey/Double/button_square_depth_gradient.png
  artifactKey: Guid(3f2d820db62a54dd09215a17f3774dfd) Importer(2089858483,b0f066a214c2f5e87bad3c948f4d605d)
Start importing Assets/Projects/GravityDash/kenney_ui-pack/PNG/Grey/Double/button_square_depth_gradient.png using Guid(3f2d820db62a54dd09215a17f3774dfd) Importer(2089858483,b0f066a214c2f5e87bad3c948f4d605d) (ScriptedImporter) -> (artifact id: '05521752a1075572feb7560f2be0b879') in 0.0441112 seconds
Number of updated asset objects reloaded before import = 0Number of asset objects unloaded after import = 3

========================================================================
Received Import Request.
  Time since last request: 0.000024 seconds.
  path: Assets/Projects/GravityDash/kenney_ui-pack/PNG/Grey/Double/icon_square.png
  artifactKey: Guid(b7fc257ef06bf41668de3ef2dac0832b) Importer(2089858483,b0f066a214c2f5e87bad3c948f4d605d)
Start importing Assets/Projects/GravityDash/kenney_ui-pack/PNG/Grey/Double/icon_square.png using Guid(b7fc257ef06bf41668de3ef2dac0832b) Importer(2089858483,b0f066a214c2f5e87bad3c948f4d605d) (ScriptedImporter) -> (artifact id: 'c22fb9a2af47bdf2e8ef8ce9acc1b467') in 0.0660464 seconds
Number of updated asset objects reloaded before import = 0Number of asset objects unloaded after import = 3

========================================================================
Received Import Request.
  Time since last request: 0.000029 seconds.
  path: Assets/Projects/GravityDash/kenney_ui-pack/PNG/Grey/Double/check_square_grey_square.png
  artifactKey: Guid(701d87e52076c4cad9d62109d9b7f912) Importer(2089858483,b0f066a214c2f5e87bad3c948f4d605d)
Start importing Assets/Projects/GravityDash/kenney_ui-pack/PNG/Grey/Double/check_square_grey_square.png using Guid(701d87e52076c4cad9d62109d9b7f912) Importer(2089858483,b0f066a214c2f5e87bad3c948f4d605d) (ScriptedImporter) -> (artifact id: '254b57a9b14454468392eabf3924ace3') in 0.0411587 seconds
Number of updated asset objects reloaded before import = 0Number of asset objects unloaded after import = 3

========================================================================
Received Import Request.
  Time since last request: 0.000033 seconds.
  path: Assets/Projects/GravityDash/kenney_ui-pack/PNG/Grey/Double/check_round_round_circle.png
  artifactKey: Guid(622d3a98fd51846fcb5a1679d26cbf4e) Importer(2089858483,b0f066a214c2f5e87bad3c948f4d605d)
Start importing Assets/Projects/GravityDash/kenney_ui-pack/PNG/Grey/Double/check_round_round_circle.png using Guid(622d3a98fd51846fcb5a1679d26cbf4e) Importer(2089858483,b0f066a214c2f5e87bad3c948f4d605d) (ScriptedImporter) -> (artifact id: '124b5e4ffeb92f49733052fb16208f58') in 0.0206324 seconds
Number of updated asset objects reloaded before import = 0Number of asset objects unloaded after import = 3

========================================================================
Received Import Request.
  Time since last request: 0.000032 seconds.
  path: Assets/Projects/GravityDash/kenney_ui-pack/PNG/Grey/Double/icon_circle.png
  artifactKey: Guid(e882452adccdf4b03a9f220e3be49abb) Importer(2089858483,b0f066a214c2f5e87bad3c948f4d605d)
Start importing Assets/Projects/GravityDash/kenney_ui-pack/PNG/Grey/Double/icon_circle.png using Guid(e882452adccdf4b03a9f220e3be49abb) Importer(2089858483,b0f066a214c2f5e87bad3c948f4d605d) (ScriptedImporter) -> (artifact id: '05800a58a220b468721660f38236279c') in 0.0231671 seconds
Number of updated asset objects reloaded before import = 0Number of asset objects unloaded after import = 3

========================================================================
Received Import Request.
  Time since last request: 0.000019 seconds.
  path: Assets/Projects/GravityDash/kenney_ui-pack/PNG/Red/Default/arrow_basic_w_small.png
  artifactKey: Guid(51bba813dca9c4f3c8bdde45cc3b0805) Importer(2089858483,b0f066a214c2f5e87bad3c948f4d605d)
Start importing Assets/Projects/GravityDash/kenney_ui-pack/PNG/Red/Default/arrow_basic_w_small.png using Guid(51bba813dca9c4f3c8bdde45cc3b0805) Importer(2089858483,b0f066a214c2f5e87bad3c948f4d605d) (ScriptedImporter) -> (artifact id: '3f59f9e897093c1f5a3706d92fd9698c') in 0.0241562 seconds
Number of updated asset objects reloaded before import = 0Number of asset objects unloaded after import = 3

========================================================================
Received Import Request.
  Time since last request: 0.000017 seconds.
  path: Assets/Projects/GravityDash/kenney_ui-pack/PNG/Red/Default/arrow_basic_s.png
  artifactKey: Guid(a6d7fe8559e894caa8c5271f585e65c5) Importer(2089858483,b0f066a214c2f5e87bad3c948f4d605d)
Start importing Assets/Projects/GravityDash/kenney_ui-pack/PNG/Red/Default/arrow_basic_s.png using Guid(a6d7fe8559e894caa8c5271f585e65c5) Importer(2089858483,b0f066a214c2f5e87bad3c948f4d605d) (ScriptedImporter) -> (artifact id: '59976eaa77b3089d9d5f27b1fcdada58') in 0.0249821 seconds
Number of updated asset objects reloaded before import = 0Number of asset objects unloaded after import = 3

========================================================================
Received Import Request.
  Time since last request: 0.000019 seconds.
  path: Assets/Projects/GravityDash/kenney_ui-pack/PNG/Grey/Default/icon_cross.png
  artifactKey: Guid(b62bab50b3f884dd6baa188159c5585a) Importer(2089858483,b0f066a214c2f5e87bad3c948f4d605d)
Start importing Assets/Projects/GravityDash/kenney_ui-pack/PNG/Grey/Default/icon_cross.png using Guid(b62bab50b3f884dd6baa188159c5585a) Importer(2089858483,b0f066a214c2f5e87bad3c948f4d605d) (ScriptedImporter) -> (artifact id: '59aa57beb0160902df8f9deb430a6326') in 0.0248705 seconds
Number of updated asset objects reloaded before import = 0Number of asset objects unloaded after import = 3

========================================================================
Received Import Request.
  Time since last request: 0.000019 seconds.
  path: Assets/Projects/GravityDash/kenney_ui-pack/PNG/Grey/Default/arrow_decorative_n.png
  artifactKey: Guid(6e343799c9cd34861b86cc9080005365) Importer(2089858483,b0f066a214c2f5e87bad3c948f4d605d)
Start importing Assets/Projects/GravityDash/kenney_ui-pack/PNG/Grey/Default/arrow_decorative_n.png using Guid(6e343799c9cd34861b86cc9080005365) Importer(2089858483,b0f066a214c2f5e87bad3c948f4d605d) (ScriptedImporter) -> (artifact id: '9a70b1603162d77f11f4bde5e2e54bd0') in 0.0264989 seconds
Number of updated asset objects reloaded before import = 0Number of asset objects unloaded after import = 3

========================================================================
Received Import Request.
  Time since last request: 0.000018 seconds.
  path: Assets/Projects/GravityDash/kenney_ui-pack/PNG/Red/Default/arrow_basic_e_small.png
  artifactKey: Guid(015271d8c216f419c930ba8bd41ef350) Importer(2089858483,b0f066a214c2f5e87bad3c948f4d605d)
Start importing Assets/Projects/GravityDash/kenney_ui-pack/PNG/Red/Default/arrow_basic_e_small.png using Guid(015271d8c216f419c930ba8bd41ef350) Importer(2089858483,b0f066a214c2f5e87bad3c948f4d605d) (ScriptedImporter) -> (artifact id: '85f880da6d9641668d94bc5dbf236c0d') in 0.0220354 seconds
Number of updated asset objects reloaded before import = 0Number of asset objects unloaded after import = 3

========================================================================
Received Import Request.
  Time since last request: 0.000021 seconds.
  path: Assets/Projects/GravityDash/kenney_ui-pack/PNG/Extra/Double/button_round_depth_line.png
  artifactKey: Guid(63f92f6d965ce4a7abf1cf565e00dbae) Importer(2089858483,b0f066a214c2f5e87bad3c948f4d605d)
Start importing Assets/Projects/GravityDash/kenney_ui-pack/PNG/Extra/Double/button_round_depth_line.png using Guid(63f92f6d965ce4a7abf1cf565e00dbae) Importer(2089858483,b0f066a214c2f5e87bad3c948f4d605d) (ScriptedImporter) -> (artifact id: '7a0e1291e581d48013a0cd432fa29bc1') in 0.0237006 seconds
Number of updated asset objects reloaded before import = 0Number of asset objects unloaded after import = 3

========================================================================
Received Import Request.
  Time since last request: 0.000030 seconds.
  path: Assets/Projects/GravityDash/kenney_ui-pack/PNG/Blue/Double/button_round_depth_border.png
  artifactKey: Guid(10fea98c734f74a888159ebf47dc10a6) Importer(2089858483,b0f066a214c2f5e87bad3c948f4d605d)
Start importing Assets/Projects/GravityDash/kenney_ui-pack/PNG/Blue/Double/button_round_depth_border.png using Guid(10fea98c734f74a888159ebf47dc10a6) Importer(2089858483,b0f066a214c2f5e87bad3c948f4d605d) (ScriptedImporter) -> (artifact id: '5ce81dcfed49c3658d4704518bc1f5a8') in 0.0237578 seconds
Number of updated asset objects reloaded before import = 0Number of asset objects unloaded after import = 3

========================================================================
Received Import Request.
  Time since last request: 0.000029 seconds.
  path: Assets/Projects/GravityDash/kenney_ui-pack/PNG/Blue/Double/icon_checkmark.png
  artifactKey: Guid(7abf85a074ea4405181d8512aa7af820) Importer(2089858483,b0f066a214c2f5e87bad3c948f4d605d)
Start importing Assets/Projects/GravityDash/kenney_ui-pack/PNG/Blue/Double/icon_checkmark.png using Guid(7abf85a074ea4405181d8512aa7af820) Importer(2089858483,b0f066a214c2f5e87bad3c948f4d605d) (ScriptedImporter) -> (artifact id: 'c017e944c43798f80e0857daa5b0fefe') in 0.0227978 seconds
Number of updated asset objects reloaded before import = 0Number of asset objects unloaded after import = 3

========================================================================
Received Import Request.
  Time since last request: 0.000028 seconds.
  path: Assets/Projects/GravityDash/kenney_ui-pack/PNG/Green/Default/arrow_basic_e_small.png
  artifactKey: Guid(4a4c4feed45d44afc805302b5bfab4e3) Importer(2089858483,b0f066a214c2f5e87bad3c948f4d605d)
Start importing Assets/Projects/GravityDash/kenney_ui-pack/PNG/Green/Default/arrow_basic_e_small.png using Guid(4a4c4feed45d44afc805302b5bfab4e3) Importer(2089858483,b0f066a214c2f5e87bad3c948f4d605d) (ScriptedImporter) -> (artifact id: 'e77e2fcfd966449aa789abbd5e805b73') in 0.0208282 seconds
Number of updated asset objects reloaded before import = 0Number of asset objects unloaded after import = 3

========================================================================
Received Import Request.
  Time since last request: 0.000019 seconds.
  path: Assets/Projects/GravityDash/kenney_new-platformer-pack-1.1/Sprites/Tiles/Default/terrain_stone_vertical_middle.png
  artifactKey: Guid(f8ffc037376fc44c9a79f655b370a99a) Importer(2089858483,b0f066a214c2f5e87bad3c948f4d605d)
Start importing Assets/Projects/GravityDash/kenney_new-platformer-pack-1.1/Sprites/Tiles/Default/terrain_stone_vertical_middle.png using Guid(f8ffc037376fc44c9a79f655b370a99a) Importer(2089858483,b0f066a214c2f5e87bad3c948f4d605d) (ScriptedImporter) -> (artifact id: '535d88c3f55efa836e15860cb2fd1eb0') in 0.0216216 seconds
Number of updated asset objects reloaded before import = 0Number of asset objects unloaded after import = 3

========================================================================
Received Import Request.
  Time since last request: 0.000018 seconds.
  path: Assets/Projects/GravityDash/kenney_new-platformer-pack-1.1/Sprites/Tiles/Double/mushroom_red.png
  artifactKey: Guid(5aa3dff82dd5f4e4ab72ce6f9bfd17f1) Importer(2089858483,b0f066a214c2f5e87bad3c948f4d605d)
Start importing Assets/Projects/GravityDash/kenney_new-platformer-pack-1.1/Sprites/Tiles/Double/mushroom_red.png using Guid(5aa3dff82dd5f4e4ab72ce6f9bfd17f1) Importer(2089858483,b0f066a214c2f5e87bad3c948f4d605d) (ScriptedImporter) -> (artifact id: 'b35c05e565877c136dba12bc8aaaf3a5') in 0.0208793 seconds
Number of updated asset objects reloaded before import = 0Number of asset objects unloaded after import = 3

========================================================================
Received Import Request.
  Time since last request: 0.000019 seconds.
  path: Assets/Projects/GravityDash/kenney_new-platformer-pack-1.1/Sprites/Tiles/Default/terrain_stone_ramp_long_a.png
  artifactKey: Guid(33177a069fb914b618edd64643c86795) Importer(2089858483,b0f066a214c2f5e87bad3c948f4d605d)
Start importing Assets/Projects/GravityDash/kenney_new-platformer-pack-1.1/Sprites/Tiles/Default/terrain_stone_ramp_long_a.png using Guid(33177a069fb914b618edd64643c86795) Importer(2089858483,b0f066a214c2f5e87bad3c948f4d605d) (ScriptedImporter) -> (artifact id: '36e99b9030537b69f4636f7cc5ccf167') in 0.0201065 seconds
Number of updated asset objects reloaded before import = 0Number of asset objects unloaded after import = 3

========================================================================
Received Import Request.
  Time since last request: 0.000019 seconds.
  path: Assets/Projects/GravityDash/kenney_new-platformer-pack-1.1/Sprites/Tiles/Double/terrain_dirt_cloud_right.png
  artifactKey: Guid(2e6d158900cb64046a52a43b41fdc21f) Importer(2089858483,b0f066a214c2f5e87bad3c948f4d605d)
Start importing Assets/Projects/GravityDash/kenney_new-platformer-pack-1.1/Sprites/Tiles/Double/terrain_dirt_cloud_right.png using Guid(2e6d158900cb64046a52a43b41fdc21f) Importer(2089858483,b0f066a214c2f5e87bad3c948f4d605d) (ScriptedImporter) -> (artifact id: '8c7945eaff15648b20d0752e4887afc5') in 0.0234678 seconds
Number of updated asset objects reloaded before import = 0Number of asset objects unloaded after import = 3

========================================================================
Received Import Request.
  Time since last request: 0.000021 seconds.
  path: Assets/Projects/GravityDash/kenney_ui-pack/PNG/Blue/Double/button_rectangle_border.png
  artifactKey: Guid(1dc642494b8944a51aa7f3ca155c06b7) Importer(2089858483,b0f066a214c2f5e87bad3c948f4d605d)
Start importing Assets/Projects/GravityDash/kenney_ui-pack/PNG/Blue/Double/button_rectangle_border.png using Guid(1dc642494b8944a51aa7f3ca155c06b7) Importer(2089858483,b0f066a214c2f5e87bad3c948f4d605d) (ScriptedImporter) -> (artifact id: 'a24e5f6e9a7dfb4469e309e5acc31b57') in 0.0226752 seconds
Number of updated asset objects reloaded before import = 0Number of asset objects unloaded after import = 3

========================================================================
Received Import Request.
  Time since last request: 0.000030 seconds.
  path: Assets/Projects/GravityDash/kenney_ui-pack/PNG/Blue/Double/slide_vertical_color_section.png
  artifactKey: Guid(6adfa4ac1a07d4c879db2fcfe330a7c1) Importer(2089858483,b0f066a214c2f5e87bad3c948f4d605d)
Start importing Assets/Projects/GravityDash/kenney_ui-pack/PNG/Blue/Double/slide_vertical_color_section.png using Guid(6adfa4ac1a07d4c879db2fcfe330a7c1) Importer(2089858483,b0f066a214c2f5e87bad3c948f4d605d) (ScriptedImporter) -> (artifact id: '1b5f085614c4ba14241975f05ac63751') in 0.0238975 seconds
Number of updated asset objects reloaded before import = 0Number of asset objects unloaded after import = 3

========================================================================
Received Import Request.
  Time since last request: 0.000025 seconds.
  path: Assets/Projects/GravityDash/kenney_new-platformer-pack-1.1/Sprites/Tiles/Double/terrain_dirt_block_top_right.png
  artifactKey: Guid(aa4c59d9b26cc4ed480bfea97ccf9064) Importer(2089858483,b0f066a214c2f5e87bad3c948f4d605d)
Start importing Assets/Projects/GravityDash/kenney_new-platformer-pack-1.1/Sprites/Tiles/Double/terrain_dirt_block_top_right.png using Guid(aa4c59d9b26cc4ed480bfea97ccf9064) Importer(2089858483,b0f066a214c2f5e87bad3c948f4d605d) (ScriptedImporter) -> (artifact id: '707e709190def8baf2a787ba683d06d6') in 0.0224974 seconds
Number of updated asset objects reloaded before import = 0Number of asset objects unloaded after import = 3

========================================================================
Received Import Request.
  Time since last request: 0.000125 seconds.
  path: Assets/Projects/GravityDash/kenney_new-platformer-pack-1.1/Sprites/Tiles/Double/grass.png
  artifactKey: Guid(5c160e8e96c4c4b518148749364eb89c) Importer(2089858483,b0f066a214c2f5e87bad3c948f4d605d)
Start importing Assets/Projects/GravityDash/kenney_new-platformer-pack-1.1/Sprites/Tiles/Double/grass.png using Guid(5c160e8e96c4c4b518148749364eb89c) Importer(2089858483,b0f066a214c2f5e87bad3c948f4d605d) (ScriptedImporter) -> (artifact id: '72e9006429b8316dc80a47e82f312786') in 0.0242098 seconds
Number of updated asset objects reloaded before import = 0Number of asset objects unloaded after import = 3

========================================================================
Received Import Request.
  Time since last request: 0.000021 seconds.
  path: Assets/Projects/GravityDash/kenney_ui-pack/PNG/Red/Double/slide_horizontal_color.png
  artifactKey: Guid(4349fcf98bb1c4019aeba09c6b1b7da9) Importer(2089858483,b0f066a214c2f5e87bad3c948f4d605d)
Start importing Assets/Projects/GravityDash/kenney_ui-pack/PNG/Red/Double/slide_horizontal_color.png using Guid(4349fcf98bb1c4019aeba09c6b1b7da9) Importer(2089858483,b0f066a214c2f5e87bad3c948f4d605d) (ScriptedImporter) -> (artifact id: '6511f39225caebe20158df948a39e2e2') in 0.0232695 seconds
Number of updated asset objects reloaded before import = 0Number of asset objects unloaded after import = 3

========================================================================
Received Import Request.
  Time since last request: 0.000021 seconds.
  path: Assets/Projects/GravityDash/kenney_ui-pack/PNG/Red/Double/slide_horizontal_color_section_wide.png
  artifactKey: Guid(e89b78a137cd4496393915cdc42854c8) Importer(2089858483,b0f066a214c2f5e87bad3c948f4d605d)
Start importing Assets/Projects/GravityDash/kenney_ui-pack/PNG/Red/Double/slide_horizontal_color_section_wide.png using Guid(e89b78a137cd4496393915cdc42854c8) Importer(2089858483,b0f066a214c2f5e87bad3c948f4d605d) (ScriptedImporter) -> (artifact id: 'd49e55fcd198878462190e8c767bdf80') in 0.0209464 seconds
Number of updated asset objects reloaded before import = 0Number of asset objects unloaded after import = 3

========================================================================
Received Import Request.
  Time since last request: 0.000018 seconds.
  path: Assets/Projects/GravityDash/kenney_ui-pack/PNG/Red/Default/check_square_grey_cross.png
  artifactKey: Guid(d90463ee528424a5d91a7e217abfc743) Importer(2089858483,b0f066a214c2f5e87bad3c948f4d605d)
Start importing Assets/Projects/GravityDash/kenney_ui-pack/PNG/Red/Default/check_square_grey_cross.png using Guid(d90463ee528424a5d91a7e217abfc743) Importer(2089858483,b0f066a214c2f5e87bad3c948f4d605d) (ScriptedImporter) -> (artifact id: 'e5242d73e85db1edc0ba95e43e4b3fe2') in 0.0245372 seconds
Number of updated asset objects reloaded before import = 0Number of asset objects unloaded after import = 3

========================================================================
Received Import Request.
  Time since last request: 0.000019 seconds.
  path: Assets/Projects/GravityDash/kenney_ui-pack/PNG/Red/Double/icon_outline_cross.png
  artifactKey: Guid(99cc0898f2d8e4fb38477cf36ab677da) Importer(2089858483,b0f066a214c2f5e87bad3c948f4d605d)
Start importing Assets/Projects/GravityDash/kenney_ui-pack/PNG/Red/Double/icon_outline_cross.png using Guid(99cc0898f2d8e4fb38477cf36ab677da) Importer(2089858483,b0f066a214c2f5e87bad3c948f4d605d) (ScriptedImporter) -> (artifact id: '5427b9f89b78c9826a9ee2a6db986ab1') in 0.0234424 seconds
Number of updated asset objects reloaded before import = 0Number of asset objects unloaded after import = 3

========================================================================
Received Import Request.
  Time since last request: 0.000019 seconds.
  path: Assets/Projects/GravityDash/kenney_ui-pack/PNG/Red/Default/button_round_depth_gradient.png
  artifactKey: Guid(fcd5fc02ef543483cb27f510bafcbad4) Importer(2089858483,b0f066a214c2f5e87bad3c948f4d605d)
Start importing Assets/Projects/GravityDash/kenney_ui-pack/PNG/Red/Default/button_round_depth_gradient.png using Guid(fcd5fc02ef543483cb27f510bafcbad4) Importer(2089858483,b0f066a214c2f5e87bad3c948f4d605d) (ScriptedImporter) -> (artifact id: '74ac0ccdbce0b304003c22ebec9d1f2e') in 0.0248591 seconds
Number of updated asset objects reloaded before import = 0Number of asset objects unloaded after import = 3

========================================================================
Received Import Request.
  Time since last request: 0.000022 seconds.
  path: Assets/Projects/GravityDash/kenney_ui-pack/PNG/Red/Default/button_round_depth_flat.png
  artifactKey: Guid(b8dc48058c3e04e8c8872e5301667db7) Importer(2089858483,b0f066a214c2f5e87bad3c948f4d605d)
Start importing Assets/Projects/GravityDash/kenney_ui-pack/PNG/Red/Default/button_round_depth_flat.png using Guid(b8dc48058c3e04e8c8872e5301667db7) Importer(2089858483,b0f066a214c2f5e87bad3c948f4d605d) (ScriptedImporter) -> (artifact id: 'a1d6e1906d8299caa89bd188b5bc2a92') in 0.0259691 seconds
Number of updated asset objects reloaded before import = 0Number of asset objects unloaded after import = 3

========================================================================
Received Import Request.
  Time since last request: 0.000020 seconds.
  path: Assets/Projects/GravityDash/kenney_ui-pack/PNG/Red/Double/check_square_grey_square.png
  artifactKey: Guid(8c3cfaedbd8f8465e8924e82ae29f242) Importer(2089858483,b0f066a214c2f5e87bad3c948f4d605d)
Start importing Assets/Projects/GravityDash/kenney_ui-pack/PNG/Red/Double/check_square_grey_square.png using Guid(8c3cfaedbd8f8465e8924e82ae29f242) Importer(2089858483,b0f066a214c2f5e87bad3c948f4d605d) (ScriptedImporter) -> (artifact id: 'e1fc57d518f1709225d47ca648300172') in 0.0249783 seconds
Number of updated asset objects reloaded before import = 0Number of asset objects unloaded after import = 3

========================================================================
Received Import Request.
  Time since last request: 0.000020 seconds.
  path: Assets/Projects/GravityDash/kenney_ui-pack/PNG/Red/Double/check_square_color_square.png
  artifactKey: Guid(7d68828fe80a6496abbc30b8988c07b0) Importer(2089858483,b0f066a214c2f5e87bad3c948f4d605d)
Start importing Assets/Projects/GravityDash/kenney_ui-pack/PNG/Red/Double/check_square_color_square.png using Guid(7d68828fe80a6496abbc30b8988c07b0) Importer(2089858483,b0f066a214c2f5e87bad3c948f4d605d) (ScriptedImporter) -> (artifact id: '22b3d895e928a995babc3738de442715') in 0.0218304 seconds
Number of updated asset objects reloaded before import = 0Number of asset objects unloaded after import = 3

========================================================================
Received Import Request.
  Time since last request: 0.000030 seconds.
  path: Assets/Projects/GravityDash/kenney_ui-pack/PNG/Red/Double/check_square_color_cross.png
  artifactKey: Guid(6226f7776119e46ffb9d9ab325179250) Importer(2089858483,b0f066a214c2f5e87bad3c948f4d605d)
Start importing Assets/Projects/GravityDash/kenney_ui-pack/PNG/Red/Double/check_square_color_cross.png using Guid(6226f7776119e46ffb9d9ab325179250) Importer(2089858483,b0f066a214c2f5e87bad3c948f4d605d) (ScriptedImporter) -> (artifact id: '710a271d4b774b7ea563532461f31569') in 0.0222081 seconds
Number of updated asset objects reloaded before import = 0Number of asset objects unloaded after import = 3

========================================================================
Received Import Request.
  Time since last request: 0.000019 seconds.
  path: Assets/Projects/GravityDash/kenney_ui-pack/PNG/Red/Double/button_round_depth_gradient.png
  artifactKey: Guid(3f6aef5dfa20942c8a85c5d86c4cd06f) Importer(2089858483,b0f066a214c2f5e87bad3c948f4d605d)
Start importing Assets/Projects/GravityDash/kenney_ui-pack/PNG/Red/Double/button_round_depth_gradient.png using Guid(3f6aef5dfa20942c8a85c5d86c4cd06f) Importer(2089858483,b0f066a214c2f5e87bad3c948f4d605d) (ScriptedImporter) -> (artifact id: '3e0c331a96b35738fc1a367f9f272a83') in 0.0217585 seconds
Number of updated asset objects reloaded before import = 0Number of asset objects unloaded after import = 3

========================================================================
Received Import Request.
  Time since last request: 0.000020 seconds.
  path: Assets/Projects/GravityDash/kenney_ui-pack/PNG/Red/Default/icon_outline_circle.png
  artifactKey: Guid(1c707b36132b64df18d6dd650c5b1ca2) Importer(2089858483,b0f066a214c2f5e87bad3c948f4d605d)
Start importing Assets/Projects/GravityDash/kenney_ui-pack/PNG/Red/Default/icon_outline_circle.png using Guid(1c707b36132b64df18d6dd650c5b1ca2) Importer(2089858483,b0f066a214c2f5e87bad3c948f4d605d) (ScriptedImporter) -> (artifact id: '6b20eb43c7ac34ae84814a24dec5ea7f') in 0.0247915 seconds
Number of updated asset objects reloaded before import = 0Number of asset objects unloaded after import = 3

========================================================================
Received Import Request.
  Time since last request: 0.000018 seconds.
  path: Assets/Projects/GravityDash/kenney_ui-pack/PNG/Red/Default/icon_circle.png
  artifactKey: Guid(c78d0f4b93934439d819638642acd8ed) Importer(2089858483,b0f066a214c2f5e87bad3c948f4d605d)
Start importing Assets/Projects/GravityDash/kenney_ui-pack/PNG/Red/Default/icon_circle.png using Guid(c78d0f4b93934439d819638642acd8ed) Importer(2089858483,b0f066a214c2f5e87bad3c948f4d605d) (ScriptedImporter) -> (artifact id: 'ef1990eca7765a4accbdf1f329755aa9') in 0.0425378 seconds
Number of updated asset objects reloaded before import = 0Number of asset objects unloaded after import = 3

========================================================================
Received Import Request.
  Time since last request: 0.000022 seconds.
  path: Assets/Projects/GravityDash/kenney_ui-pack/PNG/Red/Default/slide_vertical_grey_section.png
  artifactKey: Guid(b85bfccf804dc4eaebe86e63635cf532) Importer(2089858483,b0f066a214c2f5e87bad3c948f4d605d)
Start importing Assets/Projects/GravityDash/kenney_ui-pack/PNG/Red/Default/slide_vertical_grey_section.png using Guid(b85bfccf804dc4eaebe86e63635cf532) Importer(2089858483,b0f066a214c2f5e87bad3c948f4d605d) (ScriptedImporter) -> (artifact id: 'fc2cf9725434d4293bbba32af6963bfc') in 0.0153006 seconds
Number of updated asset objects reloaded before import = 0Number of asset objects unloaded after import = 3

========================================================================
Received Import Request.
  Time since last request: 0.000021 seconds.
  path: Assets/Projects/GravityDash/kenney_ui-pack/PNG/Red/Double/button_rectangle_depth_flat.png
  artifactKey: Guid(7f42d6a335c76456f9bdcd3d7af88c62) Importer(2089858483,b0f066a214c2f5e87bad3c948f4d605d)
Start importing Assets/Projects/GravityDash/kenney_ui-pack/PNG/Red/Double/button_rectangle_depth_flat.png using Guid(7f42d6a335c76456f9bdcd3d7af88c62) Importer(2089858483,b0f066a214c2f5e87bad3c948f4d605d) (ScriptedImporter) -> (artifact id: '3adfd843f68f42145990e686a4f39934') in 0.0225911 seconds
Number of updated asset objects reloaded before import = 0Number of asset objects unloaded after import = 3

========================================================================
Received Import Request.
  Time since last request: 0.000022 seconds.
  path: Assets/Projects/GravityDash/kenney_ui-pack/PNG/Red/Default/slide_vertical_color_section_wide.png
  artifactKey: Guid(97f6760cc304d4eee92336c125c18656) Importer(2089858483,b0f066a214c2f5e87bad3c948f4d605d)
Start importing Assets/Projects/GravityDash/kenney_ui-pack/PNG/Red/Default/slide_vertical_color_section_wide.png using Guid(97f6760cc304d4eee92336c125c18656) Importer(2089858483,b0f066a214c2f5e87bad3c948f4d605d) (ScriptedImporter) -> (artifact id: 'a1a710a16dc31dd654972988e1a0b41e') in 0.0207459 seconds
Number of updated asset objects reloaded before import = 0Number of asset objects unloaded after import = 3

========================================================================
Received Import Request.
  Time since last request: 0.000021 seconds.
  path: Assets/Projects/GravityDash/kenney_ui-pack/PNG/Red/Double/slide_vertical_color_section.png
  artifactKey: Guid(4a7b3574733d14c10992a6c03dbe0974) Importer(2089858483,b0f066a214c2f5e87bad3c948f4d605d)
Start importing Assets/Projects/GravityDash/kenney_ui-pack/PNG/Red/Double/slide_vertical_color_section.png using Guid(4a7b3574733d14c10992a6c03dbe0974) Importer(2089858483,b0f066a214c2f5e87bad3c948f4d605d) (ScriptedImporter) -> (artifact id: 'cf8a9dd31eae6b868408a56af8dd0e92') in 0.0254503 seconds
Number of updated asset objects reloaded before import = 0Number of asset objects unloaded after import = 3

========================================================================
Received Import Request.
  Time since last request: 0.000024 seconds.
  path: Assets/Projects/GravityDash/kenney_ui-pack/PNG/Red/Double/arrow_decorative_w_small.png
  artifactKey: Guid(db1f86087eb9648d589a72259d6b90d8) Importer(2089858483,b0f066a214c2f5e87bad3c948f4d605d)
Start importing Assets/Projects/GravityDash/kenney_ui-pack/PNG/Red/Double/arrow_decorative_w_small.png using Guid(db1f86087eb9648d589a72259d6b90d8) Importer(2089858483,b0f066a214c2f5e87bad3c948f4d605d) (ScriptedImporter) -> (artifact id: 'f53d3aa2d24f3f8c98e3db5486dcdc7e') in 0.0248519 seconds
Number of updated asset objects reloaded before import = 0Number of asset objects unloaded after import = 3

========================================================================
Received Import Request.
  Time since last request: 0.000019 seconds.
  path: Assets/Projects/GravityDash/kenney_ui-pack/PNG/Red/Default/icon_checkmark.png
  artifactKey: Guid(c96b0671920944c2f92049363150614f) Importer(2089858483,b0f066a214c2f5e87bad3c948f4d605d)
Start importing Assets/Projects/GravityDash/kenney_ui-pack/PNG/Red/Default/icon_checkmark.png using Guid(c96b0671920944c2f92049363150614f) Importer(2089858483,b0f066a214c2f5e87bad3c948f4d605d) (ScriptedImporter) -> (artifact id: '6752d11dfcd838e7c53444ac3ac02b85') in 0.0237456 seconds
Number of updated asset objects reloaded before import = 0Number of asset objects unloaded after import = 3

========================================================================
Received Import Request.
  Time since last request: 0.000020 seconds.
  path: Assets/Projects/GravityDash/kenney_ui-pack/PNG/Red/Default/slide_hangle.png
  artifactKey: Guid(e75d21b85bcc74a969f4cd1706f61e0e) Importer(2089858483,b0f066a214c2f5e87bad3c948f4d605d)
Start importing Assets/Projects/GravityDash/kenney_ui-pack/PNG/Red/Default/slide_hangle.png using Guid(e75d21b85bcc74a969f4cd1706f61e0e) Importer(2089858483,b0f066a214c2f5e87bad3c948f4d605d) (ScriptedImporter) -> (artifact id: '32cb7f6fed84e7b00e1bc280644594ba') in 0.026017 seconds
Number of updated asset objects reloaded before import = 0Number of asset objects unloaded after import = 3

========================================================================
Received Import Request.
  Time since last request: 0.000019 seconds.
  path: Assets/Projects/GravityDash/kenney_ui-pack/PNG/Red/Double/check_square_grey.png
  artifactKey: Guid(a89ff5001c8da47b5bed761a5c1a4d22) Importer(2089858483,b0f066a214c2f5e87bad3c948f4d605d)
Start importing Assets/Projects/GravityDash/kenney_ui-pack/PNG/Red/Double/check_square_grey.png using Guid(a89ff5001c8da47b5bed761a5c1a4d22) Importer(2089858483,b0f066a214c2f5e87bad3c948f4d605d) (ScriptedImporter) -> (artifact id: 'c3c9d26078eb795784a17243905d8515') in 0.0131209 seconds
Number of updated asset objects reloaded before import = 0Number of asset objects unloaded after import = 3

========================================================================
Received Import Request.
  Time since last request: 0.000030 seconds.
  path: Assets/Projects/GravityDash/kenney_ui-pack/PNG/Red/Double/button_round_depth_gloss.png
  artifactKey: Guid(30da97b96773c418d8a324d99f67dd4b) Importer(2089858483,b0f066a214c2f5e87bad3c948f4d605d)
Start importing Assets/Projects/GravityDash/kenney_ui-pack/PNG/Red/Double/button_round_depth_gloss.png using Guid(30da97b96773c418d8a324d99f67dd4b) Importer(2089858483,b0f066a214c2f5e87bad3c948f4d605d) (ScriptedImporter) -> (artifact id: '361d71d3ee0c4b6099fa0b396151d09d') in 0.0233473 seconds
Number of updated asset objects reloaded before import = 0Number of asset objects unloaded after import = 3

========================================================================
Received Import Request.
  Time since last request: 0.000019 seconds.
  path: Assets/Projects/GravityDash/kenney_ui-pack/PNG/Red/Default/button_square_depth_line.png
  artifactKey: Guid(099b94b2b39f04217b96e2a0238dc355) Importer(2089858483,b0f066a214c2f5e87bad3c948f4d605d)
Start importing Assets/Projects/GravityDash/kenney_ui-pack/PNG/Red/Default/button_square_depth_line.png using Guid(099b94b2b39f04217b96e2a0238dc355) Importer(2089858483,b0f066a214c2f5e87bad3c948f4d605d) (ScriptedImporter) -> (artifact id: 'e829713fcd4e9c95ed89b14e3ee646bc') in 0.0241799 seconds
Number of updated asset objects reloaded before import = 0Number of asset objects unloaded after import = 3

========================================================================
Received Import Request.
  Time since last request: 0.000027 seconds.
  path: Assets/Projects/GravityDash/kenney_new-platformer-pack-1.1/Sprites/Tiles/Double/hud_player_helmet_yellow.png
  artifactKey: Guid(e67adbbccdffc442c84cb529ca65657a) Importer(2089858483,b0f066a214c2f5e87bad3c948f4d605d)
Start importing Assets/Projects/GravityDash/kenney_new-platformer-pack-1.1/Sprites/Tiles/Double/hud_player_helmet_yellow.png using Guid(e67adbbccdffc442c84cb529ca65657a) Importer(2089858483,b0f066a214c2f5e87bad3c948f4d605d) (ScriptedImporter) -> (artifact id: 'a81c04e4c3822d8adb2a0a51a2269736') in 0.0247219 seconds
Number of updated asset objects reloaded before import = 0Number of asset objects unloaded after import = 3

========================================================================
Received Import Request.
  Time since last request: 0.000027 seconds.
  path: Assets/Projects/GravityDash/kenney_new-platformer-pack-1.1/Sprites/Tiles/Double/terrain_snow_ramp_short_b.png
  artifactKey: Guid(b2c6786073d5b4426acf8e10726b4482) Importer(2089858483,b0f066a214c2f5e87bad3c948f4d605d)
Start importing Assets/Projects/GravityDash/kenney_new-platformer-pack-1.1/Sprites/Tiles/Double/terrain_snow_ramp_short_b.png using Guid(b2c6786073d5b4426acf8e10726b4482) Importer(2089858483,b0f066a214c2f5e87bad3c948f4d605d) (ScriptedImporter) -> (artifact id: 'c28f9c65abf545a1b91bed3a46e7445f') in 0.0247035 seconds
Number of updated asset objects reloaded before import = 0Number of asset objects unloaded after import = 3

========================================================================
Received Import Request.
  Time since last request: 0.000036 seconds.
  path: Assets/Projects/GravityDash/kenney_ui-pack/PNG/Blue/Double/icon_outline_checkmark.png
  artifactKey: Guid(52189c586553c45baa06e5bc7c7f3efb) Importer(2089858483,b0f066a214c2f5e87bad3c948f4d605d)
Start importing Assets/Projects/GravityDash/kenney_ui-pack/PNG/Blue/Double/icon_outline_checkmark.png using Guid(52189c586553c45baa06e5bc7c7f3efb) Importer(2089858483,b0f066a214c2f5e87bad3c948f4d605d) (ScriptedImporter) -> (artifact id: '35a5d6804776ff965ccf91126931391e') in 0.025162 seconds
Number of updated asset objects reloaded before import = 0Number of asset objects unloaded after import = 3

========================================================================
Received Import Request.
  Time since last request: 0.000021 seconds.
  path: Assets/Projects/GravityDash/kenney_ui-pack/PNG/Grey/Double/button_rectangle_depth_border.png
  artifactKey: Guid(29096c89c2d82490c86dc46fb279ec16) Importer(2089858483,b0f066a214c2f5e87bad3c948f4d605d)
Start importing Assets/Projects/GravityDash/kenney_ui-pack/PNG/Grey/Double/button_rectangle_depth_border.png using Guid(29096c89c2d82490c86dc46fb279ec16) Importer(2089858483,b0f066a214c2f5e87bad3c948f4d605d) (ScriptedImporter) -> (artifact id: '78466200ced842f7916f7de058cabcbb') in 0.0251715 seconds
Number of updated asset objects reloaded before import = 0Number of asset objects unloaded after import = 3

========================================================================
Received Import Request.
  Time since last request: 0.000019 seconds.
  path: Assets/Projects/GravityDash/kenney_ui-pack/PNG/Yellow/Default/button_rectangle_depth_line.png
  artifactKey: Guid(c145b5e95f374495b9f3c917b8609c48) Importer(2089858483,b0f066a214c2f5e87bad3c948f4d605d)
Start importing Assets/Projects/GravityDash/kenney_ui-pack/PNG/Yellow/Default/button_rectangle_depth_line.png using Guid(c145b5e95f374495b9f3c917b8609c48) Importer(2089858483,b0f066a214c2f5e87bad3c948f4d605d) (ScriptedImporter) -> (artifact id: '98249c5f4eb4111c2584445084bc7b99') in 0.0245761 seconds
Number of updated asset objects reloaded before import = 0Number of asset objects unloaded after import = 3

========================================================================
Received Import Request.
  Time since last request: 0.000021 seconds.
  path: Assets/Projects/GravityDash/kenney_ui-pack/PNG/Yellow/Double/arrow_basic_s.png
  artifactKey: Guid(ecc37219107b04e7d8ef564fbe9494b5) Importer(2089858483,b0f066a214c2f5e87bad3c948f4d605d)
Start importing Assets/Projects/GravityDash/kenney_ui-pack/PNG/Yellow/Double/arrow_basic_s.png using Guid(ecc37219107b04e7d8ef564fbe9494b5) Importer(2089858483,b0f066a214c2f5e87bad3c948f4d605d) (ScriptedImporter) -> (artifact id: '3d0e77a2967aee69604a5a39f346405f') in 0.072749 seconds
Number of updated asset objects reloaded before import = 0Number of asset objects unloaded after import = 3

========================================================================
Received Import Request.
  Time since last request: 0.000022 seconds.
  path: Assets/Projects/GravityDash/kenney_ui-pack/PNG/Yellow/Default/icon_cross.png
  artifactKey: Guid(7721c345c871a4a2fb9cd02bf99a12b7) Importer(2089858483,b0f066a214c2f5e87bad3c948f4d605d)
Start importing Assets/Projects/GravityDash/kenney_ui-pack/PNG/Yellow/Default/icon_cross.png using Guid(7721c345c871a4a2fb9cd02bf99a12b7) Importer(2089858483,b0f066a214c2f5e87bad3c948f4d605d) (ScriptedImporter) -> (artifact id: '107a1a18df6167dd08b38e89554abd90') in 0.0279148 seconds
Number of updated asset objects reloaded before import = 0Number of asset objects unloaded after import = 3

========================================================================
Received Import Request.
  Time since last request: 0.000031 seconds.
  path: Assets/Projects/GravityDash/kenney_ui-pack/PNG/Yellow/Double/arrow_basic_e_small.png
  artifactKey: Guid(26b9eda20f1f8436ba4c59936d88da66) Importer(2089858483,b0f066a214c2f5e87bad3c948f4d605d)
Start importing Assets/Projects/GravityDash/kenney_ui-pack/PNG/Yellow/Double/arrow_basic_e_small.png using Guid(26b9eda20f1f8436ba4c59936d88da66) Importer(2089858483,b0f066a214c2f5e87bad3c948f4d605d) (ScriptedImporter) -> (artifact id: '67803361e78be6ce5dfd6b1ee460c510') in 0.0244139 seconds
Number of updated asset objects reloaded before import = 0Number of asset objects unloaded after import = 3

========================================================================
Received Import Request.
  Time since last request: 0.000067 seconds.
  path: Assets/Projects/GravityDash/kenney_ui-pack/PNG/Yellow/Double/button_round_gradient.png
  artifactKey: Guid(1d2ebf1f0ff7d48aba8c61de54ff8279) Importer(2089858483,b0f066a214c2f5e87bad3c948f4d605d)
Start importing Assets/Projects/GravityDash/kenney_ui-pack/PNG/Yellow/Double/button_round_gradient.png using Guid(1d2ebf1f0ff7d48aba8c61de54ff8279) Importer(2089858483,b0f066a214c2f5e87bad3c948f4d605d) (ScriptedImporter) -> (artifact id: 'eea6592d56e4222cd28a780fbb60a4a3') in 0.0274527 seconds
Number of updated asset objects reloaded before import = 0Number of asset objects unloaded after import = 3

========================================================================
Received Import Request.
  Time since last request: 0.000029 seconds.
  path: Assets/Projects/GravityDash/kenney_ui-pack/PNG/Yellow/Default/button_rectangle_line.png
  artifactKey: Guid(ed65a2584bcde4ae5b31643d95757c6c) Importer(2089858483,b0f066a214c2f5e87bad3c948f4d605d)
Start importing Assets/Projects/GravityDash/kenney_ui-pack/PNG/Yellow/Default/button_rectangle_line.png using Guid(ed65a2584bcde4ae5b31643d95757c6c) Importer(2089858483,b0f066a214c2f5e87bad3c948f4d605d) (ScriptedImporter) -> (artifact id: 'b07eee1408ebf4840f29d43010193700') in 0.0267549 seconds
Number of updated asset objects reloaded before import = 0Number of asset objects unloaded after import = 3

========================================================================
Received Import Request.
  Time since last request: 0.000022 seconds.
  path: Assets/Projects/GravityDash/kenney_ui-pack/PNG/Yellow/Default/button_rectangle_depth_gloss.png
  artifactKey: Guid(8f491634545ac41caa914947c08b46d8) Importer(2089858483,b0f066a214c2f5e87bad3c948f4d605d)
Start importing Assets/Projects/GravityDash/kenney_ui-pack/PNG/Yellow/Default/button_rectangle_depth_gloss.png using Guid(8f491634545ac41caa914947c08b46d8) Importer(2089858483,b0f066a214c2f5e87bad3c948f4d605d) (ScriptedImporter) -> (artifact id: '78799c386544c3fbff05f5694bf74f56') in 0.0258028 seconds
Number of updated asset objects reloaded before import = 0Number of asset objects unloaded after import = 3

========================================================================
Received Import Request.
  Time since last request: 0.000022 seconds.
  path: Assets/Projects/GravityDash/kenney_ui-pack/PNG/Yellow/Double/arrow_basic_w_small.png
  artifactKey: Guid(eb3f567c8f3074534a3e765e7c9b8888) Importer(2089858483,b0f066a214c2f5e87bad3c948f4d605d)
Start importing Assets/Projects/GravityDash/kenney_ui-pack/PNG/Yellow/Double/arrow_basic_w_small.png using Guid(eb3f567c8f3074534a3e765e7c9b8888) Importer(2089858483,b0f066a214c2f5e87bad3c948f4d605d) (ScriptedImporter) -> (artifact id: '277ffc8a4a6f93fd0afcd7a0584e9e6b') in 0.0246107 seconds
Number of updated asset objects reloaded before import = 0Number of asset objects unloaded after import = 3

========================================================================
Received Import Request.
  Time since last request: 0.000020 seconds.
  path: Assets/Projects/GravityDash/kenney_ui-pack/PNG/Yellow/Default/arrow_decorative_s_small.png
  artifactKey: Guid(a409debd5a3cf4c6587b10a298fc97b0) Importer(2089858483,b0f066a214c2f5e87bad3c948f4d605d)
Start importing Assets/Projects/GravityDash/kenney_ui-pack/PNG/Yellow/Default/arrow_decorative_s_small.png using Guid(a409debd5a3cf4c6587b10a298fc97b0) Importer(2089858483,b0f066a214c2f5e87bad3c948f4d605d) (ScriptedImporter) -> (artifact id: 'f923f6b8322fd014754a274dc1366105') in 0.0281372 seconds
Number of updated asset objects reloaded before import = 0Number of asset objects unloaded after import = 3

========================================================================
Received Import Request.
  Time since last request: 0.000021 seconds.
  path: Assets/Projects/GravityDash/kenney_ui-pack/PNG/Yellow/Default/icon_outline_circle.png
  artifactKey: Guid(6f666604f634a482d975705f6cb149b0) Importer(2089858483,b0f066a214c2f5e87bad3c948f4d605d)
Start importing Assets/Projects/GravityDash/kenney_ui-pack/PNG/Yellow/Default/icon_outline_circle.png using Guid(6f666604f634a482d975705f6cb149b0) Importer(2089858483,b0f066a214c2f5e87bad3c948f4d605d) (ScriptedImporter) -> (artifact id: 'b2680dbc7f9070eb6a29002c682df960') in 0.0297147 seconds
Number of updated asset objects reloaded before import = 0Number of asset objects unloaded after import = 3

========================================================================
Received Import Request.
  Time since last request: 0.000049 seconds.
  path: Assets/Projects/GravityDash/kenney_ui-pack/PNG/Yellow/Default/slide_horizontal_color_section_wide.png
  artifactKey: Guid(8bd5b04d445e549999f5cbd716e7f2f5) Importer(2089858483,b0f066a214c2f5e87bad3c948f4d605d)
Start importing Assets/Projects/GravityDash/kenney_ui-pack/PNG/Yellow/Default/slide_horizontal_color_section_wide.png using Guid(8bd5b04d445e549999f5cbd716e7f2f5) Importer(2089858483,b0f066a214c2f5e87bad3c948f4d605d) (ScriptedImporter) -> (artifact id: '63a635b555d559910d7594a361f50b97') in 0.026832 seconds
Number of updated asset objects reloaded before import = 0Number of asset objects unloaded after import = 3

========================================================================
Received Import Request.
  Time since last request: 0.000035 seconds.
  path: Assets/Projects/GravityDash/kenney_ui-pack/PNG/Yellow/Double/arrow_decorative_n_small.png
  artifactKey: Guid(b24c8ddf141d2492cb5b1af94ff44a05) Importer(2089858483,b0f066a214c2f5e87bad3c948f4d605d)
Start importing Assets/Projects/GravityDash/kenney_ui-pack/PNG/Yellow/Double/arrow_decorative_n_small.png using Guid(b24c8ddf141d2492cb5b1af94ff44a05) Importer(2089858483,b0f066a214c2f5e87bad3c948f4d605d) (ScriptedImporter) -> (artifact id: '48550033e2a8106123db00464b513440') in 0.0291881 seconds
Number of updated asset objects reloaded before import = 0Number of asset objects unloaded after import = 3

========================================================================
Received Import Request.
  Time since last request: 0.000022 seconds.
  path: Assets/Projects/GravityDash/kenney_ui-pack/PNG/Yellow/Default/check_square_grey_square.png
  artifactKey: Guid(3752f3c1a7efa44e2bf6372f29c61f03) Importer(2089858483,b0f066a214c2f5e87bad3c948f4d605d)
Start importing Assets/Projects/GravityDash/kenney_ui-pack/PNG/Yellow/Default/check_square_grey_square.png using Guid(3752f3c1a7efa44e2bf6372f29c61f03) Importer(2089858483,b0f066a214c2f5e87bad3c948f4d605d) (ScriptedImporter) -> (artifact id: '83a9973ccac6a6fae8879a02bc0e4b55') in 0.0312406 seconds
Number of updated asset objects reloaded before import = 0Number of asset objects unloaded after import = 3

========================================================================
Received Import Request.
  Time since last request: 0.000107 seconds.
  path: Assets/Projects/GravityDash/kenney_ui-pack/PNG/Yellow/Default/button_rectangle_border.png
  artifactKey: Guid(7e7a14ec5157b408bb1beae2ecbfe11c) Importer(2089858483,b0f066a214c2f5e87bad3c948f4d605d)
Start importing Assets/Projects/GravityDash/kenney_ui-pack/PNG/Yellow/Default/button_rectangle_border.png using Guid(7e7a14ec5157b408bb1beae2ecbfe11c) Importer(2089858483,b0f066a214c2f5e87bad3c948f4d605d) (ScriptedImporter) -> (artifact id: 'f0f1aafc0eeb431cef0a310943ce9936') in 0.0291656 seconds
Number of updated asset objects reloaded before import = 0Number of asset objects unloaded after import = 3

========================================================================
Received Import Request.
  Time since last request: 0.000023 seconds.
  path: Assets/Projects/GravityDash/kenney_ui-pack/PNG/Yellow/Double/button_rectangle_gradient.png
  artifactKey: Guid(f8404ef587d6745a08599fc355d560ff) Importer(2089858483,b0f066a214c2f5e87bad3c948f4d605d)
Start importing Assets/Projects/GravityDash/kenney_ui-pack/PNG/Yellow/Double/button_rectangle_gradient.png using Guid(f8404ef587d6745a08599fc355d560ff) Importer(2089858483,b0f066a214c2f5e87bad3c948f4d605d) (ScriptedImporter) -> (artifact id: 'a04fe198931a187e0a6c13bc4bedacd3') in 0.0293765 seconds
Number of updated asset objects reloaded before import = 0Number of asset objects unloaded after import = 3

========================================================================
Received Import Request.
  Time since last request: 0.000023 seconds.
  path: Assets/Projects/GravityDash/kenney_ui-pack/PNG/Yellow/Default/star_outline_depth.png
  artifactKey: Guid(3847902755fdc4f538b362c90b1cd246) Importer(2089858483,b0f066a214c2f5e87bad3c948f4d605d)
Start importing Assets/Projects/GravityDash/kenney_ui-pack/PNG/Yellow/Default/star_outline_depth.png using Guid(3847902755fdc4f538b362c90b1cd246) Importer(2089858483,b0f066a214c2f5e87bad3c948f4d605d) (ScriptedImporter) -> (artifact id: 'a0590465688be07b14c2e1e76ab3ebc6') in 0.0212208 seconds
Number of updated asset objects reloaded before import = 0Number of asset objects unloaded after import = 3

========================================================================
Received Import Request.
  Time since last request: 0.000022 seconds.
  path: Assets/Projects/GravityDash/kenney_ui-pack/PNG/Yellow/Default/button_round_gradient.png
  artifactKey: Guid(f0b9f2960b6334cc0817011527d1b6b5) Importer(2089858483,b0f066a214c2f5e87bad3c948f4d605d)
Start importing Assets/Projects/GravityDash/kenney_ui-pack/PNG/Yellow/Default/button_round_gradient.png using Guid(f0b9f2960b6334cc0817011527d1b6b5) Importer(2089858483,b0f066a214c2f5e87bad3c948f4d605d) (ScriptedImporter) -> (artifact id: 'b3200f1eff8f7c1ac3694f1bf1497094') in 0.0411493 seconds
Number of updated asset objects reloaded before import = 0Number of asset objects unloaded after import = 3

========================================================================
Received Import Request.
  Time since last request: 0.000023 seconds.
  path: Assets/Projects/GravityDash/kenney_ui-pack/PNG/Yellow/Double/slide_horizontal_color.png
  artifactKey: Guid(8116e5e2a105d4048a5af578a02fbbd3) Importer(2089858483,b0f066a214c2f5e87bad3c948f4d605d)
Start importing Assets/Projects/GravityDash/kenney_ui-pack/PNG/Yellow/Double/slide_horizontal_color.png using Guid(8116e5e2a105d4048a5af578a02fbbd3) Importer(2089858483,b0f066a214c2f5e87bad3c948f4d605d) (ScriptedImporter) -> (artifact id: '7b1582dab936df02ee914a2511b2518e') in 0.0306319 seconds
Number of updated asset objects reloaded before import = 0Number of asset objects unloaded after import = 3

========================================================================
Received Import Request.
  Time since last request: 0.000035 seconds.
  path: Assets/Projects/MegaSuperChallengeShot/Graphics/Cute_Birds(4 in 1)Mini/B1/Animations/Bird1_6_0.controller
  artifactKey: Guid(8764d13ec8d152f4c88578419c7d8577) Importer(2089858483,b0f066a214c2f5e87bad3c948f4d605d)
Start importing Assets/Projects/MegaSuperChallengeShot/Graphics/Cute_Birds(4 in 1)Mini/B1/Animations/Bird1_6_0.controller using Guid(8764d13ec8d152f4c88578419c7d8577) Importer(2089858483,b0f066a214c2f5e87bad3c948f4d605d) (ScriptedImporter) -> (artifact id: 'ea636689adbab555e6210b9e1b5c6bf9') in 0.0381961 seconds
Number of updated asset objects reloaded before import = 0Number of asset objects unloaded after import = 4

========================================================================
Received Import Request.
  Time since last request: 0.000022 seconds.
  path: Assets/Projects/GravityDash/kenney_ui-pack/PNG/Yellow/Default/arrow_basic_s.png
  artifactKey: Guid(6a9005037cef847389bffb46c2863e5e) Importer(2089858483,b0f066a214c2f5e87bad3c948f4d605d)
Start importing Assets/Projects/GravityDash/kenney_ui-pack/PNG/Yellow/Default/arrow_basic_s.png using Guid(6a9005037cef847389bffb46c2863e5e) Importer(2089858483,b0f066a214c2f5e87bad3c948f4d605d) (ScriptedImporter) -> (artifact id: 'ff638d72e65e8345f86f603175860d6a') in 0.02948 seconds
Number of updated asset objects reloaded before import = 0Number of asset objects unloaded after import = 3

========================================================================
Received Import Request.
  Time since last request: 0.000021 seconds.
  path: Assets/Projects/MegaSuperChallengeShot/Graphics/Cute_Birds(4 in 1)Mini/B4/Animations/B4_s1.anim
  artifactKey: Guid(d02555940ee60214c9c2a1f37d7ed943) Importer(2089858483,b0f066a214c2f5e87bad3c948f4d605d)
Start importing Assets/Projects/MegaSuperChallengeShot/Graphics/Cute_Birds(4 in 1)Mini/B4/Animations/B4_s1.anim using Guid(d02555940ee60214c9c2a1f37d7ed943) Importer(2089858483,b0f066a214c2f5e87bad3c948f4d605d) (ScriptedImporter) -> (artifact id: '3b05407bef56470e6fca1af8fc6af697') in 0.0308692 seconds
Number of updated asset objects reloaded before import = 0Number of asset objects unloaded after import = 1

========================================================================
Received Import Request.
  Time since last request: 0.000104 seconds.
  path: Assets/Projects/MegaSuperChallengeShot/Graphics/Cute_Birds(4 in 1)Mini/B1/Animations/Bird1_5.anim
  artifactKey: Guid(cf3d76d4354a9fc4c848fd852faf9a9a) Importer(2089858483,b0f066a214c2f5e87bad3c948f4d605d)
Start importing Assets/Projects/MegaSuperChallengeShot/Graphics/Cute_Birds(4 in 1)Mini/B1/Animations/Bird1_5.anim using Guid(cf3d76d4354a9fc4c848fd852faf9a9a) Importer(2089858483,b0f066a214c2f5e87bad3c948f4d605d) (ScriptedImporter) -> (artifact id: 'd48b4acac3982434161569c00c4c6a90') in 0.017711 seconds
Number of updated asset objects reloaded before import = 0Number of asset objects unloaded after import = 1

========================================================================
Received Import Request.
  Time since last request: 0.000055 seconds.
  path: Assets/Projects/GravityDash/kenney_ui-pack/PNG/Yellow/Double/icon_circle.png
  artifactKey: Guid(ed64845be0f1e4e3fa35b48b8198eb7a) Importer(2089858483,b0f066a214c2f5e87bad3c948f4d605d)
Start importing Assets/Projects/GravityDash/kenney_ui-pack/PNG/Yellow/Double/icon_circle.png using Guid(ed64845be0f1e4e3fa35b48b8198eb7a) Importer(2089858483,b0f066a214c2f5e87bad3c948f4d605d) (ScriptedImporter) -> (artifact id: 'f6d65e846fe959131708eb62be8b191b') in 0.0449709 seconds
Number of updated asset objects reloaded before import = 0Number of asset objects unloaded after import = 3

========================================================================
Received Import Request.
  Time since last request: 0.000026 seconds.
  path: Assets/Projects/MegaSuperChallengeShot/Graphics/Cute_Birds(4 in 1)Mini/B2_Duck/Animations/Bird2_4.anim
  artifactKey: Guid(a8f174e9e1a299344a23c40780da54e1) Importer(2089858483,b0f066a214c2f5e87bad3c948f4d605d)
Start importing Assets/Projects/MegaSuperChallengeShot/Graphics/Cute_Birds(4 in 1)Mini/B2_Duck/Animations/Bird2_4.anim using Guid(a8f174e9e1a299344a23c40780da54e1) Importer(2089858483,b0f066a214c2f5e87bad3c948f4d605d) (ScriptedImporter) -> (artifact id: 'e18af26f1a10d5540ab3d9d436c2e2cb') in 0.0397295 seconds
Number of updated asset objects reloaded before import = 0Number of asset objects unloaded after import = 1

========================================================================
Received Import Request.
  Time since last request: 0.000093 seconds.
  path: Assets/Projects/MegaSuperChallengeShot/Graphics/Cute_Birds(4 in 1)Mini/B3_Egret/Prefabs/Bird3_Egret2_0.prefab
  artifactKey: Guid(bc7602e785564c2499c14b0c6edde782) Importer(2089858483,b0f066a214c2f5e87bad3c948f4d605d)
Start importing Assets/Projects/MegaSuperChallengeShot/Graphics/Cute_Birds(4 in 1)Mini/B3_Egret/Prefabs/Bird3_Egret2_0.prefab using Guid(bc7602e785564c2499c14b0c6edde782) Importer(2089858483,b0f066a214c2f5e87bad3c948f4d605d) (ScriptedImporter) -> (artifact id: 'c7c691c03f2b026d0f2976d286c92ceb') in 0.2001144 seconds
Number of updated asset objects reloaded before import = 0Number of asset objects unloaded after import = 14

========================================================================
Received Import Request.
  Time since last request: 0.000027 seconds.
  path: Assets/Projects/MegaSuperChallengeShot/Graphics/Cute_Birds(4 in 1)Mini/B2_Duck/Animations/Bird2 Duck_4_0.controller
  artifactKey: Guid(d3b524c419ee3b048ad8abe30ca5d95c) Importer(2089858483,b0f066a214c2f5e87bad3c948f4d605d)
Start importing Assets/Projects/MegaSuperChallengeShot/Graphics/Cute_Birds(4 in 1)Mini/B2_Duck/Animations/Bird2 Duck_4_0.controller using Guid(d3b524c419ee3b048ad8abe30ca5d95c) Importer(2089858483,b0f066a214c2f5e87bad3c948f4d605d) (ScriptedImporter) -> (artifact id: '7a148dbc9c6147a9847396e9586352d1') in 0.0244172 seconds
Number of updated asset objects reloaded before import = 0Number of asset objects unloaded after import = 4

========================================================================
Received Import Request.
  Time since last request: 0.000045 seconds.
  path: Assets/Projects/MegaSuperChallengeShot/Graphics/Cute_Birds(4 in 1)Mini/B2_Duck/Sprites/Bird2 Duck_3.png
  artifactKey: Guid(0f833f5ead5bb394ca07e119788473d3) Importer(2089858483,b0f066a214c2f5e87bad3c948f4d605d)
Start importing Assets/Projects/MegaSuperChallengeShot/Graphics/Cute_Birds(4 in 1)Mini/B2_Duck/Sprites/Bird2 Duck_3.png using Guid(0f833f5ead5bb394ca07e119788473d3) Importer(2089858483,b0f066a214c2f5e87bad3c948f4d605d) (ScriptedImporter) -> (artifact id: '6b874541fc3a40e7fb82f4e3c04d7e43') in 0.0500505 seconds
Number of updated asset objects reloaded before import = 0Number of asset objects unloaded after import = 18

========================================================================
Received Import Request.
  Time since last request: 0.000024 seconds.
  path: Assets/Sprites/Cainos/Third Party/Lucid Editor/Editor/Attributes/BoxGroupAttributeProcessor.cs
  artifactKey: Guid(aa8e0443ca95e4acb8ff72f33ad827a7) Importer(2089858483,b0f066a214c2f5e87bad3c948f4d605d)
Start importing Assets/Sprites/Cainos/Third Party/Lucid Editor/Editor/Attributes/BoxGroupAttributeProcessor.cs using Guid(aa8e0443ca95e4acb8ff72f33ad827a7) Importer(2089858483,b0f066a214c2f5e87bad3c948f4d605d) (ScriptedImporter) -> (artifact id: 'd358e257059d7c9d896a5f4b62a7e569') in 0.0132804 seconds
Number of updated asset objects reloaded before import = 0Number of asset objects unloaded after import = 0

========================================================================
Received Import Request.
  Time since last request: 0.000081 seconds.
  path: Assets/Projects/MegaSuperChallengeShot/Graphics/Farland Skies/Low Poly/Prefabs/SkyboxController.prefab
  artifactKey: Guid(d56123a0271c76241bb2c7c6253e8c15) Importer(2089858483,b0f066a214c2f5e87bad3c948f4d605d)
Start importing Assets/Projects/MegaSuperChallengeShot/Graphics/Farland Skies/Low Poly/Prefabs/SkyboxController.prefab using Guid(d56123a0271c76241bb2c7c6253e8c15) Importer(2089858483,b0f066a214c2f5e87bad3c948f4d605d) (ScriptedImporter) -> (artifact id: '11f1a1890d57e484047de872d4c951dd') in 0.0359492 seconds
Number of updated asset objects reloaded before import = 0Number of asset objects unloaded after import = 13

========================================================================
Received Import Request.
  Time since last request: 0.000033 seconds.
  path: Assets/Sprites/Cainos/Third Party/Lucid Editor/Editor/Attributes/RequiredAttributeProcessor.cs
  artifactKey: Guid(9a9f019eeb7b7447c869ced7a62600ec) Importer(2089858483,b0f066a214c2f5e87bad3c948f4d605d)
Start importing Assets/Sprites/Cainos/Third Party/Lucid Editor/Editor/Attributes/RequiredAttributeProcessor.cs using Guid(9a9f019eeb7b7447c869ced7a62600ec) Importer(2089858483,b0f066a214c2f5e87bad3c948f4d605d) (ScriptedImporter) -> (artifact id: 'ceb7ceae09c6a6439e0e7ca93ae90222') in 0.0202237 seconds
Number of updated asset objects reloaded before import = 0Number of asset objects unloaded after import = 0

========================================================================
Received Import Request.
  Time since last request: 0.000107 seconds.
  path: Assets/Sprites/Cainos/Third Party/Lucid Editor/Editor/Attributes/HideIfAttributeProcessor.cs
  artifactKey: Guid(869bf746267a8451984148ee2382bcee) Importer(2089858483,b0f066a214c2f5e87bad3c948f4d605d)
Start importing Assets/Sprites/Cainos/Third Party/Lucid Editor/Editor/Attributes/HideIfAttributeProcessor.cs using Guid(869bf746267a8451984148ee2382bcee) Importer(2089858483,b0f066a214c2f5e87bad3c948f4d605d) (ScriptedImporter) -> (artifact id: 'd99aa5e7a73e2f6e680bfa9f4f051fc8') in 0.0136747 seconds
Number of updated asset objects reloaded before import = 0Number of asset objects unloaded after import = 0

========================================================================
Received Import Request.
  Time since last request: 0.000118 seconds.
  path: Assets/Projects/MegaSuperChallengeShot/Graphics/OccaSoftware/Crosshairs/Editor/OccaSoftware.Crosshairs.Editor.asmdef
  artifactKey: Guid(94d06fd1668ab8e4bb8bcebd2cdd165e) Importer(2089858483,b0f066a214c2f5e87bad3c948f4d605d)
Start importing Assets/Projects/MegaSuperChallengeShot/Graphics/OccaSoftware/Crosshairs/Editor/OccaSoftware.Crosshairs.Editor.asmdef using Guid(94d06fd1668ab8e4bb8bcebd2cdd165e) Importer(2089858483,b0f066a214c2f5e87bad3c948f4d605d) (ScriptedImporter) -> (artifact id: '0b8505f625a41c464664ad7aaf54106b') in 0.0484968 seconds
Number of updated asset objects reloaded before import = 0Number of asset objects unloaded after import = 1

========================================================================
Received Import Request.
  Time since last request: 0.000092 seconds.
  path: Assets/Projects/MegaSuperChallengeShot/Graphics/Cute_Birds(4 in 1)Mini/B4/Scenes/Bird4_Demo.unity
  artifactKey: Guid(cb1ba4919e592ae46bdc769dd19dfa4c) Importer(2089858483,b0f066a214c2f5e87bad3c948f4d605d)
Start importing Assets/Projects/MegaSuperChallengeShot/Graphics/Cute_Birds(4 in 1)Mini/B4/Scenes/Bird4_Demo.unity using Guid(cb1ba4919e592ae46bdc769dd19dfa4c) Importer(2089858483,b0f066a214c2f5e87bad3c948f4d605d) (ScriptedImporter) -> (artifact id: '751ac6dd6d7eac0351c480949ae9cffd') in 0.0280431 seconds
Number of updated asset objects reloaded before import = 0Number of asset objects unloaded after import = 1

========================================================================
Received Import Request.
  Time since last request: 0.000102 seconds.
  path: Assets/Sprites/Cainos/Third Party/Lucid Editor/Editor/Attributes/GUIColorAttributeProcessor.cs
  artifactKey: Guid(e0a6e890fd919487c9db767e6da2b42b) Importer(2089858483,b0f066a214c2f5e87bad3c948f4d605d)
Start importing Assets/Sprites/Cainos/Third Party/Lucid Editor/Editor/Attributes/GUIColorAttributeProcessor.cs using Guid(e0a6e890fd919487c9db767e6da2b42b) Importer(2089858483,b0f066a214c2f5e87bad3c948f4d605d) (ScriptedImporter) -> (artifact id: '39e4ffe4c8d8a92c848a3b92d5dbf9ee') in 0.0131543 seconds
Number of updated asset objects reloaded before import = 0Number of asset objects unloaded after import = 0

========================================================================
Received Import Request.
  Time since last request: 0.000080 seconds.
  path: Assets/Projects/MegaSuperChallengeShot/Graphics/Cute_Birds(4 in 1)Mini/B3_Egret/Animations/Bird3_Egret5_0.controller
  artifactKey: Guid(ca139872c03559042894022ecf08484a) Importer(2089858483,b0f066a214c2f5e87bad3c948f4d605d)
Start importing Assets/Projects/MegaSuperChallengeShot/Graphics/Cute_Birds(4 in 1)Mini/B3_Egret/Animations/Bird3_Egret5_0.controller using Guid(ca139872c03559042894022ecf08484a) Importer(2089858483,b0f066a214c2f5e87bad3c948f4d605d) (ScriptedImporter) -> (artifact id: 'daf8726d49f0c7185f6dd038b5144644') in 0.0401037 seconds
Number of updated asset objects reloaded before import = 0Number of asset objects unloaded after import = 4

========================================================================
Received Import Request.
  Time since last request: 0.000022 seconds.
  path: Assets/Projects/MegaSuperChallengeShot/Graphics/Cute_Birds(4 in 1)Mini/B3_Egret/Animations/BirdEgr_2.anim
  artifactKey: Guid(6c1531c23b393e247abdbee44ff61cc6) Importer(2089858483,b0f066a214c2f5e87bad3c948f4d605d)
Start importing Assets/Projects/MegaSuperChallengeShot/Graphics/Cute_Birds(4 in 1)Mini/B3_Egret/Animations/BirdEgr_2.anim using Guid(6c1531c23b393e247abdbee44ff61cc6) Importer(2089858483,b0f066a214c2f5e87bad3c948f4d605d) (ScriptedImporter) -> (artifact id: 'c596e7e99a09dd1c41cef56964fe6bf3') in 0.0153221 seconds
Number of updated asset objects reloaded before import = 0Number of asset objects unloaded after import = 1

========================================================================
Received Import Request.
  Time since last request: 0.000028 seconds.
  path: Assets/Projects/GravityDash/kenney_ui-pack/PNG/Yellow/Double/check_round_round_circle.png
  artifactKey: Guid(242ff3139b487499c84739d56d12d5fd) Importer(2089858483,b0f066a214c2f5e87bad3c948f4d605d)
Start importing Assets/Projects/GravityDash/kenney_ui-pack/PNG/Yellow/Double/check_round_round_circle.png using Guid(242ff3139b487499c84739d56d12d5fd) Importer(2089858483,b0f066a214c2f5e87bad3c948f4d605d) (ScriptedImporter) -> (artifact id: 'e4a0671a270679caae9f18b0d4a90aa6') in 0.0307009 seconds
Number of updated asset objects reloaded before import = 0Number of asset objects unloaded after import = 3

========================================================================
Received Import Request.
  Time since last request: 0.000022 seconds.
  path: Assets/Projects/MegaSuperChallengeShot/Graphics/Cute_Birds(4 in 1)Mini/B1/Prefabs/Bird1_1_0.prefab
  artifactKey: Guid(a9094ffaad80ea14da4331fb6d9a7e1e) Importer(2089858483,b0f066a214c2f5e87bad3c948f4d605d)
Start importing Assets/Projects/MegaSuperChallengeShot/Graphics/Cute_Birds(4 in 1)Mini/B1/Prefabs/Bird1_1_0.prefab using Guid(a9094ffaad80ea14da4331fb6d9a7e1e) Importer(2089858483,b0f066a214c2f5e87bad3c948f4d605d) (ScriptedImporter) -> (artifact id: '19914251d5c21b36f8dbfe6fab028637') in 0.0549763 seconds
Number of updated asset objects reloaded before import = 0Number of asset objects unloaded after import = 14

========================================================================
Received Import Request.
  Time since last request: 0.000031 seconds.
  path: Assets/Projects/GravityDash/kenney_ui-pack/PNG/Yellow/Default/slide_vertical_grey.png
  artifactKey: Guid(143a274ef7e9547cf93d4584fe848a13) Importer(2089858483,b0f066a214c2f5e87bad3c948f4d605d)
Start importing Assets/Projects/GravityDash/kenney_ui-pack/PNG/Yellow/Default/slide_vertical_grey.png using Guid(143a274ef7e9547cf93d4584fe848a13) Importer(2089858483,b0f066a214c2f5e87bad3c948f4d605d) (ScriptedImporter) -> (artifact id: '52e1ded09967c379bd0f721e2ca32b7e') in 0.0219094 seconds
Number of updated asset objects reloaded before import = 0Number of asset objects unloaded after import = 3

========================================================================
Received Import Request.
  Time since last request: 0.000045 seconds.
  path: Assets/Projects/GravityDash/kenney_ui-pack/PNG/Yellow/Default/arrow_decorative_w_small.png
  artifactKey: Guid(532ab612acd9348d090d6c286b8989c3) Importer(2089858483,b0f066a214c2f5e87bad3c948f4d605d)
Start importing Assets/Projects/GravityDash/kenney_ui-pack/PNG/Yellow/Default/arrow_decorative_w_small.png using Guid(532ab612acd9348d090d6c286b8989c3) Importer(2089858483,b0f066a214c2f5e87bad3c948f4d605d) (ScriptedImporter) -> (artifact id: '9e61f767a34f3cab4ff3dcbb2fa37914') in 0.0290943 seconds
Number of updated asset objects reloaded before import = 0Number of asset objects unloaded after import = 3

========================================================================
Received Import Request.
  Time since last request: 0.000020 seconds.
  path: Assets/Projects/GravityDash/kenney_ui-pack/PNG/Yellow/Double/icon_outline_cross.png
  artifactKey: Guid(17e9217b8b33a4c0db271bde0ade211a) Importer(2089858483,b0f066a214c2f5e87bad3c948f4d605d)
Start importing Assets/Projects/GravityDash/kenney_ui-pack/PNG/Yellow/Double/icon_outline_cross.png using Guid(17e9217b8b33a4c0db271bde0ade211a) Importer(2089858483,b0f066a214c2f5e87bad3c948f4d605d) (ScriptedImporter) -> (artifact id: '08d98053e47f2e08079d1a00fad330de') in 0.0306253 seconds
Number of updated asset objects reloaded before import = 0Number of asset objects unloaded after import = 3

========================================================================
Received Import Request.
  Time since last request: 0.000024 seconds.
  path: Assets/Sprites/Cainos/Third Party/Lucid Editor/Runtime/Attributes/HelpBoxIfAttribute.cs
  artifactKey: Guid(c0f4e5582478f44ec975f0308daad725) Importer(2089858483,b0f066a214c2f5e87bad3c948f4d605d)
Start importing Assets/Sprites/Cainos/Third Party/Lucid Editor/Runtime/Attributes/HelpBoxIfAttribute.cs using Guid(c0f4e5582478f44ec975f0308daad725) Importer(2089858483,b0f066a214c2f5e87bad3c948f4d605d) (ScriptedImporter) -> (artifact id: '9751eb765d5bee6b811dd4feaa7c07fe') in 0.0137337 seconds
Number of updated asset objects reloaded before import = 0Number of asset objects unloaded after import = 0

========================================================================
Received Import Request.
  Time since last request: 0.000084 seconds.
  path: Assets/Sprites/Cainos/Third Party/Lucid Editor/Editor/Experimental/SimpleTreeView.cs
  artifactKey: Guid(6808df22776e34bc9bdf425dc8012a27) Importer(2089858483,b0f066a214c2f5e87bad3c948f4d605d)
Start importing Assets/Sprites/Cainos/Third Party/Lucid Editor/Editor/Experimental/SimpleTreeView.cs using Guid(6808df22776e34bc9bdf425dc8012a27) Importer(2089858483,b0f066a214c2f5e87bad3c948f4d605d) (ScriptedImporter) -> (artifact id: '948882c739c74b677eb65223f906e9f4') in 0.0136379 seconds
Number of updated asset objects reloaded before import = 0Number of asset objects unloaded after import = 0

========================================================================
Received Import Request.
  Time since last request: 0.000108 seconds.
  path: Assets/Projects/MegaSuperChallengeShot/Graphics/Farland Skies/!Core/Icons/Personal/Star_16.png
  artifactKey: Guid(49aead93c56918e4f92963a5097a0cbe) Importer(2089858483,b0f066a214c2f5e87bad3c948f4d605d)
Start importing Assets/Projects/MegaSuperChallengeShot/Graphics/Farland Skies/!Core/Icons/Personal/Star_16.png using Guid(49aead93c56918e4f92963a5097a0cbe) Importer(2089858483,b0f066a214c2f5e87bad3c948f4d605d) (ScriptedImporter) -> (artifact id: '04ef1653687f8c2478d464baf0b93fb0') in 0.028909 seconds
Number of updated asset objects reloaded before import = 0Number of asset objects unloaded after import = 1

========================================================================
Received Import Request.
  Time since last request: 0.000021 seconds.
  path: Assets/Sprites/Cainos/Third Party/Lucid Editor/Editor/Attributes/ShowIfAttributeProcessor.cs
  artifactKey: Guid(49b75efbae43a4c3abd9941511dd16f3) Importer(2089858483,b0f066a214c2f5e87bad3c948f4d605d)
Start importing Assets/Sprites/Cainos/Third Party/Lucid Editor/Editor/Attributes/ShowIfAttributeProcessor.cs using Guid(49b75efbae43a4c3abd9941511dd16f3) Importer(2089858483,b0f066a214c2f5e87bad3c948f4d605d) (ScriptedImporter) -> (artifact id: '31a277f153af2cde79bee2f49426a6ef') in 0.0138159 seconds
Number of updated asset objects reloaded before import = 0Number of asset objects unloaded after import = 0

========================================================================
Received Import Request.
  Time since last request: 0.000140 seconds.
  path: Assets/Sprites/Cainos/Third Party/Lucid Editor/Editor/Extensions/EnumExtensions.cs
  artifactKey: Guid(1d1c97af8bccf49119723b6c0b99dd96) Importer(2089858483,b0f066a214c2f5e87bad3c948f4d605d)
Start importing Assets/Sprites/Cainos/Third Party/Lucid Editor/Editor/Extensions/EnumExtensions.cs using Guid(1d1c97af8bccf49119723b6c0b99dd96) Importer(2089858483,b0f066a214c2f5e87bad3c948f4d605d) (ScriptedImporter) -> (artifact id: '1ccc3053878a9f9d1984e97921119d1b') in 0.0131774 seconds
Number of updated asset objects reloaded before import = 0Number of asset objects unloaded after import = 0

========================================================================
Received Import Request.
  Time since last request: 0.000207 seconds.
  path: Assets/Sprites/Cainos/Third Party/Lucid Editor/Runtime/Attributes/FoldoutGroupAttribute.cs
  artifactKey: Guid(fe1f3a8dfb58c449090899088d5112a5) Importer(2089858483,b0f066a214c2f5e87bad3c948f4d605d)
Start importing Assets/Sprites/Cainos/Third Party/Lucid Editor/Runtime/Attributes/FoldoutGroupAttribute.cs using Guid(fe1f3a8dfb58c449090899088d5112a5) Importer(2089858483,b0f066a214c2f5e87bad3c948f4d605d) (ScriptedImporter) -> (artifact id: '7b7c9e83d9a8566fd7289085ce96c3c5') in 0.0134977 seconds
Number of updated asset objects reloaded before import = 0Number of asset objects unloaded after import = 0

========================================================================
Received Import Request.
  Time since last request: 0.000100 seconds.
  path: Assets/Sprites/Cainos/Third Party/Lucid Editor/Runtime/Attributes/HideIfAttribute.cs
  artifactKey: Guid(00a6385f3e58a408e85760e29c92acda) Importer(2089858483,b0f066a214c2f5e87bad3c948f4d605d)
Start importing Assets/Sprites/Cainos/Third Party/Lucid Editor/Runtime/Attributes/HideIfAttribute.cs using Guid(00a6385f3e58a408e85760e29c92acda) Importer(2089858483,b0f066a214c2f5e87bad3c948f4d605d) (ScriptedImporter) -> (artifact id: '46ef52ca6d1490b2e9c563b75c443d69') in 0.013726 seconds
Number of updated asset objects reloaded before import = 0Number of asset objects unloaded after import = 0

========================================================================
Received Import Request.
  Time since last request: 0.000119 seconds.
  path: Assets/Projects/MegaSuperChallengeShot/Graphics/Farland Skies/!Core/Icons/Personal/Cloud_16.png
  artifactKey: Guid(e90f5504ff917584c82bc1c09b03885a) Importer(2089858483,b0f066a214c2f5e87bad3c948f4d605d)
Start importing Assets/Projects/MegaSuperChallengeShot/Graphics/Farland Skies/!Core/Icons/Personal/Cloud_16.png using Guid(e90f5504ff917584c82bc1c09b03885a) Importer(2089858483,b0f066a214c2f5e87bad3c948f4d605d) (ScriptedImporter) -> (artifact id: '0d85baf629413b94bcb473ce5b3a686d') in 0.0349807 seconds
Number of updated asset objects reloaded before import = 0Number of asset objects unloaded after import = 1

========================================================================
Received Import Request.
  Time since last request: 0.000034 seconds.
  path: Assets/Sprites/Cainos/Third Party/Lucid Editor/Runtime/Attributes/HideMonoScript.cs
  artifactKey: Guid(0747ac6687fef43fcbb38ec9e9c8d06c) Importer(2089858483,b0f066a214c2f5e87bad3c948f4d605d)
Start importing Assets/Sprites/Cainos/Third Party/Lucid Editor/Runtime/Attributes/HideMonoScript.cs using Guid(0747ac6687fef43fcbb38ec9e9c8d06c) Importer(2089858483,b0f066a214c2f5e87bad3c948f4d605d) (ScriptedImporter) -> (artifact id: 'c23073afc5867dcda13e190d82fded5c') in 0.0160533 seconds
Number of updated asset objects reloaded before import = 0Number of asset objects unloaded after import = 0

========================================================================
Received Import Request.
  Time since last request: 0.000166 seconds.
  path: Assets/Projects/GravityDash/kenney_ui-pack/PNG/Yellow/Double/button_square_depth_border.png
  artifactKey: Guid(8c8a9c091535a44fab94a26db425bb29) Importer(2089858483,b0f066a214c2f5e87bad3c948f4d605d)
Start importing Assets/Projects/GravityDash/kenney_ui-pack/PNG/Yellow/Double/button_square_depth_border.png using Guid(8c8a9c091535a44fab94a26db425bb29) Importer(2089858483,b0f066a214c2f5e87bad3c948f4d605d) (ScriptedImporter) -> (artifact id: 'cace841fed497558fba0f3b48e88b8d8') in 0.0336214 seconds
Number of updated asset objects reloaded before import = 0Number of asset objects unloaded after import = 3

========================================================================
Received Import Request.
  Time since last request: 0.000027 seconds.
  path: Assets/Projects/GravityDash/kenney_ui-pack/PNG/Yellow/Default/icon_circle.png
  artifactKey: Guid(07ec6e6739a1940e08021753707218c0) Importer(2089858483,b0f066a214c2f5e87bad3c948f4d605d)
Start importing Assets/Projects/GravityDash/kenney_ui-pack/PNG/Yellow/Default/icon_circle.png using Guid(07ec6e6739a1940e08021753707218c0) Importer(2089858483,b0f066a214c2f5e87bad3c948f4d605d) (ScriptedImporter) -> (artifact id: 'ac02f2ba904fe35328ef9f2c65102a71') in 0.054514 seconds
Number of updated asset objects reloaded before import = 0Number of asset objects unloaded after import = 3

========================================================================
Received Import Request.
  Time since last request: 0.000024 seconds.
  path: Assets/Sprites/Cainos/Third Party/Lucid Editor/Editor/Attributes/FoldoutGroupAttributeProcessor.cs
  artifactKey: Guid(82b7d9f997ddd4538b703ba85fc2ad57) Importer(2089858483,b0f066a214c2f5e87bad3c948f4d605d)
Start importing Assets/Sprites/Cainos/Third Party/Lucid Editor/Editor/Attributes/FoldoutGroupAttributeProcessor.cs using Guid(82b7d9f997ddd4538b703ba85fc2ad57) Importer(2089858483,b0f066a214c2f5e87bad3c948f4d605d) (ScriptedImporter) -> (artifact id: 'c5eecca9018b03f64e80513c3ca63b70') in 0.0142402 seconds
Number of updated asset objects reloaded before import = 0Number of asset objects unloaded after import = 0

========================================================================
Received Import Request.
  Time since last request: 0.000066 seconds.
  path: Assets/Projects/GravityDash/kenney_ui-pack/PNG/Yellow/Double/check_square_color_checkmark.png
  artifactKey: Guid(f3cbe8f0a5fde44e7be47fdc54786d01) Importer(2089858483,b0f066a214c2f5e87bad3c948f4d605d)
Start importing Assets/Projects/GravityDash/kenney_ui-pack/PNG/Yellow/Double/check_square_color_checkmark.png using Guid(f3cbe8f0a5fde44e7be47fdc54786d01) Importer(2089858483,b0f066a214c2f5e87bad3c948f4d605d) (ScriptedImporter) -> (artifact id: '8d6c98761b8d6539942d281976498b3d') in 0.0327685 seconds
Number of updated asset objects reloaded before import = 0Number of asset objects unloaded after import = 3

========================================================================
Received Import Request.
  Time since last request: 0.000022 seconds.
  path: Assets/Projects/MegaSuperChallengeShot/Graphics/Farland Skies/!Core/Scripts/Demo/CameraOrbitController.cs
  artifactKey: Guid(b516fdde6af67db43bb1aa6d2801280d) Importer(2089858483,b0f066a214c2f5e87bad3c948f4d605d)
Start importing Assets/Projects/MegaSuperChallengeShot/Graphics/Farland Skies/!Core/Scripts/Demo/CameraOrbitController.cs using Guid(b516fdde6af67db43bb1aa6d2801280d) Importer(2089858483,b0f066a214c2f5e87bad3c948f4d605d) (ScriptedImporter) -> (artifact id: 'e39f7e787fb4b70c1f6fc8d0faddc382') in 0.0159601 seconds
Number of updated asset objects reloaded before import = 0Number of asset objects unloaded after import = 0

========================================================================
Received Import Request.
  Time since last request: 0.000085 seconds.
  path: Assets/Projects/MegaSuperChallengeShot/Graphics/Cute_Birds(4 in 1)Mini/B2_Duck/Animations/Bird2_5.anim
  artifactKey: Guid(ffcbaab715162be47b7e798d49e7cf55) Importer(2089858483,b0f066a214c2f5e87bad3c948f4d605d)
Start importing Assets/Projects/MegaSuperChallengeShot/Graphics/Cute_Birds(4 in 1)Mini/B2_Duck/Animations/Bird2_5.anim using Guid(ffcbaab715162be47b7e798d49e7cf55) Importer(2089858483,b0f066a214c2f5e87bad3c948f4d605d) (ScriptedImporter) -> (artifact id: '5de82a936e0d58b43e02043801544578') in 0.0165942 seconds
Number of updated asset objects reloaded before import = 0Number of asset objects unloaded after import = 1

========================================================================
Received Import Request.
  Time since last request: 0.000021 seconds.
  path: Assets/Projects/MegaSuperChallengeShot/Graphics/Farland Skies/Low Poly/Scripts/DotParams/StarsParamsList.cs
  artifactKey: Guid(f412ebe2b29427943ad2b8ac0d7f5c37) Importer(2089858483,b0f066a214c2f5e87bad3c948f4d605d)
Start importing Assets/Projects/MegaSuperChallengeShot/Graphics/Farland Skies/Low Poly/Scripts/DotParams/StarsParamsList.cs using Guid(f412ebe2b29427943ad2b8ac0d7f5c37) Importer(2089858483,b0f066a214c2f5e87bad3c948f4d605d) (ScriptedImporter) -> (artifact id: '95efc4f508151af76f1883c669bf61ea') in 0.0133093 seconds
Number of updated asset objects reloaded before import = 0Number of asset objects unloaded after import = 0

========================================================================
Received Import Request.
  Time since last request: 0.000104 seconds.
  path: Assets/Projects/MegaSuperChallengeShot/Graphics/Farland Skies/Low Poly/Textures/Sun/Sun_LP_05.png
  artifactKey: Guid(bec1a30e00a480146aef8d1d037a846c) Importer(2089858483,b0f066a214c2f5e87bad3c948f4d605d)
Start importing Assets/Projects/MegaSuperChallengeShot/Graphics/Farland Skies/Low Poly/Textures/Sun/Sun_LP_05.png using Guid(bec1a30e00a480146aef8d1d037a846c) Importer(2089858483,b0f066a214c2f5e87bad3c948f4d605d) (ScriptedImporter) -> (artifact id: '8a44af9263f733fa1b448b772be16e04') in 0.0320678 seconds
Number of updated asset objects reloaded before import = 0Number of asset objects unloaded after import = 1

========================================================================
Received Import Request.
  Time since last request: 0.000083 seconds.
  path: Assets/Projects/MegaSuperChallengeShot/Graphics/OccaSoftware/Crosshairs/Art/Textures/Crosshair_23.png
  artifactKey: Guid(e7e80d39e3e102147a3be13caa7cd3d7) Importer(2089858483,b0f066a214c2f5e87bad3c948f4d605d)
Start importing Assets/Projects/MegaSuperChallengeShot/Graphics/OccaSoftware/Crosshairs/Art/Textures/Crosshair_23.png using Guid(e7e80d39e3e102147a3be13caa7cd3d7) Importer(2089858483,b0f066a214c2f5e87bad3c948f4d605d) (ScriptedImporter) -> (artifact id: '4326029996930c6dc0f6d6e46b98ac83') in 0.0366658 seconds
Number of updated asset objects reloaded before import = 0Number of asset objects unloaded after import = 3

========================================================================
Received Import Request.
  Time since last request: 0.000021 seconds.
  path: Assets/Projects/MegaSuperChallengeShot/Graphics/Farland Skies/Low Poly/Textures/Stars/Stars_LP_01.png
  artifactKey: Guid(0b891b1d885eb654ab18d7a3a5fc87e1) Importer(2089858483,b0f066a214c2f5e87bad3c948f4d605d)
Start importing Assets/Projects/MegaSuperChallengeShot/Graphics/Farland Skies/Low Poly/Textures/Stars/Stars_LP_01.png using Guid(0b891b1d885eb654ab18d7a3a5fc87e1) Importer(2089858483,b0f066a214c2f5e87bad3c948f4d605d) (ScriptedImporter) -> (artifact id: 'd75ddd8b50e44d1f04d169de24173eaf') in 0.0414632 seconds
Number of updated asset objects reloaded before import = 0Number of asset objects unloaded after import = 1

========================================================================
Received Import Request.
  Time since last request: 0.000096 seconds.
  path: Assets/Projects/MegaSuperChallengeShot/Graphics/OccaSoftware/Crosshairs/Art/Textures/Crosshair_03.png
  artifactKey: Guid(8c89ed5746a4faa48bb97701cc2f2e35) Importer(2089858483,b0f066a214c2f5e87bad3c948f4d605d)
Start importing Assets/Projects/MegaSuperChallengeShot/Graphics/OccaSoftware/Crosshairs/Art/Textures/Crosshair_03.png using Guid(8c89ed5746a4faa48bb97701cc2f2e35) Importer(2089858483,b0f066a214c2f5e87bad3c948f4d605d) (ScriptedImporter) -> (artifact id: '9b52f130ed5b106276f4cf89ffec82e3') in 0.0312418 seconds
Number of updated asset objects reloaded before import = 0Number of asset objects unloaded after import = 3

========================================================================
Received Import Request.
  Time since last request: 0.000024 seconds.
  path: Assets/Projects/MegaSuperChallengeShot/Graphics/Farland Skies/Low Poly/Textures/Moon/Moon_LP_03.png
  artifactKey: Guid(243c02b8d5443a945a91d3667be45210) Importer(2089858483,b0f066a214c2f5e87bad3c948f4d605d)
Start importing Assets/Projects/MegaSuperChallengeShot/Graphics/Farland Skies/Low Poly/Textures/Moon/Moon_LP_03.png using Guid(243c02b8d5443a945a91d3667be45210) Importer(2089858483,b0f066a214c2f5e87bad3c948f4d605d) (ScriptedImporter) -> (artifact id: '93e6c92a79349e2ede57f94df33bb496') in 0.0294324 seconds
Number of updated asset objects reloaded before import = 0Number of asset objects unloaded after import = 1

========================================================================
Received Import Request.
  Time since last request: 0.000071 seconds.
  path: Assets/Projects/MegaSuperChallengeShot/Graphics/Farland Skies/Low Poly/Scripts/DotParams/CelestialParamsList.cs
  artifactKey: Guid(a4bace5607c971e4fab1004b869a7d11) Importer(2089858483,b0f066a214c2f5e87bad3c948f4d605d)
Start importing Assets/Projects/MegaSuperChallengeShot/Graphics/Farland Skies/Low Poly/Scripts/DotParams/CelestialParamsList.cs using Guid(a4bace5607c971e4fab1004b869a7d11) Importer(2089858483,b0f066a214c2f5e87bad3c948f4d605d) (ScriptedImporter) -> (artifact id: 'f46e1d45199be3d63119e0d4cef40ffe') in 0.0141424 seconds
Number of updated asset objects reloaded before import = 0Number of asset objects unloaded after import = 0

========================================================================
Received Import Request.
  Time since last request: 0.000135 seconds.
  path: Assets/Projects/MegaSuperChallengeShot/Graphics/Farland Skies/Low Poly/Demo/Standart/DayNightCycleDemo.unity
  artifactKey: Guid(8d8c87dfa01c5ff49a94e237c9f425b5) Importer(2089858483,b0f066a214c2f5e87bad3c948f4d605d)
Start importing Assets/Projects/MegaSuperChallengeShot/Graphics/Farland Skies/Low Poly/Demo/Standart/DayNightCycleDemo.unity using Guid(8d8c87dfa01c5ff49a94e237c9f425b5) Importer(2089858483,b0f066a214c2f5e87bad3c948f4d605d) (ScriptedImporter) -> (artifact id: 'ce6df4571fbfb84228196a3fbbc38c2d') in 0.0299597 seconds
Number of updated asset objects reloaded before import = 0Number of asset objects unloaded after import = 1

========================================================================
Received Import Request.
  Time since last request: 0.000035 seconds.
  path: Assets/Projects/MegaSuperChallengeShot/Graphics/Farland Skies/Low Poly/Scripts/Controllers/SkyboxController.cs
  artifactKey: Guid(dca6002b33ac5bc48b39588e222296fb) Importer(2089858483,b0f066a214c2f5e87bad3c948f4d605d)
Start importing Assets/Projects/MegaSuperChallengeShot/Graphics/Farland Skies/Low Poly/Scripts/Controllers/SkyboxController.cs using Guid(dca6002b33ac5bc48b39588e222296fb) Importer(2089858483,b0f066a214c2f5e87bad3c948f4d605d) (ScriptedImporter) -> (artifact id: '397fd7dd61a5d2f3a8c0e3cf1a52e058') in 0.0128052 seconds
Number of updated asset objects reloaded before import = 0Number of asset objects unloaded after import = 0

========================================================================
Received Import Request.
  Time since last request: 0.000080 seconds.
  path: Assets/Projects/MegaSuperChallengeShot/Graphics/OccaSoftware/Crosshairs/Art/Textures/Crosshair_10.png
  artifactKey: Guid(bfb6bd7e8471f5442bd8e524bdda3380) Importer(2089858483,b0f066a214c2f5e87bad3c948f4d605d)
Start importing Assets/Projects/MegaSuperChallengeShot/Graphics/OccaSoftware/Crosshairs/Art/Textures/Crosshair_10.png using Guid(bfb6bd7e8471f5442bd8e524bdda3380) Importer(2089858483,b0f066a214c2f5e87bad3c948f4d605d) (ScriptedImporter) -> (artifact id: 'f98a214030aa004f3a10b72ffe546bc5') in 0.0347286 seconds
Number of updated asset objects reloaded before import = 0Number of asset objects unloaded after import = 3

========================================================================
Received Import Request.
  Time since last request: 0.000031 seconds.
  path: Assets/Projects/MegaSuperChallengeShot/Graphics/OccaSoftware/Crosshairs/Art/Textures/Crosshair_16.png
  artifactKey: Guid(743aae4b5553cb24eb7caf0bce1a4128) Importer(2089858483,b0f066a214c2f5e87bad3c948f4d605d)
Start importing Assets/Projects/MegaSuperChallengeShot/Graphics/OccaSoftware/Crosshairs/Art/Textures/Crosshair_16.png using Guid(743aae4b5553cb24eb7caf0bce1a4128) Importer(2089858483,b0f066a214c2f5e87bad3c948f4d605d) (ScriptedImporter) -> (artifact id: 'c88aad2bcb45bf7081ac61f41eb69db9') in 0.0307098 seconds
Number of updated asset objects reloaded before import = 0Number of asset objects unloaded after import = 3

========================================================================
Received Import Request.
  Time since last request: 0.000048 seconds.
  path: Assets/Projects/MegaSuperChallengeShot/Graphics/Farland Skies/Low Poly/Textures/Clouds/Clouds_LP_02.png
  artifactKey: Guid(d5d9dd79ad3016943b7f1ff5b201391e) Importer(2089858483,b0f066a214c2f5e87bad3c948f4d605d)
Start importing Assets/Projects/MegaSuperChallengeShot/Graphics/Farland Skies/Low Poly/Textures/Clouds/Clouds_LP_02.png using Guid(d5d9dd79ad3016943b7f1ff5b201391e) Importer(2089858483,b0f066a214c2f5e87bad3c948f4d605d) (ScriptedImporter) -> (artifact id: 'd993b381a9d8a4839ccee65a437a63aa') in 0.0376779 seconds
Number of updated asset objects reloaded before import = 0Number of asset objects unloaded after import = 1

========================================================================
Received Import Request.
  Time since last request: 0.000092 seconds.
  path: Assets/Projects/MegaSuperChallengeShot/Graphics/Farland Skies/!Core/Scripts/Demo/UI/BaseColorButton.cs
  artifactKey: Guid(c77504a1b6e56924a81f98e54e962049) Importer(2089858483,b0f066a214c2f5e87bad3c948f4d605d)
Start importing Assets/Projects/MegaSuperChallengeShot/Graphics/Farland Skies/!Core/Scripts/Demo/UI/BaseColorButton.cs using Guid(c77504a1b6e56924a81f98e54e962049) Importer(2089858483,b0f066a214c2f5e87bad3c948f4d605d) (ScriptedImporter) -> (artifact id: '78d8845f9df9b30f614e4c5d2f26c15b') in 0.0135367 seconds
Number of updated asset objects reloaded before import = 0Number of asset objects unloaded after import = 0

========================================================================
Received Import Request.
  Time since last request: 0.000090 seconds.
  path: Assets/Projects/MegaSuperChallengeShot/Graphics/Farland Skies/!Core/Scripts/Demo/UI/ColorPicker.cs
  artifactKey: Guid(06d916052f5ce9f45a4ea1f371b9672d) Importer(2089858483,b0f066a214c2f5e87bad3c948f4d605d)
Start importing Assets/Projects/MegaSuperChallengeShot/Graphics/Farland Skies/!Core/Scripts/Demo/UI/ColorPicker.cs using Guid(06d916052f5ce9f45a4ea1f371b9672d) Importer(2089858483,b0f066a214c2f5e87bad3c948f4d605d) (ScriptedImporter) -> (artifact id: 'b1a84288adccef2a0a69ef4d9943b5c6') in 0.0154207 seconds
Number of updated asset objects reloaded before import = 0Number of asset objects unloaded after import = 0

========================================================================
Received Import Request.
  Time since last request: 0.000135 seconds.
  path: Assets/Projects/MegaSuperChallengeShot/Graphics/Farland Skies/!Core/Scripts/Demo/UI/ForegroundToggle.cs
  artifactKey: Guid(a24884612b2ceb04aa4944bdde15f62d) Importer(2089858483,b0f066a214c2f5e87bad3c948f4d605d)
Start importing Assets/Projects/MegaSuperChallengeShot/Graphics/Farland Skies/!Core/Scripts/Demo/UI/ForegroundToggle.cs using Guid(a24884612b2ceb04aa4944bdde15f62d) Importer(2089858483,b0f066a214c2f5e87bad3c948f4d605d) (ScriptedImporter) -> (artifact id: 'a5994ba39cc43c291562ef4013bb79fc') in 0.0131918 seconds
Number of updated asset objects reloaded before import = 0Number of asset objects unloaded after import = 0

========================================================================
Received Import Request.
  Time since last request: 0.000095 seconds.
  path: Assets/Projects/MegaSuperChallengeShot/Graphics/Farland Skies/Low Poly/Demo/Standart/Scripts/UI/TexturesDropdown.cs
  artifactKey: Guid(9c96597d74a120e4daf521ebf71ac4d9) Importer(2089858483,b0f066a214c2f5e87bad3c948f4d605d)
Start importing Assets/Projects/MegaSuperChallengeShot/Graphics/Farland Skies/Low Poly/Demo/Standart/Scripts/UI/TexturesDropdown.cs using Guid(9c96597d74a120e4daf521ebf71ac4d9) Importer(2089858483,b0f066a214c2f5e87bad3c948f4d605d) (ScriptedImporter) -> (artifact id: '0c812d1d197f07721980bafb6995627d') in 0.02016 seconds
Number of updated asset objects reloaded before import = 0Number of asset objects unloaded after import = 0

========================================================================
Received Import Request.
  Time since last request: 0.000101 seconds.
  path: Assets/Projects/MegaSuperChallengeShot/Graphics/Farland Skies/Low Poly/Demo/Standart/Models/Trees/DeciduousTree_02.fbx
  artifactKey: Guid(d24635ff574418149a2bd52fbefd2a18) Importer(2089858483,b0f066a214c2f5e87bad3c948f4d605d)
Start importing Assets/Projects/MegaSuperChallengeShot/Graphics/Farland Skies/Low Poly/Demo/Standart/Models/Trees/DeciduousTree_02.fbx using Guid(d24635ff574418149a2bd52fbefd2a18) Importer(2089858483,b0f066a214c2f5e87bad3c948f4d605d) (ScriptedImporter) -> (artifact id: 'b26f0057197fec09b96c5f481887dfc6') in 0.0343932 seconds
Number of updated asset objects reloaded before import = 0Number of asset objects unloaded after import = 14

========================================================================
Received Import Request.
  Time since last request: 0.000032 seconds.
  path: Assets/Projects/MegaSuperChallengeShot/Graphics/Farland Skies/Low Poly/Scripts/DotParams/Editor/CloudsParamDrawer.cs
  artifactKey: Guid(fb35ac333d0ac73418587661d88a581b) Importer(2089858483,b0f066a214c2f5e87bad3c948f4d605d)
Start importing Assets/Projects/MegaSuperChallengeShot/Graphics/Farland Skies/Low Poly/Scripts/DotParams/Editor/CloudsParamDrawer.cs using Guid(fb35ac333d0ac73418587661d88a581b) Importer(2089858483,b0f066a214c2f5e87bad3c948f4d605d) (ScriptedImporter) -> (artifact id: '9a3187bfa32e29d338c88b3ee0bf316e') in 0.0132124 seconds
Number of updated asset objects reloaded before import = 0Number of asset objects unloaded after import = 0

========================================================================
Received Import Request.
  Time since last request: 0.000040 seconds.
  path: Assets/Projects/MegaSuperChallengeShot/Graphics/Farland Skies/Low Poly/Demo/Standart/Scripts/UI/Buttons/CloudsRotationButton.cs
  artifactKey: Guid(ad65a03e2ba19b346ad04e5fcb9723f5) Importer(2089858483,b0f066a214c2f5e87bad3c948f4d605d)
Start importing Assets/Projects/MegaSuperChallengeShot/Graphics/Farland Skies/Low Poly/Demo/Standart/Scripts/UI/Buttons/CloudsRotationButton.cs using Guid(ad65a03e2ba19b346ad04e5fcb9723f5) Importer(2089858483,b0f066a214c2f5e87bad3c948f4d605d) (ScriptedImporter) -> (artifact id: 'e18ba5d2e647624667535bf858e7210e') in 0.0144791 seconds
Number of updated asset objects reloaded before import = 0Number of asset objects unloaded after import = 0

========================================================================
Received Import Request.
  Time since last request: 0.000107 seconds.
  path: Assets/Projects/MegaSuperChallengeShot/Graphics/Farland Skies/Low Poly/Demo/URP/Materials/Plateau/Snowmat.mat
  artifactKey: Guid(44ba5161548e4ec7a3bd8243baf11327) Importer(2089858483,b0f066a214c2f5e87bad3c948f4d605d)
Start importing Assets/Projects/MegaSuperChallengeShot/Graphics/Farland Skies/Low Poly/Demo/URP/Materials/Plateau/Snowmat.mat using Guid(44ba5161548e4ec7a3bd8243baf11327) Importer(2089858483,b0f066a214c2f5e87bad3c948f4d605d) (ScriptedImporter) -> (artifact id: 'cad4a5eb027fdfe4558e4c542ae10399') in 0.0418158 seconds
Number of updated asset objects reloaded before import = 0Number of asset objects unloaded after import = 2

========================================================================
Received Import Request.
  Time since last request: 0.000023 seconds.
  path: Assets/Projects/MegaSuperChallengeShot/Graphics/Farland Skies/Low Poly/Scripts/Info/Editor/AssetInfo.cs
  artifactKey: Guid(c7b4e049ee1e6a741851886f948156ef) Importer(2089858483,b0f066a214c2f5e87bad3c948f4d605d)
Start importing Assets/Projects/MegaSuperChallengeShot/Graphics/Farland Skies/Low Poly/Scripts/Info/Editor/AssetInfo.cs using Guid(c7b4e049ee1e6a741851886f948156ef) Importer(2089858483,b0f066a214c2f5e87bad3c948f4d605d) (ScriptedImporter) -> (artifact id: '49f5221e14e0df9a740e9eeb6dac056e') in 0.0159865 seconds
Number of updated asset objects reloaded before import = 0Number of asset objects unloaded after import = 0

========================================================================
Received Import Request.
  Time since last request: 0.000065 seconds.
  path: Assets/Projects/MegaSuperChallengeShot/Graphics/Farland Skies/Low Poly/Demo/Standart/Models/Plateau/Plateau.fbx
  artifactKey: Guid(ee4fd8855c33d754199da34c392eac61) Importer(2089858483,b0f066a214c2f5e87bad3c948f4d605d)
Start importing Assets/Projects/MegaSuperChallengeShot/Graphics/Farland Skies/Low Poly/Demo/Standart/Models/Plateau/Plateau.fbx using Guid(ee4fd8855c33d754199da34c392eac61) Importer(2089858483,b0f066a214c2f5e87bad3c948f4d605d) (ScriptedImporter) -> (artifact id: 'aae86f391751c7d4d557eea296512305') in 0.0353857 seconds
Number of updated asset objects reloaded before import = 0Number of asset objects unloaded after import = 11

========================================================================
Received Import Request.
  Time since last request: 0.000036 seconds.
  path: Assets/Projects/MegaSuperChallengeShot/Graphics/Farland Skies/Low Poly/Demo/URP/Materials/Plateau/GrassMat.mat
  artifactKey: Guid(f6bcd0a728354278b2fa43507e926a8d) Importer(2089858483,b0f066a214c2f5e87bad3c948f4d605d)
Start importing Assets/Projects/MegaSuperChallengeShot/Graphics/Farland Skies/Low Poly/Demo/URP/Materials/Plateau/GrassMat.mat using Guid(f6bcd0a728354278b2fa43507e926a8d) Importer(2089858483,b0f066a214c2f5e87bad3c948f4d605d) (ScriptedImporter) -> (artifact id: '329a1818ee73521a26de36c64464728e') in 0.0327159 seconds
Number of updated asset objects reloaded before import = 0Number of asset objects unloaded after import = 2

========================================================================
Received Import Request.
  Time since last request: 0.000032 seconds.
  path: Assets/Projects/MegaSuperChallengeShot/Graphics/Farland Skies/!Core/Icons/Personal/Sun_16.png
  artifactKey: Guid(eadf1e59b45dfcf4fad48bd6d008b334) Importer(2089858483,b0f066a214c2f5e87bad3c948f4d605d)
Start importing Assets/Projects/MegaSuperChallengeShot/Graphics/Farland Skies/!Core/Icons/Personal/Sun_16.png using Guid(eadf1e59b45dfcf4fad48bd6d008b334) Importer(2089858483,b0f066a214c2f5e87bad3c948f4d605d) (ScriptedImporter) -> (artifact id: '9bdb5e735b2af168b738a40b022dc3cb') in 0.0304767 seconds
Number of updated asset objects reloaded before import = 0Number of asset objects unloaded after import = 1

========================================================================
Received Import Request.
  Time since last request: 0.000046 seconds.
  path: Assets/Projects/GravityDash/kenney_ui-pack/PNG/Yellow/Double/slide_horizontal_grey_section_wide.png
  artifactKey: Guid(85d2e91b47b4b410aa1c5389aef8211c) Importer(2089858483,b0f066a214c2f5e87bad3c948f4d605d)
Start importing Assets/Projects/GravityDash/kenney_ui-pack/PNG/Yellow/Double/slide_horizontal_grey_section_wide.png using Guid(85d2e91b47b4b410aa1c5389aef8211c) Importer(2089858483,b0f066a214c2f5e87bad3c948f4d605d) (ScriptedImporter) -> (artifact id: '7561b74ca4143100bd106ebbd7eea3a2') in 0.0225495 seconds
Number of updated asset objects reloaded before import = 0Number of asset objects unloaded after import = 3

========================================================================
Received Import Request.
  Time since last request: 0.000029 seconds.
  path: Assets/Projects/MegaSuperChallengeShot/Graphics/OccaSoftware/Crosshairs/Art/Textures/Crosshair_09.png
  artifactKey: Guid(b26c1b2c24c056a43931e5b20d8d9193) Importer(2089858483,b0f066a214c2f5e87bad3c948f4d605d)
Start importing Assets/Projects/MegaSuperChallengeShot/Graphics/OccaSoftware/Crosshairs/Art/Textures/Crosshair_09.png using Guid(b26c1b2c24c056a43931e5b20d8d9193) Importer(2089858483,b0f066a214c2f5e87bad3c948f4d605d) (ScriptedImporter) -> (artifact id: 'f6fb16c7d3a5e705f352be162cbcdf25') in 0.0305234 seconds
Number of updated asset objects reloaded before import = 0Number of asset objects unloaded after import = 3

========================================================================
Received Import Request.
  Time since last request: 0.000047 seconds.
  path: Assets/Projects/GravityDash/kenney_ui-pack/PNG/Yellow/Double/slide_vertical_grey_section_wide.png
  artifactKey: Guid(e032045b11dbd4ca4825cad377dc8d6d) Importer(2089858483,b0f066a214c2f5e87bad3c948f4d605d)
Start importing Assets/Projects/GravityDash/kenney_ui-pack/PNG/Yellow/Double/slide_vertical_grey_section_wide.png using Guid(e032045b11dbd4ca4825cad377dc8d6d) Importer(2089858483,b0f066a214c2f5e87bad3c948f4d605d) (ScriptedImporter) -> (artifact id: '88a8366524919f0b9723cca69d13a0ea') in 0.0194348 seconds
Number of updated asset objects reloaded before import = 0Number of asset objects unloaded after import = 3

========================================================================
Received Import Request.
  Time since last request: 0.000061 seconds.
  path: Assets/Projects/GravityDash/kenney_ui-pack/PNG/Yellow/Default/slide_horizontal_grey_section_wide.png
  artifactKey: Guid(187cd9494607c4b7f88e97d382a8cec0) Importer(2089858483,b0f066a214c2f5e87bad3c948f4d605d)
Start importing Assets/Projects/GravityDash/kenney_ui-pack/PNG/Yellow/Default/slide_horizontal_grey_section_wide.png using Guid(187cd9494607c4b7f88e97d382a8cec0) Importer(2089858483,b0f066a214c2f5e87bad3c948f4d605d) (ScriptedImporter) -> (artifact id: '430456ca76c3e7beeb8a0fefa959efaa') in 0.0215732 seconds
Number of updated asset objects reloaded before import = 0Number of asset objects unloaded after import = 3

========================================================================
Received Import Request.
  Time since last request: 0.000021 seconds.
  path: Assets/Projects/MegaSuperChallengeShot/Graphics/Farland Skies/!Core/Scripts/Editor/FarlandSkiesPreferences.cs
  artifactKey: Guid(7288b328e4b3c584ba0217bcea895d29) Importer(2089858483,b0f066a214c2f5e87bad3c948f4d605d)
Start importing Assets/Projects/MegaSuperChallengeShot/Graphics/Farland Skies/!Core/Scripts/Editor/FarlandSkiesPreferences.cs using Guid(7288b328e4b3c584ba0217bcea895d29) Importer(2089858483,b0f066a214c2f5e87bad3c948f4d605d) (ScriptedImporter) -> (artifact id: 'a6b0e44751222f6373a5a71f4797705b') in 0.0144864 seconds
Number of updated asset objects reloaded before import = 0Number of asset objects unloaded after import = 0

========================================================================
Received Import Request.
  Time since last request: 0.000089 seconds.
  path: Assets/Projects/MegaSuperChallengeShot/Graphics/Farland Skies/Low Poly/Scripts/DotParams/SunParamsList.cs
  artifactKey: Guid(ffe611091c19bcb40ab6f70c613cdae0) Importer(2089858483,b0f066a214c2f5e87bad3c948f4d605d)
Start importing Assets/Projects/MegaSuperChallengeShot/Graphics/Farland Skies/Low Poly/Scripts/DotParams/SunParamsList.cs using Guid(ffe611091c19bcb40ab6f70c613cdae0) Importer(2089858483,b0f066a214c2f5e87bad3c948f4d605d) (ScriptedImporter) -> (artifact id: 'c18a897b3b586a737775ab9768377423') in 0.0142351 seconds
Number of updated asset objects reloaded before import = 0Number of asset objects unloaded after import = 0

========================================================================
Received Import Request.
  Time since last request: 0.000092 seconds.
  path: Assets/Projects/GravityDash/kenney_ui-pack/PNG/Green/Double/icon_square.png
  artifactKey: Guid(bab17d496f4e747c6b4ffb035211df69) Importer(2089858483,b0f066a214c2f5e87bad3c948f4d605d)
Start importing Assets/Projects/GravityDash/kenney_ui-pack/PNG/Green/Double/icon_square.png using Guid(bab17d496f4e747c6b4ffb035211df69) Importer(2089858483,b0f066a214c2f5e87bad3c948f4d605d) (ScriptedImporter) -> (artifact id: 'e43f0756f7d40964862d257d958fc2ed') in 0.0510823 seconds
Number of updated asset objects reloaded before import = 0Number of asset objects unloaded after import = 3

========================================================================
Received Import Request.
  Time since last request: 0.000041 seconds.
  path: Assets/Projects/MegaSuperChallengeShot/Graphics/Cute_Birds(4 in 1)Mini/B2_Duck/Animations/Bird2 Duck_3_0.controller
  artifactKey: Guid(06ed3b961b5e8e84ea75632a8c4815db) Importer(2089858483,b0f066a214c2f5e87bad3c948f4d605d)
Start importing Assets/Projects/MegaSuperChallengeShot/Graphics/Cute_Birds(4 in 1)Mini/B2_Duck/Animations/Bird2 Duck_3_0.controller using Guid(06ed3b961b5e8e84ea75632a8c4815db) Importer(2089858483,b0f066a214c2f5e87bad3c948f4d605d) (ScriptedImporter) -> (artifact id: '381d693d47316813f90138b04764a3ca') in 0.0143043 seconds
Number of updated asset objects reloaded before import = 0Number of asset objects unloaded after import = 4

========================================================================
Received Import Request.
  Time since last request: 0.000031 seconds.
  path: Assets/Projects/GravityDash/kenney_ui-pack/PNG/Yellow/Double/button_rectangle_flat.png
  artifactKey: Guid(36a21b538ac324a569925963550660cc) Importer(2089858483,b0f066a214c2f5e87bad3c948f4d605d)
Start importing Assets/Projects/GravityDash/kenney_ui-pack/PNG/Yellow/Double/button_rectangle_flat.png using Guid(36a21b538ac324a569925963550660cc) Importer(2089858483,b0f066a214c2f5e87bad3c948f4d605d) (ScriptedImporter) -> (artifact id: '7951acb8f40062df0cdce2fdb7ff624b') in 0.0305856 seconds
Number of updated asset objects reloaded before import = 0Number of asset objects unloaded after import = 3

========================================================================
Received Import Request.
  Time since last request: 0.000028 seconds.
  path: Assets/Projects/GravityDash/kenney_ui-pack/PNG/Grey/Double/check_square_grey.png
  artifactKey: Guid(bc017049c3e6941859d433e3b6dc8031) Importer(2089858483,b0f066a214c2f5e87bad3c948f4d605d)
Start importing Assets/Projects/GravityDash/kenney_ui-pack/PNG/Grey/Double/check_square_grey.png using Guid(bc017049c3e6941859d433e3b6dc8031) Importer(2089858483,b0f066a214c2f5e87bad3c948f4d605d) (ScriptedImporter) -> (artifact id: '445f66bae38e23fe9f3889c290bc0b1e') in 0.0187053 seconds
Number of updated asset objects reloaded before import = 0Number of asset objects unloaded after import = 3

========================================================================
Received Import Request.
  Time since last request: 0.000043 seconds.
  path: Assets/Projects/GravityDash/kenney_new-platformer-pack-1.1/Sprites/Tiles/Double/hud_player_helmet_beige.png
  artifactKey: Guid(41d13fe59a468492990d605d2ba2edc4) Importer(2089858483,b0f066a214c2f5e87bad3c948f4d605d)
Start importing Assets/Projects/GravityDash/kenney_new-platformer-pack-1.1/Sprites/Tiles/Double/hud_player_helmet_beige.png using Guid(41d13fe59a468492990d605d2ba2edc4) Importer(2089858483,b0f066a214c2f5e87bad3c948f4d605d) (ScriptedImporter) -> (artifact id: '41ffe910f7223b5b5788564c5c0c7814') in 0.0314057 seconds
Number of updated asset objects reloaded before import = 0Number of asset objects unloaded after import = 3

========================================================================
Received Import Request.
  Time since last request: 0.000023 seconds.
  path: Assets/Projects/GravityDash/kenney_new-platformer-pack-1.1/Sprites/Tiles/Double/hud_key_blue.png
  artifactKey: Guid(fe5bbb548f6634cdab0d6e9922df7f26) Importer(2089858483,b0f066a214c2f5e87bad3c948f4d605d)
Start importing Assets/Projects/GravityDash/kenney_new-platformer-pack-1.1/Sprites/Tiles/Double/hud_key_blue.png using Guid(fe5bbb548f6634cdab0d6e9922df7f26) Importer(2089858483,b0f066a214c2f5e87bad3c948f4d605d) (ScriptedImporter) -> (artifact id: '539c1713bf68b6c6b8ee422c010e5466') in 0.0304685 seconds
Number of updated asset objects reloaded before import = 0Number of asset objects unloaded after import = 3

========================================================================
Received Import Request.
  Time since last request: 0.000034 seconds.
  path: Assets/Projects/MegaSuperChallengeShot/Graphics/OccaSoftware/Crosshairs/Art/Textures/Crosshair_19.png
  artifactKey: Guid(1d78ea13ed0615c4996735add71cbd43) Importer(2089858483,b0f066a214c2f5e87bad3c948f4d605d)
Start importing Assets/Projects/MegaSuperChallengeShot/Graphics/OccaSoftware/Crosshairs/Art/Textures/Crosshair_19.png using Guid(1d78ea13ed0615c4996735add71cbd43) Importer(2089858483,b0f066a214c2f5e87bad3c948f4d605d) (ScriptedImporter) -> (artifact id: 'd9d1754092c19c18ba21a3ecbb58fea2') in 0.031558 seconds
Number of updated asset objects reloaded before import = 0Number of asset objects unloaded after import = 3

========================================================================
Received Import Request.
  Time since last request: 0.000030 seconds.
  path: Assets/Projects/GravityDash/kenney_ui-pack/PNG/Red/Double/button_rectangle_line.png
  artifactKey: Guid(24e805c74466d40bba2b48a708702bf6) Importer(2089858483,b0f066a214c2f5e87bad3c948f4d605d)
Start importing Assets/Projects/GravityDash/kenney_ui-pack/PNG/Red/Double/button_rectangle_line.png using Guid(24e805c74466d40bba2b48a708702bf6) Importer(2089858483,b0f066a214c2f5e87bad3c948f4d605d) (ScriptedImporter) -> (artifact id: 'ee16a93713c3c341ee55a584e16173d7') in 0.0359002 seconds
Number of updated asset objects reloaded before import = 0Number of asset objects unloaded after import = 3

========================================================================
Received Import Request.
  Time since last request: 0.000036 seconds.
  path: Assets/Projects/GravityDash/kenney_ui-pack/PNG/Yellow/Double/check_square_grey.png
  artifactKey: Guid(b861f03d41070468eaa0ccc3bd0fef80) Importer(2089858483,b0f066a214c2f5e87bad3c948f4d605d)
Start importing Assets/Projects/GravityDash/kenney_ui-pack/PNG/Yellow/Double/check_square_grey.png using Guid(b861f03d41070468eaa0ccc3bd0fef80) Importer(2089858483,b0f066a214c2f5e87bad3c948f4d605d) (ScriptedImporter) -> (artifact id: '0ae73f23cdc9539367c68bfed3d9b25b') in 0.0242423 seconds
Number of updated asset objects reloaded before import = 0Number of asset objects unloaded after import = 3

========================================================================
Received Import Request.
  Time since last request: 0.000038 seconds.
  path: Assets/Projects/GravityDash/kenney_ui-pack/PNG/Green/Double/slide_horizontal_grey_section.png
  artifactKey: Guid(6e49cfee2d8db44ba90df2a262849f0a) Importer(2089858483,b0f066a214c2f5e87bad3c948f4d605d)
Start importing Assets/Projects/GravityDash/kenney_ui-pack/PNG/Green/Double/slide_horizontal_grey_section.png using Guid(6e49cfee2d8db44ba90df2a262849f0a) Importer(2089858483,b0f066a214c2f5e87bad3c948f4d605d) (ScriptedImporter) -> (artifact id: 'a4fb1865a53f15a02d68f0357b6fd20b') in 0.0257049 seconds
Number of updated asset objects reloaded before import = 0Number of asset objects unloaded after import = 3

========================================================================
Received Import Request.
  Time since last request: 0.000056 seconds.
  path: Assets/Projects/GravityDash/kenney_ui-pack/PNG/Green/Default/slide_horizontal_color_section_wide.png
  artifactKey: Guid(0c7d138d0b6ec4a71ad7645c094a2abd) Importer(2089858483,b0f066a214c2f5e87bad3c948f4d605d)
Start importing Assets/Projects/GravityDash/kenney_ui-pack/PNG/Green/Default/slide_horizontal_color_section_wide.png using Guid(0c7d138d0b6ec4a71ad7645c094a2abd) Importer(2089858483,b0f066a214c2f5e87bad3c948f4d605d) (ScriptedImporter) -> (artifact id: 'd3af83c397ff2e4d797d01b05e7495ef') in 0.0351835 seconds
Number of updated asset objects reloaded before import = 0Number of asset objects unloaded after import = 3

========================================================================
Received Import Request.
  Time since last request: 0.000028 seconds.
  path: Assets/Projects/GravityDash/kenney_new-platformer-pack-1.1/Sprites/Tiles/Double/terrain_dirt_block_bottom_right.png
  artifactKey: Guid(b66ebf0d14e244e18b970be279a893e2) Importer(2089858483,b0f066a214c2f5e87bad3c948f4d605d)
Start importing Assets/Projects/GravityDash/kenney_new-platformer-pack-1.1/Sprites/Tiles/Double/terrain_dirt_block_bottom_right.png using Guid(b66ebf0d14e244e18b970be279a893e2) Importer(2089858483,b0f066a214c2f5e87bad3c948f4d605d) (ScriptedImporter) -> (artifact id: 'd11caded0f6290d6e397dfa6ed8173a3') in 0.0426355 seconds
Number of updated asset objects reloaded before import = 0Number of asset objects unloaded after import = 3

========================================================================
Received Import Request.
  Time since last request: 0.000036 seconds.
  path: Assets/Projects/GravityDash/kenney_ui-pack/PNG/Green/Default/button_rectangle_flat.png
  artifactKey: Guid(5082d4d98cfcb4d9f93e215232b9caa9) Importer(2089858483,b0f066a214c2f5e87bad3c948f4d605d)
Start importing Assets/Projects/GravityDash/kenney_ui-pack/PNG/Green/Default/button_rectangle_flat.png using Guid(5082d4d98cfcb4d9f93e215232b9caa9) Importer(2089858483,b0f066a214c2f5e87bad3c948f4d605d) (ScriptedImporter) -> (artifact id: '70828eed172d3b974a6eb64a676bb1ae') in 0.032559 seconds
Number of updated asset objects reloaded before import = 0Number of asset objects unloaded after import = 3

========================================================================
Received Import Request.
  Time since last request: 0.000029 seconds.
  path: Assets/Projects/GravityDash/kenney_ui-pack/PNG/Blue/Default/slide_horizontal_color.png
  artifactKey: Guid(cf57051db7c2b42eb8613a54bdbd5870) Importer(2089858483,b0f066a214c2f5e87bad3c948f4d605d)
Start importing Assets/Projects/GravityDash/kenney_ui-pack/PNG/Blue/Default/slide_horizontal_color.png using Guid(cf57051db7c2b42eb8613a54bdbd5870) Importer(2089858483,b0f066a214c2f5e87bad3c948f4d605d) (ScriptedImporter) -> (artifact id: 'b02092e1daa9de7c863d9e53386ade25') in 0.03259 seconds
Number of updated asset objects reloaded before import = 0Number of asset objects unloaded after import = 3

========================================================================
Received Import Request.
  Time since last request: 0.000026 seconds.
  path: Assets/Projects/GravityDash/kenney_new-platformer-pack-1.1/Sprites/Tiles/Double/ladder_top.png
  artifactKey: Guid(786e23935bb964516b176a881960838d) Importer(2089858483,b0f066a214c2f5e87bad3c948f4d605d)
Start importing Assets/Projects/GravityDash/kenney_new-platformer-pack-1.1/Sprites/Tiles/Double/ladder_top.png using Guid(786e23935bb964516b176a881960838d) Importer(2089858483,b0f066a214c2f5e87bad3c948f4d605d) (ScriptedImporter) -> (artifact id: '7cf1088c0513da94a85a3574157b358b') in 0.0389107 seconds
Number of updated asset objects reloaded before import = 0Number of asset objects unloaded after import = 3

========================================================================
Received Import Request.
  Time since last request: 0.000028 seconds.
  path: Assets/Projects/GravityDash/kenney_ui-pack/PNG/Green/Double/slide_vertical_color_section.png
  artifactKey: Guid(ddceea000f9db48079d08f1105c639d9) Importer(2089858483,b0f066a214c2f5e87bad3c948f4d605d)
Start importing Assets/Projects/GravityDash/kenney_ui-pack/PNG/Green/Double/slide_vertical_color_section.png using Guid(ddceea000f9db48079d08f1105c639d9) Importer(2089858483,b0f066a214c2f5e87bad3c948f4d605d) (ScriptedImporter) -> (artifact id: '81f820f7ac6f225dfbc043e1020e94e2') in 0.0429253 seconds
Number of updated asset objects reloaded before import = 0Number of asset objects unloaded after import = 3

========================================================================
Received Import Request.
  Time since last request: 0.000047 seconds.
  path: Assets/Projects/GravityDash/kenney_new-platformer-pack-1.1/Sprites/Tiles/Default/terrain_stone_vertical_top.png
  artifactKey: Guid(a720956ddc4734392b10009a0e5770d3) Importer(2089858483,b0f066a214c2f5e87bad3c948f4d605d)
Start importing Assets/Projects/GravityDash/kenney_new-platformer-pack-1.1/Sprites/Tiles/Default/terrain_stone_vertical_top.png using Guid(a720956ddc4734392b10009a0e5770d3) Importer(2089858483,b0f066a214c2f5e87bad3c948f4d605d) (ScriptedImporter) -> (artifact id: 'b5db0340aeaff0ed3fed4dd72b51ad5c') in 0.0480666 seconds
Number of updated asset objects reloaded before import = 0Number of asset objects unloaded after import = 3

========================================================================
Received Import Request.
  Time since last request: 0.000037 seconds.
  path: Assets/Projects/GravityDash/kenney_ui-pack/PNG/Green/Default/arrow_decorative_s.png
  artifactKey: Guid(8b15167c6c1bd4eaab147f76216e9302) Importer(2089858483,b0f066a214c2f5e87bad3c948f4d605d)
Start importing Assets/Projects/GravityDash/kenney_ui-pack/PNG/Green/Default/arrow_decorative_s.png using Guid(8b15167c6c1bd4eaab147f76216e9302) Importer(2089858483,b0f066a214c2f5e87bad3c948f4d605d) (ScriptedImporter) -> (artifact id: 'f09afa9b3bd5df78baa7059dae234f3c') in 0.0398955 seconds
Number of updated asset objects reloaded before import = 0Number of asset objects unloaded after import = 3

========================================================================
Received Import Request.
  Time since last request: 0.000089 seconds.
  path: Assets/Projects/GravityDash/kenney_ui-pack/PNG/Green/Double/slide_vertical_grey_section_wide.png
  artifactKey: Guid(1c9f284d2ac614c6e9cfff10043c4370) Importer(2089858483,b0f066a214c2f5e87bad3c948f4d605d)
Start importing Assets/Projects/GravityDash/kenney_ui-pack/PNG/Green/Double/slide_vertical_grey_section_wide.png using Guid(1c9f284d2ac614c6e9cfff10043c4370) Importer(2089858483,b0f066a214c2f5e87bad3c948f4d605d) (ScriptedImporter) -> (artifact id: 'd77cc9d6bb389c30147366dd119c2049') in 0.0235581 seconds
Number of updated asset objects reloaded before import = 0Number of asset objects unloaded after import = 3

========================================================================
Received Import Request.
  Time since last request: 0.000021 seconds.
  path: Assets/Projects/GravityDash/kenney_ui-pack/PNG/Grey/Default/arrow_basic_e_small.png
  artifactKey: Guid(0f629c0b0cb084427a741e9b55cbbb47) Importer(2089858483,b0f066a214c2f5e87bad3c948f4d605d)
Start importing Assets/Projects/GravityDash/kenney_ui-pack/PNG/Grey/Default/arrow_basic_e_small.png using Guid(0f629c0b0cb084427a741e9b55cbbb47) Importer(2089858483,b0f066a214c2f5e87bad3c948f4d605d) (ScriptedImporter) -> (artifact id: 'a0f6d089c969decd70d913d296cc4b0d') in 0.0341923 seconds
Number of updated asset objects reloaded before import = 0Number of asset objects unloaded after import = 3

========================================================================
Received Import Request.
  Time since last request: 0.000025 seconds.
  path: Assets/Projects/GravityDash/kenney_ui-pack/PNG/Blue/Double/button_square_depth_flat.png
  artifactKey: Guid(146b98a6c7aa74a74b3141cfdf3708c8) Importer(2089858483,b0f066a214c2f5e87bad3c948f4d605d)
Start importing Assets/Projects/GravityDash/kenney_ui-pack/PNG/Blue/Double/button_square_depth_flat.png using Guid(146b98a6c7aa74a74b3141cfdf3708c8) Importer(2089858483,b0f066a214c2f5e87bad3c948f4d605d) (ScriptedImporter) -> (artifact id: '372aacbc839b8c8e3e742a3548edea57') in 0.0310615 seconds
Number of updated asset objects reloaded before import = 0Number of asset objects unloaded after import = 3

========================================================================
Received Import Request.
  Time since last request: 0.000039 seconds.
  path: Assets/Projects/GravityDash/kenney_ui-pack/PNG/Blue/Double/slide_horizontal_grey_section.png
  artifactKey: Guid(93a5c7f6a10264c06ab923037d2244a0) Importer(2089858483,b0f066a214c2f5e87bad3c948f4d605d)
Start importing Assets/Projects/GravityDash/kenney_ui-pack/PNG/Blue/Double/slide_horizontal_grey_section.png using Guid(93a5c7f6a10264c06ab923037d2244a0) Importer(2089858483,b0f066a214c2f5e87bad3c948f4d605d) (ScriptedImporter) -> (artifact id: '57f903bba3ba6844a2de18959492d731') in 0.0233432 seconds
Number of updated asset objects reloaded before import = 0Number of asset objects unloaded after import = 3

========================================================================
Received Import Request.
  Time since last request: 0.000032 seconds.
  path: Assets/Projects/GravityDash/kenney_ui-pack/PNG/Grey/Double/arrow_basic_w.png
  artifactKey: Guid(162d99d4ec99241789283a1ffbbc5320) Importer(2089858483,b0f066a214c2f5e87bad3c948f4d605d)
Start importing Assets/Projects/GravityDash/kenney_ui-pack/PNG/Grey/Double/arrow_basic_w.png using Guid(162d99d4ec99241789283a1ffbbc5320) Importer(2089858483,b0f066a214c2f5e87bad3c948f4d605d) (ScriptedImporter) -> (artifact id: '01d062c1dcd6c9e02fb5d064285661a7') in 0.0368654 seconds
Number of updated asset objects reloaded before import = 0Number of asset objects unloaded after import = 3

========================================================================
Received Import Request.
  Time since last request: 0.000033 seconds.
  path: Assets/Projects/GravityDash/kenney_ui-pack/PNG/Green/Default/check_square_grey_checkmark.png
  artifactKey: Guid(840686c74bb294dec94e2d7c43ef4310) Importer(2089858483,b0f066a214c2f5e87bad3c948f4d605d)
Start importing Assets/Projects/GravityDash/kenney_ui-pack/PNG/Green/Default/check_square_grey_checkmark.png using Guid(840686c74bb294dec94e2d7c43ef4310) Importer(2089858483,b0f066a214c2f5e87bad3c948f4d605d) (ScriptedImporter) -> (artifact id: 'bda20ea4c60fb98d5df2903bb928da77') in 0.0303943 seconds
Number of updated asset objects reloaded before import = 0Number of asset objects unloaded after import = 3

========================================================================
Received Import Request.
  Time since last request: 0.000036 seconds.
  path: Assets/Projects/GravityDash/kenney_new-platformer-pack-1.1/Sprites/Tiles/Default/torch_off.png
  artifactKey: Guid(eb016ebdfb88b49f0b34a6f99254b4e3) Importer(2089858483,b0f066a214c2f5e87bad3c948f4d605d)
Start importing Assets/Projects/GravityDash/kenney_new-platformer-pack-1.1/Sprites/Tiles/Default/torch_off.png using Guid(eb016ebdfb88b49f0b34a6f99254b4e3) Importer(2089858483,b0f066a214c2f5e87bad3c948f4d605d) (ScriptedImporter) -> (artifact id: '0779a5fd3814bb80eda9c0e1da325623') in 0.0354497 seconds
Number of updated asset objects reloaded before import = 0Number of asset objects unloaded after import = 3

========================================================================
Received Import Request.
  Time since last request: 0.000034 seconds.
  path: Assets/Projects/GravityDash/kenney_ui-pack/PNG/Blue/Double/button_rectangle_gradient.png
  artifactKey: Guid(5f566af533795471b9b05d05eaa35d5a) Importer(2089858483,b0f066a214c2f5e87bad3c948f4d605d)
Start importing Assets/Projects/GravityDash/kenney_ui-pack/PNG/Blue/Double/button_rectangle_gradient.png using Guid(5f566af533795471b9b05d05eaa35d5a) Importer(2089858483,b0f066a214c2f5e87bad3c948f4d605d) (ScriptedImporter) -> (artifact id: '34e13073331fa00cabde7123ccdd4101') in 0.0356017 seconds
Number of updated asset objects reloaded before import = 0Number of asset objects unloaded after import = 3

========================================================================
Received Import Request.
  Time since last request: 0.000039 seconds.
  path: Assets/Projects/GravityDash/kenney_ui-pack/PNG/Green/Default/slide_horizontal_color.png
  artifactKey: Guid(667628678a97b4e49a85648598afc5cd) Importer(2089858483,b0f066a214c2f5e87bad3c948f4d605d)
Start importing Assets/Projects/GravityDash/kenney_ui-pack/PNG/Green/Default/slide_horizontal_color.png using Guid(667628678a97b4e49a85648598afc5cd) Importer(2089858483,b0f066a214c2f5e87bad3c948f4d605d) (ScriptedImporter) -> (artifact id: 'bf527ff8f4cb5644e854220dc4ac9315') in 0.0358334 seconds
Number of updated asset objects reloaded before import = 0Number of asset objects unloaded after import = 3

========================================================================
Received Import Request.
  Time since last request: 0.000047 seconds.
  path: Assets/Projects/GravityDash/kenney_ui-pack/PNG/Green/Double/button_square_depth_line.png
  artifactKey: Guid(7e1cc4605c54442168c73d3d4fa5aa83) Importer(2089858483,b0f066a214c2f5e87bad3c948f4d605d)
Start importing Assets/Projects/GravityDash/kenney_ui-pack/PNG/Green/Double/button_square_depth_line.png using Guid(7e1cc4605c54442168c73d3d4fa5aa83) Importer(2089858483,b0f066a214c2f5e87bad3c948f4d605d) (ScriptedImporter) -> (artifact id: 'c353266211a28382a4f8ab8726278ca3') in 0.033383 seconds
Number of updated asset objects reloaded before import = 0Number of asset objects unloaded after import = 3

========================================================================
Received Import Request.
  Time since last request: 0.000028 seconds.
  path: Assets/Projects/GravityDash/kenney_new-platformer-pack-1.1/Sprites/Tiles/Double/terrain_sand_vertical_middle.png
  artifactKey: Guid(6150c6bb55fb945ce87fb3d57b5ce30d) Importer(2089858483,b0f066a214c2f5e87bad3c948f4d605d)
Start importing Assets/Projects/GravityDash/kenney_new-platformer-pack-1.1/Sprites/Tiles/Double/terrain_sand_vertical_middle.png using Guid(6150c6bb55fb945ce87fb3d57b5ce30d) Importer(2089858483,b0f066a214c2f5e87bad3c948f4d605d) (ScriptedImporter) -> (artifact id: '2f57882266bc5c7b6784051f8c9940bc') in 0.0296551 seconds
Number of updated asset objects reloaded before import = 0Number of asset objects unloaded after import = 3

========================================================================
Received Import Request.
  Time since last request: 0.000028 seconds.
  path: Assets/Projects/GravityDash/kenney_ui-pack/PNG/Green/Double/check_square_grey_square.png
  artifactKey: Guid(de8f55cb0a78b4385bfdc1a750cdd3a7) Importer(2089858483,b0f066a214c2f5e87bad3c948f4d605d)
Start importing Assets/Projects/GravityDash/kenney_ui-pack/PNG/Green/Double/check_square_grey_square.png using Guid(de8f55cb0a78b4385bfdc1a750cdd3a7) Importer(2089858483,b0f066a214c2f5e87bad3c948f4d605d) (ScriptedImporter) -> (artifact id: '5ca51bd340b8c1a7d9b536c8ea556959') in 0.0295582 seconds
Number of updated asset objects reloaded before import = 0Number of asset objects unloaded after import = 3

========================================================================
Received Import Request.
  Time since last request: 0.000022 seconds.
  path: Assets/Projects/GravityDash/kenney_ui-pack/PNG/Blue/Double/button_square_depth_border.png
  artifactKey: Guid(0c3b00154a14d414290b92a0ce9e467a) Importer(2089858483,b0f066a214c2f5e87bad3c948f4d605d)
Start importing Assets/Projects/GravityDash/kenney_ui-pack/PNG/Blue/Double/button_square_depth_border.png using Guid(0c3b00154a14d414290b92a0ce9e467a) Importer(2089858483,b0f066a214c2f5e87bad3c948f4d605d) (ScriptedImporter) -> (artifact id: '902752745eb4e2304f6b1c9dab639012') in 0.0281375 seconds
Number of updated asset objects reloaded before import = 0Number of asset objects unloaded after import = 3

========================================================================
Received Import Request.
  Time since last request: 0.000029 seconds.
  path: Assets/Projects/GravityDash/kenney_ui-pack/PNG/Grey/Default/button_round_depth_flat.png
  artifactKey: Guid(fb0d52efd8ef6422aa0ce8b0ef22d1ec) Importer(2089858483,b0f066a214c2f5e87bad3c948f4d605d)
Start importing Assets/Projects/GravityDash/kenney_ui-pack/PNG/Grey/Default/button_round_depth_flat.png using Guid(fb0d52efd8ef6422aa0ce8b0ef22d1ec) Importer(2089858483,b0f066a214c2f5e87bad3c948f4d605d) (ScriptedImporter) -> (artifact id: '0e16688ca654a85950a58de964848936') in 0.0276147 seconds
Number of updated asset objects reloaded before import = 0Number of asset objects unloaded after import = 3

========================================================================
Received Import Request.
  Time since last request: 0.000024 seconds.
  path: Assets/Projects/GravityDash/kenney_ui-pack/PNG/Red/Default/check_square_grey_square.png
  artifactKey: Guid(d6be04e8be634475994c7327d8b9731f) Importer(2089858483,b0f066a214c2f5e87bad3c948f4d605d)
Start importing Assets/Projects/GravityDash/kenney_ui-pack/PNG/Red/Default/check_square_grey_square.png using Guid(d6be04e8be634475994c7327d8b9731f) Importer(2089858483,b0f066a214c2f5e87bad3c948f4d605d) (ScriptedImporter) -> (artifact id: 'f13f73b17de008506556d292856bbe6f') in 0.0277372 seconds
Number of updated asset objects reloaded before import = 0Number of asset objects unloaded after import = 3

========================================================================
Received Import Request.
  Time since last request: 0.000024 seconds.
  path: Assets/Projects/GravityDash/kenney_new-platformer-pack-1.1/Sprites/Tiles/Double/terrain_snow_block_bottom_right.png
  artifactKey: Guid(ba1db5b6344ef409d8ae57ed1223706d) Importer(2089858483,b0f066a214c2f5e87bad3c948f4d605d)
Start importing Assets/Projects/GravityDash/kenney_new-platformer-pack-1.1/Sprites/Tiles/Double/terrain_snow_block_bottom_right.png using Guid(ba1db5b6344ef409d8ae57ed1223706d) Importer(2089858483,b0f066a214c2f5e87bad3c948f4d605d) (ScriptedImporter) -> (artifact id: '045924d9d114d7a651b7a0191c4e72bc') in 0.0313436 seconds
Number of updated asset objects reloaded before import = 0Number of asset objects unloaded after import = 3

========================================================================
Received Import Request.
  Time since last request: 0.000043 seconds.
  path: Assets/Projects/GravityDash/kenney_new-platformer-pack-1.1/Sprites/Tiles/Double/terrain_dirt_horizontal_right.png
  artifactKey: Guid(bbf5f63c7f0be419fbe489bd1e6d697e) Importer(2089858483,b0f066a214c2f5e87bad3c948f4d605d)
Start importing Assets/Projects/GravityDash/kenney_new-platformer-pack-1.1/Sprites/Tiles/Double/terrain_dirt_horizontal_right.png using Guid(bbf5f63c7f0be419fbe489bd1e6d697e) Importer(2089858483,b0f066a214c2f5e87bad3c948f4d605d) (ScriptedImporter) -> (artifact id: 'b68623f2531d1a8b1519fc040df70b5f') in 0.027426 seconds
Number of updated asset objects reloaded before import = 0Number of asset objects unloaded after import = 3

========================================================================
Received Import Request.
  Time since last request: 0.000029 seconds.
  path: Assets/Projects/GravityDash/kenney_ui-pack/PNG/Red/Double/button_rectangle_border.png
  artifactKey: Guid(2ca3c3580e6ea4747b62613b626eebae) Importer(2089858483,b0f066a214c2f5e87bad3c948f4d605d)
Start importing Assets/Projects/GravityDash/kenney_ui-pack/PNG/Red/Double/button_rectangle_border.png using Guid(2ca3c3580e6ea4747b62613b626eebae) Importer(2089858483,b0f066a214c2f5e87bad3c948f4d605d) (ScriptedImporter) -> (artifact id: 'cbc3ddae3e0b3fe7b6f06e685ecee9f8') in 0.029852 seconds
Number of updated asset objects reloaded before import = 0Number of asset objects unloaded after import = 3

========================================================================
Received Import Request.
  Time since last request: 0.000020 seconds.
  path: Assets/Projects/GravityDash/kenney_ui-pack/PNG/Grey/Double/button_round_border.png
  artifactKey: Guid(10ceb1574f4e940c6bbb1d7aeca9a330) Importer(2089858483,b0f066a214c2f5e87bad3c948f4d605d)
Start importing Assets/Projects/GravityDash/kenney_ui-pack/PNG/Grey/Double/button_round_border.png using Guid(10ceb1574f4e940c6bbb1d7aeca9a330) Importer(2089858483,b0f066a214c2f5e87bad3c948f4d605d) (ScriptedImporter) -> (artifact id: '91bada7e7a2a189e5c31ec4b2bb83e83') in 0.0324086 seconds
Number of updated asset objects reloaded before import = 0Number of asset objects unloaded after import = 3

========================================================================
Received Import Request.
  Time since last request: 0.000021 seconds.
  path: Assets/Projects/GravityDash/kenney_new-platformer-pack-1.1/Sprites/Tiles/Double/lever_right.png
  artifactKey: Guid(fd4fb51ce9fb64cd9b2784881c5b35c2) Importer(2089858483,b0f066a214c2f5e87bad3c948f4d605d)
Start importing Assets/Projects/GravityDash/kenney_new-platformer-pack-1.1/Sprites/Tiles/Double/lever_right.png using Guid(fd4fb51ce9fb64cd9b2784881c5b35c2) Importer(2089858483,b0f066a214c2f5e87bad3c948f4d605d) (ScriptedImporter) -> (artifact id: 'da697a093c9f55a769d642f02bd94fa8') in 0.0228863 seconds
Number of updated asset objects reloaded before import = 0Number of asset objects unloaded after import = 3

========================================================================
Received Import Request.
  Time since last request: 0.000024 seconds.
  path: Assets/Projects/GravityDash/kenney_ui-pack/PNG/Red/Default/button_rectangle_gloss.png
  artifactKey: Guid(51c39ce3bd56d4c8581e727e9b05bb3d) Importer(2089858483,b0f066a214c2f5e87bad3c948f4d605d)
Start importing Assets/Projects/GravityDash/kenney_ui-pack/PNG/Red/Default/button_rectangle_gloss.png using Guid(51c39ce3bd56d4c8581e727e9b05bb3d) Importer(2089858483,b0f066a214c2f5e87bad3c948f4d605d) (ScriptedImporter) -> (artifact id: '6942a8b9d6778c94cbfe02fa58af5576') in 0.0259293 seconds
Number of updated asset objects reloaded before import = 0Number of asset objects unloaded after import = 3

========================================================================
Received Import Request.
  Time since last request: 0.000020 seconds.
  path: Assets/Projects/GravityDash/kenney_ui-pack/PNG/Grey/Double/arrow_decorative_e.png
  artifactKey: Guid(9364957a6ae46476f8311db892eda802) Importer(2089858483,b0f066a214c2f5e87bad3c948f4d605d)
Start importing Assets/Projects/GravityDash/kenney_ui-pack/PNG/Grey/Double/arrow_decorative_e.png using Guid(9364957a6ae46476f8311db892eda802) Importer(2089858483,b0f066a214c2f5e87bad3c948f4d605d) (ScriptedImporter) -> (artifact id: '88e3f011c6cf2608b750f9c9ae4c9b9b') in 0.0320344 seconds
Number of updated asset objects reloaded before import = 0Number of asset objects unloaded after import = 3

========================================================================
Received Import Request.
  Time since last request: 0.000030 seconds.
  path: Assets/Projects/GravityDash/kenney_new-platformer-pack-1.1/Sprites/Tiles/Double/hud_player_helmet_purple.png
  artifactKey: Guid(f7c82438119494feabc7568143f68f55) Importer(2089858483,b0f066a214c2f5e87bad3c948f4d605d)
Start importing Assets/Projects/GravityDash/kenney_new-platformer-pack-1.1/Sprites/Tiles/Double/hud_player_helmet_purple.png using Guid(f7c82438119494feabc7568143f68f55) Importer(2089858483,b0f066a214c2f5e87bad3c948f4d605d) (ScriptedImporter) -> (artifact id: 'f305d262fed2da2ba0845d026f48489f') in 0.0304915 seconds
Number of updated asset objects reloaded before import = 0Number of asset objects unloaded after import = 3

========================================================================
Received Import Request.
  Time since last request: 0.000064 seconds.
  path: Assets/Projects/GravityDash/kenney_ui-pack/PNG/Grey/Double/check_square_color.png
  artifactKey: Guid(6703523eebecd423ebf1ff45af4bca3a) Importer(2089858483,b0f066a214c2f5e87bad3c948f4d605d)
Start importing Assets/Projects/GravityDash/kenney_ui-pack/PNG/Grey/Double/check_square_color.png using Guid(6703523eebecd423ebf1ff45af4bca3a) Importer(2089858483,b0f066a214c2f5e87bad3c948f4d605d) (ScriptedImporter) -> (artifact id: '18dff51c45397de46ba8770cf708ee67') in 0.0471055 seconds
Number of updated asset objects reloaded before import = 0Number of asset objects unloaded after import = 3

========================================================================
Received Import Request.
  Time since last request: 0.000023 seconds.
  path: Assets/Projects/GravityDash/kenney_ui-pack/PNG/Red/Default/slide_horizontal_color_section.png
  artifactKey: Guid(e82f5f6c8da504d77a1be0dfebefd93b) Importer(2089858483,b0f066a214c2f5e87bad3c948f4d605d)
Start importing Assets/Projects/GravityDash/kenney_ui-pack/PNG/Red/Default/slide_horizontal_color_section.png using Guid(e82f5f6c8da504d77a1be0dfebefd93b) Importer(2089858483,b0f066a214c2f5e87bad3c948f4d605d) (ScriptedImporter) -> (artifact id: 'ad1a99fa48765e47233e9b603af659f3') in 0.0361807 seconds
Number of updated asset objects reloaded before import = 0Number of asset objects unloaded after import = 3

========================================================================
Received Import Request.
  Time since last request: 0.000127 seconds.
  path: Assets/Projects/GravityDash/kenney_ui-pack/PNG/Red/Default/check_square_color_checkmark.png
  artifactKey: Guid(e78eaca01f51f4479b5bef82ebe15b51) Importer(2089858483,b0f066a214c2f5e87bad3c948f4d605d)
Start importing Assets/Projects/GravityDash/kenney_ui-pack/PNG/Red/Default/check_square_color_checkmark.png using Guid(e78eaca01f51f4479b5bef82ebe15b51) Importer(2089858483,b0f066a214c2f5e87bad3c948f4d605d) (ScriptedImporter) -> (artifact id: '46e51d8bbb66ea58ab38555a824fba12') in 0.0433077 seconds
Number of updated asset objects reloaded before import = 0Number of asset objects unloaded after import = 3

========================================================================
Received Import Request.
  Time since last request: 0.000039 seconds.
  path: Assets/Projects/GravityDash/kenney_ui-pack/PNG/Grey/Double/icon_checkmark.png
  artifactKey: Guid(c5a6bf1c639a349c4a2b7fa6eb4bcddb) Importer(2089858483,b0f066a214c2f5e87bad3c948f4d605d)
Start importing Assets/Projects/GravityDash/kenney_ui-pack/PNG/Grey/Double/icon_checkmark.png using Guid(c5a6bf1c639a349c4a2b7fa6eb4bcddb) Importer(2089858483,b0f066a214c2f5e87bad3c948f4d605d) (ScriptedImporter) -> (artifact id: 'fb9ce559ce1d9a42b272c08226e9f7ad') in 0.036657 seconds
Number of updated asset objects reloaded before import = 0Number of asset objects unloaded after import = 3

========================================================================
Received Import Request.
  Time since last request: 0.000029 seconds.
  path: Assets/Projects/GravityDash/kenney_ui-pack/PNG/Red/Default/button_round_depth_line.png
  artifactKey: Guid(64768aff2e4cd47a39eb9bb05c5741b3) Importer(2089858483,b0f066a214c2f5e87bad3c948f4d605d)
Start importing Assets/Projects/GravityDash/kenney_ui-pack/PNG/Red/Default/button_round_depth_line.png using Guid(64768aff2e4cd47a39eb9bb05c5741b3) Importer(2089858483,b0f066a214c2f5e87bad3c948f4d605d) (ScriptedImporter) -> (artifact id: '1448fc9ebc948a63d51245ef28a95d24') in 0.0312312 seconds
Number of updated asset objects reloaded before import = 0Number of asset objects unloaded after import = 3

========================================================================
Received Prepare
WARNING: Shader Unsupported: 'Hidden/Universal Render Pipeline/Terrain/Lit (Base Pass)' - All subshaders removed
WARNING: Shader Did you use #pragma only_renderers and omit this platform?
WARNING: Shader If subshaders removal was intentional, you may have forgotten turning Fallback off?
WARNING: Shader Unsupported: 'Hidden/Universal Render Pipeline/Terrain/Lit (Base Pass)' - All subshaders removed
WARNING: Shader Did you use #pragma only_renderers and omit this platform?
WARNING: Shader If subshaders removal was intentional, you may have forgotten turning Fallback off?
WARNING: Shader Unsupported: 'Universal Render Pipeline/Terrain/Lit' - All subshaders removed
WARNING: Shader Did you use #pragma only_renderers and omit this platform?
WARNING: Shader If subshaders removal was intentional, you may have forgotten turning Fallback off?
WARNING: Shader Unsupported: 'Universal Render Pipeline/Terrain/Lit' - All subshaders removed
WARNING: Shader Did you use #pragma only_renderers and omit this platform?
WARNING: Shader If subshaders removal was intentional, you may have forgotten turning Fallback off?
Refreshing native plugins compatible for Editor in 4.38 ms, found 4 plugins.
Preloading 0 native plugins for Editor in 0.00 ms.
Unloading 45 Unused Serialized files (Serialized files now loaded: 0)
Unloading 8124 unused Assets / (5.8 MB). Loaded Objects now: 8800.
Memory consumption went from 159.7 MB to 153.9 MB.
Total: 35.664600 ms (FindLiveObjects: 1.629800 ms CreateObjectMapping: 1.073800 ms MarkObjects: 30.102500 ms  DeleteObjects: 2.856400 ms)

Prepare: number of updated asset objects reloaded= 0
