[Licensing::Module] Trying to connect to existing licensing client channel...
Built from '6000.3/staging' branch; Version is '6000.3.8f1 (1c7db571dde0) revision 1867189'; Using compiler version '194234433'; Build Type 'Release'
OS: 'Windows 11  (10.0.26200) Professional' Language: 'uk' Physical Memory: 32189 MB
BatchMode: 1, IsHumanControllingUs: 0, StartBugReporterOnCrash: 0, Is64bit: 1
System  architecture: x64
[Licensing::IpcConnector] Successfully connected to: "LicenseClient-Vetlik" at "2026-06-13T13:11:58.281998Z"
Process architecture: x64
Date: 2026-06-13T13:11:58Z

COMMAND LINE ARGUMENTS:
C:\Program Files\Unity\Hub\Editor\6000.3.8f1\Editor\Unity.exe
-adb2
-batchMode
-noUpm
-name
AssetImportWorker2
-projectPath
D:/3 курс_2 семестр_Чайковський/Крос-платформне програмування/fixed_games/lab6/labs_gamedev
-logFile
Logs/AssetImportWorker2.log
-srvPort
55765
-licensingIpc
LicenseClient-Vetlik
-job-worker-count
10
-background-job-worker-count
8
-gc-helper-count
1
-name
AssetImport
Successfully changed project path to: D:/3 курс_2 семестр_Чайковський/Крос-платформне програмування/fixed_games/lab6/labs_gamedev
D:/3 курс_2 семестр_Чайковський/Крос-платформне програмування/fixed_games/lab6/labs_gamedev
[UnityMemory] Configuration Parameters - Can be set up in boot.config
    "memorysetup-temp-allocator-size-nav-mesh-worker=65536"
    "memorysetup-temp-allocator-size-audio-worker=65536"
    "memorysetup-temp-allocator-size-gfx=262144"
    "memorysetup-allocator-temp-initial-block-size-main=262144"
    "memorysetup-allocator-temp-initial-block-size-worker=262144"
    "memorysetup-temp-allocator-size-background-worker=32768"
    "memorysetup-temp-allocator-size-job-worker=262144"
    "memorysetup-temp-allocator-size-preload-manager=33554432"
    "memorysetup-temp-allocator-size-gi-baking-worker=262144"
    "memorysetup-temp-allocator-size-gi-baking-worker=262144"
    "memorysetup-temp-allocator-size-gi-baking-worker=262144"
    "memorysetup-temp-allocator-size-gi-baking-worker=262144"
    "memorysetup-temp-allocator-size-gi-baking-worker=262144"
    "memorysetup-bucket-allocator-granularity=16"
    "memorysetup-bucket-allocator-bucket-count=8"
    "memorysetup-bucket-allocator-block-size=33554432"
    "memorysetup-bucket-allocator-block-count=8"
    "memorysetup-main-allocator-block-size=16777216"
    "memorysetup-thread-allocator-block-size=16777216"
    "memorysetup-gfx-main-allocator-block-size=16777216"
    "memorysetup-gfx-thread-allocator-block-size=16777216"
    "memorysetup-cache-allocator-block-size=4194304"
    "memorysetup-typetree-allocator-block-size=2097152"
    "memorysetup-profiler-bucket-allocator-granularity=16"
    "memorysetup-profiler-bucket-allocator-bucket-count=8"
    "memorysetup-profiler-bucket-allocator-block-size=33554432"
    "memorysetup-profiler-bucket-allocator-block-count=8"
    "memorysetup-profiler-allocator-block-size=16777216"
    "memorysetup-profiler-editor-allocator-block-size=1048576"
    "memorysetup-temp-allocator-size-main=16777216"
    "memorysetup-job-temp-allocator-block-size=2097152"
    "memorysetup-job-temp-allocator-block-size-background=1048576"
    "memorysetup-job-temp-allocator-reduction-small-platforms=262144"
    "memorysetup-temp-allocator-size-cloud-worker=32768"
Player connection [27700]  Target information:

Player connection [27700]  * "[IP] 192.168.56.1 [Port] 0 [Flags] 2 [Guid] 3185590026 [EditorId] 3185590026 [Version] 1048832 [Id] WindowsEditor(7,DESKTOP-0FQ05EC) [Debug] 1 [PackageName] WindowsEditor [ProjectName] Editor" 

Player connection [27700]  * "[IP] 172.31.64.1 [Port] 0 [Flags] 2 [Guid] 3185590026 [EditorId] 3185590026 [Version] 1048832 [Id] WindowsEditor(7,DESKTOP-0FQ05EC) [Debug] 1 [PackageName] WindowsEditor [ProjectName] Editor" 

Player connection [27700]  * "[IP] 192.168.0.110 [Port] 0 [Flags] 2 [Guid] 3185590026 [EditorId] 3185590026 [Version] 1048832 [Id] WindowsEditor(7,DESKTOP-0FQ05EC) [Debug] 1 [PackageName] WindowsEditor [ProjectName] Editor" 

Player connection [27700] Host joined multi-casting on [225.0.0.222:54997]...
Player connection [27700] Host joined alternative multi-casting on [225.0.0.222:34997]...
JobSystem: Creating JobQueue using job-worker-count value 10
Input System module state changed to: Initialized.
[Physics::Module] Initialized fallback backend.
[Physics::Module] Id: 0xdecafbad
Library Redirect Path: Library/
[Physics::Module] Selected backend.
[Physics::Module] Name: PhysX
[Physics::Module] Id: 0xf2b8ea05
[Physics::Module] SDK Version: 4.1.2
[Physics::Module] Integration Version: 1.0.0
[Physics::Module] Threading Mode: Multi-Threaded
Refreshing native plugins compatible for Editor in 9.79 ms, found 4 plugins.
Preloading 0 native plugins for Editor in 0.00 ms.
Initialize engine version: 6000.3.8f1 (1c7db571dde0)
[Subsystems] Discovering subsystems at path C:/Program Files/Unity/Hub/Editor/6000.3.8f1/Editor/Data/Resources/UnitySubsystems
[Subsystems] Discovering subsystems at path D:/3 курс_2 семестр_Чайковський/Крос-платформне програмування/fixed_games/lab6/labs_gamedev/Assets
GfxDevice: creating device client; kGfxThreadingModeNonThreaded
Direct3D:
    Version:  Direct3D 11.0 [level 11.1]
    Renderer: Intel(R) Arc(TM) Graphics (ID=0x7d55)
    Vendor:   Intel
    VRAM:     18347 MB
    Driver:   32.0.101.8132
Initialize mono
Mono path[0] = 'C:/Program Files/Unity/Hub/Editor/6000.3.8f1/Editor/Data/Managed'
Mono path[1] = 'C:/Program Files/Unity/Hub/Editor/6000.3.8f1/Editor/Data/MonoBleedingEdge/lib/mono/unityjit-win32'
Mono config path = 'C:/Program Files/Unity/Hub/Editor/6000.3.8f1/Editor/Data/MonoBleedingEdge/etc'
Using monoOptions --debugger-agent=transport=dt_socket,embedding=1,server=y,suspend=n,address=127.0.0.1:56860
Begin MonoManager ReloadAssembly
Registering precompiled unity dll's ...
Register platform support module: C:/Program Files/Unity/Hub/Editor/6000.3.8f1/Editor/Data/PlaybackEngines/WindowsStandaloneSupport/UnityEditor.WindowsStandalone.Extensions.dll
Registered in 0.002542 seconds.
- Loaded All Assemblies, in  1.119 seconds
Native extension for WindowsStandalone target not found
ScheduleIndexationOnStartup MainProcess:False IndexOnStartup:True
Mono: successfully reloaded assembly
- Finished resetting the current domain, in  0.790 seconds
Domain Reload Profiling: 1903ms
	BeginReloadAssembly (424ms)
		ExecutionOrderSort (0ms)
		DisableScriptedObjects (0ms)
		BackupInstance (0ms)
		ReleaseScriptingObjects (0ms)
		CreateAndSetChildDomain (3ms)
	RebuildCommonClasses (104ms)
	RebuildNativeTypeToScriptingClass (35ms)
	initialDomainReloadingComplete (111ms)
	LoadAllAssembliesAndSetupDomain (439ms)
		LoadAssemblies (409ms)
		RebuildTransferFunctionScriptingTraits (0ms)
		AnalyzeDomain (432ms)
			TypeCache.Refresh (428ms)
				TypeCache.ScanAssembly (398ms)
			BuildScriptInfoCaches (0ms)
			ResolveRequiredComponents (1ms)
	FinalizeReload (790ms)
		ReleaseScriptCaches (0ms)
		RebuildScriptCaches (0ms)
		SetupLoadedEditorAssemblies (677ms)
			LogAssemblyErrors (0ms)
			InitializePlatformSupportModulesInManaged (98ms)
			SetLoadedEditorAssemblies (8ms)
			BeforeProcessingInitializeOnLoad (198ms)
			ProcessInitializeOnLoadAttributes (258ms)
			ProcessInitializeOnLoadMethodAttributes (115ms)
			AfterProcessingInitializeOnLoad (0ms)
			EditorAssembliesLoaded (0ms)
		ExecutionOrderSort2 (0ms)
		AwakeInstancesAfterBackupRestoration (0ms)
========================================================================
Worker process is ready to serve import requests
Import Worker Mode flag is 0x00
Begin MonoManager ReloadAssembly
[Licensing::Module] Licensing is not yet initialized.
[Licensing::Client] Handshaking with LicensingClient:
  Version:                 1.17.4+4293ba1
  Session Id:              8c22a30f062c41e8a6bf131a15dfba64
  Correlation Id:          04bed74e7ec85f4ac415e3263256bf27
  External correlation Id: 5807096936929452609
  Machine Id:              XF9qbCF8jYGah7fdRYj1Jhek+PE=
[Licensing::Module] Successfully connected to LicensingClient on channel: "LicenseClient-Vetlik" (connect: 0.00s, validation: 0.00s, handshake: 3.89s)
[Licensing::IpcConnector] Successfully connected to: "LicenseClient-Vetlik-notifications" at "2026-06-13T13:12:02.1730755Z"
[Licensing::Module] Licensing Background thread has ended after 3.89s
[Licensing::Module] Licensing is initialized (took 0.00s).
[Licensing::Client] Successfully resolved entitlement details
[Licensing::Module] License group:
  Id: F4-6GGE-9CKT-UPYG-SP8W-XXXX
  Product: Unity Personal
  Type: ULF
  Expiration: Unlimited
[Licensing::Module] License group:
  Id: 7972560156196-UnityPersXXXX
  Product: Unity Personal
  Type: Assigned
  Expiration: Unlimited
DirectoryNotFoundException: Could not find a part of the path "D:\3 курс_2 семестр_Чайковський\Крос-платформне програмування\fixed_games\lab6\labs_gamedev\Assets\UnityAds\UnityEngine.Advertisements.Editor.dll".
  at System.IO.FileStream..ctor (System.String path, System.IO.FileMode mode, System.IO.FileAccess access, System.IO.FileShare share, System.Int32 bufferSize, System.Boolean anonymous, System.IO.FileOptions options) [0x00164] in <1eb9db207454431c84a47bcd81e79c37>:0 
  at System.IO.FileStream..ctor (System.String path, System.IO.FileMode mode, System.IO.FileAccess access, System.IO.FileShare share) [0x00000] in <1eb9db207454431c84a47bcd81e79c37>:0 
  at (wrapper remoting-invoke-with-check) System.IO.FileStream..ctor(string,System.IO.FileMode,System.IO.FileAccess,System.IO.FileShare)
  at Mono.Cecil.ModuleDefinition.GetFileStream (System.String fileName, System.IO.FileMode mode, System.IO.FileAccess access, System.IO.FileShare share) [0x00006] in <4e339395f8074c75847e518298d9c5fd>:0 
  at Mono.Cecil.ModuleDefinition.ReadModule (System.String fileName, Mono.Cecil.ReaderParameters parameters) [0x00008] in <4e339395f8074c75847e518298d9c5fd>:0 
  at Mono.Cecil.AssemblyDefinition.ReadAssembly (System.String fileName, Mono.Cecil.ReaderParameters parameters) [0x00000] in <4e339395f8074c75847e518298d9c5fd>:0 
  at UnityEditor.AssemblyValidation.LoadAssemblyDefinitions (System.String[] assemblyPaths, System.String[] searchPaths) [0x00048] in <6dd00658fb454e6fb4c06a416ab8eaa1>:0 
  at UnityEditor.AssemblyValidation.ValidateAssemblies (System.String[] assemblyPaths, System.Boolean enableLogging) [0x00007] in <6dd00658fb454e6fb4c06a416ab8eaa1>:0 

Symbol file data-00000204FB3EAA10 doesn't match image D:\3 курс_2 семестр_Чайковський\Крос-платформне програмування\fixed_games\lab6\labs_gamedev\Library\ScriptAssemblies\Unity.ShaderGraph.Editor.dll
Symbol file LoadedFromMemory is not a mono symbol file
Loading assembly failed: "Assets/UnityAds/UnityEngine.Advertisements.Editor.dll"
Symbol file LoadedFromMemory is not a mono symbol file
- Loaded All Assemblies, in 32.965 seconds
Failed to determine dll type for Assets/UnityAds/UnityEngine.Advertisements.Unsupported.dll
Failed to determine dll type for Assets/UnityAds/UnityEngine.Advertisements.Unsupported.dll
Failed to determine dll type for Assets/UnityAds/UnityEngine.Advertisements.Editor.dll
Failed to determine dll type for Assets/UnityAds/UnityEngine.Advertisements.Editor.dll
Failed to determine dll type for Assets/UnityAds/UnityEngine.Advertisements.iOS.dll
Failed to determine dll type for Assets/UnityAds/UnityEngine.Advertisements.iOS.dll
Failed to determine dll type for Assets/UnityAds/UnityEngine.Advertisements.Android.dll
Failed to determine dll type for Assets/UnityAds/UnityEngine.Advertisements.Android.dll
Refreshing native plugins compatible for Editor in 8.80 ms, found 4 plugins.
Native extension for WindowsStandalone target not found
Refreshing native plugins compatible for Editor in 5.23 ms, found 4 plugins.
Package Manager log level set to [2]
[Package Manager] Failed to launch server process. Reason: Unity was launched with the -noUpm command-line argument
[Package Manager] Unable to send message (not connected to server process).
[Package Manager] Cannot connect to Unity Package Manager local server
ScheduleIndexationOnStartup MainProcess:False IndexOnStartup:True
Mono: successfully reloaded assembly
- Finished resetting the current domain, in  1.387 seconds
Domain Reload Profiling: 34350ms
	BeginReloadAssembly (213ms)
		ExecutionOrderSort (0ms)
		DisableScriptedObjects (7ms)
		BackupInstance (0ms)
		ReleaseScriptingObjects (0ms)
		CreateAndSetChildDomain (35ms)
	RebuildCommonClasses (35ms)
	RebuildNativeTypeToScriptingClass (14ms)
	initialDomainReloadingComplete (49ms)
	LoadAllAssembliesAndSetupDomain (32651ms)
		LoadAssemblies (31808ms)
		RebuildTransferFunctionScriptingTraits (0ms)
		AnalyzeDomain (958ms)
			TypeCache.Refresh (619ms)
				TypeCache.ScanAssembly (578ms)
			BuildScriptInfoCaches (304ms)
			ResolveRequiredComponents (22ms)
	FinalizeReload (1388ms)
		ReleaseScriptCaches (0ms)
		RebuildScriptCaches (0ms)
		SetupLoadedEditorAssemblies (1206ms)
			LogAssemblyErrors (0ms)
			InitializePlatformSupportModulesInManaged (3ms)
			SetLoadedEditorAssemblies (11ms)
			BeforeProcessingInitializeOnLoad (305ms)
			ProcessInitializeOnLoadAttributes (632ms)
			ProcessInitializeOnLoadMethodAttributes (250ms)
			AfterProcessingInitializeOnLoad (4ms)
			EditorAssembliesLoaded (0ms)
		ExecutionOrderSort2 (0ms)
		AwakeInstancesAfterBackupRestoration (6ms)
WARNING: Shader Unsupported: 'Hidden/Universal Render Pipeline/Terrain/Lit (Base Pass)' - All subshaders removed
WARNING: Shader Did you use #pragma only_renderers and omit this platform?
WARNING: Shader If subshaders removal was intentional, you may have forgotten turning Fallback off?
WARNING: Shader Unsupported: 'Hidden/Universal Render Pipeline/Terrain/Lit (Base Pass)' - All subshaders removed
WARNING: Shader Did you use #pragma only_renderers and omit this platform?
WARNING: Shader If subshaders removal was intentional, you may have forgotten turning Fallback off?
WARNING: Shader Unsupported: 'Universal Render Pipeline/Terrain/Lit' - All subshaders removed
WARNING: Shader Did you use #pragma only_renderers and omit this platform?
WARNING: Shader If subshaders removal was intentional, you may have forgotten turning Fallback off?
WARNING: Shader Unsupported: 'Universal Render Pipeline/Terrain/Lit' - All subshaders removed
WARNING: Shader Did you use #pragma only_renderers and omit this platform?
WARNING: Shader If subshaders removal was intentional, you may have forgotten turning Fallback off?
Launched and connected shader compiler UnityShaderCompiler.exe after 0.01 seconds
Refreshing native plugins compatible for Editor in 5.83 ms, found 4 plugins.
Preloading 0 native plugins for Editor in 0.00 ms.
Unloading 45 Unused Serialized files (Serialized files now loaded: 0)
Unloading 8175 unused Assets / (6.4 MB). Loaded Objects now: 8800.
Memory consumption went from 163.8 MB to 157.4 MB.
Total: 17.527400 ms (FindLiveObjects: 0.794500 ms CreateObjectMapping: 0.782300 ms MarkObjects: 12.310100 ms  DeleteObjects: 3.638500 ms)

========================================================================
Received Prepare
WARNING: Shader Unsupported: 'Hidden/Universal Render Pipeline/Terrain/Lit (Base Pass)' - All subshaders removed
WARNING: Shader Did you use #pragma only_renderers and omit this platform?
WARNING: Shader If subshaders removal was intentional, you may have forgotten turning Fallback off?
WARNING: Shader Unsupported: 'Hidden/Universal Render Pipeline/Terrain/Lit (Base Pass)' - All subshaders removed
WARNING: Shader Did you use #pragma only_renderers and omit this platform?
WARNING: Shader If subshaders removal was intentional, you may have forgotten turning Fallback off?
WARNING: Shader Unsupported: 'Universal Render Pipeline/Terrain/Lit' - All subshaders removed
WARNING: Shader Did you use #pragma only_renderers and omit this platform?
WARNING: Shader If subshaders removal was intentional, you may have forgotten turning Fallback off?
WARNING: Shader Unsupported: 'Universal Render Pipeline/Terrain/Lit' - All subshaders removed
WARNING: Shader Did you use #pragma only_renderers and omit this platform?
WARNING: Shader If subshaders removal was intentional, you may have forgotten turning Fallback off?
Refreshing native plugins compatible for Editor in 7.22 ms, found 4 plugins.
Preloading 0 native plugins for Editor in 0.00 ms.
Unloading 45 Unused Serialized files (Serialized files now loaded: 0)
Unloading 8129 unused Assets / (6.9 MB). Loaded Objects now: 8800.
Memory consumption went from 160.5 MB to 153.6 MB.
Total: 19.888200 ms (FindLiveObjects: 1.479800 ms CreateObjectMapping: 0.803200 ms MarkObjects: 13.535800 ms  DeleteObjects: 4.066800 ms)

Prepare: number of updated asset objects reloaded= 0
========================================================================
Received Import Request.
  Time since last request: 262065.085470 seconds.
  path: Assets/Sprites/Cainos/Pixel Art Platformer - Village Props/Tileset Palette/TP Ground/TX Tileset Ground_104.asset
  artifactKey: Guid(dac5139ad2edb954bb628ed049e8df7b) Importer(2089858483,b0f066a214c2f5e87bad3c948f4d605d)
Start importing Assets/Sprites/Cainos/Pixel Art Platformer - Village Props/Tileset Palette/TP Ground/TX Tileset Ground_104.asset using Guid(dac5139ad2edb954bb628ed049e8df7b) Importer(2089858483,b0f066a214c2f5e87bad3c948f4d605d) (ScriptedImporter) -> (artifact id: '71401cc9d943510516f285f5efb30ad8') in 0.1491423 seconds
Number of updated asset objects reloaded before import = 0Number of asset objects unloaded after import = 2

========================================================================
Received Import Request.
  Time since last request: 0.000026 seconds.
  path: Assets/Music/Zombie.mp3
  artifactKey: Guid(6813f39d4c7eea34aa113e350e48a7e8) Importer(815301076,1909f56bfc062723c751e8b465ee728b)
Start importing Assets/Music/Zombie.mp3 using Guid(6813f39d4c7eea34aa113e350e48a7e8) Importer(815301076,1909f56bfc062723c751e8b465ee728b) (PreviewImporter) -> (artifact id: 'e9516b59665a3550f7d140514b48836b') in 0.2944082 seconds
Number of updated asset objects reloaded before import = 0Number of asset objects unloaded after import = 2

========================================================================
Received Import Request.
  Time since last request: 0.000033 seconds.
  path: Assets/Sprites/Cainos/Pixel Art Platformer - Village Props/Tileset Palette/TP Ground/TX Tileset Ground_103.asset
  artifactKey: Guid(e02cb1d48886e2049af78183d9b488e2) Importer(2089858483,b0f066a214c2f5e87bad3c948f4d605d)
Start importing Assets/Sprites/Cainos/Pixel Art Platformer - Village Props/Tileset Palette/TP Ground/TX Tileset Ground_103.asset using Guid(e02cb1d48886e2049af78183d9b488e2) Importer(2089858483,b0f066a214c2f5e87bad3c948f4d605d) (ScriptedImporter) -> (artifact id: '26fea44a03f21d0d6adb0bff196a22e0') in 0.0272922 seconds
Number of updated asset objects reloaded before import = 0Number of asset objects unloaded after import = 2

========================================================================
Received Import Request.
  Time since last request: 0.000030 seconds.
  path: Assets/Projects/GravityDash/kenney_ui-pack/Vector/Yellow/arrow_basic_w_small.svg
  artifactKey: Guid(53da853fcb5944717bd7e9a0b6486aad) Importer(2089858483,b0f066a214c2f5e87bad3c948f4d605d)
Start importing Assets/Projects/GravityDash/kenney_ui-pack/Vector/Yellow/arrow_basic_w_small.svg using Guid(53da853fcb5944717bd7e9a0b6486aad) Importer(2089858483,b0f066a214c2f5e87bad3c948f4d605d) (ScriptedImporter) -> (artifact id: 'e248634a0ae3ce5dff743fa5217b2764') in 0.0399178 seconds
Number of updated asset objects reloaded before import = 0Number of asset objects unloaded after import = 1

========================================================================
Received Import Request.
  Time since last request: 0.000062 seconds.
  path: Assets/Projects/GravityDash/kenney_ui-pack/Vector/Red/slide_vertical_grey.svg
  artifactKey: Guid(65cc3d796e83548e9b24b7b2d57ed362) Importer(2089858483,b0f066a214c2f5e87bad3c948f4d605d)
Start importing Assets/Projects/GravityDash/kenney_ui-pack/Vector/Red/slide_vertical_grey.svg using Guid(65cc3d796e83548e9b24b7b2d57ed362) Importer(2089858483,b0f066a214c2f5e87bad3c948f4d605d) (ScriptedImporter) -> (artifact id: 'aac37922e8dfa1f4031173b9290708b9') in 0.0265705 seconds
Number of updated asset objects reloaded before import = 0Number of asset objects unloaded after import = 1

========================================================================
Received Import Request.
  Time since last request: 0.000059 seconds.
  path: Assets/Projects/GravityDash/kenney_ui-pack/Vector/Yellow/icon_outline_checkmark.svg
  artifactKey: Guid(346cc1d553d87487b9525ce6d5d35d6b) Importer(2089858483,b0f066a214c2f5e87bad3c948f4d605d)
Start importing Assets/Projects/GravityDash/kenney_ui-pack/Vector/Yellow/icon_outline_checkmark.svg using Guid(346cc1d553d87487b9525ce6d5d35d6b) Importer(2089858483,b0f066a214c2f5e87bad3c948f4d605d) (ScriptedImporter) -> (artifact id: '279698ff9067c392f18972512c3cf12b') in 0.0381611 seconds
Number of updated asset objects reloaded before import = 0Number of asset objects unloaded after import = 1

========================================================================
Received Import Request.
  Time since last request: 0.000041 seconds.
  path: Assets/Sprites/Cainos/Pixel Art Platformer - Village Props/Tileset Palette/TP Ground/TX Tileset Ground_140.asset
  artifactKey: Guid(b1ebbae3d171fca4bada5fbf753b0afa) Importer(2089858483,b0f066a214c2f5e87bad3c948f4d605d)
Start importing Assets/Sprites/Cainos/Pixel Art Platformer - Village Props/Tileset Palette/TP Ground/TX Tileset Ground_140.asset using Guid(b1ebbae3d171fca4bada5fbf753b0afa) Importer(2089858483,b0f066a214c2f5e87bad3c948f4d605d) (ScriptedImporter) -> (artifact id: '0a0c4bfc635b408eaf4bd9f50b0bc55d') in 0.0254515 seconds
Number of updated asset objects reloaded before import = 0Number of asset objects unloaded after import = 2

========================================================================
Received Import Request.
  Time since last request: 0.000023 seconds.
  path: Assets/Projects/GravityDash/kenney_ui-pack/Vector/Red/check_square_color.svg
  artifactKey: Guid(86589eec9a6cf43c19c1464fb7249cac) Importer(2089858483,b0f066a214c2f5e87bad3c948f4d605d)
Start importing Assets/Projects/GravityDash/kenney_ui-pack/Vector/Red/check_square_color.svg using Guid(86589eec9a6cf43c19c1464fb7249cac) Importer(2089858483,b0f066a214c2f5e87bad3c948f4d605d) (ScriptedImporter) -> (artifact id: '12b67bfcf855b2416331cb0e8e9d2142') in 0.0266658 seconds
Number of updated asset objects reloaded before import = 0Number of asset objects unloaded after import = 1

========================================================================
Received Import Request.
  Time since last request: 0.000051 seconds.
  path: Assets/Projects/GravityDash/kenney_ui-pack/Vector/Red/icon_outline_checkmark.svg
  artifactKey: Guid(d47f7e24c6d1a4646aaace4e49d645e7) Importer(2089858483,b0f066a214c2f5e87bad3c948f4d605d)
Start importing Assets/Projects/GravityDash/kenney_ui-pack/Vector/Red/icon_outline_checkmark.svg using Guid(d47f7e24c6d1a4646aaace4e49d645e7) Importer(2089858483,b0f066a214c2f5e87bad3c948f4d605d) (ScriptedImporter) -> (artifact id: 'b67692a3221525566f70581e1bcae71d') in 0.0272814 seconds
Number of updated asset objects reloaded before import = 0Number of asset objects unloaded after import = 1

========================================================================
Received Import Request.
  Time since last request: 0.000077 seconds.
  path: Assets/Sprites/Cainos/Pixel Art Platformer - Village Props/Tileset Palette/TP Ground/TX Tileset Ground_2.asset
  artifactKey: Guid(ed34f9f8affa2d342b1a01c7872c411a) Importer(2089858483,b0f066a214c2f5e87bad3c948f4d605d)
Start importing Assets/Sprites/Cainos/Pixel Art Platformer - Village Props/Tileset Palette/TP Ground/TX Tileset Ground_2.asset using Guid(ed34f9f8affa2d342b1a01c7872c411a) Importer(2089858483,b0f066a214c2f5e87bad3c948f4d605d) (ScriptedImporter) -> (artifact id: '987d1da5fdd54bc0cec8e5dc52b627da') in 0.0293878 seconds
Number of updated asset objects reloaded before import = 0Number of asset objects unloaded after import = 2

========================================================================
Received Import Request.
  Time since last request: 0.000026 seconds.
  path: Assets/Projects/GravityDash/kenney_ui-pack/Vector/Yellow/button_round_border.svg
  artifactKey: Guid(bea8a9615da034b1588418b8964e1a8c) Importer(2089858483,b0f066a214c2f5e87bad3c948f4d605d)
Start importing Assets/Projects/GravityDash/kenney_ui-pack/Vector/Yellow/button_round_border.svg using Guid(bea8a9615da034b1588418b8964e1a8c) Importer(2089858483,b0f066a214c2f5e87bad3c948f4d605d) (ScriptedImporter) -> (artifact id: '505c3a4c1669a9431fea036ab7e05f17') in 0.028186 seconds
Number of updated asset objects reloaded before import = 0Number of asset objects unloaded after import = 1

========================================================================
Received Import Request.
  Time since last request: 0.000044 seconds.
  path: Assets/Projects/GravityDash/kenney_ui-pack/Vector/Yellow/check_square_grey_square.svg
  artifactKey: Guid(70224295898534ec8aa8a4305a183bbe) Importer(2089858483,b0f066a214c2f5e87bad3c948f4d605d)
Start importing Assets/Projects/GravityDash/kenney_ui-pack/Vector/Yellow/check_square_grey_square.svg using Guid(70224295898534ec8aa8a4305a183bbe) Importer(2089858483,b0f066a214c2f5e87bad3c948f4d605d) (ScriptedImporter) -> (artifact id: 'f8ff688abb30293824cc7e3b01e0cf95') in 0.0283676 seconds
Number of updated asset objects reloaded before import = 0Number of asset objects unloaded after import = 1

========================================================================
Received Import Request.
  Time since last request: 0.000057 seconds.
  path: Assets/Projects/GravityDash/kenney_ui-pack/Vector/Yellow/slide_hangle.svg
  artifactKey: Guid(fa2c73d931e8e415fa766f2409da8676) Importer(2089858483,b0f066a214c2f5e87bad3c948f4d605d)
Start importing Assets/Projects/GravityDash/kenney_ui-pack/Vector/Yellow/slide_hangle.svg using Guid(fa2c73d931e8e415fa766f2409da8676) Importer(2089858483,b0f066a214c2f5e87bad3c948f4d605d) (ScriptedImporter) -> (artifact id: 'd4b7029a1eb7518ccf220b27c190b70f') in 0.0301919 seconds
Number of updated asset objects reloaded before import = 0Number of asset objects unloaded after import = 1

========================================================================
Received Import Request.
  Time since last request: 0.000092 seconds.
  path: Assets/Sprites/Cainos/Pixel Art Platformer - Village Props/Animation/Chest Silver/AM Chest Silver - Open.anim
  artifactKey: Guid(1cb15cef07c2cd740b7d1432e09ea909) Importer(2089858483,b0f066a214c2f5e87bad3c948f4d605d)
Start importing Assets/Sprites/Cainos/Pixel Art Platformer - Village Props/Animation/Chest Silver/AM Chest Silver - Open.anim using Guid(1cb15cef07c2cd740b7d1432e09ea909) Importer(2089858483,b0f066a214c2f5e87bad3c948f4d605d) (ScriptedImporter) -> (artifact id: 'f004909863dd434d0ddf91561fd1ca75') in 0.0386128 seconds
Number of updated asset objects reloaded before import = 0Number of asset objects unloaded after import = 1

========================================================================
Received Import Request.
  Time since last request: 0.000081 seconds.
  path: Assets/Sprites/Cainos/Pixel Art Platformer - Village Props/Tileset Palette/TP Ground/TX Tileset Ground_27.asset
  artifactKey: Guid(da05a3e89e55b01489b929be2a92a81a) Importer(2089858483,b0f066a214c2f5e87bad3c948f4d605d)
Start importing Assets/Sprites/Cainos/Pixel Art Platformer - Village Props/Tileset Palette/TP Ground/TX Tileset Ground_27.asset using Guid(da05a3e89e55b01489b929be2a92a81a) Importer(2089858483,b0f066a214c2f5e87bad3c948f4d605d) (ScriptedImporter) -> (artifact id: '86d597dc5737204616b60affe302e17e') in 0.0267891 seconds
Number of updated asset objects reloaded before import = 0Number of asset objects unloaded after import = 2

========================================================================
Received Import Request.
  Time since last request: 0.000029 seconds.
  path: Assets/Projects/GravityDash/kenney_ui-pack/Vector/Yellow/button_round_depth_line.svg
  artifactKey: Guid(f5787fb4a4f3f46eda432e46d0ab382c) Importer(2089858483,b0f066a214c2f5e87bad3c948f4d605d)
Start importing Assets/Projects/GravityDash/kenney_ui-pack/Vector/Yellow/button_round_depth_line.svg using Guid(f5787fb4a4f3f46eda432e46d0ab382c) Importer(2089858483,b0f066a214c2f5e87bad3c948f4d605d) (ScriptedImporter) -> (artifact id: '84a66d7413b89e639994c82386366ac4') in 0.028493 seconds
Number of updated asset objects reloaded before import = 0Number of asset objects unloaded after import = 1

========================================================================
Received Import Request.
  Time since last request: 0.000141 seconds.
  path: Assets/Sprites/Cainos/Pixel Art Platformer - Village Props/Animation/Chest Wooden/AC Chest Wooden.controller
  artifactKey: Guid(c03720f7745e89548905250b2e5fe391) Importer(2089858483,b0f066a214c2f5e87bad3c948f4d605d)
Start importing Assets/Sprites/Cainos/Pixel Art Platformer - Village Props/Animation/Chest Wooden/AC Chest Wooden.controller using Guid(c03720f7745e89548905250b2e5fe391) Importer(2089858483,b0f066a214c2f5e87bad3c948f4d605d) (ScriptedImporter) -> (artifact id: '9d588538bb3f65acd3d4b0790e4d249a') in 0.0561464 seconds
Number of updated asset objects reloaded before import = 0Number of asset objects unloaded after import = 14

========================================================================
Received Import Request.
  Time since last request: 0.000035 seconds.
  path: Assets/Projects/GravityDash/kenney_ui-pack/Vector/Yellow/button_rectangle_depth_flat.svg
  artifactKey: Guid(78d7d9906bb6a4ab4b3792e3fab2dc79) Importer(2089858483,b0f066a214c2f5e87bad3c948f4d605d)
Start importing Assets/Projects/GravityDash/kenney_ui-pack/Vector/Yellow/button_rectangle_depth_flat.svg using Guid(78d7d9906bb6a4ab4b3792e3fab2dc79) Importer(2089858483,b0f066a214c2f5e87bad3c948f4d605d) (ScriptedImporter) -> (artifact id: '0adf678e10a9be188c03880282c5e5f1') in 0.0271769 seconds
Number of updated asset objects reloaded before import = 0Number of asset objects unloaded after import = 1

========================================================================
Received Import Request.
  Time since last request: 0.000088 seconds.
  path: Assets/Sprites/Cainos/Pixel Art Platformer - Village Props/Animation/Chest Wooden/AM Chest Wooden - Opened.anim
  artifactKey: Guid(c8c79bea693f0a740bbca9576e84def9) Importer(2089858483,b0f066a214c2f5e87bad3c948f4d605d)
Start importing Assets/Sprites/Cainos/Pixel Art Platformer - Village Props/Animation/Chest Wooden/AM Chest Wooden - Opened.anim using Guid(c8c79bea693f0a740bbca9576e84def9) Importer(2089858483,b0f066a214c2f5e87bad3c948f4d605d) (ScriptedImporter) -> (artifact id: '6d7ff67a30cc4bc83a0700033cf2aa9d') in 0.0169864 seconds
Number of updated asset objects reloaded before import = 0Number of asset objects unloaded after import = 1

========================================================================
Received Import Request.
  Time since last request: 0.000051 seconds.
  path: Assets/Sprites/Cainos/Pixel Art Platformer - Village Props/Tileset Palette/TP Ground/TX Tileset Ground_153.asset
  artifactKey: Guid(8c40a90138a81ed44b1c14dbfcf662ad) Importer(2089858483,b0f066a214c2f5e87bad3c948f4d605d)
Start importing Assets/Sprites/Cainos/Pixel Art Platformer - Village Props/Tileset Palette/TP Ground/TX Tileset Ground_153.asset using Guid(8c40a90138a81ed44b1c14dbfcf662ad) Importer(2089858483,b0f066a214c2f5e87bad3c948f4d605d) (ScriptedImporter) -> (artifact id: '88d6c16abf6a2045ccd266c9a1d08688') in 0.0306436 seconds
Number of updated asset objects reloaded before import = 0Number of asset objects unloaded after import = 2

========================================================================
Received Import Request.
  Time since last request: 0.000023 seconds.
  path: Assets/Sprites/Cainos/Pixel Art Platformer - Village Props/Tileset Palette/TP Ground/TX Tileset Ground_35.asset
  artifactKey: Guid(0ba9a9a782147074f8a089b2bb2e6be5) Importer(2089858483,b0f066a214c2f5e87bad3c948f4d605d)
Start importing Assets/Sprites/Cainos/Pixel Art Platformer - Village Props/Tileset Palette/TP Ground/TX Tileset Ground_35.asset using Guid(0ba9a9a782147074f8a089b2bb2e6be5) Importer(2089858483,b0f066a214c2f5e87bad3c948f4d605d) (ScriptedImporter) -> (artifact id: 'cb6bbbeaa49536599214b94f288d9d11') in 0.0362461 seconds
Number of updated asset objects reloaded before import = 0Number of asset objects unloaded after import = 2

========================================================================
Received Import Request.
  Time since last request: 0.000039 seconds.
  path: Assets/Sprites/Cainos/Pixel Art Platformer - Village Props/Animation/Chest Silver/AC Chest Silver.controller
  artifactKey: Guid(3d878af6b89f42343958a815305a4e66) Importer(2089858483,b0f066a214c2f5e87bad3c948f4d605d)
Start importing Assets/Sprites/Cainos/Pixel Art Platformer - Village Props/Animation/Chest Silver/AC Chest Silver.controller using Guid(3d878af6b89f42343958a815305a4e66) Importer(2089858483,b0f066a214c2f5e87bad3c948f4d605d) (ScriptedImporter) -> (artifact id: '1c4ce29fd55cdfb441821f564087200e') in 0.0681336 seconds
Number of updated asset objects reloaded before import = 0Number of asset objects unloaded after import = 14

========================================================================
Received Import Request.
  Time since last request: 0.000024 seconds.
  path: Assets/Projects/GravityDash/kenney_ui-pack/Vector/Red/button_round_depth_gradient.svg
  artifactKey: Guid(32ca8eabcee864098b3288e637752bda) Importer(2089858483,b0f066a214c2f5e87bad3c948f4d605d)
Start importing Assets/Projects/GravityDash/kenney_ui-pack/Vector/Red/button_round_depth_gradient.svg using Guid(32ca8eabcee864098b3288e637752bda) Importer(2089858483,b0f066a214c2f5e87bad3c948f4d605d) (ScriptedImporter) -> (artifact id: '3c8a03f519faba55f2bfc97a52a365f9') in 0.037953 seconds
Number of updated asset objects reloaded before import = 0Number of asset objects unloaded after import = 2

========================================================================
Received Import Request.
  Time since last request: 0.000024 seconds.
  path: Assets/Sprites/Cainos/Pixel Art Platformer - Village Props/Tileset Palette/TP Ground/TX Tileset Ground_107.asset
  artifactKey: Guid(5b15e5131651d0d4cb3958363238c163) Importer(2089858483,b0f066a214c2f5e87bad3c948f4d605d)
Start importing Assets/Sprites/Cainos/Pixel Art Platformer - Village Props/Tileset Palette/TP Ground/TX Tileset Ground_107.asset using Guid(5b15e5131651d0d4cb3958363238c163) Importer(2089858483,b0f066a214c2f5e87bad3c948f4d605d) (ScriptedImporter) -> (artifact id: 'aee773f399059b66b4e8982b86364bb1') in 0.0278563 seconds
Number of updated asset objects reloaded before import = 0Number of asset objects unloaded after import = 2

========================================================================
Received Import Request.
  Time since last request: 0.000023 seconds.
  path: Assets/Projects/GravityDash/kenney_ui-pack/Vector/Red/check_square_grey_cross.svg
  artifactKey: Guid(457da5a24513743958fd7af4a040c8a2) Importer(2089858483,b0f066a214c2f5e87bad3c948f4d605d)
Start importing Assets/Projects/GravityDash/kenney_ui-pack/Vector/Red/check_square_grey_cross.svg using Guid(457da5a24513743958fd7af4a040c8a2) Importer(2089858483,b0f066a214c2f5e87bad3c948f4d605d) (ScriptedImporter) -> (artifact id: 'a10855685412cba0c0f686afcbeb63a0') in 0.0267553 seconds
Number of updated asset objects reloaded before import = 0Number of asset objects unloaded after import = 1

========================================================================
Received Import Request.
  Time since last request: 0.000057 seconds.
  path: Assets/Projects/GravityDash/kenney_ui-pack/Vector/Yellow/check_round_round_circle.svg
  artifactKey: Guid(ff8e7b773e17245e7af1eb13a555d037) Importer(2089858483,b0f066a214c2f5e87bad3c948f4d605d)
Start importing Assets/Projects/GravityDash/kenney_ui-pack/Vector/Yellow/check_round_round_circle.svg using Guid(ff8e7b773e17245e7af1eb13a555d037) Importer(2089858483,b0f066a214c2f5e87bad3c948f4d605d) (ScriptedImporter) -> (artifact id: '458c62b08bdfc4996fc9b32e2567e5ba') in 0.0266601 seconds
Number of updated asset objects reloaded before import = 0Number of asset objects unloaded after import = 1

========================================================================
Received Import Request.
  Time since last request: 0.000064 seconds.
  path: Assets/Projects/GravityDash/kenney_ui-pack/Vector/Yellow/arrow_decorative_n_small.svg
  artifactKey: Guid(32b6a5f64fd6c4cd1881bb96f6c060c8) Importer(2089858483,b0f066a214c2f5e87bad3c948f4d605d)
Start importing Assets/Projects/GravityDash/kenney_ui-pack/Vector/Yellow/arrow_decorative_n_small.svg using Guid(32b6a5f64fd6c4cd1881bb96f6c060c8) Importer(2089858483,b0f066a214c2f5e87bad3c948f4d605d) (ScriptedImporter) -> (artifact id: '7db05a70f6f26b0f9814f15ba3e80491') in 0.0286933 seconds
Number of updated asset objects reloaded before import = 0Number of asset objects unloaded after import = 1

========================================================================
Received Import Request.
  Time since last request: 0.000085 seconds.
  path: Assets/Projects/GravityDash/kenney_ui-pack/Vector/Yellow/button_rectangle_depth_border.svg
  artifactKey: Guid(e76e7d7b6fa404f5584f8c44ecb7e5d3) Importer(2089858483,b0f066a214c2f5e87bad3c948f4d605d)
Start importing Assets/Projects/GravityDash/kenney_ui-pack/Vector/Yellow/button_rectangle_depth_border.svg using Guid(e76e7d7b6fa404f5584f8c44ecb7e5d3) Importer(2089858483,b0f066a214c2f5e87bad3c948f4d605d) (ScriptedImporter) -> (artifact id: '51adb71802bb086894e65e4ec7cf5aad') in 0.0289871 seconds
Number of updated asset objects reloaded before import = 0Number of asset objects unloaded after import = 1

========================================================================
Received Import Request.
  Time since last request: 0.000092 seconds.
  path: Assets/Projects/GravityDash/kenney_new-platformer-pack-1.1/Sprites/Characters/Default/character_beige_front.png
  artifactKey: Guid(cc98f9cc425874f83aa54b0a000223a4) Importer(2089858483,b0f066a214c2f5e87bad3c948f4d605d)
Start importing Assets/Projects/GravityDash/kenney_new-platformer-pack-1.1/Sprites/Characters/Default/character_beige_front.png using Guid(cc98f9cc425874f83aa54b0a000223a4) Importer(2089858483,b0f066a214c2f5e87bad3c948f4d605d) (ScriptedImporter) -> (artifact id: '05f7196b9a946fe3efc662849f5418e4') in 0.0689886 seconds
Number of updated asset objects reloaded before import = 0Number of asset objects unloaded after import = 3

========================================================================
Received Import Request.
  Time since last request: 0.000023 seconds.
  path: Assets/Projects/GravityDash/kenney_new-platformer-pack-1.1/Sprites/Characters/Default/character_green_climb_b.png
  artifactKey: Guid(54586cc418943473189e21ba1e4ec4b8) Importer(2089858483,b0f066a214c2f5e87bad3c948f4d605d)
Start importing Assets/Projects/GravityDash/kenney_new-platformer-pack-1.1/Sprites/Characters/Default/character_green_climb_b.png using Guid(54586cc418943473189e21ba1e4ec4b8) Importer(2089858483,b0f066a214c2f5e87bad3c948f4d605d) (ScriptedImporter) -> (artifact id: '117b3c16b8cd8565062cfb31222e801d') in 0.0294235 seconds
Number of updated asset objects reloaded before import = 0Number of asset objects unloaded after import = 3

========================================================================
Received Import Request.
  Time since last request: 0.000025 seconds.
  path: Assets/Projects/GravityDash/kenney_new-platformer-pack-1.1/Sprites/Backgrounds/Double/background_solid_grass.png
  artifactKey: Guid(6ce1d98249eb745f1b6796d93ae237cb) Importer(2089858483,b0f066a214c2f5e87bad3c948f4d605d)
Start importing Assets/Projects/GravityDash/kenney_new-platformer-pack-1.1/Sprites/Backgrounds/Double/background_solid_grass.png using Guid(6ce1d98249eb745f1b6796d93ae237cb) Importer(2089858483,b0f066a214c2f5e87bad3c948f4d605d) (ScriptedImporter) -> (artifact id: '5a3e56a1503c6566ab9f66e93375be73') in 0.0351995 seconds
Number of updated asset objects reloaded before import = 0Number of asset objects unloaded after import = 3

========================================================================
Received Import Request.
  Time since last request: 0.000025 seconds.
  path: Assets/Sprites/Cainos/Pixel Art Platformer - Village Props/Tileset Palette/TP Ground/TX Tileset Ground_67.asset
  artifactKey: Guid(23de78d8473898c48ae935fc211f70a3) Importer(2089858483,b0f066a214c2f5e87bad3c948f4d605d)
Start importing Assets/Sprites/Cainos/Pixel Art Platformer - Village Props/Tileset Palette/TP Ground/TX Tileset Ground_67.asset using Guid(23de78d8473898c48ae935fc211f70a3) Importer(2089858483,b0f066a214c2f5e87bad3c948f4d605d) (ScriptedImporter) -> (artifact id: 'a25f623700b57f90da8f0a0a25fb8466') in 0.03277 seconds
Number of updated asset objects reloaded before import = 0Number of asset objects unloaded after import = 2

========================================================================
Received Import Request.
  Time since last request: 0.000037 seconds.
  path: Assets/Sprites/Cainos/Pixel Art Platformer - Village Props/Tileset Palette/TP Ground/TX Tileset Ground_53.asset
  artifactKey: Guid(f79edcb5a672c784eab65eb01669d1ae) Importer(2089858483,b0f066a214c2f5e87bad3c948f4d605d)
Start importing Assets/Sprites/Cainos/Pixel Art Platformer - Village Props/Tileset Palette/TP Ground/TX Tileset Ground_53.asset using Guid(f79edcb5a672c784eab65eb01669d1ae) Importer(2089858483,b0f066a214c2f5e87bad3c948f4d605d) (ScriptedImporter) -> (artifact id: 'd0ecdbcb3708f4aec6650f0d040bed00') in 0.0255427 seconds
Number of updated asset objects reloaded before import = 0Number of asset objects unloaded after import = 2

========================================================================
Received Import Request.
  Time since last request: 0.000029 seconds.
  path: Assets/Projects/GravityDash/kenney_new-platformer-pack-1.1/Sprites/Characters/Default/character_pink_walk_b.png
  artifactKey: Guid(29c4aca9300674099a62b70684ab2327) Importer(2089858483,b0f066a214c2f5e87bad3c948f4d605d)
Start importing Assets/Projects/GravityDash/kenney_new-platformer-pack-1.1/Sprites/Characters/Default/character_pink_walk_b.png using Guid(29c4aca9300674099a62b70684ab2327) Importer(2089858483,b0f066a214c2f5e87bad3c948f4d605d) (ScriptedImporter) -> (artifact id: '896fea4d2ac929dc043afb6b588aa5a1') in 0.0308755 seconds
Number of updated asset objects reloaded before import = 0Number of asset objects unloaded after import = 3

========================================================================
Received Import Request.
  Time since last request: 0.000022 seconds.
  path: Assets/Projects/GravityDash/kenney_new-platformer-pack-1.1/Sprites/Backgrounds/Default/background_clouds.png
  artifactKey: Guid(0aea30c2fc6a74b4bbfc338ce4caba6b) Importer(2089858483,b0f066a214c2f5e87bad3c948f4d605d)
Start importing Assets/Projects/GravityDash/kenney_new-platformer-pack-1.1/Sprites/Backgrounds/Default/background_clouds.png using Guid(0aea30c2fc6a74b4bbfc338ce4caba6b) Importer(2089858483,b0f066a214c2f5e87bad3c948f4d605d) (ScriptedImporter) -> (artifact id: '855d779c51f7dbdd3b58cbb6f263e595') in 0.0308846 seconds
Number of updated asset objects reloaded before import = 0Number of asset objects unloaded after import = 3

========================================================================
Received Import Request.
  Time since last request: 0.000024 seconds.
  path: Assets/Sprites/Cainos/Pixel Art Platformer - Village Props/Tileset Palette/TP Ground/TX Tileset Ground_86.asset
  artifactKey: Guid(63128ece52cc6d94b96d4cfc1c2e950a) Importer(2089858483,b0f066a214c2f5e87bad3c948f4d605d)
Start importing Assets/Sprites/Cainos/Pixel Art Platformer - Village Props/Tileset Palette/TP Ground/TX Tileset Ground_86.asset using Guid(63128ece52cc6d94b96d4cfc1c2e950a) Importer(2089858483,b0f066a214c2f5e87bad3c948f4d605d) (ScriptedImporter) -> (artifact id: 'd4d0da5d5a293933f62983cd530f0fed') in 0.0279564 seconds
Number of updated asset objects reloaded before import = 0Number of asset objects unloaded after import = 2

========================================================================
Received Import Request.
  Time since last request: 0.000023 seconds.
  path: Assets/Projects/GravityDash/kenney_new-platformer-pack-1.1/Sprites/Characters/Default/character_beige_climb_a.png
  artifactKey: Guid(c6862aa03db2b4f4fa547f334a66b6fb) Importer(2089858483,b0f066a214c2f5e87bad3c948f4d605d)
Start importing Assets/Projects/GravityDash/kenney_new-platformer-pack-1.1/Sprites/Characters/Default/character_beige_climb_a.png using Guid(c6862aa03db2b4f4fa547f334a66b6fb) Importer(2089858483,b0f066a214c2f5e87bad3c948f4d605d) (ScriptedImporter) -> (artifact id: '700a2da18e972d03ef16a4bc631dd558') in 0.0294779 seconds
Number of updated asset objects reloaded before import = 0Number of asset objects unloaded after import = 3

========================================================================
Received Import Request.
  Time since last request: 0.000066 seconds.
  path: Assets/Projects/GravityDash/kenney_new-platformer-pack-1.1/Sprites/Backgrounds/Default/background_fade_mushrooms.png
  artifactKey: Guid(17fb9a8817df4430793c1f9d4d816581) Importer(2089858483,b0f066a214c2f5e87bad3c948f4d605d)
Start importing Assets/Projects/GravityDash/kenney_new-platformer-pack-1.1/Sprites/Backgrounds/Default/background_fade_mushrooms.png using Guid(17fb9a8817df4430793c1f9d4d816581) Importer(2089858483,b0f066a214c2f5e87bad3c948f4d605d) (ScriptedImporter) -> (artifact id: '1a28555794c9ccc06f128ec68b98b653') in 0.0277974 seconds
Number of updated asset objects reloaded before import = 0Number of asset objects unloaded after import = 3

========================================================================
Received Import Request.
  Time since last request: 0.000026 seconds.
  path: Assets/Projects/GravityDash/kenney_new-platformer-pack-1.1/Sprites/Characters/Default/character_yellow_climb_a.png
  artifactKey: Guid(ed5e9b1641c954a6bab5735642193428) Importer(2089858483,b0f066a214c2f5e87bad3c948f4d605d)
Start importing Assets/Projects/GravityDash/kenney_new-platformer-pack-1.1/Sprites/Characters/Default/character_yellow_climb_a.png using Guid(ed5e9b1641c954a6bab5735642193428) Importer(2089858483,b0f066a214c2f5e87bad3c948f4d605d) (ScriptedImporter) -> (artifact id: '6a24bc063a805e64209ad03e49376bf1') in 0.0299124 seconds
Number of updated asset objects reloaded before import = 0Number of asset objects unloaded after import = 3

========================================================================
Received Import Request.
  Time since last request: 0.000037 seconds.
  path: Assets/Projects/GravityDash/kenney_new-platformer-pack-1.1/Sprites/Characters/Default/character_yellow_walk_a.png
  artifactKey: Guid(a7f78df0f8cec4b45b27c4a44579d29d) Importer(2089858483,b0f066a214c2f5e87bad3c948f4d605d)
Start importing Assets/Projects/GravityDash/kenney_new-platformer-pack-1.1/Sprites/Characters/Default/character_yellow_walk_a.png using Guid(a7f78df0f8cec4b45b27c4a44579d29d) Importer(2089858483,b0f066a214c2f5e87bad3c948f4d605d) (ScriptedImporter) -> (artifact id: 'e7643728ad322d589d48afaad0056f73') in 0.0279859 seconds
Number of updated asset objects reloaded before import = 0Number of asset objects unloaded after import = 3

========================================================================
Received Import Request.
  Time since last request: 0.000024 seconds.
  path: Assets/Sprites/Cainos/Pixel Art Platformer - Village Props/Tileset Palette/TP Ground/TX Tileset Ground_91.asset
  artifactKey: Guid(2bb4a6cb95a9598429c087579047b1b3) Importer(2089858483,b0f066a214c2f5e87bad3c948f4d605d)
Start importing Assets/Sprites/Cainos/Pixel Art Platformer - Village Props/Tileset Palette/TP Ground/TX Tileset Ground_91.asset using Guid(2bb4a6cb95a9598429c087579047b1b3) Importer(2089858483,b0f066a214c2f5e87bad3c948f4d605d) (ScriptedImporter) -> (artifact id: '18a3a1c2a738383e273ee483c3564fec') in 0.0290679 seconds
Number of updated asset objects reloaded before import = 0Number of asset objects unloaded after import = 2

========================================================================
Received Import Request.
  Time since last request: 0.000145 seconds.
  path: Assets/Sprites/Cainos/Pixel Art Platformer - Village Props/Tileset Palette/TP Ground/TX Tileset Ground_95.asset
  artifactKey: Guid(e698ee13ed1cb594289ad5433709e268) Importer(2089858483,b0f066a214c2f5e87bad3c948f4d605d)
Start importing Assets/Sprites/Cainos/Pixel Art Platformer - Village Props/Tileset Palette/TP Ground/TX Tileset Ground_95.asset using Guid(e698ee13ed1cb594289ad5433709e268) Importer(2089858483,b0f066a214c2f5e87bad3c948f4d605d) (ScriptedImporter) -> (artifact id: 'd7e2a24eb680d50fcc0cf59cd5974357') in 0.0276853 seconds
Number of updated asset objects reloaded before import = 0Number of asset objects unloaded after import = 2

========================================================================
Received Import Request.
  Time since last request: 0.000041 seconds.
  path: Assets/Projects/GravityDash/kenney_new-platformer-pack-1.1/Sprites/Characters/Default/character_pink_front.png
  artifactKey: Guid(6a9783bf0a97b4e8aad560121d549dbf) Importer(2089858483,b0f066a214c2f5e87bad3c948f4d605d)
Start importing Assets/Projects/GravityDash/kenney_new-platformer-pack-1.1/Sprites/Characters/Default/character_pink_front.png using Guid(6a9783bf0a97b4e8aad560121d549dbf) Importer(2089858483,b0f066a214c2f5e87bad3c948f4d605d) (ScriptedImporter) -> (artifact id: 'a095586f97a528122fd99c158b343d80') in 0.0317457 seconds
Number of updated asset objects reloaded before import = 0Number of asset objects unloaded after import = 3

========================================================================
Received Import Request.
  Time since last request: 0.000022 seconds.
  path: Assets/Projects/GravityDash/kenney_new-platformer-pack-1.1/Sprites/Characters/Default/character_purple_idle.png
  artifactKey: Guid(4ec25009f60dd4dcca76123ab087d575) Importer(2089858483,b0f066a214c2f5e87bad3c948f4d605d)
Start importing Assets/Projects/GravityDash/kenney_new-platformer-pack-1.1/Sprites/Characters/Default/character_purple_idle.png using Guid(4ec25009f60dd4dcca76123ab087d575) Importer(2089858483,b0f066a214c2f5e87bad3c948f4d605d) (ScriptedImporter) -> (artifact id: '31e9b2071b1336a9cc8dd43480368d95') in 0.0291891 seconds
Number of updated asset objects reloaded before import = 0Number of asset objects unloaded after import = 3

========================================================================
Received Import Request.
  Time since last request: 0.000028 seconds.
  path: Assets/Projects/GravityDash/kenney_new-platformer-pack-1.1/Sprites/Characters/Default/character_purple_walk_a.png
  artifactKey: Guid(9abd39aeed1bc4cb5ae22b4c7ee8db3c) Importer(2089858483,b0f066a214c2f5e87bad3c948f4d605d)
Start importing Assets/Projects/GravityDash/kenney_new-platformer-pack-1.1/Sprites/Characters/Default/character_purple_walk_a.png using Guid(9abd39aeed1bc4cb5ae22b4c7ee8db3c) Importer(2089858483,b0f066a214c2f5e87bad3c948f4d605d) (ScriptedImporter) -> (artifact id: 'f134316127d599372975ed6d1cded208') in 0.0333966 seconds
Number of updated asset objects reloaded before import = 0Number of asset objects unloaded after import = 3

========================================================================
Received Import Request.
  Time since last request: 0.000029 seconds.
  path: Assets/Sprites/Cainos/Pixel Art Platformer - Village Props/Tileset Palette/TP Ground/TX Tileset Ground_43.asset
  artifactKey: Guid(334c42904e466434c806626daa6b87d3) Importer(2089858483,b0f066a214c2f5e87bad3c948f4d605d)
Start importing Assets/Sprites/Cainos/Pixel Art Platformer - Village Props/Tileset Palette/TP Ground/TX Tileset Ground_43.asset using Guid(334c42904e466434c806626daa6b87d3) Importer(2089858483,b0f066a214c2f5e87bad3c948f4d605d) (ScriptedImporter) -> (artifact id: 'e5ccc721e2e16f3bca909da17c48d171') in 0.0319971 seconds
Number of updated asset objects reloaded before import = 0Number of asset objects unloaded after import = 2

========================================================================
Received Import Request.
  Time since last request: 0.000035 seconds.
  path: Assets/Projects/GravityDash/kenney_new-platformer-pack-1.1/Sprites/Backgrounds/Double/background_fade_desert.png
  artifactKey: Guid(6374a9d396df64e829511f885a5c371e) Importer(2089858483,b0f066a214c2f5e87bad3c948f4d605d)
Start importing Assets/Projects/GravityDash/kenney_new-platformer-pack-1.1/Sprites/Backgrounds/Double/background_fade_desert.png using Guid(6374a9d396df64e829511f885a5c371e) Importer(2089858483,b0f066a214c2f5e87bad3c948f4d605d) (ScriptedImporter) -> (artifact id: 'ad33fa68a1e63d68e87e82c06515ba57') in 0.0314981 seconds
Number of updated asset objects reloaded before import = 0Number of asset objects unloaded after import = 3

========================================================================
Received Import Request.
  Time since last request: 0.000021 seconds.
  path: Assets/Sprites/Cainos/Pixel Art Platformer - Village Props/Tileset Palette/TP Ground/TX Tileset Ground_63.asset
  artifactKey: Guid(26b9cb9ba19003c4285f01696eb104af) Importer(2089858483,b0f066a214c2f5e87bad3c948f4d605d)
Start importing Assets/Sprites/Cainos/Pixel Art Platformer - Village Props/Tileset Palette/TP Ground/TX Tileset Ground_63.asset using Guid(26b9cb9ba19003c4285f01696eb104af) Importer(2089858483,b0f066a214c2f5e87bad3c948f4d605d) (ScriptedImporter) -> (artifact id: '1971d56376614181b52636c491894a88') in 0.0305402 seconds
Number of updated asset objects reloaded before import = 0Number of asset objects unloaded after import = 2

========================================================================
Received Import Request.
  Time since last request: 0.000095 seconds.
  path: Assets/Sprites/Cainos/Pixel Art Platformer - Village Props/Tileset Palette/TP Ground/TX Tileset Ground_89.asset
  artifactKey: Guid(f037167d8823e3549a99b1081d8021b2) Importer(2089858483,b0f066a214c2f5e87bad3c948f4d605d)
Start importing Assets/Sprites/Cainos/Pixel Art Platformer - Village Props/Tileset Palette/TP Ground/TX Tileset Ground_89.asset using Guid(f037167d8823e3549a99b1081d8021b2) Importer(2089858483,b0f066a214c2f5e87bad3c948f4d605d) (ScriptedImporter) -> (artifact id: 'be04ceb6fb08a7f4cf203b06c5499f8b') in 0.0313023 seconds
Number of updated asset objects reloaded before import = 0Number of asset objects unloaded after import = 2

========================================================================
Received Import Request.
  Time since last request: 0.000067 seconds.
  path: Assets/Projects/GravityDash/kenney_new-platformer-pack-1.1/Sprites/Characters/Default/character_beige_climb_b.png
  artifactKey: Guid(ac8ee38e4f7e446daa363b9445a200d1) Importer(2089858483,b0f066a214c2f5e87bad3c948f4d605d)
Start importing Assets/Projects/GravityDash/kenney_new-platformer-pack-1.1/Sprites/Characters/Default/character_beige_climb_b.png using Guid(ac8ee38e4f7e446daa363b9445a200d1) Importer(2089858483,b0f066a214c2f5e87bad3c948f4d605d) (ScriptedImporter) -> (artifact id: '3540a403f7072a625439ede5bef6605e') in 0.0342047 seconds
Number of updated asset objects reloaded before import = 0Number of asset objects unloaded after import = 3

========================================================================
Received Import Request.
  Time since last request: 0.000019 seconds.
  path: Assets/Projects/GravityDash/kenney_new-platformer-pack-1.1/Sprites/Backgrounds/Default/background_color_hills.png
  artifactKey: Guid(9937000a695cb4c2dad41830879afee3) Importer(2089858483,b0f066a214c2f5e87bad3c948f4d605d)
Start importing Assets/Projects/GravityDash/kenney_new-platformer-pack-1.1/Sprites/Backgrounds/Default/background_color_hills.png using Guid(9937000a695cb4c2dad41830879afee3) Importer(2089858483,b0f066a214c2f5e87bad3c948f4d605d) (ScriptedImporter) -> (artifact id: '481bccc9b4d8c34392e609ad76a9668b') in 0.0334886 seconds
Number of updated asset objects reloaded before import = 0Number of asset objects unloaded after import = 3

========================================================================
Received Import Request.
  Time since last request: 0.000024 seconds.
  path: Assets/Sprites/Cainos/Third Party/Lucid Editor/Editor/LucidGUIEvent.cs
  artifactKey: Guid(4eeb1ca2f96dc4b5eafd655ef421493a) Importer(2089858483,b0f066a214c2f5e87bad3c948f4d605d)
Start importing Assets/Sprites/Cainos/Third Party/Lucid Editor/Editor/LucidGUIEvent.cs using Guid(4eeb1ca2f96dc4b5eafd655ef421493a) Importer(2089858483,b0f066a214c2f5e87bad3c948f4d605d) (ScriptedImporter) -> (artifact id: 'e1a8952871b7facdae090027448a3a13') in 0.0124449 seconds
Number of updated asset objects reloaded before import = 0Number of asset objects unloaded after import = 0

========================================================================
Received Import Request.
  Time since last request: 0.000168 seconds.
  path: Assets/Projects/GravityDash/kenney_new-platformer-pack-1.1/Sprites/Backgrounds/Double/background_solid_sky.png
  artifactKey: Guid(47f3d941540c649b7bd17d9340470c69) Importer(2089858483,b0f066a214c2f5e87bad3c948f4d605d)
Start importing Assets/Projects/GravityDash/kenney_new-platformer-pack-1.1/Sprites/Backgrounds/Double/background_solid_sky.png using Guid(47f3d941540c649b7bd17d9340470c69) Importer(2089858483,b0f066a214c2f5e87bad3c948f4d605d) (ScriptedImporter) -> (artifact id: 'ae8b8fdf8b6b95f517cdcb15f02af6e0') in 0.0298109 seconds
Number of updated asset objects reloaded before import = 0Number of asset objects unloaded after import = 3

========================================================================
Received Import Request.
  Time since last request: 0.000025 seconds.
  path: Assets/Projects/GravityDash/kenney_new-platformer-pack-1.1/Sprites/Backgrounds/Default/background_solid_sand.png
  artifactKey: Guid(6c4d3b60ba7e74432af925bb83e4aeaa) Importer(2089858483,b0f066a214c2f5e87bad3c948f4d605d)
Start importing Assets/Projects/GravityDash/kenney_new-platformer-pack-1.1/Sprites/Backgrounds/Default/background_solid_sand.png using Guid(6c4d3b60ba7e74432af925bb83e4aeaa) Importer(2089858483,b0f066a214c2f5e87bad3c948f4d605d) (ScriptedImporter) -> (artifact id: '16e749deaa4eb6d87b4237631d578f0d') in 0.0321235 seconds
Number of updated asset objects reloaded before import = 0Number of asset objects unloaded after import = 3

========================================================================
Received Import Request.
  Time since last request: 0.000021 seconds.
  path: Assets/Projects/GravityDash/kenney_new-platformer-pack-1.1/Sprites/Backgrounds/Default/background_solid_sky.png
  artifactKey: Guid(1f68faed969874d63bfa4429b6d221d0) Importer(2089858483,b0f066a214c2f5e87bad3c948f4d605d)
Start importing Assets/Projects/GravityDash/kenney_new-platformer-pack-1.1/Sprites/Backgrounds/Default/background_solid_sky.png using Guid(1f68faed969874d63bfa4429b6d221d0) Importer(2089858483,b0f066a214c2f5e87bad3c948f4d605d) (ScriptedImporter) -> (artifact id: '509865d4ab116db4e487b77aede07570') in 0.0304027 seconds
Number of updated asset objects reloaded before import = 0Number of asset objects unloaded after import = 3

========================================================================
Received Import Request.
  Time since last request: 0.000024 seconds.
  path: Assets/Projects/GravityDash/kenney_ui-pack/Vector/Red/button_round_border.svg
  artifactKey: Guid(42243b8cda9b14ff8bb5fdd671a479b3) Importer(2089858483,b0f066a214c2f5e87bad3c948f4d605d)
Start importing Assets/Projects/GravityDash/kenney_ui-pack/Vector/Red/button_round_border.svg using Guid(42243b8cda9b14ff8bb5fdd671a479b3) Importer(2089858483,b0f066a214c2f5e87bad3c948f4d605d) (ScriptedImporter) -> (artifact id: '70b06269a6dc55a8f54382dfb9ac2399') in 0.0284718 seconds
Number of updated asset objects reloaded before import = 0Number of asset objects unloaded after import = 1

========================================================================
Received Import Request.
  Time since last request: 0.952142 seconds.
  path: Assets/Projects/GravityDash/kenney_new-platformer-pack-1.1/Sprites/Characters/Double/character_green_climb_b.png
  artifactKey: Guid(6314deffa018a4b7f85f29820aa88717) Importer(2089858483,b0f066a214c2f5e87bad3c948f4d605d)
Start importing Assets/Projects/GravityDash/kenney_new-platformer-pack-1.1/Sprites/Characters/Double/character_green_climb_b.png using Guid(6314deffa018a4b7f85f29820aa88717) Importer(2089858483,b0f066a214c2f5e87bad3c948f4d605d) (ScriptedImporter) -> (artifact id: 'bb3949b8d86d57b6a08ab1169e7b14f8') in 0.022519 seconds
Number of updated asset objects reloaded before import = 0Number of asset objects unloaded after import = 3

========================================================================
Received Import Request.
  Time since last request: 0.000042 seconds.
  path: Assets/Projects/GravityDash/kenney_new-platformer-pack-1.1/Sprites/Enemies/Default/slime_fire_rest.png
  artifactKey: Guid(d3db660048cde407a8e9eb404dc176ad) Importer(2089858483,b0f066a214c2f5e87bad3c948f4d605d)
Start importing Assets/Projects/GravityDash/kenney_new-platformer-pack-1.1/Sprites/Enemies/Default/slime_fire_rest.png using Guid(d3db660048cde407a8e9eb404dc176ad) Importer(2089858483,b0f066a214c2f5e87bad3c948f4d605d) (ScriptedImporter) -> (artifact id: 'fd7f9aaf125a5348e5faeb16f1b87d1c') in 0.0229919 seconds
Number of updated asset objects reloaded before import = 0Number of asset objects unloaded after import = 3

========================================================================
Received Import Request.
  Time since last request: 0.000018 seconds.
  path: Assets/Projects/GravityDash/kenney_new-platformer-pack-1.1/Sprites/Tiles/Default/block_strong_empty_active.png
  artifactKey: Guid(489f1f0e26633415c9808d8d3474de51) Importer(2089858483,b0f066a214c2f5e87bad3c948f4d605d)
Start importing Assets/Projects/GravityDash/kenney_new-platformer-pack-1.1/Sprites/Tiles/Default/block_strong_empty_active.png using Guid(489f1f0e26633415c9808d8d3474de51) Importer(2089858483,b0f066a214c2f5e87bad3c948f4d605d) (ScriptedImporter) -> (artifact id: '67d9d0bacc51552922ab2f7e00ee4240') in 0.0234632 seconds
Number of updated asset objects reloaded before import = 0Number of asset objects unloaded after import = 3

========================================================================
Received Import Request.
  Time since last request: 0.000021 seconds.
  path: Assets/Projects/GravityDash/kenney_new-platformer-pack-1.1/Sprites/Enemies/Default/saw_a.png
  artifactKey: Guid(5950cd46fa1dd490f8590fc5c14afee0) Importer(2089858483,b0f066a214c2f5e87bad3c948f4d605d)
Start importing Assets/Projects/GravityDash/kenney_new-platformer-pack-1.1/Sprites/Enemies/Default/saw_a.png using Guid(5950cd46fa1dd490f8590fc5c14afee0) Importer(2089858483,b0f066a214c2f5e87bad3c948f4d605d) (ScriptedImporter) -> (artifact id: 'aed22e32e712f2844e69f0922360d729') in 0.0246634 seconds
Number of updated asset objects reloaded before import = 0Number of asset objects unloaded after import = 3

========================================================================
Received Import Request.
  Time since last request: 0.000020 seconds.
  path: Assets/Projects/GravityDash/kenney_new-platformer-pack-1.1/Sprites/Enemies/Default/worm_normal_move_b.png
  artifactKey: Guid(bbe289e8dde8d4edaa1cdf89a3e1c5b3) Importer(2089858483,b0f066a214c2f5e87bad3c948f4d605d)
Start importing Assets/Projects/GravityDash/kenney_new-platformer-pack-1.1/Sprites/Enemies/Default/worm_normal_move_b.png using Guid(bbe289e8dde8d4edaa1cdf89a3e1c5b3) Importer(2089858483,b0f066a214c2f5e87bad3c948f4d605d) (ScriptedImporter) -> (artifact id: 'fb86c5dc64b6c54d95a274e78a3a2663') in 0.0228913 seconds
Number of updated asset objects reloaded before import = 0Number of asset objects unloaded after import = 3

========================================================================
Received Import Request.
  Time since last request: 0.000037 seconds.
  path: Assets/Projects/GravityDash/kenney_new-platformer-pack-1.1/Sprites/Enemies/Double/fish_yellow_rest.png
  artifactKey: Guid(635b65586645d42a88724694b723726b) Importer(2089858483,b0f066a214c2f5e87bad3c948f4d605d)
Start importing Assets/Projects/GravityDash/kenney_new-platformer-pack-1.1/Sprites/Enemies/Double/fish_yellow_rest.png using Guid(635b65586645d42a88724694b723726b) Importer(2089858483,b0f066a214c2f5e87bad3c948f4d605d) (ScriptedImporter) -> (artifact id: 'b32c4bcf993887ae782f14bee7dbb201') in 0.0272103 seconds
Number of updated asset objects reloaded before import = 0Number of asset objects unloaded after import = 3

========================================================================
Received Import Request.
  Time since last request: 0.000031 seconds.
  path: Assets/Projects/GravityDash/kenney_new-platformer-pack-1.1/Sprites/Tiles/Default/flag_green_a.png
  artifactKey: Guid(f408dbdb6746c4e2a8b7d55e6c15c697) Importer(2089858483,b0f066a214c2f5e87bad3c948f4d605d)
Start importing Assets/Projects/GravityDash/kenney_new-platformer-pack-1.1/Sprites/Tiles/Default/flag_green_a.png using Guid(f408dbdb6746c4e2a8b7d55e6c15c697) Importer(2089858483,b0f066a214c2f5e87bad3c948f4d605d) (ScriptedImporter) -> (artifact id: 'cdc0d6e8c3ae396189172e142c6a2531') in 0.0227821 seconds
Number of updated asset objects reloaded before import = 0Number of asset objects unloaded after import = 3

========================================================================
Received Import Request.
  Time since last request: 0.000021 seconds.
  path: Assets/Projects/GravityDash/kenney_new-platformer-pack-1.1/Sprites/Enemies/Default/fish_purple_rest.png
  artifactKey: Guid(a54794cdd2670457589863590d9737f4) Importer(2089858483,b0f066a214c2f5e87bad3c948f4d605d)
Start importing Assets/Projects/GravityDash/kenney_new-platformer-pack-1.1/Sprites/Enemies/Default/fish_purple_rest.png using Guid(a54794cdd2670457589863590d9737f4) Importer(2089858483,b0f066a214c2f5e87bad3c948f4d605d) (ScriptedImporter) -> (artifact id: '9fe12e7f7a26e958de0bb44532836b96') in 0.0329545 seconds
Number of updated asset objects reloaded before import = 0Number of asset objects unloaded after import = 3

========================================================================
Received Import Request.
  Time since last request: 0.000296 seconds.
  path: Assets/Projects/GravityDash/kenney_new-platformer-pack-1.1/Sprites/Enemies/Default/block_idle.png
  artifactKey: Guid(9c333a8839542496e9f015e990475de1) Importer(2089858483,b0f066a214c2f5e87bad3c948f4d605d)
Start importing Assets/Projects/GravityDash/kenney_new-platformer-pack-1.1/Sprites/Enemies/Default/block_idle.png using Guid(9c333a8839542496e9f015e990475de1) Importer(2089858483,b0f066a214c2f5e87bad3c948f4d605d) (ScriptedImporter) -> (artifact id: '0a268f9c5a56f9b91a92a09eeb79fe91') in 0.0251719 seconds
Number of updated asset objects reloaded before import = 0Number of asset objects unloaded after import = 3

========================================================================
Received Import Request.
  Time since last request: 0.000030 seconds.
  path: Assets/Projects/GravityDash/kenney_new-platformer-pack-1.1/Sprites/Enemies/Default/slime_spike_rest.png
  artifactKey: Guid(5205b598cc6c1499a95176985a5b4bda) Importer(2089858483,b0f066a214c2f5e87bad3c948f4d605d)
Start importing Assets/Projects/GravityDash/kenney_new-platformer-pack-1.1/Sprites/Enemies/Default/slime_spike_rest.png using Guid(5205b598cc6c1499a95176985a5b4bda) Importer(2089858483,b0f066a214c2f5e87bad3c948f4d605d) (ScriptedImporter) -> (artifact id: 'a979caee548547e51b19a67cf30a1f1b') in 0.02823 seconds
Number of updated asset objects reloaded before import = 0Number of asset objects unloaded after import = 3

========================================================================
Received Import Request.
  Time since last request: 0.000021 seconds.
  path: Assets/Projects/GravityDash/kenney_new-platformer-pack-1.1/Sprites/Enemies/Double/fish_purple_down.png
  artifactKey: Guid(35ce13c2e299d44038684e8d21e7c6b9) Importer(2089858483,b0f066a214c2f5e87bad3c948f4d605d)
Start importing Assets/Projects/GravityDash/kenney_new-platformer-pack-1.1/Sprites/Enemies/Double/fish_purple_down.png using Guid(35ce13c2e299d44038684e8d21e7c6b9) Importer(2089858483,b0f066a214c2f5e87bad3c948f4d605d) (ScriptedImporter) -> (artifact id: '0637998229427113a7bd458907010c16') in 0.0315251 seconds
Number of updated asset objects reloaded before import = 0Number of asset objects unloaded after import = 3

========================================================================
Received Import Request.
  Time since last request: 0.000054 seconds.
  path: Assets/Projects/GravityDash/kenney_new-platformer-pack-1.1/Sprites/Tiles/Default/flag_red_a.png
  artifactKey: Guid(04667ea7c92ce40d1ac2953720a0a4f5) Importer(2089858483,b0f066a214c2f5e87bad3c948f4d605d)
Start importing Assets/Projects/GravityDash/kenney_new-platformer-pack-1.1/Sprites/Tiles/Default/flag_red_a.png using Guid(04667ea7c92ce40d1ac2953720a0a4f5) Importer(2089858483,b0f066a214c2f5e87bad3c948f4d605d) (ScriptedImporter) -> (artifact id: 'f7a04576c71e1d61dae6ceddcfff4c67') in 0.0311172 seconds
Number of updated asset objects reloaded before import = 0Number of asset objects unloaded after import = 3

========================================================================
Received Import Request.
  Time since last request: 0.000048 seconds.
  path: Assets/Projects/GravityDash/kenney_new-platformer-pack-1.1/Sprites/Enemies/Default/bee_a.png
  artifactKey: Guid(0ab60f4f1abea48dfacc34d9dc3e02d2) Importer(2089858483,b0f066a214c2f5e87bad3c948f4d605d)
Start importing Assets/Projects/GravityDash/kenney_new-platformer-pack-1.1/Sprites/Enemies/Default/bee_a.png using Guid(0ab60f4f1abea48dfacc34d9dc3e02d2) Importer(2089858483,b0f066a214c2f5e87bad3c948f4d605d) (ScriptedImporter) -> (artifact id: 'c1bc673b980ff65da2527565af0de720') in 0.030902 seconds
Number of updated asset objects reloaded before import = 0Number of asset objects unloaded after import = 3

========================================================================
Received Import Request.
  Time since last request: 0.000041 seconds.
  path: Assets/Projects/GravityDash/kenney_new-platformer-pack-1.1/Sprites/Characters/Double/character_purple_climb_b.png
  artifactKey: Guid(5ff417546d3f84fecb132da0bdf90119) Importer(2089858483,b0f066a214c2f5e87bad3c948f4d605d)
Start importing Assets/Projects/GravityDash/kenney_new-platformer-pack-1.1/Sprites/Characters/Double/character_purple_climb_b.png using Guid(5ff417546d3f84fecb132da0bdf90119) Importer(2089858483,b0f066a214c2f5e87bad3c948f4d605d) (ScriptedImporter) -> (artifact id: '743a55ade45945c3616007c360df355d') in 0.0328184 seconds
Number of updated asset objects reloaded before import = 0Number of asset objects unloaded after import = 3

========================================================================
Received Import Request.
  Time since last request: 0.000022 seconds.
  path: Assets/Projects/GravityDash/kenney_new-platformer-pack-1.1/Sprites/Tiles/Default/block_planks.png
  artifactKey: Guid(81e926e3470254ff4855210452111fa5) Importer(2089858483,b0f066a214c2f5e87bad3c948f4d605d)
Start importing Assets/Projects/GravityDash/kenney_new-platformer-pack-1.1/Sprites/Tiles/Default/block_planks.png using Guid(81e926e3470254ff4855210452111fa5) Importer(2089858483,b0f066a214c2f5e87bad3c948f4d605d) (ScriptedImporter) -> (artifact id: '013d19fdf38a243cf88f306f61bb540b') in 0.0305128 seconds
Number of updated asset objects reloaded before import = 0Number of asset objects unloaded after import = 3

========================================================================
Received Import Request.
  Time since last request: 0.000025 seconds.
  path: Assets/Projects/GravityDash/kenney_new-platformer-pack-1.1/Sprites/Enemies/Default/slime_spike_walk_b.png
  artifactKey: Guid(5a9e78069831c45b0b5c7df7950a3f81) Importer(2089858483,b0f066a214c2f5e87bad3c948f4d605d)
Start importing Assets/Projects/GravityDash/kenney_new-platformer-pack-1.1/Sprites/Enemies/Default/slime_spike_walk_b.png using Guid(5a9e78069831c45b0b5c7df7950a3f81) Importer(2089858483,b0f066a214c2f5e87bad3c948f4d605d) (ScriptedImporter) -> (artifact id: '037c9ed2f24678f6e2a462c0314b2f8e') in 0.0302436 seconds
Number of updated asset objects reloaded before import = 0Number of asset objects unloaded after import = 3

========================================================================
Received Import Request.
  Time since last request: 0.000041 seconds.
  path: Assets/Projects/GravityDash/kenney_new-platformer-pack-1.1/Sprites/Characters/Double/character_yellow_climb_b.png
  artifactKey: Guid(c6e6e5da4c11b4ffdbe4a1d47d517a3e) Importer(2089858483,b0f066a214c2f5e87bad3c948f4d605d)
Start importing Assets/Projects/GravityDash/kenney_new-platformer-pack-1.1/Sprites/Characters/Double/character_yellow_climb_b.png using Guid(c6e6e5da4c11b4ffdbe4a1d47d517a3e) Importer(2089858483,b0f066a214c2f5e87bad3c948f4d605d) (ScriptedImporter) -> (artifact id: '0696faa0c3f547156fbc47b7fcb0b414') in 0.0299301 seconds
Number of updated asset objects reloaded before import = 0Number of asset objects unloaded after import = 3

========================================================================
Received Import Request.
  Time since last request: 0.000029 seconds.
  path: Assets/Projects/GravityDash/kenney_new-platformer-pack-1.1/Sprites/Tiles/Default/block_spikes.png
  artifactKey: Guid(0cd0f4bc17e9b4877bbae41978fd4efe) Importer(2089858483,b0f066a214c2f5e87bad3c948f4d605d)
Start importing Assets/Projects/GravityDash/kenney_new-platformer-pack-1.1/Sprites/Tiles/Default/block_spikes.png using Guid(0cd0f4bc17e9b4877bbae41978fd4efe) Importer(2089858483,b0f066a214c2f5e87bad3c948f4d605d) (ScriptedImporter) -> (artifact id: 'a20f6fcfa269c7f4c7fa9c1929ee1f4a') in 0.029854 seconds
Number of updated asset objects reloaded before import = 0Number of asset objects unloaded after import = 3

========================================================================
Received Import Request.
  Time since last request: 0.000032 seconds.
  path: Assets/Projects/GravityDash/kenney_new-platformer-pack-1.1/Sprites/Tiles/Default/flag_yellow_b.png
  artifactKey: Guid(2163d771b210a469fab1228694ebc4b9) Importer(2089858483,b0f066a214c2f5e87bad3c948f4d605d)
Start importing Assets/Projects/GravityDash/kenney_new-platformer-pack-1.1/Sprites/Tiles/Default/flag_yellow_b.png using Guid(2163d771b210a469fab1228694ebc4b9) Importer(2089858483,b0f066a214c2f5e87bad3c948f4d605d) (ScriptedImporter) -> (artifact id: '4b0c7b5d85e0c87f0cce2a8d531d42e4') in 0.0317069 seconds
Number of updated asset objects reloaded before import = 0Number of asset objects unloaded after import = 3

========================================================================
Received Import Request.
  Time since last request: 0.000212 seconds.
  path: Assets/Projects/GravityDash/kenney_new-platformer-pack-1.1/Sprites/Enemies/Default/worm_ring_move_b.png
  artifactKey: Guid(83a565b5cad2b407c9dfbcca3b90dc8c) Importer(2089858483,b0f066a214c2f5e87bad3c948f4d605d)
Start importing Assets/Projects/GravityDash/kenney_new-platformer-pack-1.1/Sprites/Enemies/Default/worm_ring_move_b.png using Guid(83a565b5cad2b407c9dfbcca3b90dc8c) Importer(2089858483,b0f066a214c2f5e87bad3c948f4d605d) (ScriptedImporter) -> (artifact id: '7c98257e827473ec983a7e2b06f96b5e') in 0.0334695 seconds
Number of updated asset objects reloaded before import = 0Number of asset objects unloaded after import = 3

========================================================================
Received Import Request.
  Time since last request: 0.000025 seconds.
  path: Assets/Projects/GravityDash/kenney_new-platformer-pack-1.1/Sprites/Enemies/Double/ladybug_walk_b.png
  artifactKey: Guid(03fb1d4360e5b4b0fae30f666f92f85d) Importer(2089858483,b0f066a214c2f5e87bad3c948f4d605d)
Start importing Assets/Projects/GravityDash/kenney_new-platformer-pack-1.1/Sprites/Enemies/Double/ladybug_walk_b.png using Guid(03fb1d4360e5b4b0fae30f666f92f85d) Importer(2089858483,b0f066a214c2f5e87bad3c948f4d605d) (ScriptedImporter) -> (artifact id: 'e68450eb25a88e9c332790b39166c9ad') in 0.0352219 seconds
Number of updated asset objects reloaded before import = 0Number of asset objects unloaded after import = 3

========================================================================
Received Import Request.
  Time since last request: 0.000024 seconds.
  path: Assets/Projects/GravityDash/kenney_new-platformer-pack-1.1/Sprites/Enemies/Double/mouse_walk_a.png
  artifactKey: Guid(8bfd67af6b2334da8b93a12d6aec33ad) Importer(2089858483,b0f066a214c2f5e87bad3c948f4d605d)
Start importing Assets/Projects/GravityDash/kenney_new-platformer-pack-1.1/Sprites/Enemies/Double/mouse_walk_a.png using Guid(8bfd67af6b2334da8b93a12d6aec33ad) Importer(2089858483,b0f066a214c2f5e87bad3c948f4d605d) (ScriptedImporter) -> (artifact id: '70649129f9b24c5ac6ac4db74fe5be50') in 0.0372734 seconds
Number of updated asset objects reloaded before import = 0Number of asset objects unloaded after import = 3

========================================================================
Received Import Request.
  Time since last request: 0.000023 seconds.
  path: Assets/Projects/GravityDash/kenney_new-platformer-pack-1.1/Sprites/Enemies/Double/slime_spike_rest.png
  artifactKey: Guid(854d578c12fe743e1bc5e5e9e8f6343a) Importer(2089858483,b0f066a214c2f5e87bad3c948f4d605d)
Start importing Assets/Projects/GravityDash/kenney_new-platformer-pack-1.1/Sprites/Enemies/Double/slime_spike_rest.png using Guid(854d578c12fe743e1bc5e5e9e8f6343a) Importer(2089858483,b0f066a214c2f5e87bad3c948f4d605d) (ScriptedImporter) -> (artifact id: '027c3cc152347f59b9140a3930a79882') in 0.0291823 seconds
Number of updated asset objects reloaded before import = 0Number of asset objects unloaded after import = 3

========================================================================
Received Import Request.
  Time since last request: 0.000028 seconds.
  path: Assets/Projects/GravityDash/kenney_new-platformer-pack-1.1/Sprites/Tiles/Default/block_strong_danger_active.png
  artifactKey: Guid(5c32ddaf853c04402835a7fbfa315d17) Importer(2089858483,b0f066a214c2f5e87bad3c948f4d605d)
Start importing Assets/Projects/GravityDash/kenney_new-platformer-pack-1.1/Sprites/Tiles/Default/block_strong_danger_active.png using Guid(5c32ddaf853c04402835a7fbfa315d17) Importer(2089858483,b0f066a214c2f5e87bad3c948f4d605d) (ScriptedImporter) -> (artifact id: 'c102b1f07df0053c5af2b678152f8db7') in 0.0293119 seconds
Number of updated asset objects reloaded before import = 0Number of asset objects unloaded after import = 3

========================================================================
Received Import Request.
  Time since last request: 0.000030 seconds.
  path: Assets/Projects/GravityDash/kenney_new-platformer-pack-1.1/Sprites/Characters/Double/character_purple_duck.png
  artifactKey: Guid(333c289cbd0884a7289553b55f2b8d3f) Importer(2089858483,b0f066a214c2f5e87bad3c948f4d605d)
Start importing Assets/Projects/GravityDash/kenney_new-platformer-pack-1.1/Sprites/Characters/Double/character_purple_duck.png using Guid(333c289cbd0884a7289553b55f2b8d3f) Importer(2089858483,b0f066a214c2f5e87bad3c948f4d605d) (ScriptedImporter) -> (artifact id: 'c6146886b334d838c2b45fbdf36ca188') in 0.0303347 seconds
Number of updated asset objects reloaded before import = 0Number of asset objects unloaded after import = 3

========================================================================
Received Import Request.
  Time since last request: 0.000037 seconds.
  path: Assets/Projects/GravityDash/kenney_new-platformer-pack-1.1/Sprites/Tiles/Default/grass.png
  artifactKey: Guid(f7287633c5fcb486d9b95d1702b8618a) Importer(2089858483,b0f066a214c2f5e87bad3c948f4d605d)
Start importing Assets/Projects/GravityDash/kenney_new-platformer-pack-1.1/Sprites/Tiles/Default/grass.png using Guid(f7287633c5fcb486d9b95d1702b8618a) Importer(2089858483,b0f066a214c2f5e87bad3c948f4d605d) (ScriptedImporter) -> (artifact id: '5a1190ea5566a2b9437181ed58cfac33') in 0.0302362 seconds
Number of updated asset objects reloaded before import = 0Number of asset objects unloaded after import = 3

========================================================================
Received Import Request.
  Time since last request: 0.000030 seconds.
  path: Assets/Projects/GravityDash/kenney_new-platformer-pack-1.1/Sprites/Enemies/Double/block_idle.png
  artifactKey: Guid(1bdbb51729baf42e48a1b6f2b71e3aa1) Importer(2089858483,b0f066a214c2f5e87bad3c948f4d605d)
Start importing Assets/Projects/GravityDash/kenney_new-platformer-pack-1.1/Sprites/Enemies/Double/block_idle.png using Guid(1bdbb51729baf42e48a1b6f2b71e3aa1) Importer(2089858483,b0f066a214c2f5e87bad3c948f4d605d) (ScriptedImporter) -> (artifact id: '38277189f166b429964940a0b8d59eb8') in 0.0341687 seconds
Number of updated asset objects reloaded before import = 0Number of asset objects unloaded after import = 3

========================================================================
Received Import Request.
  Time since last request: 0.000027 seconds.
  path: Assets/Projects/GravityDash/kenney_new-platformer-pack-1.1/Sprites/Enemies/Default/block_fall.png
  artifactKey: Guid(cc5aa52db221d4156954b663e43305cb) Importer(2089858483,b0f066a214c2f5e87bad3c948f4d605d)
Start importing Assets/Projects/GravityDash/kenney_new-platformer-pack-1.1/Sprites/Enemies/Default/block_fall.png using Guid(cc5aa52db221d4156954b663e43305cb) Importer(2089858483,b0f066a214c2f5e87bad3c948f4d605d) (ScriptedImporter) -> (artifact id: '1ce9a9df7d210f71c4e1841ae1f018b7') in 0.0308444 seconds
Number of updated asset objects reloaded before import = 0Number of asset objects unloaded after import = 3

========================================================================
Received Import Request.
  Time since last request: 0.000021 seconds.
  path: Assets/Projects/GravityDash/kenney_new-platformer-pack-1.1/Sprites/Characters/Double/character_pink_hit.png
  artifactKey: Guid(b645986e19c0c4c7c982841b0ae1d6ef) Importer(2089858483,b0f066a214c2f5e87bad3c948f4d605d)
Start importing Assets/Projects/GravityDash/kenney_new-platformer-pack-1.1/Sprites/Characters/Double/character_pink_hit.png using Guid(b645986e19c0c4c7c982841b0ae1d6ef) Importer(2089858483,b0f066a214c2f5e87bad3c948f4d605d) (ScriptedImporter) -> (artifact id: '8a06b2b986e59d0eb31918603e4699a8') in 0.0316958 seconds
Number of updated asset objects reloaded before import = 0Number of asset objects unloaded after import = 3

========================================================================
Received Import Request.
  Time since last request: 0.000107 seconds.
  path: Assets/Projects/GravityDash/kenney_new-platformer-pack-1.1/Sprites/Enemies/Default/worm_normal_move_a.png
  artifactKey: Guid(6253999510bcd4891a4c67ad9f79818a) Importer(2089858483,b0f066a214c2f5e87bad3c948f4d605d)
Start importing Assets/Projects/GravityDash/kenney_new-platformer-pack-1.1/Sprites/Enemies/Default/worm_normal_move_a.png using Guid(6253999510bcd4891a4c67ad9f79818a) Importer(2089858483,b0f066a214c2f5e87bad3c948f4d605d) (ScriptedImporter) -> (artifact id: '081c3451d60085b43e218d299da9ddc0') in 0.0309493 seconds
Number of updated asset objects reloaded before import = 0Number of asset objects unloaded after import = 3

========================================================================
Received Import Request.
  Time since last request: 0.000023 seconds.
  path: Assets/Projects/GravityDash/kenney_new-platformer-pack-1.1/Sprites/Enemies/Double/fish_yellow_swim_a.png
  artifactKey: Guid(347a1a761ceed4f3981dd95d916892bb) Importer(2089858483,b0f066a214c2f5e87bad3c948f4d605d)
Start importing Assets/Projects/GravityDash/kenney_new-platformer-pack-1.1/Sprites/Enemies/Double/fish_yellow_swim_a.png using Guid(347a1a761ceed4f3981dd95d916892bb) Importer(2089858483,b0f066a214c2f5e87bad3c948f4d605d) (ScriptedImporter) -> (artifact id: '64fdd74b7d672d5a8b1d7ac7ae4a6de4') in 0.0296866 seconds
Number of updated asset objects reloaded before import = 0Number of asset objects unloaded after import = 3

========================================================================
Received Import Request.
  Time since last request: 0.000041 seconds.
  path: Assets/Projects/GravityDash/kenney_new-platformer-pack-1.1/Sprites/Enemies/Double/slime_normal_walk_a.png
  artifactKey: Guid(a7aec4ca9b68047ab8f094af9859b109) Importer(2089858483,b0f066a214c2f5e87bad3c948f4d605d)
Start importing Assets/Projects/GravityDash/kenney_new-platformer-pack-1.1/Sprites/Enemies/Double/slime_normal_walk_a.png using Guid(a7aec4ca9b68047ab8f094af9859b109) Importer(2089858483,b0f066a214c2f5e87bad3c948f4d605d) (ScriptedImporter) -> (artifact id: 'f72be02fccace3bb0da68220a6cf3961') in 0.0387389 seconds
Number of updated asset objects reloaded before import = 0Number of asset objects unloaded after import = 3

========================================================================
Received Import Request.
  Time since last request: 0.000027 seconds.
  path: Assets/Projects/GravityDash/kenney_new-platformer-pack-1.1/Sprites/Characters/Double/character_purple_idle.png
  artifactKey: Guid(73f596436d7cb4e969eda3a92cd5bfc4) Importer(2089858483,b0f066a214c2f5e87bad3c948f4d605d)
Start importing Assets/Projects/GravityDash/kenney_new-platformer-pack-1.1/Sprites/Characters/Double/character_purple_idle.png using Guid(73f596436d7cb4e969eda3a92cd5bfc4) Importer(2089858483,b0f066a214c2f5e87bad3c948f4d605d) (ScriptedImporter) -> (artifact id: '1717737a507576f3bf1f3ad6b8fd3571') in 0.0320357 seconds
Number of updated asset objects reloaded before import = 0Number of asset objects unloaded after import = 3

========================================================================
Received Import Request.
  Time since last request: 0.000029 seconds.
  path: Assets/Projects/GravityDash/kenney_new-platformer-pack-1.1/Sprites/Enemies/Default/slime_spike_walk_a.png
  artifactKey: Guid(e6d72a2492f5f4fcba25bcd1a7d85be4) Importer(2089858483,b0f066a214c2f5e87bad3c948f4d605d)
Start importing Assets/Projects/GravityDash/kenney_new-platformer-pack-1.1/Sprites/Enemies/Default/slime_spike_walk_a.png using Guid(e6d72a2492f5f4fcba25bcd1a7d85be4) Importer(2089858483,b0f066a214c2f5e87bad3c948f4d605d) (ScriptedImporter) -> (artifact id: '8168a0942dcd5b792517f24fb62d59dc') in 0.0324913 seconds
Number of updated asset objects reloaded before import = 0Number of asset objects unloaded after import = 3

========================================================================
Received Import Request.
  Time since last request: 0.000060 seconds.
  path: Assets/Projects/GravityDash/kenney_new-platformer-pack-1.1/Sprites/Enemies/Default/frog_jump.png
  artifactKey: Guid(af5ff4e5b89634c769f45e03eccf5802) Importer(2089858483,b0f066a214c2f5e87bad3c948f4d605d)
Start importing Assets/Projects/GravityDash/kenney_new-platformer-pack-1.1/Sprites/Enemies/Default/frog_jump.png using Guid(af5ff4e5b89634c769f45e03eccf5802) Importer(2089858483,b0f066a214c2f5e87bad3c948f4d605d) (ScriptedImporter) -> (artifact id: '1eb369fb71f9373eb0f7ca0e4e89998f') in 0.0301703 seconds
Number of updated asset objects reloaded before import = 0Number of asset objects unloaded after import = 3

========================================================================
Received Import Request.
  Time since last request: 0.000057 seconds.
  path: Assets/Projects/GravityDash/kenney_new-platformer-pack-1.1/Sprites/Enemies/Double/fish_blue_rest.png
  artifactKey: Guid(023e210431b5c470288399a914d0ee74) Importer(2089858483,b0f066a214c2f5e87bad3c948f4d605d)
Start importing Assets/Projects/GravityDash/kenney_new-platformer-pack-1.1/Sprites/Enemies/Double/fish_blue_rest.png using Guid(023e210431b5c470288399a914d0ee74) Importer(2089858483,b0f066a214c2f5e87bad3c948f4d605d) (ScriptedImporter) -> (artifact id: 'c6458a8c78867358e8de489e06f339e3') in 0.0306597 seconds
Number of updated asset objects reloaded before import = 0Number of asset objects unloaded after import = 3

========================================================================
Received Import Request.
  Time since last request: 0.000413 seconds.
  path: Assets/Projects/GravityDash/kenney_new-platformer-pack-1.1/Sprites/Enemies/Default/fish_yellow_swim_a.png
  artifactKey: Guid(437c88847f0df4058a2095e1e3ff7820) Importer(2089858483,b0f066a214c2f5e87bad3c948f4d605d)
Start importing Assets/Projects/GravityDash/kenney_new-platformer-pack-1.1/Sprites/Enemies/Default/fish_yellow_swim_a.png using Guid(437c88847f0df4058a2095e1e3ff7820) Importer(2089858483,b0f066a214c2f5e87bad3c948f4d605d) (ScriptedImporter) -> (artifact id: '388a70b8ed04476fcbd847ba21c4e916') in 0.030601 seconds
Number of updated asset objects reloaded before import = 0Number of asset objects unloaded after import = 3

========================================================================
Received Import Request.
  Time since last request: 0.000030 seconds.
  path: Assets/Projects/GravityDash/kenney_new-platformer-pack-1.1/Sprites/Enemies/Default/slime_fire_walk_a.png
  artifactKey: Guid(bb27c5277eb8d433a896ce7668dcfd4a) Importer(2089858483,b0f066a214c2f5e87bad3c948f4d605d)
Start importing Assets/Projects/GravityDash/kenney_new-platformer-pack-1.1/Sprites/Enemies/Default/slime_fire_walk_a.png using Guid(bb27c5277eb8d433a896ce7668dcfd4a) Importer(2089858483,b0f066a214c2f5e87bad3c948f4d605d) (ScriptedImporter) -> (artifact id: '00d2625ea2398df09f423b940a4a94c4') in 0.0400673 seconds
Number of updated asset objects reloaded before import = 0Number of asset objects unloaded after import = 3

========================================================================
Received Import Request.
  Time since last request: 0.000248 seconds.
  path: Assets/Projects/GravityDash/kenney_new-platformer-pack-1.1/Sprites/Tiles/Default/block_strong_exclamation_active.png
  artifactKey: Guid(2353c8f5b359a4d39a4acde3aa93d1fb) Importer(2089858483,b0f066a214c2f5e87bad3c948f4d605d)
Start importing Assets/Projects/GravityDash/kenney_new-platformer-pack-1.1/Sprites/Tiles/Default/block_strong_exclamation_active.png using Guid(2353c8f5b359a4d39a4acde3aa93d1fb) Importer(2089858483,b0f066a214c2f5e87bad3c948f4d605d) (ScriptedImporter) -> (artifact id: '3ce38ff4d0edefd836aa128a8f0d3e09') in 0.0300018 seconds
Number of updated asset objects reloaded before import = 0Number of asset objects unloaded after import = 3

========================================================================
Received Import Request.
  Time since last request: 0.000026 seconds.
  path: Assets/Projects/GravityDash/kenney_new-platformer-pack-1.1/Sprites/Enemies/Double/worm_ring_move_a.png
  artifactKey: Guid(602a056e81d03420a87059803debd1ad) Importer(2089858483,b0f066a214c2f5e87bad3c948f4d605d)
Start importing Assets/Projects/GravityDash/kenney_new-platformer-pack-1.1/Sprites/Enemies/Double/worm_ring_move_a.png using Guid(602a056e81d03420a87059803debd1ad) Importer(2089858483,b0f066a214c2f5e87bad3c948f4d605d) (ScriptedImporter) -> (artifact id: 'f560d9a0e8879c2d51e837e54b83b062') in 0.0355976 seconds
Number of updated asset objects reloaded before import = 0Number of asset objects unloaded after import = 3

========================================================================
Received Import Request.
  Time since last request: 0.000028 seconds.
  path: Assets/Projects/GravityDash/kenney_new-platformer-pack-1.1/Sprites/Enemies/Default/worm_ring_move_a.png
  artifactKey: Guid(6abe0c93812dd4df1b8d1ff4e6e07593) Importer(2089858483,b0f066a214c2f5e87bad3c948f4d605d)
Start importing Assets/Projects/GravityDash/kenney_new-platformer-pack-1.1/Sprites/Enemies/Default/worm_ring_move_a.png using Guid(6abe0c93812dd4df1b8d1ff4e6e07593) Importer(2089858483,b0f066a214c2f5e87bad3c948f4d605d) (ScriptedImporter) -> (artifact id: '599f171a904b3a12a5fac85e2ef1eb05') in 0.0308948 seconds
Number of updated asset objects reloaded before import = 0Number of asset objects unloaded after import = 3

========================================================================
Received Import Request.
  Time since last request: 0.000033 seconds.
  path: Assets/Projects/GravityDash/kenney_new-platformer-pack-1.1/Sprites/Enemies/Double/fish_blue_swim_b.png
  artifactKey: Guid(952c25615854948c3b8b8a7e8c621ae8) Importer(2089858483,b0f066a214c2f5e87bad3c948f4d605d)
Start importing Assets/Projects/GravityDash/kenney_new-platformer-pack-1.1/Sprites/Enemies/Double/fish_blue_swim_b.png using Guid(952c25615854948c3b8b8a7e8c621ae8) Importer(2089858483,b0f066a214c2f5e87bad3c948f4d605d) (ScriptedImporter) -> (artifact id: '1fd82de7bbe3dbc3b0560585a1cbdad9') in 0.032304 seconds
Number of updated asset objects reloaded before import = 0Number of asset objects unloaded after import = 3

========================================================================
Received Import Request.
  Time since last request: 0.000083 seconds.
  path: Assets/Projects/GravityDash/kenney_new-platformer-pack-1.1/Sprites/Enemies/Double/ladybug_walk_a.png
  artifactKey: Guid(1f6f63d654e5641c3bc6db2eb3d7d53f) Importer(2089858483,b0f066a214c2f5e87bad3c948f4d605d)
Start importing Assets/Projects/GravityDash/kenney_new-platformer-pack-1.1/Sprites/Enemies/Double/ladybug_walk_a.png using Guid(1f6f63d654e5641c3bc6db2eb3d7d53f) Importer(2089858483,b0f066a214c2f5e87bad3c948f4d605d) (ScriptedImporter) -> (artifact id: 'ec2cbf7f52257f7e79d122ca72534b66') in 0.0301715 seconds
Number of updated asset objects reloaded before import = 0Number of asset objects unloaded after import = 3

========================================================================
Received Import Request.
  Time since last request: 0.000026 seconds.
  path: Assets/Projects/GravityDash/kenney_new-platformer-pack-1.1/Sprites/Enemies/Default/fly_rest.png
  artifactKey: Guid(707d0b5aaae464dc680b0d812cec5240) Importer(2089858483,b0f066a214c2f5e87bad3c948f4d605d)
Start importing Assets/Projects/GravityDash/kenney_new-platformer-pack-1.1/Sprites/Enemies/Default/fly_rest.png using Guid(707d0b5aaae464dc680b0d812cec5240) Importer(2089858483,b0f066a214c2f5e87bad3c948f4d605d) (ScriptedImporter) -> (artifact id: '93c0277bd73cafb77bdd5125c2a02bc9') in 0.0321053 seconds
Number of updated asset objects reloaded before import = 0Number of asset objects unloaded after import = 3

========================================================================
Received Import Request.
  Time since last request: 0.000028 seconds.
  path: Assets/Projects/GravityDash/kenney_new-platformer-pack-1.1/Sprites/Enemies/Double/bee_rest.png
  artifactKey: Guid(62b85c15f336e4344b96b5a06fb66772) Importer(2089858483,b0f066a214c2f5e87bad3c948f4d605d)
Start importing Assets/Projects/GravityDash/kenney_new-platformer-pack-1.1/Sprites/Enemies/Double/bee_rest.png using Guid(62b85c15f336e4344b96b5a06fb66772) Importer(2089858483,b0f066a214c2f5e87bad3c948f4d605d) (ScriptedImporter) -> (artifact id: '09f3ec9579fd1ddfe66233f844df1e51') in 0.0307991 seconds
Number of updated asset objects reloaded before import = 0Number of asset objects unloaded after import = 3

========================================================================
Received Import Request.
  Time since last request: 0.106688 seconds.
  path: Assets/Projects/GravityDash/kenney_new-platformer-pack-1.1/Sprites/Tiles/Default/hud_character_1.png
  artifactKey: Guid(45eb53723b34445909e4d025e078f2f5) Importer(2089858483,b0f066a214c2f5e87bad3c948f4d605d)
Start importing Assets/Projects/GravityDash/kenney_new-platformer-pack-1.1/Sprites/Tiles/Default/hud_character_1.png using Guid(45eb53723b34445909e4d025e078f2f5) Importer(2089858483,b0f066a214c2f5e87bad3c948f4d605d) (ScriptedImporter) -> (artifact id: '10e025d75ad6e7a09eb1fb4c3a8d6dc0') in 0.0268473 seconds
Number of updated asset objects reloaded before import = 0Number of asset objects unloaded after import = 3

========================================================================
Received Import Request.
  Time since last request: 0.000064 seconds.
  path: Assets/Projects/GravityDash/kenney_new-platformer-pack-1.1/Sprites/Tiles/Default/hud_heart_half.png
  artifactKey: Guid(3d42f253ee2434bde8503076fa25ef78) Importer(2089858483,b0f066a214c2f5e87bad3c948f4d605d)
Start importing Assets/Projects/GravityDash/kenney_new-platformer-pack-1.1/Sprites/Tiles/Default/hud_heart_half.png using Guid(3d42f253ee2434bde8503076fa25ef78) Importer(2089858483,b0f066a214c2f5e87bad3c948f4d605d) (ScriptedImporter) -> (artifact id: 'b76319d42c618df86029e40222bfb26b') in 0.0253698 seconds
Number of updated asset objects reloaded before import = 0Number of asset objects unloaded after import = 3

========================================================================
Received Import Request.
  Time since last request: 0.000019 seconds.
  path: Assets/Projects/GravityDash/kenney_new-platformer-pack-1.1/Sprites/Tiles/Default/terrain_purple_block_bottom.png
  artifactKey: Guid(04c39de4bfeb8436a99610e7d44242f9) Importer(2089858483,b0f066a214c2f5e87bad3c948f4d605d)
Start importing Assets/Projects/GravityDash/kenney_new-platformer-pack-1.1/Sprites/Tiles/Default/terrain_purple_block_bottom.png using Guid(04c39de4bfeb8436a99610e7d44242f9) Importer(2089858483,b0f066a214c2f5e87bad3c948f4d605d) (ScriptedImporter) -> (artifact id: '9ddb71dbca5022a61dcd7cd7972e9547') in 0.0244927 seconds
Number of updated asset objects reloaded before import = 0Number of asset objects unloaded after import = 3

========================================================================
Received Import Request.
  Time since last request: 0.000020 seconds.
  path: Assets/Projects/GravityDash/kenney_new-platformer-pack-1.1/Sprites/Tiles/Default/terrain_purple_horizontal_overhang_right.png
  artifactKey: Guid(cf1e0e1fdb35449eab9cd0940c3c7edb) Importer(2089858483,b0f066a214c2f5e87bad3c948f4d605d)
Start importing Assets/Projects/GravityDash/kenney_new-platformer-pack-1.1/Sprites/Tiles/Default/terrain_purple_horizontal_overhang_right.png using Guid(cf1e0e1fdb35449eab9cd0940c3c7edb) Importer(2089858483,b0f066a214c2f5e87bad3c948f4d605d) (ScriptedImporter) -> (artifact id: 'd2587204c837d5a5e1c391331e0c5e14') in 0.0257855 seconds
Number of updated asset objects reloaded before import = 0Number of asset objects unloaded after import = 3

========================================================================
Received Import Request.
  Time since last request: 0.000025 seconds.
  path: Assets/Projects/GravityDash/kenney_new-platformer-pack-1.1/Sprites/Tiles/Default/terrain_dirt_block_top_left.png
  artifactKey: Guid(b9629083c2f244dab8a5ca23fa22a48b) Importer(2089858483,b0f066a214c2f5e87bad3c948f4d605d)
Start importing Assets/Projects/GravityDash/kenney_new-platformer-pack-1.1/Sprites/Tiles/Default/terrain_dirt_block_top_left.png using Guid(b9629083c2f244dab8a5ca23fa22a48b) Importer(2089858483,b0f066a214c2f5e87bad3c948f4d605d) (ScriptedImporter) -> (artifact id: '8e888f7d36abe0af2134f8618d397f68') in 0.0249674 seconds
Number of updated asset objects reloaded before import = 0Number of asset objects unloaded after import = 3

========================================================================
Received Import Request.
  Time since last request: 0.000024 seconds.
  path: Assets/Projects/GravityDash/kenney_new-platformer-pack-1.1/Sprites/Tiles/Default/terrain_grass_horizontal_overhang_left.png
  artifactKey: Guid(a25ea0482e0e443c292a1d90b4ec7a5e) Importer(2089858483,b0f066a214c2f5e87bad3c948f4d605d)
Start importing Assets/Projects/GravityDash/kenney_new-platformer-pack-1.1/Sprites/Tiles/Default/terrain_grass_horizontal_overhang_left.png using Guid(a25ea0482e0e443c292a1d90b4ec7a5e) Importer(2089858483,b0f066a214c2f5e87bad3c948f4d605d) (ScriptedImporter) -> (artifact id: 'b34131804a83ff77eb1e3f697d166aa0') in 0.0244561 seconds
Number of updated asset objects reloaded before import = 0Number of asset objects unloaded after import = 3

========================================================================
Received Import Request.
  Time since last request: 0.000031 seconds.
  path: Assets/Projects/GravityDash/kenney_new-platformer-pack-1.1/Sprites/Tiles/Default/terrain_dirt_vertical_bottom.png
  artifactKey: Guid(124086e10c07a48339596f598e0b6187) Importer(2089858483,b0f066a214c2f5e87bad3c948f4d605d)
Start importing Assets/Projects/GravityDash/kenney_new-platformer-pack-1.1/Sprites/Tiles/Default/terrain_dirt_vertical_bottom.png using Guid(124086e10c07a48339596f598e0b6187) Importer(2089858483,b0f066a214c2f5e87bad3c948f4d605d) (ScriptedImporter) -> (artifact id: '29fa64e258954e89bddb4978b664c157') in 0.0244618 seconds
Number of updated asset objects reloaded before import = 0Number of asset objects unloaded after import = 3

========================================================================
Received Import Request.
  Time since last request: 0.000042 seconds.
  path: Assets/Projects/GravityDash/kenney_new-platformer-pack-1.1/Sprites/Tiles/Default/terrain_purple_cloud_right.png
  artifactKey: Guid(87621954d07d7483da5f922bc55518c3) Importer(2089858483,b0f066a214c2f5e87bad3c948f4d605d)
Start importing Assets/Projects/GravityDash/kenney_new-platformer-pack-1.1/Sprites/Tiles/Default/terrain_purple_cloud_right.png using Guid(87621954d07d7483da5f922bc55518c3) Importer(2089858483,b0f066a214c2f5e87bad3c948f4d605d) (ScriptedImporter) -> (artifact id: 'a1f9465a4624f42977df855ac4d5efa6') in 0.0327536 seconds
Number of updated asset objects reloaded before import = 0Number of asset objects unloaded after import = 3

========================================================================
Received Import Request.
  Time since last request: 0.000481 seconds.
  path: Assets/Projects/GravityDash/kenney_new-platformer-pack-1.1/Sprites/Tiles/Default/terrain_snow_block_center.png
  artifactKey: Guid(eb02397d9daaf48cdb210d2942b8666e) Importer(2089858483,b0f066a214c2f5e87bad3c948f4d605d)
Start importing Assets/Projects/GravityDash/kenney_new-platformer-pack-1.1/Sprites/Tiles/Default/terrain_snow_block_center.png using Guid(eb02397d9daaf48cdb210d2942b8666e) Importer(2089858483,b0f066a214c2f5e87bad3c948f4d605d) (ScriptedImporter) -> (artifact id: '4279726428c500b8ea4786ac5d34aa5a') in 0.0302108 seconds
Number of updated asset objects reloaded before import = 0Number of asset objects unloaded after import = 3

========================================================================
Received Import Request.
  Time since last request: 0.000029 seconds.
  path: Assets/Projects/GravityDash/kenney_new-platformer-pack-1.1/Sprites/Tiles/Default/terrain_purple_block.png
  artifactKey: Guid(6acb77cb35f5d4e1289036300ad8da30) Importer(2089858483,b0f066a214c2f5e87bad3c948f4d605d)
Start importing Assets/Projects/GravityDash/kenney_new-platformer-pack-1.1/Sprites/Tiles/Default/terrain_purple_block.png using Guid(6acb77cb35f5d4e1289036300ad8da30) Importer(2089858483,b0f066a214c2f5e87bad3c948f4d605d) (ScriptedImporter) -> (artifact id: '199324d9de140ba24b551bb7703d0b1d') in 0.0274498 seconds
Number of updated asset objects reloaded before import = 0Number of asset objects unloaded after import = 3

========================================================================
Received Import Request.
  Time since last request: 0.000062 seconds.
  path: Assets/Projects/GravityDash/kenney_new-platformer-pack-1.1/Sprites/Tiles/Default/terrain_dirt_horizontal_left.png
  artifactKey: Guid(324e35d8d013b40be996033ef8f37ad7) Importer(2089858483,b0f066a214c2f5e87bad3c948f4d605d)
Start importing Assets/Projects/GravityDash/kenney_new-platformer-pack-1.1/Sprites/Tiles/Default/terrain_dirt_horizontal_left.png using Guid(324e35d8d013b40be996033ef8f37ad7) Importer(2089858483,b0f066a214c2f5e87bad3c948f4d605d) (ScriptedImporter) -> (artifact id: '9772422edbb16678d1a985f1c13c2eb2') in 0.0329829 seconds
Number of updated asset objects reloaded before import = 0Number of asset objects unloaded after import = 3

========================================================================
Received Import Request.
  Time since last request: 0.000030 seconds.
  path: Assets/Projects/GravityDash/kenney_new-platformer-pack-1.1/Sprites/Tiles/Default/terrain_purple_ramp_long_b.png
  artifactKey: Guid(ffa50a37084764fd2addb3f65789848e) Importer(2089858483,b0f066a214c2f5e87bad3c948f4d605d)
Start importing Assets/Projects/GravityDash/kenney_new-platformer-pack-1.1/Sprites/Tiles/Default/terrain_purple_ramp_long_b.png using Guid(ffa50a37084764fd2addb3f65789848e) Importer(2089858483,b0f066a214c2f5e87bad3c948f4d605d) (ScriptedImporter) -> (artifact id: '4af8529ca1495980d46b672474ca589f') in 0.0276538 seconds
Number of updated asset objects reloaded before import = 0Number of asset objects unloaded after import = 3

========================================================================
Received Import Request.
  Time since last request: 0.000031 seconds.
  path: Assets/Projects/GravityDash/kenney_new-platformer-pack-1.1/Sprites/Tiles/Default/switch_blue.png
  artifactKey: Guid(07a80dcbfbe0b48d7a3cb437e77a99a4) Importer(2089858483,b0f066a214c2f5e87bad3c948f4d605d)
Start importing Assets/Projects/GravityDash/kenney_new-platformer-pack-1.1/Sprites/Tiles/Default/switch_blue.png using Guid(07a80dcbfbe0b48d7a3cb437e77a99a4) Importer(2089858483,b0f066a214c2f5e87bad3c948f4d605d) (ScriptedImporter) -> (artifact id: '214b64879e828df6e1ee7083a57cf7bb') in 0.0278217 seconds
Number of updated asset objects reloaded before import = 0Number of asset objects unloaded after import = 3

========================================================================
Received Import Request.
  Time since last request: 0.000026 seconds.
  path: Assets/Projects/GravityDash/kenney_new-platformer-pack-1.1/Sprites/Tiles/Default/star.png
  artifactKey: Guid(020f15834d4464be9be885d7e177a5b7) Importer(2089858483,b0f066a214c2f5e87bad3c948f4d605d)
Start importing Assets/Projects/GravityDash/kenney_new-platformer-pack-1.1/Sprites/Tiles/Default/star.png using Guid(020f15834d4464be9be885d7e177a5b7) Importer(2089858483,b0f066a214c2f5e87bad3c948f4d605d) (ScriptedImporter) -> (artifact id: 'c75d8330135440c3755f724c4c4d0f4c') in 0.0269025 seconds
Number of updated asset objects reloaded before import = 0Number of asset objects unloaded after import = 3

========================================================================
Received Import Request.
  Time since last request: 0.000126 seconds.
  path: Assets/Projects/GravityDash/kenney_new-platformer-pack-1.1/Sprites/Tiles/Default/terrain_sand_ramp_long_a.png
  artifactKey: Guid(f05ee8a7e56f54c798ad74a53b41f052) Importer(2089858483,b0f066a214c2f5e87bad3c948f4d605d)
Start importing Assets/Projects/GravityDash/kenney_new-platformer-pack-1.1/Sprites/Tiles/Default/terrain_sand_ramp_long_a.png using Guid(f05ee8a7e56f54c798ad74a53b41f052) Importer(2089858483,b0f066a214c2f5e87bad3c948f4d605d) (ScriptedImporter) -> (artifact id: '589645f7756552e5299bee06d35e69ab') in 0.0313425 seconds
Number of updated asset objects reloaded before import = 0Number of asset objects unloaded after import = 3

========================================================================
Received Import Request.
  Time since last request: 0.000020 seconds.
  path: Assets/Projects/GravityDash/kenney_new-platformer-pack-1.1/Sprites/Tiles/Default/terrain_sand_ramp_short_a.png
  artifactKey: Guid(4d28049a1d05847e99f44e265efd5ac4) Importer(2089858483,b0f066a214c2f5e87bad3c948f4d605d)
Start importing Assets/Projects/GravityDash/kenney_new-platformer-pack-1.1/Sprites/Tiles/Default/terrain_sand_ramp_short_a.png using Guid(4d28049a1d05847e99f44e265efd5ac4) Importer(2089858483,b0f066a214c2f5e87bad3c948f4d605d) (ScriptedImporter) -> (artifact id: '6ffe79bdd065ad5098c494aac3dfae95') in 0.0286462 seconds
Number of updated asset objects reloaded before import = 0Number of asset objects unloaded after import = 3

========================================================================
Received Import Request.
  Time since last request: 0.000053 seconds.
  path: Assets/Projects/GravityDash/kenney_new-platformer-pack-1.1/Sprites/Tiles/Default/sign_right.png
  artifactKey: Guid(b5f0a7770f1a8463c973853f4d7291c1) Importer(2089858483,b0f066a214c2f5e87bad3c948f4d605d)
Start importing Assets/Projects/GravityDash/kenney_new-platformer-pack-1.1/Sprites/Tiles/Default/sign_right.png using Guid(b5f0a7770f1a8463c973853f4d7291c1) Importer(2089858483,b0f066a214c2f5e87bad3c948f4d605d) (ScriptedImporter) -> (artifact id: '5aaaec39eea1a34201d679692c60705c') in 0.0327013 seconds
Number of updated asset objects reloaded before import = 0Number of asset objects unloaded after import = 3

========================================================================
Received Import Request.
  Time since last request: 0.000025 seconds.
  path: Assets/Projects/GravityDash/kenney_new-platformer-pack-1.1/Sprites/Tiles/Default/lava.png
  artifactKey: Guid(407d1ff1af74c40d6a278d587d546c53) Importer(2089858483,b0f066a214c2f5e87bad3c948f4d605d)
Start importing Assets/Projects/GravityDash/kenney_new-platformer-pack-1.1/Sprites/Tiles/Default/lava.png using Guid(407d1ff1af74c40d6a278d587d546c53) Importer(2089858483,b0f066a214c2f5e87bad3c948f4d605d) (ScriptedImporter) -> (artifact id: 'ad4a2e70f42649fea4b60b1fbf99263b') in 0.0324711 seconds
Number of updated asset objects reloaded before import = 0Number of asset objects unloaded after import = 3

========================================================================
Received Import Request.
  Time since last request: 0.000048 seconds.
  path: Assets/Projects/GravityDash/kenney_new-platformer-pack-1.1/Sprites/Tiles/Default/terrain_snow_block_left.png
  artifactKey: Guid(3ae07eb2f1ccd4699aa22df902bc5f53) Importer(2089858483,b0f066a214c2f5e87bad3c948f4d605d)
Start importing Assets/Projects/GravityDash/kenney_new-platformer-pack-1.1/Sprites/Tiles/Default/terrain_snow_block_left.png using Guid(3ae07eb2f1ccd4699aa22df902bc5f53) Importer(2089858483,b0f066a214c2f5e87bad3c948f4d605d) (ScriptedImporter) -> (artifact id: 'f02df057d283e0f98dcd0dcd641884e5') in 0.0265721 seconds
Number of updated asset objects reloaded before import = 0Number of asset objects unloaded after import = 3

========================================================================
Received Import Request.
  Time since last request: 0.000026 seconds.
  path: Assets/Projects/GravityDash/kenney_new-platformer-pack-1.1/Sprites/Tiles/Default/terrain_dirt_horizontal_right.png
  artifactKey: Guid(6bb218912a1a74d99b21c6b7284e806d) Importer(2089858483,b0f066a214c2f5e87bad3c948f4d605d)
Start importing Assets/Projects/GravityDash/kenney_new-platformer-pack-1.1/Sprites/Tiles/Default/terrain_dirt_horizontal_right.png using Guid(6bb218912a1a74d99b21c6b7284e806d) Importer(2089858483,b0f066a214c2f5e87bad3c948f4d605d) (ScriptedImporter) -> (artifact id: 'ed3029983320fbf112c74f59264880e6') in 0.0291201 seconds
Number of updated asset objects reloaded before import = 0Number of asset objects unloaded after import = 3

========================================================================
Received Import Request.
  Time since last request: 0.000046 seconds.
  path: Assets/Projects/GravityDash/kenney_new-platformer-pack-1.1/Sprites/Tiles/Default/hud_character_6.png
  artifactKey: Guid(18cf7c4b8a0af4ee8bac7010ef211ade) Importer(2089858483,b0f066a214c2f5e87bad3c948f4d605d)
Start importing Assets/Projects/GravityDash/kenney_new-platformer-pack-1.1/Sprites/Tiles/Default/hud_character_6.png using Guid(18cf7c4b8a0af4ee8bac7010ef211ade) Importer(2089858483,b0f066a214c2f5e87bad3c948f4d605d) (ScriptedImporter) -> (artifact id: 'b9e8d47e4be22e7d9cd2b4d9b144b49d') in 0.0293955 seconds
Number of updated asset objects reloaded before import = 0Number of asset objects unloaded after import = 3

========================================================================
Received Import Request.
  Time since last request: 0.000025 seconds.
  path: Assets/Projects/GravityDash/kenney_new-platformer-pack-1.1/Sprites/Tiles/Default/hud_player_yellow.png
  artifactKey: Guid(545054b33729347758cefae8e7b2a49f) Importer(2089858483,b0f066a214c2f5e87bad3c948f4d605d)
Start importing Assets/Projects/GravityDash/kenney_new-platformer-pack-1.1/Sprites/Tiles/Default/hud_player_yellow.png using Guid(545054b33729347758cefae8e7b2a49f) Importer(2089858483,b0f066a214c2f5e87bad3c948f4d605d) (ScriptedImporter) -> (artifact id: '0176acc41a5fe4253e4058b0e323150d') in 0.0288433 seconds
Number of updated asset objects reloaded before import = 0Number of asset objects unloaded after import = 3

========================================================================
Received Import Request.
  Time since last request: 0.000021 seconds.
  path: Assets/Projects/GravityDash/kenney_new-platformer-pack-1.1/Sprites/Tiles/Default/terrain_purple_horizontal_middle.png
  artifactKey: Guid(952361b5987304b7fb3ee5a501e062eb) Importer(2089858483,b0f066a214c2f5e87bad3c948f4d605d)
Start importing Assets/Projects/GravityDash/kenney_new-platformer-pack-1.1/Sprites/Tiles/Default/terrain_purple_horizontal_middle.png using Guid(952361b5987304b7fb3ee5a501e062eb) Importer(2089858483,b0f066a214c2f5e87bad3c948f4d605d) (ScriptedImporter) -> (artifact id: '8b2161e57e970cda1fa42449f7b878bb') in 0.0321061 seconds
Number of updated asset objects reloaded before import = 0Number of asset objects unloaded after import = 3

========================================================================
Received Import Request.
  Time since last request: 0.000021 seconds.
  path: Assets/Projects/GravityDash/kenney_new-platformer-pack-1.1/Sprites/Tiles/Default/ladder_top.png
  artifactKey: Guid(fc196c4908fcf4b3eb12a0209f62ce5a) Importer(2089858483,b0f066a214c2f5e87bad3c948f4d605d)
Start importing Assets/Projects/GravityDash/kenney_new-platformer-pack-1.1/Sprites/Tiles/Default/ladder_top.png using Guid(fc196c4908fcf4b3eb12a0209f62ce5a) Importer(2089858483,b0f066a214c2f5e87bad3c948f4d605d) (ScriptedImporter) -> (artifact id: '0baa216be19d02d5b7ea7b5eb7f57ef2') in 0.0300673 seconds
Number of updated asset objects reloaded before import = 0Number of asset objects unloaded after import = 3

========================================================================
Received Import Request.
  Time since last request: 0.000020 seconds.
  path: Assets/Projects/GravityDash/kenney_new-platformer-pack-1.1/Sprites/Tiles/Default/terrain_sand_block_bottom_left.png
  artifactKey: Guid(0d19a5e31867c480fbe207cfaec7a29b) Importer(2089858483,b0f066a214c2f5e87bad3c948f4d605d)
Start importing Assets/Projects/GravityDash/kenney_new-platformer-pack-1.1/Sprites/Tiles/Default/terrain_sand_block_bottom_left.png using Guid(0d19a5e31867c480fbe207cfaec7a29b) Importer(2089858483,b0f066a214c2f5e87bad3c948f4d605d) (ScriptedImporter) -> (artifact id: 'cfa66a12d3f4bad7e2ba8bd1ab908c3d') in 0.0277502 seconds
Number of updated asset objects reloaded before import = 0Number of asset objects unloaded after import = 3

========================================================================
Received Import Request.
  Time since last request: 0.000023 seconds.
  path: Assets/Projects/GravityDash/kenney_new-platformer-pack-1.1/Sprites/Tiles/Default/rock.png
  artifactKey: Guid(27a66aaba6cc547258773707c5500ebd) Importer(2089858483,b0f066a214c2f5e87bad3c948f4d605d)
Start importing Assets/Projects/GravityDash/kenney_new-platformer-pack-1.1/Sprites/Tiles/Default/rock.png using Guid(27a66aaba6cc547258773707c5500ebd) Importer(2089858483,b0f066a214c2f5e87bad3c948f4d605d) (ScriptedImporter) -> (artifact id: '31c0f6d0ef998d23c822e1ff224957f9') in 0.0277471 seconds
Number of updated asset objects reloaded before import = 0Number of asset objects unloaded after import = 3

========================================================================
Received Import Request.
  Time since last request: 0.000028 seconds.
  path: Assets/Projects/GravityDash/kenney_new-platformer-pack-1.1/Sprites/Tiles/Default/hud_player_beige.png
  artifactKey: Guid(d32fff7c8b2b040a9a6dd14bf3096f91) Importer(2089858483,b0f066a214c2f5e87bad3c948f4d605d)
Start importing Assets/Projects/GravityDash/kenney_new-platformer-pack-1.1/Sprites/Tiles/Default/hud_player_beige.png using Guid(d32fff7c8b2b040a9a6dd14bf3096f91) Importer(2089858483,b0f066a214c2f5e87bad3c948f4d605d) (ScriptedImporter) -> (artifact id: '88e82e97907f80a651f28d63052c3cfc') in 0.0280609 seconds
Number of updated asset objects reloaded before import = 0Number of asset objects unloaded after import = 3

========================================================================
Received Import Request.
  Time since last request: 0.000039 seconds.
  path: Assets/Projects/GravityDash/kenney_new-platformer-pack-1.1/Sprites/Tiles/Default/hud_player_helmet_pink.png
  artifactKey: Guid(577e3bbf1747441c69348cde15ca98c9) Importer(2089858483,b0f066a214c2f5e87bad3c948f4d605d)
Start importing Assets/Projects/GravityDash/kenney_new-platformer-pack-1.1/Sprites/Tiles/Default/hud_player_helmet_pink.png using Guid(577e3bbf1747441c69348cde15ca98c9) Importer(2089858483,b0f066a214c2f5e87bad3c948f4d605d) (ScriptedImporter) -> (artifact id: '4d90bd1bdc50fe5e68b1e5e7eb5950a7') in 0.0267145 seconds
Number of updated asset objects reloaded before import = 0Number of asset objects unloaded after import = 3

========================================================================
Received Import Request.
  Time since last request: 0.000027 seconds.
  path: Assets/Projects/GravityDash/kenney_new-platformer-pack-1.1/Sprites/Tiles/Default/key_red.png
  artifactKey: Guid(36345244bb35a4c6a80465f31c883dd3) Importer(2089858483,b0f066a214c2f5e87bad3c948f4d605d)
Start importing Assets/Projects/GravityDash/kenney_new-platformer-pack-1.1/Sprites/Tiles/Default/key_red.png using Guid(36345244bb35a4c6a80465f31c883dd3) Importer(2089858483,b0f066a214c2f5e87bad3c948f4d605d) (ScriptedImporter) -> (artifact id: '16416b8760881739cdc18e5a95410cec') in 0.0301756 seconds
Number of updated asset objects reloaded before import = 0Number of asset objects unloaded after import = 3

========================================================================
Received Import Request.
  Time since last request: 0.000029 seconds.
  path: Assets/Projects/GravityDash/kenney_new-platformer-pack-1.1/Sprites/Tiles/Default/terrain_sand_block_right.png
  artifactKey: Guid(12f5d905a51e542b9abb12f8945676f5) Importer(2089858483,b0f066a214c2f5e87bad3c948f4d605d)
Start importing Assets/Projects/GravityDash/kenney_new-platformer-pack-1.1/Sprites/Tiles/Default/terrain_sand_block_right.png using Guid(12f5d905a51e542b9abb12f8945676f5) Importer(2089858483,b0f066a214c2f5e87bad3c948f4d605d) (ScriptedImporter) -> (artifact id: '7dd79abe3f0c03d34049ae56a619241c') in 0.041989 seconds
Number of updated asset objects reloaded before import = 0Number of asset objects unloaded after import = 3

========================================================================
Received Import Request.
  Time since last request: 0.000025 seconds.
  path: Assets/Projects/GravityDash/kenney_new-platformer-pack-1.1/Sprites/Tiles/Default/terrain_purple_ramp_long_c.png
  artifactKey: Guid(5011bb5fd91844e4ab50505214d70a5b) Importer(2089858483,b0f066a214c2f5e87bad3c948f4d605d)
Start importing Assets/Projects/GravityDash/kenney_new-platformer-pack-1.1/Sprites/Tiles/Default/terrain_purple_ramp_long_c.png using Guid(5011bb5fd91844e4ab50505214d70a5b) Importer(2089858483,b0f066a214c2f5e87bad3c948f4d605d) (ScriptedImporter) -> (artifact id: 'a2d12ce2b1f69b5924a9fe1109196725') in 0.0288286 seconds
Number of updated asset objects reloaded before import = 0Number of asset objects unloaded after import = 3

========================================================================
Received Import Request.
  Time since last request: 0.000021 seconds.
  path: Assets/Projects/GravityDash/kenney_new-platformer-pack-1.1/Sprites/Tiles/Default/hud_key_blue.png
  artifactKey: Guid(98fa1712af1ae447dbeb4345cac0cdbf) Importer(2089858483,b0f066a214c2f5e87bad3c948f4d605d)
Start importing Assets/Projects/GravityDash/kenney_new-platformer-pack-1.1/Sprites/Tiles/Default/hud_key_blue.png using Guid(98fa1712af1ae447dbeb4345cac0cdbf) Importer(2089858483,b0f066a214c2f5e87bad3c948f4d605d) (ScriptedImporter) -> (artifact id: '1bedd207dd282cb3fe822770f123836c') in 0.0293242 seconds
Number of updated asset objects reloaded before import = 0Number of asset objects unloaded after import = 3

========================================================================
Received Import Request.
  Time since last request: 0.000021 seconds.
  path: Assets/Projects/GravityDash/kenney_new-platformer-pack-1.1/Sprites/Tiles/Default/terrain_snow_block_top.png
  artifactKey: Guid(7a4c57a52c6d149b9a4afb91fbd09bfa) Importer(2089858483,b0f066a214c2f5e87bad3c948f4d605d)
Start importing Assets/Projects/GravityDash/kenney_new-platformer-pack-1.1/Sprites/Tiles/Default/terrain_snow_block_top.png using Guid(7a4c57a52c6d149b9a4afb91fbd09bfa) Importer(2089858483,b0f066a214c2f5e87bad3c948f4d605d) (ScriptedImporter) -> (artifact id: '3c547539041b0111597b5ef163cf7f58') in 0.0294881 seconds
Number of updated asset objects reloaded before import = 0Number of asset objects unloaded after import = 3

========================================================================
Received Import Request.
  Time since last request: 0.000035 seconds.
  path: Assets/Projects/GravityDash/kenney_new-platformer-pack-1.1/Sprites/Tiles/Default/terrain_sand_vertical_bottom.png
  artifactKey: Guid(5e0c2622a981f4295a00bfa0e265e59a) Importer(2089858483,b0f066a214c2f5e87bad3c948f4d605d)
Start importing Assets/Projects/GravityDash/kenney_new-platformer-pack-1.1/Sprites/Tiles/Default/terrain_sand_vertical_bottom.png using Guid(5e0c2622a981f4295a00bfa0e265e59a) Importer(2089858483,b0f066a214c2f5e87bad3c948f4d605d) (ScriptedImporter) -> (artifact id: '4a4b0004cf168406d335326c1a4e2388') in 0.02917 seconds
Number of updated asset objects reloaded before import = 0Number of asset objects unloaded after import = 3

========================================================================
Received Import Request.
  Time since last request: 0.000032 seconds.
  path: Assets/Projects/GravityDash/kenney_new-platformer-pack-1.1/Sprites/Tiles/Default/terrain_dirt_block_bottom_right.png
  artifactKey: Guid(a67ea07dd2e00431c81ee25633eff147) Importer(2089858483,b0f066a214c2f5e87bad3c948f4d605d)
Start importing Assets/Projects/GravityDash/kenney_new-platformer-pack-1.1/Sprites/Tiles/Default/terrain_dirt_block_bottom_right.png using Guid(a67ea07dd2e00431c81ee25633eff147) Importer(2089858483,b0f066a214c2f5e87bad3c948f4d605d) (ScriptedImporter) -> (artifact id: '09885447ccb98438faa4a8088dbe0f48') in 0.0306008 seconds
Number of updated asset objects reloaded before import = 0Number of asset objects unloaded after import = 3

========================================================================
Received Import Request.
  Time since last request: 0.000030 seconds.
  path: Assets/Projects/GravityDash/kenney_new-platformer-pack-1.1/Sprites/Tiles/Default/terrain_dirt_horizontal_overhang_right.png
  artifactKey: Guid(77ba076308ddc4903bfd360532094318) Importer(2089858483,b0f066a214c2f5e87bad3c948f4d605d)
Start importing Assets/Projects/GravityDash/kenney_new-platformer-pack-1.1/Sprites/Tiles/Default/terrain_dirt_horizontal_overhang_right.png using Guid(77ba076308ddc4903bfd360532094318) Importer(2089858483,b0f066a214c2f5e87bad3c948f4d605d) (ScriptedImporter) -> (artifact id: 'a46e5197e30f88ab684f6bc58981d4fe') in 0.0250428 seconds
Number of updated asset objects reloaded before import = 0Number of asset objects unloaded after import = 3

========================================================================
Received Import Request.
  Time since last request: 0.000029 seconds.
  path: Assets/Projects/GravityDash/kenney_new-platformer-pack-1.1/Sprites/Tiles/Default/terrain_snow_block_right.png
  artifactKey: Guid(1b15a78f89d65474bb5aa9ee4657b733) Importer(2089858483,b0f066a214c2f5e87bad3c948f4d605d)
Start importing Assets/Projects/GravityDash/kenney_new-platformer-pack-1.1/Sprites/Tiles/Default/terrain_snow_block_right.png using Guid(1b15a78f89d65474bb5aa9ee4657b733) Importer(2089858483,b0f066a214c2f5e87bad3c948f4d605d) (ScriptedImporter) -> (artifact id: '123b7dd4e740598ab5c08573743ad313') in 0.0319901 seconds
Number of updated asset objects reloaded before import = 0Number of asset objects unloaded after import = 3

========================================================================
Received Import Request.
  Time since last request: 0.000021 seconds.
  path: Assets/Projects/GravityDash/kenney_new-platformer-pack-1.1/Sprites/Tiles/Default/terrain_sand_block_top_left.png
  artifactKey: Guid(d912608a16dad4457ab9e17665bb6efb) Importer(2089858483,b0f066a214c2f5e87bad3c948f4d605d)
Start importing Assets/Projects/GravityDash/kenney_new-platformer-pack-1.1/Sprites/Tiles/Default/terrain_sand_block_top_left.png using Guid(d912608a16dad4457ab9e17665bb6efb) Importer(2089858483,b0f066a214c2f5e87bad3c948f4d605d) (ScriptedImporter) -> (artifact id: '080e3af0a1c279d49ad2183d26592823') in 0.0289836 seconds
Number of updated asset objects reloaded before import = 0Number of asset objects unloaded after import = 3

========================================================================
Received Import Request.
  Time since last request: 0.000028 seconds.
  path: Assets/Projects/GravityDash/kenney_new-platformer-pack-1.1/Sprites/Tiles/Default/terrain_grass_block_top.png
  artifactKey: Guid(40af8b5ec834649bf837f89f739ac5d6) Importer(2089858483,b0f066a214c2f5e87bad3c948f4d605d)
Start importing Assets/Projects/GravityDash/kenney_new-platformer-pack-1.1/Sprites/Tiles/Default/terrain_grass_block_top.png using Guid(40af8b5ec834649bf837f89f739ac5d6) Importer(2089858483,b0f066a214c2f5e87bad3c948f4d605d) (ScriptedImporter) -> (artifact id: '62d11bbd95e0f0a8fcb0f61f06bc1064') in 0.0290635 seconds
Number of updated asset objects reloaded before import = 0Number of asset objects unloaded after import = 3

========================================================================
Received Import Request.
  Time since last request: 0.000034 seconds.
  path: Assets/Projects/GravityDash/kenney_new-platformer-pack-1.1/Sprites/Tiles/Default/terrain_snow_cloud.png
  artifactKey: Guid(fb118cde2b4384177b5413d4665babc0) Importer(2089858483,b0f066a214c2f5e87bad3c948f4d605d)
Start importing Assets/Projects/GravityDash/kenney_new-platformer-pack-1.1/Sprites/Tiles/Default/terrain_snow_cloud.png using Guid(fb118cde2b4384177b5413d4665babc0) Importer(2089858483,b0f066a214c2f5e87bad3c948f4d605d) (ScriptedImporter) -> (artifact id: '3854b1b6545f7b53ae3444a6e4be93db') in 0.0290944 seconds
Number of updated asset objects reloaded before import = 0Number of asset objects unloaded after import = 3

========================================================================
Received Import Request.
  Time since last request: 0.000031 seconds.
  path: Assets/Projects/GravityDash/kenney_new-platformer-pack-1.1/Sprites/Tiles/Default/terrain_dirt_cloud_right.png
  artifactKey: Guid(6efd4b3a0f5fe4776b5fdc9cfba52d7a) Importer(2089858483,b0f066a214c2f5e87bad3c948f4d605d)
Start importing Assets/Projects/GravityDash/kenney_new-platformer-pack-1.1/Sprites/Tiles/Default/terrain_dirt_cloud_right.png using Guid(6efd4b3a0f5fe4776b5fdc9cfba52d7a) Importer(2089858483,b0f066a214c2f5e87bad3c948f4d605d) (ScriptedImporter) -> (artifact id: '144da56dd6aefd5571234b21713a5f23') in 0.0303909 seconds
Number of updated asset objects reloaded before import = 0Number of asset objects unloaded after import = 3

========================================================================
Received Import Request.
  Time since last request: 0.000033 seconds.
  path: Assets/Projects/GravityDash/kenney_new-platformer-pack-1.1/Sprites/Tiles/Default/terrain_purple_horizontal_right.png
  artifactKey: Guid(3faf565d1920346798604acddd82238f) Importer(2089858483,b0f066a214c2f5e87bad3c948f4d605d)
Start importing Assets/Projects/GravityDash/kenney_new-platformer-pack-1.1/Sprites/Tiles/Default/terrain_purple_horizontal_right.png using Guid(3faf565d1920346798604acddd82238f) Importer(2089858483,b0f066a214c2f5e87bad3c948f4d605d) (ScriptedImporter) -> (artifact id: '18ac038934c5e5a00499772ac38d4e45') in 0.0289315 seconds
Number of updated asset objects reloaded before import = 0Number of asset objects unloaded after import = 3

========================================================================
Received Import Request.
  Time since last request: 0.000048 seconds.
  path: Assets/Projects/GravityDash/kenney_new-platformer-pack-1.1/Sprites/Tiles/Default/terrain_sand_ramp_short_b.png
  artifactKey: Guid(766c255b5af7149b3b72ce1a7ceb52da) Importer(2089858483,b0f066a214c2f5e87bad3c948f4d605d)
Start importing Assets/Projects/GravityDash/kenney_new-platformer-pack-1.1/Sprites/Tiles/Default/terrain_sand_ramp_short_b.png using Guid(766c255b5af7149b3b72ce1a7ceb52da) Importer(2089858483,b0f066a214c2f5e87bad3c948f4d605d) (ScriptedImporter) -> (artifact id: '423bcd97a4b6a65412701a922b9ff5b2') in 0.0276447 seconds
Number of updated asset objects reloaded before import = 0Number of asset objects unloaded after import = 3

========================================================================
Received Import Request.
  Time since last request: 0.000030 seconds.
  path: Assets/Projects/GravityDash/kenney_new-platformer-pack-1.1/Sprites/Tiles/Default/lock_yellow.png
  artifactKey: Guid(9137cd1b50e184ac892150903a2af747) Importer(2089858483,b0f066a214c2f5e87bad3c948f4d605d)
Start importing Assets/Projects/GravityDash/kenney_new-platformer-pack-1.1/Sprites/Tiles/Default/lock_yellow.png using Guid(9137cd1b50e184ac892150903a2af747) Importer(2089858483,b0f066a214c2f5e87bad3c948f4d605d) (ScriptedImporter) -> (artifact id: '66f1eb584c623b0c3051a389f2a8d01c') in 0.0333142 seconds
Number of updated asset objects reloaded before import = 0Number of asset objects unloaded after import = 3

========================================================================
Received Import Request.
  Time since last request: 0.044085 seconds.
  path: Assets/Projects/GravityDash/kenney_new-platformer-pack-1.1/Sprites/Tiles/Default/terrain_stone_cloud_middle.png
  artifactKey: Guid(40eb8bcaa810e436fb256172e2423691) Importer(2089858483,b0f066a214c2f5e87bad3c948f4d605d)
Start importing Assets/Projects/GravityDash/kenney_new-platformer-pack-1.1/Sprites/Tiles/Default/terrain_stone_cloud_middle.png using Guid(40eb8bcaa810e436fb256172e2423691) Importer(2089858483,b0f066a214c2f5e87bad3c948f4d605d) (ScriptedImporter) -> (artifact id: 'be51bfdacbaf1b5be30832b79ab53ab6') in 0.0279179 seconds
Number of updated asset objects reloaded before import = 0Number of asset objects unloaded after import = 3

========================================================================
Received Import Request.
  Time since last request: 0.000031 seconds.
  path: Assets/Projects/GravityDash/kenney_new-platformer-pack-1.1/Sprites/Tiles/Double/torch_off.png
  artifactKey: Guid(03328de41002a4f0883c3ecd2731ad32) Importer(2089858483,b0f066a214c2f5e87bad3c948f4d605d)
Start importing Assets/Projects/GravityDash/kenney_new-platformer-pack-1.1/Sprites/Tiles/Double/torch_off.png using Guid(03328de41002a4f0883c3ecd2731ad32) Importer(2089858483,b0f066a214c2f5e87bad3c948f4d605d) (ScriptedImporter) -> (artifact id: '452c51b3bc2c6e9f1d461816cb3dea81') in 0.0293875 seconds
Number of updated asset objects reloaded before import = 0Number of asset objects unloaded after import = 3

========================================================================
Received Import Request.
  Time since last request: 0.000035 seconds.
  path: Assets/Projects/GravityDash/kenney_new-platformer-pack-1.1/Sprites/Tiles/Double/fireball.png
  artifactKey: Guid(ccb310ee3066949c6baf00a1efb7fbcf) Importer(2089858483,b0f066a214c2f5e87bad3c948f4d605d)
Start importing Assets/Projects/GravityDash/kenney_new-platformer-pack-1.1/Sprites/Tiles/Double/fireball.png using Guid(ccb310ee3066949c6baf00a1efb7fbcf) Importer(2089858483,b0f066a214c2f5e87bad3c948f4d605d) (ScriptedImporter) -> (artifact id: '7be891026291b9d07200142f2c6836ac') in 0.0268073 seconds
Number of updated asset objects reloaded before import = 0Number of asset objects unloaded after import = 3

========================================================================
Received Import Request.
  Time since last request: 0.000049 seconds.
  path: Assets/Projects/GravityDash/kenney_new-platformer-pack-1.1/Sprites/Tiles/Double/bush.png
  artifactKey: Guid(fe8bef3f040cc49b78f4a4eb4b417487) Importer(2089858483,b0f066a214c2f5e87bad3c948f4d605d)
Start importing Assets/Projects/GravityDash/kenney_new-platformer-pack-1.1/Sprites/Tiles/Double/bush.png using Guid(fe8bef3f040cc49b78f4a4eb4b417487) Importer(2089858483,b0f066a214c2f5e87bad3c948f4d605d) (ScriptedImporter) -> (artifact id: '9198bb9c6862742eaa94f6410e275d6a') in 0.0312111 seconds
Number of updated asset objects reloaded before import = 0Number of asset objects unloaded after import = 3

========================================================================
Received Import Request.
  Time since last request: 0.000055 seconds.
  path: Assets/Projects/GravityDash/kenney_new-platformer-pack-1.1/Sprites/Tiles/Double/coin_silver_side.png
  artifactKey: Guid(b724673f8c5d8417d85b3e655cb3c0a7) Importer(2089858483,b0f066a214c2f5e87bad3c948f4d605d)
Start importing Assets/Projects/GravityDash/kenney_new-platformer-pack-1.1/Sprites/Tiles/Double/coin_silver_side.png using Guid(b724673f8c5d8417d85b3e655cb3c0a7) Importer(2089858483,b0f066a214c2f5e87bad3c948f4d605d) (ScriptedImporter) -> (artifact id: 'a1a28e2d9c5fa6f29905b50e3f37a875') in 0.0303942 seconds
Number of updated asset objects reloaded before import = 0Number of asset objects unloaded after import = 3

========================================================================
Received Import Request.
  Time since last request: 0.000027 seconds.
  path: Assets/Projects/GravityDash/kenney_new-platformer-pack-1.1/Sprites/Tiles/Double/block_coin.png
  artifactKey: Guid(38fd51a036f4f46e9a655e088297c4ef) Importer(2089858483,b0f066a214c2f5e87bad3c948f4d605d)
Start importing Assets/Projects/GravityDash/kenney_new-platformer-pack-1.1/Sprites/Tiles/Double/block_coin.png using Guid(38fd51a036f4f46e9a655e088297c4ef) Importer(2089858483,b0f066a214c2f5e87bad3c948f4d605d) (ScriptedImporter) -> (artifact id: 'd199f1021dbc805e0e29dc59181895ab') in 0.0324781 seconds
Number of updated asset objects reloaded before import = 0Number of asset objects unloaded after import = 3

========================================================================
Received Import Request.
  Time since last request: 0.000023 seconds.
  path: Assets/Projects/GravityDash/kenney_new-platformer-pack-1.1/Sprites/Tiles/Double/hud_player_pink.png
  artifactKey: Guid(7273c187205a64963905e7a7091f4a43) Importer(2089858483,b0f066a214c2f5e87bad3c948f4d605d)
Start importing Assets/Projects/GravityDash/kenney_new-platformer-pack-1.1/Sprites/Tiles/Double/hud_player_pink.png using Guid(7273c187205a64963905e7a7091f4a43) Importer(2089858483,b0f066a214c2f5e87bad3c948f4d605d) (ScriptedImporter) -> (artifact id: 'b2dbbd409c53e620fb8995a220f9609c') in 0.0316073 seconds
Number of updated asset objects reloaded before import = 0Number of asset objects unloaded after import = 3

========================================================================
Received Import Request.
  Time since last request: 0.000018 seconds.
  path: Assets/Projects/GravityDash/kenney_new-platformer-pack-1.1/Sprites/Tiles/Double/terrain_dirt_ramp_short_b.png
  artifactKey: Guid(e7689f4e993fc4cd7810889b9c52512f) Importer(2089858483,b0f066a214c2f5e87bad3c948f4d605d)
Start importing Assets/Projects/GravityDash/kenney_new-platformer-pack-1.1/Sprites/Tiles/Double/terrain_dirt_ramp_short_b.png using Guid(e7689f4e993fc4cd7810889b9c52512f) Importer(2089858483,b0f066a214c2f5e87bad3c948f4d605d) (ScriptedImporter) -> (artifact id: '445b8c4b7197e89db15ebf3305fcd6be') in 0.0310525 seconds
Number of updated asset objects reloaded before import = 0Number of asset objects unloaded after import = 3

========================================================================
Received Import Request.
  Time since last request: 0.000029 seconds.
  path: Assets/Projects/GravityDash/kenney_new-platformer-pack-1.1/Sprites/Tiles/Default/terrain_stone_ramp_long_c.png
  artifactKey: Guid(fef3036c25fc44ad7a6591ba2228f4a6) Importer(2089858483,b0f066a214c2f5e87bad3c948f4d605d)
Start importing Assets/Projects/GravityDash/kenney_new-platformer-pack-1.1/Sprites/Tiles/Default/terrain_stone_ramp_long_c.png using Guid(fef3036c25fc44ad7a6591ba2228f4a6) Importer(2089858483,b0f066a214c2f5e87bad3c948f4d605d) (ScriptedImporter) -> (artifact id: '0f911113fd5edafcac1b7fd99a418eb2') in 0.0268111 seconds
Number of updated asset objects reloaded before import = 0Number of asset objects unloaded after import = 3

========================================================================
Received Import Request.
  Time since last request: 0.000022 seconds.
  path: Assets/Projects/GravityDash/kenney_new-platformer-pack-1.1/Sprites/Tiles/Double/terrain_snow_horizontal_overhang_right.png
  artifactKey: Guid(e8c226aa963c84bb38fddf3d2fcd26fa) Importer(2089858483,b0f066a214c2f5e87bad3c948f4d605d)
Start importing Assets/Projects/GravityDash/kenney_new-platformer-pack-1.1/Sprites/Tiles/Double/terrain_snow_horizontal_overhang_right.png using Guid(e8c226aa963c84bb38fddf3d2fcd26fa) Importer(2089858483,b0f066a214c2f5e87bad3c948f4d605d) (ScriptedImporter) -> (artifact id: '542f8d3381d1111a543841a662502eb7') in 0.0282226 seconds
Number of updated asset objects reloaded before import = 0Number of asset objects unloaded after import = 3

========================================================================
Received Import Request.
  Time since last request: 0.000034 seconds.
  path: Assets/Projects/GravityDash/kenney_new-platformer-pack-1.1/Sprites/Tiles/Double/brick_grey_diagonal.png
  artifactKey: Guid(4e1af51057ecd43869995f8e2e10be64) Importer(2089858483,b0f066a214c2f5e87bad3c948f4d605d)
Start importing Assets/Projects/GravityDash/kenney_new-platformer-pack-1.1/Sprites/Tiles/Double/brick_grey_diagonal.png using Guid(4e1af51057ecd43869995f8e2e10be64) Importer(2089858483,b0f066a214c2f5e87bad3c948f4d605d) (ScriptedImporter) -> (artifact id: 'a4b0384ed5899547b25d01819166d07e') in 0.030206 seconds
Number of updated asset objects reloaded before import = 0Number of asset objects unloaded after import = 3

========================================================================
Received Import Request.
  Time since last request: 0.000023 seconds.
  path: Assets/Projects/GravityDash/kenney_new-platformer-pack-1.1/Sprites/Tiles/Double/coin_bronze_side.png
  artifactKey: Guid(4b61d88135da84ec29492409bfc8f0d6) Importer(2089858483,b0f066a214c2f5e87bad3c948f4d605d)
Start importing Assets/Projects/GravityDash/kenney_new-platformer-pack-1.1/Sprites/Tiles/Double/coin_bronze_side.png using Guid(4b61d88135da84ec29492409bfc8f0d6) Importer(2089858483,b0f066a214c2f5e87bad3c948f4d605d) (ScriptedImporter) -> (artifact id: 'a35eef129ae6539d0a2c5f2ce221b374') in 0.0284868 seconds
Number of updated asset objects reloaded before import = 0Number of asset objects unloaded after import = 3

========================================================================
Received Import Request.
  Time since last request: 0.000067 seconds.
  path: Assets/Projects/GravityDash/kenney_new-platformer-pack-1.1/Sprites/Tiles/Double/hud_character_4.png
  artifactKey: Guid(f1c624cfde0f24739840e31a2eab7f2e) Importer(2089858483,b0f066a214c2f5e87bad3c948f4d605d)
Start importing Assets/Projects/GravityDash/kenney_new-platformer-pack-1.1/Sprites/Tiles/Double/hud_character_4.png using Guid(f1c624cfde0f24739840e31a2eab7f2e) Importer(2089858483,b0f066a214c2f5e87bad3c948f4d605d) (ScriptedImporter) -> (artifact id: '5686a5b92d49997f0b6e752fd9c5c1da') in 0.0333609 seconds
Number of updated asset objects reloaded before import = 0Number of asset objects unloaded after import = 3

========================================================================
Received Import Request.
  Time since last request: 0.000021 seconds.
  path: Assets/Projects/GravityDash/kenney_new-platformer-pack-1.1/Sprites/Tiles/Double/lock_blue.png
  artifactKey: Guid(1256306f9491c4ac3b43f84fab44bb7c) Importer(2089858483,b0f066a214c2f5e87bad3c948f4d605d)
Start importing Assets/Projects/GravityDash/kenney_new-platformer-pack-1.1/Sprites/Tiles/Double/lock_blue.png using Guid(1256306f9491c4ac3b43f84fab44bb7c) Importer(2089858483,b0f066a214c2f5e87bad3c948f4d605d) (ScriptedImporter) -> (artifact id: 'e887d71275ed41c26d64d2f021e8048a') in 0.0311064 seconds
Number of updated asset objects reloaded before import = 0Number of asset objects unloaded after import = 3

========================================================================
Received Import Request.
  Time since last request: 0.000021 seconds.
  path: Assets/Projects/GravityDash/kenney_new-platformer-pack-1.1/Sprites/Tiles/Double/terrain_purple_cloud_background.png
  artifactKey: Guid(03445c8e884c94d229c28b7fe9975acb) Importer(2089858483,b0f066a214c2f5e87bad3c948f4d605d)
Start importing Assets/Projects/GravityDash/kenney_new-platformer-pack-1.1/Sprites/Tiles/Double/terrain_purple_cloud_background.png using Guid(03445c8e884c94d229c28b7fe9975acb) Importer(2089858483,b0f066a214c2f5e87bad3c948f4d605d) (ScriptedImporter) -> (artifact id: 'c052e9b17f29581f8377fc0b1248c002') in 0.0288199 seconds
Number of updated asset objects reloaded before import = 0Number of asset objects unloaded after import = 3

========================================================================
Received Import Request.
  Time since last request: 0.000019 seconds.
  path: Assets/Projects/GravityDash/kenney_new-platformer-pack-1.1/Sprites/Tiles/Double/terrain_dirt_block_center.png
  artifactKey: Guid(6802324017ed44d1e85427a92d02013d) Importer(2089858483,b0f066a214c2f5e87bad3c948f4d605d)
Start importing Assets/Projects/GravityDash/kenney_new-platformer-pack-1.1/Sprites/Tiles/Double/terrain_dirt_block_center.png using Guid(6802324017ed44d1e85427a92d02013d) Importer(2089858483,b0f066a214c2f5e87bad3c948f4d605d) (ScriptedImporter) -> (artifact id: '5c14664b0d1f659427335b8c33557c70') in 0.0279554 seconds
Number of updated asset objects reloaded before import = 0Number of asset objects unloaded after import = 3

========================================================================
Received Import Request.
  Time since last request: 0.000035 seconds.
  path: Assets/Projects/GravityDash/kenney_new-platformer-pack-1.1/Sprites/Tiles/Double/hud_character_multiply.png
  artifactKey: Guid(318afa5d064454c0eb213a3d8233f89c) Importer(2089858483,b0f066a214c2f5e87bad3c948f4d605d)
Start importing Assets/Projects/GravityDash/kenney_new-platformer-pack-1.1/Sprites/Tiles/Double/hud_character_multiply.png using Guid(318afa5d064454c0eb213a3d8233f89c) Importer(2089858483,b0f066a214c2f5e87bad3c948f4d605d) (ScriptedImporter) -> (artifact id: '8336c8a238c606be633f8444ef3a2b39') in 0.0285067 seconds
Number of updated asset objects reloaded before import = 0Number of asset objects unloaded after import = 3

========================================================================
Received Import Request.
  Time since last request: 0.000078 seconds.
  path: Assets/Projects/GravityDash/kenney_new-platformer-pack-1.1/Sprites/Tiles/Double/block_strong_empty.png
  artifactKey: Guid(ae5a2d130336240c4af70b3fc93e3a28) Importer(2089858483,b0f066a214c2f5e87bad3c948f4d605d)
Start importing Assets/Projects/GravityDash/kenney_new-platformer-pack-1.1/Sprites/Tiles/Double/block_strong_empty.png using Guid(ae5a2d130336240c4af70b3fc93e3a28) Importer(2089858483,b0f066a214c2f5e87bad3c948f4d605d) (ScriptedImporter) -> (artifact id: 'f74a64dbf5b4a9306f125f3b4522d24a') in 0.0277043 seconds
Number of updated asset objects reloaded before import = 0Number of asset objects unloaded after import = 3

========================================================================
Received Import Request.
  Time since last request: 0.000030 seconds.
  path: Assets/Projects/GravityDash/kenney_new-platformer-pack-1.1/Sprites/Tiles/Double/terrain_snow_cloud_background.png
  artifactKey: Guid(f570b3217784643a2b81761b11fbfc7b) Importer(2089858483,b0f066a214c2f5e87bad3c948f4d605d)
Start importing Assets/Projects/GravityDash/kenney_new-platformer-pack-1.1/Sprites/Tiles/Double/terrain_snow_cloud_background.png using Guid(f570b3217784643a2b81761b11fbfc7b) Importer(2089858483,b0f066a214c2f5e87bad3c948f4d605d) (ScriptedImporter) -> (artifact id: '7a6c64c5e3142c6a10be881d9a6cfe38') in 0.0302443 seconds
Number of updated asset objects reloaded before import = 0Number of asset objects unloaded after import = 3

========================================================================
Received Import Request.
  Time since last request: 0.000024 seconds.
  path: Assets/Projects/GravityDash/kenney_new-platformer-pack-1.1/Sprites/Tiles/Double/terrain_sand_block_top_right.png
  artifactKey: Guid(fa159c01d4e064652a65920691e158c6) Importer(2089858483,b0f066a214c2f5e87bad3c948f4d605d)
Start importing Assets/Projects/GravityDash/kenney_new-platformer-pack-1.1/Sprites/Tiles/Double/terrain_sand_block_top_right.png using Guid(fa159c01d4e064652a65920691e158c6) Importer(2089858483,b0f066a214c2f5e87bad3c948f4d605d) (ScriptedImporter) -> (artifact id: '97e418f4b066e32653cf557e71bc2950') in 0.0333315 seconds
Number of updated asset objects reloaded before import = 0Number of asset objects unloaded after import = 3

========================================================================
Received Import Request.
  Time since last request: 0.000022 seconds.
  path: Assets/Projects/GravityDash/kenney_new-platformer-pack-1.1/Sprites/Tiles/Double/terrain_sand_block_center.png
  artifactKey: Guid(c437cbb001d6b4fa08920bc6404cfb90) Importer(2089858483,b0f066a214c2f5e87bad3c948f4d605d)
Start importing Assets/Projects/GravityDash/kenney_new-platformer-pack-1.1/Sprites/Tiles/Double/terrain_sand_block_center.png using Guid(c437cbb001d6b4fa08920bc6404cfb90) Importer(2089858483,b0f066a214c2f5e87bad3c948f4d605d) (ScriptedImporter) -> (artifact id: '3901a2646e0032dd35dca3df2d1b34d7') in 0.0239337 seconds
Number of updated asset objects reloaded before import = 0Number of asset objects unloaded after import = 3

========================================================================
Received Import Request.
  Time since last request: 0.000023 seconds.
  path: Assets/Projects/GravityDash/kenney_new-platformer-pack-1.1/Sprites/Tiles/Double/hud_character_8.png
  artifactKey: Guid(fad5bc82fcbf44a32b26f35908954c21) Importer(2089858483,b0f066a214c2f5e87bad3c948f4d605d)
Start importing Assets/Projects/GravityDash/kenney_new-platformer-pack-1.1/Sprites/Tiles/Double/hud_character_8.png using Guid(fad5bc82fcbf44a32b26f35908954c21) Importer(2089858483,b0f066a214c2f5e87bad3c948f4d605d) (ScriptedImporter) -> (artifact id: 'e9120a3b1bd7c71162175f61e113700f') in 0.0296109 seconds
Number of updated asset objects reloaded before import = 0Number of asset objects unloaded after import = 3

========================================================================
Received Import Request.
  Time since last request: 0.000040 seconds.
  path: Assets/Projects/GravityDash/kenney_new-platformer-pack-1.1/Sprites/Tiles/Double/cactus.png
  artifactKey: Guid(a0d322164392a427ca60dfc0fc6a442a) Importer(2089858483,b0f066a214c2f5e87bad3c948f4d605d)
Start importing Assets/Projects/GravityDash/kenney_new-platformer-pack-1.1/Sprites/Tiles/Double/cactus.png using Guid(a0d322164392a427ca60dfc0fc6a442a) Importer(2089858483,b0f066a214c2f5e87bad3c948f4d605d) (ScriptedImporter) -> (artifact id: 'd980231addac880fbdec79ca40a145e4') in 0.0291621 seconds
Number of updated asset objects reloaded before import = 0Number of asset objects unloaded after import = 3

========================================================================
Received Import Request.
  Time since last request: 0.000036 seconds.
  path: Assets/Projects/GravityDash/kenney_new-platformer-pack-1.1/Sprites/Tiles/Double/flag_yellow_b.png
  artifactKey: Guid(c7f29f9dd3e8c493aa4350236b94f988) Importer(2089858483,b0f066a214c2f5e87bad3c948f4d605d)
Start importing Assets/Projects/GravityDash/kenney_new-platformer-pack-1.1/Sprites/Tiles/Double/flag_yellow_b.png using Guid(c7f29f9dd3e8c493aa4350236b94f988) Importer(2089858483,b0f066a214c2f5e87bad3c948f4d605d) (ScriptedImporter) -> (artifact id: '55f773a36a0b0b1ebd0f0be59c2a64b6') in 0.0301206 seconds
Number of updated asset objects reloaded before import = 0Number of asset objects unloaded after import = 3

========================================================================
Received Import Request.
  Time since last request: 0.000036 seconds.
  path: Assets/Projects/GravityDash/kenney_new-platformer-pack-1.1/Sprites/Tiles/Double/terrain_snow_block_top_right.png
  artifactKey: Guid(bd2ab14fcc34b4199b624dd69b571658) Importer(2089858483,b0f066a214c2f5e87bad3c948f4d605d)
Start importing Assets/Projects/GravityDash/kenney_new-platformer-pack-1.1/Sprites/Tiles/Double/terrain_snow_block_top_right.png using Guid(bd2ab14fcc34b4199b624dd69b571658) Importer(2089858483,b0f066a214c2f5e87bad3c948f4d605d) (ScriptedImporter) -> (artifact id: '2307ad063fb6138caad1fb7987fd09cc') in 0.0306594 seconds
Number of updated asset objects reloaded before import = 0Number of asset objects unloaded after import = 3

========================================================================
Received Import Request.
  Time since last request: 0.000029 seconds.
  path: Assets/Projects/GravityDash/kenney_new-platformer-pack-1.1/Sprites/Tiles/Double/door_closed_top.png
  artifactKey: Guid(4934852c855a14612ae6aefb43a7a6c6) Importer(2089858483,b0f066a214c2f5e87bad3c948f4d605d)
Start importing Assets/Projects/GravityDash/kenney_new-platformer-pack-1.1/Sprites/Tiles/Double/door_closed_top.png using Guid(4934852c855a14612ae6aefb43a7a6c6) Importer(2089858483,b0f066a214c2f5e87bad3c948f4d605d) (ScriptedImporter) -> (artifact id: '35a49595d80b67020b52e1331526d782') in 0.0308235 seconds
Number of updated asset objects reloaded before import = 0Number of asset objects unloaded after import = 3

========================================================================
Received Import Request.
  Time since last request: 0.000018 seconds.
  path: Assets/Projects/GravityDash/kenney_new-platformer-pack-1.1/Sprites/Tiles/Double/terrain_dirt_block_bottom_left.png
  artifactKey: Guid(6590bfb54b1bc48ac9e179947f533de4) Importer(2089858483,b0f066a214c2f5e87bad3c948f4d605d)
Start importing Assets/Projects/GravityDash/kenney_new-platformer-pack-1.1/Sprites/Tiles/Double/terrain_dirt_block_bottom_left.png using Guid(6590bfb54b1bc48ac9e179947f533de4) Importer(2089858483,b0f066a214c2f5e87bad3c948f4d605d) (ScriptedImporter) -> (artifact id: 'd396941b869513676c12d525ec9ed244') in 0.0289503 seconds
Number of updated asset objects reloaded before import = 0Number of asset objects unloaded after import = 3

========================================================================
Received Import Request.
  Time since last request: 0.000028 seconds.
  path: Assets/Projects/GravityDash/kenney_new-platformer-pack-1.1/Sprites/Tiles/Double/flag_blue_a.png
  artifactKey: Guid(7fe8817141e53450486b45daeba5dd3a) Importer(2089858483,b0f066a214c2f5e87bad3c948f4d605d)
Start importing Assets/Projects/GravityDash/kenney_new-platformer-pack-1.1/Sprites/Tiles/Double/flag_blue_a.png using Guid(7fe8817141e53450486b45daeba5dd3a) Importer(2089858483,b0f066a214c2f5e87bad3c948f4d605d) (ScriptedImporter) -> (artifact id: '1ea3f0f0d050e1c6c78b0c48ca0c7346') in 0.0311987 seconds
Number of updated asset objects reloaded before import = 0Number of asset objects unloaded after import = 3

========================================================================
Received Import Request.
  Time since last request: 0.000020 seconds.
  path: Assets/Projects/GravityDash/kenney_new-platformer-pack-1.1/Sprites/Tiles/Double/terrain_stone_horizontal_right.png
  artifactKey: Guid(910bc3d83d8ee488097c93ffb5282c85) Importer(2089858483,b0f066a214c2f5e87bad3c948f4d605d)
Start importing Assets/Projects/GravityDash/kenney_new-platformer-pack-1.1/Sprites/Tiles/Double/terrain_stone_horizontal_right.png using Guid(910bc3d83d8ee488097c93ffb5282c85) Importer(2089858483,b0f066a214c2f5e87bad3c948f4d605d) (ScriptedImporter) -> (artifact id: 'ae7ac619d5b839931c15e1bddc60b9e0') in 0.0261778 seconds
Number of updated asset objects reloaded before import = 0Number of asset objects unloaded after import = 3

========================================================================
Received Import Request.
  Time since last request: 0.000022 seconds.
  path: Assets/Projects/GravityDash/kenney_new-platformer-pack-1.1/Sprites/Tiles/Double/terrain_grass_vertical_top.png
  artifactKey: Guid(fd4aaab3948f64deba1b4be0c3dd89cc) Importer(2089858483,b0f066a214c2f5e87bad3c948f4d605d)
Start importing Assets/Projects/GravityDash/kenney_new-platformer-pack-1.1/Sprites/Tiles/Double/terrain_grass_vertical_top.png using Guid(fd4aaab3948f64deba1b4be0c3dd89cc) Importer(2089858483,b0f066a214c2f5e87bad3c948f4d605d) (ScriptedImporter) -> (artifact id: '2323380b1c46ca698ab56fc5158d36a9') in 0.0264914 seconds
Number of updated asset objects reloaded before import = 0Number of asset objects unloaded after import = 3

========================================================================
Received Import Request.
  Time since last request: 0.000027 seconds.
  path: Assets/Projects/GravityDash/kenney_new-platformer-pack-1.1/Sprites/Tiles/Double/terrain_grass_block_center.png
  artifactKey: Guid(034df31a787594f9fae5fe272955b299) Importer(2089858483,b0f066a214c2f5e87bad3c948f4d605d)
Start importing Assets/Projects/GravityDash/kenney_new-platformer-pack-1.1/Sprites/Tiles/Double/terrain_grass_block_center.png using Guid(034df31a787594f9fae5fe272955b299) Importer(2089858483,b0f066a214c2f5e87bad3c948f4d605d) (ScriptedImporter) -> (artifact id: 'aa125feffc171b33cb2c04318980aebc') in 0.0351503 seconds
Number of updated asset objects reloaded before import = 0Number of asset objects unloaded after import = 3

========================================================================
Received Import Request.
  Time since last request: 0.000033 seconds.
  path: Assets/Projects/GravityDash/kenney_new-platformer-pack-1.1/Sprites/Tiles/Double/terrain_stone_ramp_short_a.png
  artifactKey: Guid(270dd68442f4041f59a9005c7c2359a9) Importer(2089858483,b0f066a214c2f5e87bad3c948f4d605d)
Start importing Assets/Projects/GravityDash/kenney_new-platformer-pack-1.1/Sprites/Tiles/Double/terrain_stone_ramp_short_a.png using Guid(270dd68442f4041f59a9005c7c2359a9) Importer(2089858483,b0f066a214c2f5e87bad3c948f4d605d) (ScriptedImporter) -> (artifact id: 'b9debdb7a4a68015d5e1d899434dbeff') in 0.028971 seconds
Number of updated asset objects reloaded before import = 0Number of asset objects unloaded after import = 3

========================================================================
Received Import Request.
  Time since last request: 0.000032 seconds.
  path: Assets/Projects/GravityDash/kenney_new-platformer-pack-1.1/Sprites/Tiles/Double/terrain_purple_block_top.png
  artifactKey: Guid(3449085e0c3f64a34a462309554d496b) Importer(2089858483,b0f066a214c2f5e87bad3c948f4d605d)
Start importing Assets/Projects/GravityDash/kenney_new-platformer-pack-1.1/Sprites/Tiles/Double/terrain_purple_block_top.png using Guid(3449085e0c3f64a34a462309554d496b) Importer(2089858483,b0f066a214c2f5e87bad3c948f4d605d) (ScriptedImporter) -> (artifact id: '064077c7630ac87e3bd53def9690b3c8') in 0.0308097 seconds
Number of updated asset objects reloaded before import = 0Number of asset objects unloaded after import = 3

========================================================================
Received Import Request.
  Time since last request: 0.000077 seconds.
  path: Assets/Projects/GravityDash/kenney_new-platformer-pack-1.1/Sprites/Tiles/Double/terrain_stone_horizontal_overhang_left.png
  artifactKey: Guid(ee68ccabe0b7b45828ae2cd8ae884b9e) Importer(2089858483,b0f066a214c2f5e87bad3c948f4d605d)
Start importing Assets/Projects/GravityDash/kenney_new-platformer-pack-1.1/Sprites/Tiles/Double/terrain_stone_horizontal_overhang_left.png using Guid(ee68ccabe0b7b45828ae2cd8ae884b9e) Importer(2089858483,b0f066a214c2f5e87bad3c948f4d605d) (ScriptedImporter) -> (artifact id: 'fa79085986f60ac246393c8614541380') in 0.0325109 seconds
Number of updated asset objects reloaded before import = 0Number of asset objects unloaded after import = 3

========================================================================
Received Import Request.
  Time since last request: 0.000055 seconds.
  path: Assets/Projects/GravityDash/kenney_new-platformer-pack-1.1/Sprites/Tiles/Double/hud_key_yellow.png
  artifactKey: Guid(2cc5428e669a0478abbfbd68fa309bc6) Importer(2089858483,b0f066a214c2f5e87bad3c948f4d605d)
Start importing Assets/Projects/GravityDash/kenney_new-platformer-pack-1.1/Sprites/Tiles/Double/hud_key_yellow.png using Guid(2cc5428e669a0478abbfbd68fa309bc6) Importer(2089858483,b0f066a214c2f5e87bad3c948f4d605d) (ScriptedImporter) -> (artifact id: 'b4d1a8ac7657b75f73bdff5153f05ed2') in 0.0281437 seconds
Number of updated asset objects reloaded before import = 0Number of asset objects unloaded after import = 3

========================================================================
Received Import Request.
  Time since last request: 0.000031 seconds.
  path: Assets/Projects/GravityDash/kenney_new-platformer-pack-1.1/Sprites/Tiles/Double/block_strong_exclamation.png
  artifactKey: Guid(ebc7bb7f063e9449d80979e1453f7a3f) Importer(2089858483,b0f066a214c2f5e87bad3c948f4d605d)
Start importing Assets/Projects/GravityDash/kenney_new-platformer-pack-1.1/Sprites/Tiles/Double/block_strong_exclamation.png using Guid(ebc7bb7f063e9449d80979e1453f7a3f) Importer(2089858483,b0f066a214c2f5e87bad3c948f4d605d) (ScriptedImporter) -> (artifact id: 'ba52d26a1321037cdaa35cf92c2b8dfd') in 0.0342085 seconds
Number of updated asset objects reloaded before import = 0Number of asset objects unloaded after import = 3

========================================================================
Received Import Request.
  Time since last request: 0.000021 seconds.
  path: Assets/Projects/GravityDash/kenney_new-platformer-pack-1.1/Sprites/Tiles/Double/key_green.png
  artifactKey: Guid(eec2e13f379ac482bae7ef9ee0edbadf) Importer(2089858483,b0f066a214c2f5e87bad3c948f4d605d)
Start importing Assets/Projects/GravityDash/kenney_new-platformer-pack-1.1/Sprites/Tiles/Double/key_green.png using Guid(eec2e13f379ac482bae7ef9ee0edbadf) Importer(2089858483,b0f066a214c2f5e87bad3c948f4d605d) (ScriptedImporter) -> (artifact id: 'f0baa4bface7aee8956ca5b3ddc8737a') in 0.0367392 seconds
Number of updated asset objects reloaded before import = 0Number of asset objects unloaded after import = 3

========================================================================
Received Import Request.
  Time since last request: 0.000024 seconds.
  path: Assets/Projects/GravityDash/kenney_new-platformer-pack-1.1/Sprites/Tiles/Double/terrain_grass_ramp_long_b.png
  artifactKey: Guid(47c7ee13621104e6a9650ed2789b20e7) Importer(2089858483,b0f066a214c2f5e87bad3c948f4d605d)
Start importing Assets/Projects/GravityDash/kenney_new-platformer-pack-1.1/Sprites/Tiles/Double/terrain_grass_ramp_long_b.png using Guid(47c7ee13621104e6a9650ed2789b20e7) Importer(2089858483,b0f066a214c2f5e87bad3c948f4d605d) (ScriptedImporter) -> (artifact id: '08409579fc6b71f22cef16e5ec40dca2') in 0.0265302 seconds
Number of updated asset objects reloaded before import = 0Number of asset objects unloaded after import = 3

========================================================================
Received Import Request.
  Time since last request: 0.000036 seconds.
  path: Assets/Projects/GravityDash/kenney_new-platformer-pack-1.1/Sprites/Tiles/Double/terrain_stone_block_bottom.png
  artifactKey: Guid(a5f3151f07d86460ba765b817a60a52d) Importer(2089858483,b0f066a214c2f5e87bad3c948f4d605d)
Start importing Assets/Projects/GravityDash/kenney_new-platformer-pack-1.1/Sprites/Tiles/Double/terrain_stone_block_bottom.png using Guid(a5f3151f07d86460ba765b817a60a52d) Importer(2089858483,b0f066a214c2f5e87bad3c948f4d605d) (ScriptedImporter) -> (artifact id: '894215251de1d0c55ec2f86cf8161acc') in 0.0376926 seconds
Number of updated asset objects reloaded before import = 0Number of asset objects unloaded after import = 3

========================================================================
Received Import Request.
  Time since last request: 0.000029 seconds.
  path: Assets/Projects/GravityDash/kenney_ui-pack/PNG/Blue/Double/arrow_decorative_e.png
  artifactKey: Guid(61ab9978da774464099824d0369d4254) Importer(2089858483,b0f066a214c2f5e87bad3c948f4d605d)
Start importing Assets/Projects/GravityDash/kenney_ui-pack/PNG/Blue/Double/arrow_decorative_e.png using Guid(61ab9978da774464099824d0369d4254) Importer(2089858483,b0f066a214c2f5e87bad3c948f4d605d) (ScriptedImporter) -> (artifact id: '603c3feac3aef6759d05f006b1d8ff19') in 0.0308536 seconds
Number of updated asset objects reloaded before import = 0Number of asset objects unloaded after import = 3

========================================================================
Received Import Request.
  Time since last request: 0.000022 seconds.
  path: Assets/Projects/GravityDash/kenney_ui-pack/PNG/Blue/Default/button_rectangle_gradient.png
  artifactKey: Guid(ce0e97fd8a95d4d4ba618782c30c61f5) Importer(2089858483,b0f066a214c2f5e87bad3c948f4d605d)
Start importing Assets/Projects/GravityDash/kenney_ui-pack/PNG/Blue/Default/button_rectangle_gradient.png using Guid(ce0e97fd8a95d4d4ba618782c30c61f5) Importer(2089858483,b0f066a214c2f5e87bad3c948f4d605d) (ScriptedImporter) -> (artifact id: '789ed3ca7acdd7bea9dfe170f8b5c261') in 0.0285235 seconds
Number of updated asset objects reloaded before import = 0Number of asset objects unloaded after import = 3

========================================================================
Received Import Request.
  Time since last request: 0.000023 seconds.
  path: Assets/Projects/GravityDash/kenney_ui-pack/PNG/Blue/Double/button_square_depth_gloss.png
  artifactKey: Guid(e1c3dad5c37ca490c8af1678d2ac1969) Importer(2089858483,b0f066a214c2f5e87bad3c948f4d605d)
Start importing Assets/Projects/GravityDash/kenney_ui-pack/PNG/Blue/Double/button_square_depth_gloss.png using Guid(e1c3dad5c37ca490c8af1678d2ac1969) Importer(2089858483,b0f066a214c2f5e87bad3c948f4d605d) (ScriptedImporter) -> (artifact id: 'e4cdfe8c70a82ab7a254eef5543d49b3') in 0.0278376 seconds
Number of updated asset objects reloaded before import = 0Number of asset objects unloaded after import = 3

========================================================================
Received Import Request.
  Time since last request: 0.000020 seconds.
  path: Assets/Projects/GravityDash/kenney_ui-pack/PNG/Blue/Default/icon_square.png
  artifactKey: Guid(43b91107546b54cf0a1c0461f952a835) Importer(2089858483,b0f066a214c2f5e87bad3c948f4d605d)
Start importing Assets/Projects/GravityDash/kenney_ui-pack/PNG/Blue/Default/icon_square.png using Guid(43b91107546b54cf0a1c0461f952a835) Importer(2089858483,b0f066a214c2f5e87bad3c948f4d605d) (ScriptedImporter) -> (artifact id: '6fbe870e57eb3008268a4df1f1b44f35') in 0.0508782 seconds
Number of updated asset objects reloaded before import = 0Number of asset objects unloaded after import = 3

========================================================================
Received Import Request.
  Time since last request: 0.000037 seconds.
  path: Assets/Projects/GravityDash/kenney_ui-pack/PNG/Blue/Double/check_square_grey_square.png
  artifactKey: Guid(7e1abc960d795481099e19e101a33b11) Importer(2089858483,b0f066a214c2f5e87bad3c948f4d605d)
Start importing Assets/Projects/GravityDash/kenney_ui-pack/PNG/Blue/Double/check_square_grey_square.png using Guid(7e1abc960d795481099e19e101a33b11) Importer(2089858483,b0f066a214c2f5e87bad3c948f4d605d) (ScriptedImporter) -> (artifact id: '33840b5302269c4042487e760890424c') in 0.0286129 seconds
Number of updated asset objects reloaded before import = 0Number of asset objects unloaded after import = 3

========================================================================
Received Import Request.
  Time since last request: 0.000040 seconds.
  path: Assets/Projects/GravityDash/kenney_ui-pack/PNG/Extra/Default/button_round_line.png
  artifactKey: Guid(13ce094d73bab42fdad35202175633f4) Importer(2089858483,b0f066a214c2f5e87bad3c948f4d605d)
Start importing Assets/Projects/GravityDash/kenney_ui-pack/PNG/Extra/Default/button_round_line.png using Guid(13ce094d73bab42fdad35202175633f4) Importer(2089858483,b0f066a214c2f5e87bad3c948f4d605d) (ScriptedImporter) -> (artifact id: '425f91eecb3f458231b0937009657998') in 0.030072 seconds
Number of updated asset objects reloaded before import = 0Number of asset objects unloaded after import = 3

========================================================================
Received Import Request.
  Time since last request: 0.000040 seconds.
  path: Assets/Projects/GravityDash/kenney_ui-pack/PNG/Blue/Double/arrow_decorative_w_small.png
  artifactKey: Guid(329f681556d274b8684dd5fbd098c57f) Importer(2089858483,b0f066a214c2f5e87bad3c948f4d605d)
Start importing Assets/Projects/GravityDash/kenney_ui-pack/PNG/Blue/Double/arrow_decorative_w_small.png using Guid(329f681556d274b8684dd5fbd098c57f) Importer(2089858483,b0f066a214c2f5e87bad3c948f4d605d) (ScriptedImporter) -> (artifact id: '9cbe6747176ead14384e811ab6581e0d') in 0.0314114 seconds
Number of updated asset objects reloaded before import = 0Number of asset objects unloaded after import = 3

========================================================================
Received Import Request.
  Time since last request: 0.000033 seconds.
  path: Assets/Projects/GravityDash/kenney_ui-pack/PNG/Blue/Default/icon_outline_square.png
  artifactKey: Guid(5101f0bad60e346f98e9c0754dadba85) Importer(2089858483,b0f066a214c2f5e87bad3c948f4d605d)
Start importing Assets/Projects/GravityDash/kenney_ui-pack/PNG/Blue/Default/icon_outline_square.png using Guid(5101f0bad60e346f98e9c0754dadba85) Importer(2089858483,b0f066a214c2f5e87bad3c948f4d605d) (ScriptedImporter) -> (artifact id: '0e494adee35243b2230dea6e7e826cf3') in 0.027715 seconds
Number of updated asset objects reloaded before import = 0Number of asset objects unloaded after import = 3

========================================================================
Received Import Request.
  Time since last request: 0.000023 seconds.
  path: Assets/Projects/GravityDash/kenney_ui-pack/PNG/Blue/Double/check_square_grey_checkmark.png
  artifactKey: Guid(bb1040b6e7ca441d5bb05f7eb39c045d) Importer(2089858483,b0f066a214c2f5e87bad3c948f4d605d)
Start importing Assets/Projects/GravityDash/kenney_ui-pack/PNG/Blue/Double/check_square_grey_checkmark.png using Guid(bb1040b6e7ca441d5bb05f7eb39c045d) Importer(2089858483,b0f066a214c2f5e87bad3c948f4d605d) (ScriptedImporter) -> (artifact id: '2aa1f39abb9edd00216d9db8e0cc4a83') in 0.0256503 seconds
Number of updated asset objects reloaded before import = 0Number of asset objects unloaded after import = 3

========================================================================
Received Import Request.
  Time since last request: 0.000025 seconds.
  path: Assets/Projects/GravityDash/kenney_ui-pack/PNG/Blue/Default/check_square_color_square.png
  artifactKey: Guid(bf5a22c087b7f462ea148e715f8ae381) Importer(2089858483,b0f066a214c2f5e87bad3c948f4d605d)
Start importing Assets/Projects/GravityDash/kenney_ui-pack/PNG/Blue/Default/check_square_color_square.png using Guid(bf5a22c087b7f462ea148e715f8ae381) Importer(2089858483,b0f066a214c2f5e87bad3c948f4d605d) (ScriptedImporter) -> (artifact id: '7a34dc2c377d8b4babc1d35430282e15') in 0.0371652 seconds
Number of updated asset objects reloaded before import = 0Number of asset objects unloaded after import = 3

========================================================================
Received Import Request.
  Time since last request: 0.000044 seconds.
  path: Assets/Projects/GravityDash/kenney_ui-pack/PNG/Blue/Default/check_round_color.png
  artifactKey: Guid(acaaac4258021410ca827c8c7c6e0445) Importer(2089858483,b0f066a214c2f5e87bad3c948f4d605d)
Start importing Assets/Projects/GravityDash/kenney_ui-pack/PNG/Blue/Default/check_round_color.png using Guid(acaaac4258021410ca827c8c7c6e0445) Importer(2089858483,b0f066a214c2f5e87bad3c948f4d605d) (ScriptedImporter) -> (artifact id: '125e44bd57c4c75e5084e075914b4887') in 0.0286872 seconds
Number of updated asset objects reloaded before import = 0Number of asset objects unloaded after import = 3

========================================================================
Received Import Request.
  Time since last request: 0.000022 seconds.
  path: Assets/Projects/GravityDash/kenney_new-platformer-pack-1.1/Sprites/Tiles/Double/window.png
  artifactKey: Guid(e2e988330b1a049ec9a462ff9185fd83) Importer(2089858483,b0f066a214c2f5e87bad3c948f4d605d)
Start importing Assets/Projects/GravityDash/kenney_new-platformer-pack-1.1/Sprites/Tiles/Double/window.png using Guid(e2e988330b1a049ec9a462ff9185fd83) Importer(2089858483,b0f066a214c2f5e87bad3c948f4d605d) (ScriptedImporter) -> (artifact id: '4a3a3188b7524cb2a8d61a64f86120af') in 0.0252626 seconds
Number of updated asset objects reloaded before import = 0Number of asset objects unloaded after import = 3

========================================================================
Received Import Request.
  Time since last request: 0.000035 seconds.
  path: Assets/Projects/GravityDash/kenney_ui-pack/PNG/Blue/Double/check_round_round_circle.png
  artifactKey: Guid(8ba4698936bca4129b20d387cdc6456e) Importer(2089858483,b0f066a214c2f5e87bad3c948f4d605d)
Start importing Assets/Projects/GravityDash/kenney_ui-pack/PNG/Blue/Double/check_round_round_circle.png using Guid(8ba4698936bca4129b20d387cdc6456e) Importer(2089858483,b0f066a214c2f5e87bad3c948f4d605d) (ScriptedImporter) -> (artifact id: '11ca3dcd1a432496869aadd16f4ef820') in 0.0289913 seconds
Number of updated asset objects reloaded before import = 0Number of asset objects unloaded after import = 3

========================================================================
Received Import Request.
  Time since last request: 0.000045 seconds.
  path: Assets/Projects/GravityDash/kenney_ui-pack/PNG/Blue/Double/star_outline_depth.png
  artifactKey: Guid(182438bcdd3784be3a20365e7683406b) Importer(2089858483,b0f066a214c2f5e87bad3c948f4d605d)
Start importing Assets/Projects/GravityDash/kenney_ui-pack/PNG/Blue/Double/star_outline_depth.png using Guid(182438bcdd3784be3a20365e7683406b) Importer(2089858483,b0f066a214c2f5e87bad3c948f4d605d) (ScriptedImporter) -> (artifact id: 'b3539de4f83f8cbaab2a412b670d13b6') in 0.0283275 seconds
Number of updated asset objects reloaded before import = 0Number of asset objects unloaded after import = 3

========================================================================
Received Import Request.
  Time since last request: 0.000021 seconds.
  path: Assets/Projects/GravityDash/kenney_ui-pack/PNG/Blue/Default/icon_outline_circle.png
  artifactKey: Guid(bc5088eec34e04a6687985fb4d752a94) Importer(2089858483,b0f066a214c2f5e87bad3c948f4d605d)
Start importing Assets/Projects/GravityDash/kenney_ui-pack/PNG/Blue/Default/icon_outline_circle.png using Guid(bc5088eec34e04a6687985fb4d752a94) Importer(2089858483,b0f066a214c2f5e87bad3c948f4d605d) (ScriptedImporter) -> (artifact id: 'b20e8911e9d5cdf95f2eac5e7f029e7f') in 0.0283082 seconds
Number of updated asset objects reloaded before import = 0Number of asset objects unloaded after import = 3

========================================================================
Received Import Request.
  Time since last request: 0.000031 seconds.
  path: Assets/Projects/GravityDash/kenney_ui-pack/PNG/Blue/Double/slide_vertical_grey_section.png
  artifactKey: Guid(be23c73ba5e94461a8453b8369a32000) Importer(2089858483,b0f066a214c2f5e87bad3c948f4d605d)
Start importing Assets/Projects/GravityDash/kenney_ui-pack/PNG/Blue/Double/slide_vertical_grey_section.png using Guid(be23c73ba5e94461a8453b8369a32000) Importer(2089858483,b0f066a214c2f5e87bad3c948f4d605d) (ScriptedImporter) -> (artifact id: '3ca0e076c22cdf33f9cec9bece3122d4') in 0.0240076 seconds
Number of updated asset objects reloaded before import = 0Number of asset objects unloaded after import = 3

========================================================================
Received Import Request.
  Time since last request: 0.000021 seconds.
  path: Assets/Projects/GravityDash/kenney_ui-pack/PNG/Extra/Default/button_square_line.png
  artifactKey: Guid(84b5133dc40524d218e8f18e518140f8) Importer(2089858483,b0f066a214c2f5e87bad3c948f4d605d)
Start importing Assets/Projects/GravityDash/kenney_ui-pack/PNG/Extra/Default/button_square_line.png using Guid(84b5133dc40524d218e8f18e518140f8) Importer(2089858483,b0f066a214c2f5e87bad3c948f4d605d) (ScriptedImporter) -> (artifact id: '3c041c1e6c4babbe951559be9671a03b') in 0.0314439 seconds
Number of updated asset objects reloaded before import = 0Number of asset objects unloaded after import = 3

========================================================================
Received Import Request.
  Time since last request: 0.000028 seconds.
  path: Assets/Projects/GravityDash/kenney_ui-pack/PNG/Blue/Default/arrow_decorative_e_small.png
  artifactKey: Guid(4aa0dcc669ccd4557a30452b22632f23) Importer(2089858483,b0f066a214c2f5e87bad3c948f4d605d)
Start importing Assets/Projects/GravityDash/kenney_ui-pack/PNG/Blue/Default/arrow_decorative_e_small.png using Guid(4aa0dcc669ccd4557a30452b22632f23) Importer(2089858483,b0f066a214c2f5e87bad3c948f4d605d) (ScriptedImporter) -> (artifact id: 'c04a12738daf73e12785c2025a21553f') in 0.0300405 seconds
Number of updated asset objects reloaded before import = 0Number of asset objects unloaded after import = 3

========================================================================
Received Import Request.
  Time since last request: 0.000027 seconds.
  path: Assets/Projects/GravityDash/kenney_ui-pack/PNG/Blue/Default/arrow_decorative_n_small.png
  artifactKey: Guid(88e192e8bb0ac43e6a357252ffbdca19) Importer(2089858483,b0f066a214c2f5e87bad3c948f4d605d)
Start importing Assets/Projects/GravityDash/kenney_ui-pack/PNG/Blue/Default/arrow_decorative_n_small.png using Guid(88e192e8bb0ac43e6a357252ffbdca19) Importer(2089858483,b0f066a214c2f5e87bad3c948f4d605d) (ScriptedImporter) -> (artifact id: '792c80f88cbd5b552d7b6d49ebe5e5db') in 0.0258346 seconds
Number of updated asset objects reloaded before import = 0Number of asset objects unloaded after import = 3

========================================================================
Received Import Request.
  Time since last request: 0.000073 seconds.
  path: Assets/Projects/GravityDash/kenney_ui-pack/PNG/Blue/Default/check_round_grey.png
  artifactKey: Guid(f0c2b381735ce4d849791eaf5cf8a771) Importer(2089858483,b0f066a214c2f5e87bad3c948f4d605d)
Start importing Assets/Projects/GravityDash/kenney_ui-pack/PNG/Blue/Default/check_round_grey.png using Guid(f0c2b381735ce4d849791eaf5cf8a771) Importer(2089858483,b0f066a214c2f5e87bad3c948f4d605d) (ScriptedImporter) -> (artifact id: 'd21d8780840df8ea0d6de5677f728201') in 0.0292515 seconds
Number of updated asset objects reloaded before import = 0Number of asset objects unloaded after import = 3

========================================================================
Received Import Request.
  Time since last request: 0.000024 seconds.
  path: Assets/Projects/GravityDash/kenney_ui-pack/PNG/Extra/Default/icon_repeat_dark.png
  artifactKey: Guid(a94c9b32689af4a728b9ab91ef2789b9) Importer(2089858483,b0f066a214c2f5e87bad3c948f4d605d)
Start importing Assets/Projects/GravityDash/kenney_ui-pack/PNG/Extra/Default/icon_repeat_dark.png using Guid(a94c9b32689af4a728b9ab91ef2789b9) Importer(2089858483,b0f066a214c2f5e87bad3c948f4d605d) (ScriptedImporter) -> (artifact id: 'bae3b5a46b6524c83280d42fc23c0889') in 0.0297552 seconds
Number of updated asset objects reloaded before import = 0Number of asset objects unloaded after import = 3

========================================================================
Received Import Request.
  Time since last request: 0.000031 seconds.
  path: Assets/Projects/GravityDash/kenney_ui-pack/PNG/Blue/Default/button_square_border.png
  artifactKey: Guid(7737f0012bb834be7990d42be16ad80f) Importer(2089858483,b0f066a214c2f5e87bad3c948f4d605d)
Start importing Assets/Projects/GravityDash/kenney_ui-pack/PNG/Blue/Default/button_square_border.png using Guid(7737f0012bb834be7990d42be16ad80f) Importer(2089858483,b0f066a214c2f5e87bad3c948f4d605d) (ScriptedImporter) -> (artifact id: 'cfa5d4a4e6c8172907e23ad388fe64b7') in 0.0285132 seconds
Number of updated asset objects reloaded before import = 0Number of asset objects unloaded after import = 3

========================================================================
Received Import Request.
  Time since last request: 0.000031 seconds.
  path: Assets/Projects/GravityDash/kenney_ui-pack/PNG/Blue/Double/arrow_decorative_n_small.png
  artifactKey: Guid(17443d43514d042bba6f9e363fc3797d) Importer(2089858483,b0f066a214c2f5e87bad3c948f4d605d)
Start importing Assets/Projects/GravityDash/kenney_ui-pack/PNG/Blue/Double/arrow_decorative_n_small.png using Guid(17443d43514d042bba6f9e363fc3797d) Importer(2089858483,b0f066a214c2f5e87bad3c948f4d605d) (ScriptedImporter) -> (artifact id: 'd017e4ab6e35e60cab60c1ffabb3e027') in 0.0305475 seconds
Number of updated asset objects reloaded before import = 0Number of asset objects unloaded after import = 3

========================================================================
Received Import Request.
  Time since last request: 0.000034 seconds.
  path: Assets/Projects/GravityDash/kenney_new-platformer-pack-1.1/Sprites/Tiles/Double/terrain_snow_horizontal_right.png
  artifactKey: Guid(04efeff92ac464b1087d4791dc081bc0) Importer(2089858483,b0f066a214c2f5e87bad3c948f4d605d)
Start importing Assets/Projects/GravityDash/kenney_new-platformer-pack-1.1/Sprites/Tiles/Double/terrain_snow_horizontal_right.png using Guid(04efeff92ac464b1087d4791dc081bc0) Importer(2089858483,b0f066a214c2f5e87bad3c948f4d605d) (ScriptedImporter) -> (artifact id: '6de37e0c88e5915f5ee5806887ddb95b') in 0.0306987 seconds
Number of updated asset objects reloaded before import = 0Number of asset objects unloaded after import = 3

========================================================================
Received Import Request.
  Time since last request: 0.000023 seconds.
  path: Assets/Projects/GravityDash/kenney_new-platformer-pack-1.1/Sprites/Tiles/Double/key_red.png
  artifactKey: Guid(0f00f5d952a66419d94e95bd2bedaede) Importer(2089858483,b0f066a214c2f5e87bad3c948f4d605d)
Start importing Assets/Projects/GravityDash/kenney_new-platformer-pack-1.1/Sprites/Tiles/Double/key_red.png using Guid(0f00f5d952a66419d94e95bd2bedaede) Importer(2089858483,b0f066a214c2f5e87bad3c948f4d605d) (ScriptedImporter) -> (artifact id: 'bacd51be41a4033a0f1c6d2a49599376') in 0.0369866 seconds
Number of updated asset objects reloaded before import = 0Number of asset objects unloaded after import = 3

========================================================================
Received Import Request.
  Time since last request: 0.000139 seconds.
  path: Assets/Projects/GravityDash/kenney_new-platformer-pack-1.1/Sprites/Tiles/Double/terrain_snow_vertical_top.png
  artifactKey: Guid(713b36043734841a9b59a2be6a4fcf31) Importer(2089858483,b0f066a214c2f5e87bad3c948f4d605d)
Start importing Assets/Projects/GravityDash/kenney_new-platformer-pack-1.1/Sprites/Tiles/Double/terrain_snow_vertical_top.png using Guid(713b36043734841a9b59a2be6a4fcf31) Importer(2089858483,b0f066a214c2f5e87bad3c948f4d605d) (ScriptedImporter) -> (artifact id: '03bc3a6dc657373e8efd911a3614447a') in 0.032198 seconds
Number of updated asset objects reloaded before import = 0Number of asset objects unloaded after import = 3

========================================================================
Received Import Request.
  Time since last request: 0.000023 seconds.
  path: Assets/Projects/GravityDash/kenney_new-platformer-pack-1.1/Sprites/Tiles/Double/terrain_purple_block_center.png
  artifactKey: Guid(873bfcdc352fb4caba372c7bd88c9089) Importer(2089858483,b0f066a214c2f5e87bad3c948f4d605d)
Start importing Assets/Projects/GravityDash/kenney_new-platformer-pack-1.1/Sprites/Tiles/Double/terrain_purple_block_center.png using Guid(873bfcdc352fb4caba372c7bd88c9089) Importer(2089858483,b0f066a214c2f5e87bad3c948f4d605d) (ScriptedImporter) -> (artifact id: 'cb404c53bd9e1081ce664e5d5bcd133e') in 0.0356505 seconds
Number of updated asset objects reloaded before import = 0Number of asset objects unloaded after import = 3

========================================================================
Received Import Request.
  Time since last request: 0.000026 seconds.
  path: Assets/Projects/GravityDash/kenney_ui-pack/PNG/Blue/Default/slide_vertical_color.png
  artifactKey: Guid(98e9b23ba305b4ee58a29370c393bf15) Importer(2089858483,b0f066a214c2f5e87bad3c948f4d605d)
Start importing Assets/Projects/GravityDash/kenney_ui-pack/PNG/Blue/Default/slide_vertical_color.png using Guid(98e9b23ba305b4ee58a29370c393bf15) Importer(2089858483,b0f066a214c2f5e87bad3c948f4d605d) (ScriptedImporter) -> (artifact id: '5b7ea1a778ccc5a6e99c895ba4135508') in 0.0340713 seconds
Number of updated asset objects reloaded before import = 0Number of asset objects unloaded after import = 3

========================================================================
Received Import Request.
  Time since last request: 0.000037 seconds.
  path: Assets/Projects/GravityDash/kenney_ui-pack/PNG/Blue/Default/slide_vertical_color_section_wide.png
  artifactKey: Guid(6a28e69dad05142ca83a6d812ffdf6b3) Importer(2089858483,b0f066a214c2f5e87bad3c948f4d605d)
Start importing Assets/Projects/GravityDash/kenney_ui-pack/PNG/Blue/Default/slide_vertical_color_section_wide.png using Guid(6a28e69dad05142ca83a6d812ffdf6b3) Importer(2089858483,b0f066a214c2f5e87bad3c948f4d605d) (ScriptedImporter) -> (artifact id: '01f747e52c264c660fbba394fc7ccfe0') in 0.0308014 seconds
Number of updated asset objects reloaded before import = 0Number of asset objects unloaded after import = 3

========================================================================
Received Import Request.
  Time since last request: 0.000027 seconds.
  path: Assets/Projects/GravityDash/kenney_new-platformer-pack-1.1/Sprites/Tiles/Double/terrain_purple_block_bottom_left.png
  artifactKey: Guid(d8f7bfa42cf794e88b92cd1e6f105cfa) Importer(2089858483,b0f066a214c2f5e87bad3c948f4d605d)
Start importing Assets/Projects/GravityDash/kenney_new-platformer-pack-1.1/Sprites/Tiles/Double/terrain_purple_block_bottom_left.png using Guid(d8f7bfa42cf794e88b92cd1e6f105cfa) Importer(2089858483,b0f066a214c2f5e87bad3c948f4d605d) (ScriptedImporter) -> (artifact id: '73d7bd30bf0e6cdf1440337236dd14ea') in 0.0307664 seconds
Number of updated asset objects reloaded before import = 0Number of asset objects unloaded after import = 3

========================================================================
Received Import Request.
  Time since last request: 0.000035 seconds.
  path: Assets/Projects/GravityDash/kenney_new-platformer-pack-1.1/Sprites/Tiles/Double/flag_blue_b.png
  artifactKey: Guid(5e15c3613576747b9b09b3bd4bc0884b) Importer(2089858483,b0f066a214c2f5e87bad3c948f4d605d)
Start importing Assets/Projects/GravityDash/kenney_new-platformer-pack-1.1/Sprites/Tiles/Double/flag_blue_b.png using Guid(5e15c3613576747b9b09b3bd4bc0884b) Importer(2089858483,b0f066a214c2f5e87bad3c948f4d605d) (ScriptedImporter) -> (artifact id: 'd2038b3a71c133df8cd5903cfa9f9844') in 0.0318199 seconds
Number of updated asset objects reloaded before import = 0Number of asset objects unloaded after import = 3

========================================================================
Received Import Request.
  Time since last request: 0.000032 seconds.
  path: Assets/Projects/GravityDash/kenney_new-platformer-pack-1.1/Sprites/Tiles/Double/terrain_grass_ramp_short_a.png
  artifactKey: Guid(b118a4710269341cfb176c269429e8c3) Importer(2089858483,b0f066a214c2f5e87bad3c948f4d605d)
Start importing Assets/Projects/GravityDash/kenney_new-platformer-pack-1.1/Sprites/Tiles/Double/terrain_grass_ramp_short_a.png using Guid(b118a4710269341cfb176c269429e8c3) Importer(2089858483,b0f066a214c2f5e87bad3c948f4d605d) (ScriptedImporter) -> (artifact id: '67570e676d913d614f9a496e1c74484f') in 0.0293271 seconds
Number of updated asset objects reloaded before import = 0Number of asset objects unloaded after import = 3

========================================================================
Received Import Request.
  Time since last request: 0.000019 seconds.
  path: Assets/Projects/GravityDash/kenney_new-platformer-pack-1.1/Sprites/Tiles/Double/rop_attached.png
  artifactKey: Guid(d05feea5ab24a430ea73986590dc5a9c) Importer(2089858483,b0f066a214c2f5e87bad3c948f4d605d)
Start importing Assets/Projects/GravityDash/kenney_new-platformer-pack-1.1/Sprites/Tiles/Double/rop_attached.png using Guid(d05feea5ab24a430ea73986590dc5a9c) Importer(2089858483,b0f066a214c2f5e87bad3c948f4d605d) (ScriptedImporter) -> (artifact id: '232b4aecfee6e55ea291dbc0851365ff') in 0.0299619 seconds
Number of updated asset objects reloaded before import = 0Number of asset objects unloaded after import = 3

========================================================================
Received Import Request.
  Time since last request: 0.000027 seconds.
  path: Assets/Projects/GravityDash/kenney_new-platformer-pack-1.1/Sprites/Tiles/Double/lock_red.png
  artifactKey: Guid(ef6e979828a2843fb9bf83b4556f3221) Importer(2089858483,b0f066a214c2f5e87bad3c948f4d605d)
Start importing Assets/Projects/GravityDash/kenney_new-platformer-pack-1.1/Sprites/Tiles/Double/lock_red.png using Guid(ef6e979828a2843fb9bf83b4556f3221) Importer(2089858483,b0f066a214c2f5e87bad3c948f4d605d) (ScriptedImporter) -> (artifact id: '05cda766bac44bfa3b6628ec5c88b9b2') in 0.0282653 seconds
Number of updated asset objects reloaded before import = 0Number of asset objects unloaded after import = 3

========================================================================
Received Import Request.
  Time since last request: 0.000026 seconds.
  path: Assets/Projects/GravityDash/kenney_ui-pack/PNG/Green/Double/arrow_decorative_e.png
  artifactKey: Guid(e47bec371758b49d09aef9c350b8ea2e) Importer(2089858483,b0f066a214c2f5e87bad3c948f4d605d)
Start importing Assets/Projects/GravityDash/kenney_ui-pack/PNG/Green/Double/arrow_decorative_e.png using Guid(e47bec371758b49d09aef9c350b8ea2e) Importer(2089858483,b0f066a214c2f5e87bad3c948f4d605d) (ScriptedImporter) -> (artifact id: 'db2df83493671b16862382458c00f1f2') in 0.0311009 seconds
Number of updated asset objects reloaded before import = 0Number of asset objects unloaded after import = 3

========================================================================
Received Import Request.
  Time since last request: 0.000022 seconds.
  path: Assets/Projects/GravityDash/kenney_ui-pack/PNG/Green/Default/slide_horizontal_grey_section.png
  artifactKey: Guid(1cd8768e85f3a44a8b8fb31da7883415) Importer(2089858483,b0f066a214c2f5e87bad3c948f4d605d)
Start importing Assets/Projects/GravityDash/kenney_ui-pack/PNG/Green/Default/slide_horizontal_grey_section.png using Guid(1cd8768e85f3a44a8b8fb31da7883415) Importer(2089858483,b0f066a214c2f5e87bad3c948f4d605d) (ScriptedImporter) -> (artifact id: '1d21a8dc3ecf69ac4e46e4692f50e8bd') in 0.0303076 seconds
Number of updated asset objects reloaded before import = 0Number of asset objects unloaded after import = 3

========================================================================
Received Import Request.
  Time since last request: 0.000024 seconds.
  path: Assets/Projects/GravityDash/kenney_ui-pack/PNG/Green/Double/button_rectangle_line.png
  artifactKey: Guid(77a06650a799047f98f06ffb2f008cb7) Importer(2089858483,b0f066a214c2f5e87bad3c948f4d605d)
Start importing Assets/Projects/GravityDash/kenney_ui-pack/PNG/Green/Double/button_rectangle_line.png using Guid(77a06650a799047f98f06ffb2f008cb7) Importer(2089858483,b0f066a214c2f5e87bad3c948f4d605d) (ScriptedImporter) -> (artifact id: 'a97d9bfc55475c86dd2dcf61c82ef1f5') in 0.0318913 seconds
Number of updated asset objects reloaded before import = 0Number of asset objects unloaded after import = 3

========================================================================
Received Import Request.
  Time since last request: 0.000029 seconds.
  path: Assets/Projects/GravityDash/kenney_ui-pack/PNG/Green/Default/button_round_gloss.png
  artifactKey: Guid(f8537438e2a69480fa89d1b2ec3fb874) Importer(2089858483,b0f066a214c2f5e87bad3c948f4d605d)
Start importing Assets/Projects/GravityDash/kenney_ui-pack/PNG/Green/Default/button_round_gloss.png using Guid(f8537438e2a69480fa89d1b2ec3fb874) Importer(2089858483,b0f066a214c2f5e87bad3c948f4d605d) (ScriptedImporter) -> (artifact id: '9cd4026c8897495d31ee8c1c18e2acf4') in 0.033425 seconds
Number of updated asset objects reloaded before import = 0Number of asset objects unloaded after import = 3

========================================================================
Received Import Request.
  Time since last request: 0.000039 seconds.
  path: Assets/Projects/GravityDash/kenney_ui-pack/PNG/Extra/Double/button_rectangle_line.png
  artifactKey: Guid(3cc9a85ad72fe4995bd84b617ca2a1c1) Importer(2089858483,b0f066a214c2f5e87bad3c948f4d605d)
Start importing Assets/Projects/GravityDash/kenney_ui-pack/PNG/Extra/Double/button_rectangle_line.png using Guid(3cc9a85ad72fe4995bd84b617ca2a1c1) Importer(2089858483,b0f066a214c2f5e87bad3c948f4d605d) (ScriptedImporter) -> (artifact id: 'ceccf7b77f273f1ab5becf00b9f473cb') in 0.0316052 seconds
Number of updated asset objects reloaded before import = 0Number of asset objects unloaded after import = 3

========================================================================
Received Import Request.
  Time since last request: 0.000026 seconds.
  path: Assets/Projects/GravityDash/kenney_ui-pack/PNG/Extra/Double/icon_repeat_dark.png
  artifactKey: Guid(bbd78f7252ac94dc491e69070d5d7496) Importer(2089858483,b0f066a214c2f5e87bad3c948f4d605d)
Start importing Assets/Projects/GravityDash/kenney_ui-pack/PNG/Extra/Double/icon_repeat_dark.png using Guid(bbd78f7252ac94dc491e69070d5d7496) Importer(2089858483,b0f066a214c2f5e87bad3c948f4d605d) (ScriptedImporter) -> (artifact id: 'd795670647af93c8c8c57c8612c42feb') in 0.0345782 seconds
Number of updated asset objects reloaded before import = 0Number of asset objects unloaded after import = 3

========================================================================
Received Import Request.
  Time since last request: 0.000026 seconds.
  path: Assets/Projects/GravityDash/kenney_ui-pack/PNG/Green/Default/arrow_decorative_w_small.png
  artifactKey: Guid(a1c9ce308c79a471da3944920d08a5df) Importer(2089858483,b0f066a214c2f5e87bad3c948f4d605d)
Start importing Assets/Projects/GravityDash/kenney_ui-pack/PNG/Green/Default/arrow_decorative_w_small.png using Guid(a1c9ce308c79a471da3944920d08a5df) Importer(2089858483,b0f066a214c2f5e87bad3c948f4d605d) (ScriptedImporter) -> (artifact id: '72f7f470ae5de95840181804e42e21ba') in 0.0329305 seconds
Number of updated asset objects reloaded before import = 0Number of asset objects unloaded after import = 3

========================================================================
Received Import Request.
  Time since last request: 0.000024 seconds.
  path: Assets/Projects/GravityDash/kenney_ui-pack/PNG/Green/Double/icon_checkmark.png
  artifactKey: Guid(71a0749d3007e4bb3841325252e992b2) Importer(2089858483,b0f066a214c2f5e87bad3c948f4d605d)
Start importing Assets/Projects/GravityDash/kenney_ui-pack/PNG/Green/Double/icon_checkmark.png using Guid(71a0749d3007e4bb3841325252e992b2) Importer(2089858483,b0f066a214c2f5e87bad3c948f4d605d) (ScriptedImporter) -> (artifact id: '718616b5c277bed87f29e639e24b2711') in 0.0316865 seconds
Number of updated asset objects reloaded before import = 0Number of asset objects unloaded after import = 3

========================================================================
Received Import Request.
  Time since last request: 0.000025 seconds.
  path: Assets/Projects/GravityDash/kenney_ui-pack/PNG/Green/Default/button_square_depth_gloss.png
  artifactKey: Guid(e8f0efb3760004a0bad377efba20ca0d) Importer(2089858483,b0f066a214c2f5e87bad3c948f4d605d)
Start importing Assets/Projects/GravityDash/kenney_ui-pack/PNG/Green/Default/button_square_depth_gloss.png using Guid(e8f0efb3760004a0bad377efba20ca0d) Importer(2089858483,b0f066a214c2f5e87bad3c948f4d605d) (ScriptedImporter) -> (artifact id: '6da93b9567b3ac26d2e111f51084b9d4') in 0.034175 seconds
Number of updated asset objects reloaded before import = 0Number of asset objects unloaded after import = 3

========================================================================
Received Import Request.
  Time since last request: 0.000028 seconds.
  path: Assets/Projects/GravityDash/kenney_ui-pack/PNG/Extra/Double/button_square_line.png
  artifactKey: Guid(705e1e97639c944e3b57cee8628b074a) Importer(2089858483,b0f066a214c2f5e87bad3c948f4d605d)
Start importing Assets/Projects/GravityDash/kenney_ui-pack/PNG/Extra/Double/button_square_line.png using Guid(705e1e97639c944e3b57cee8628b074a) Importer(2089858483,b0f066a214c2f5e87bad3c948f4d605d) (ScriptedImporter) -> (artifact id: 'ba6338925c7a3ac1e7fade82fca55f21') in 0.0305853 seconds
Number of updated asset objects reloaded before import = 0Number of asset objects unloaded after import = 3

========================================================================
Received Import Request.
  Time since last request: 0.000043 seconds.
  path: Assets/Projects/GravityDash/kenney_ui-pack/PNG/Green/Double/button_round_border.png
  artifactKey: Guid(0e16e8690d5c94b78bb29324a6721194) Importer(2089858483,b0f066a214c2f5e87bad3c948f4d605d)
Start importing Assets/Projects/GravityDash/kenney_ui-pack/PNG/Green/Double/button_round_border.png using Guid(0e16e8690d5c94b78bb29324a6721194) Importer(2089858483,b0f066a214c2f5e87bad3c948f4d605d) (ScriptedImporter) -> (artifact id: '32ff5965ad73c96db1e7f4d3ef18164f') in 0.03653 seconds
Number of updated asset objects reloaded before import = 0Number of asset objects unloaded after import = 3

========================================================================
Received Import Request.
  Time since last request: 0.000033 seconds.
  path: Assets/Projects/GravityDash/kenney_ui-pack/PNG/Green/Double/arrow_decorative_e_small.png
  artifactKey: Guid(33db9840cae62487d8f8b1bb52ace27d) Importer(2089858483,b0f066a214c2f5e87bad3c948f4d605d)
Start importing Assets/Projects/GravityDash/kenney_ui-pack/PNG/Green/Double/arrow_decorative_e_small.png using Guid(33db9840cae62487d8f8b1bb52ace27d) Importer(2089858483,b0f066a214c2f5e87bad3c948f4d605d) (ScriptedImporter) -> (artifact id: '1b4a3d2e31ee4abcb8bcb0b415542186') in 0.0335732 seconds
Number of updated asset objects reloaded before import = 0Number of asset objects unloaded after import = 3

========================================================================
Received Import Request.
  Time since last request: 0.000034 seconds.
  path: Assets/Projects/GravityDash/kenney_ui-pack/PNG/Green/Double/arrow_basic_n.png
  artifactKey: Guid(df369750cdcdf4cacbca51f8c51da6d5) Importer(2089858483,b0f066a214c2f5e87bad3c948f4d605d)
Start importing Assets/Projects/GravityDash/kenney_ui-pack/PNG/Green/Double/arrow_basic_n.png using Guid(df369750cdcdf4cacbca51f8c51da6d5) Importer(2089858483,b0f066a214c2f5e87bad3c948f4d605d) (ScriptedImporter) -> (artifact id: '7fe585bf702e194d923ad7a5ef4bd343') in 0.0351635 seconds
Number of updated asset objects reloaded before import = 0Number of asset objects unloaded after import = 3

========================================================================
Received Import Request.
  Time since last request: 0.000034 seconds.
  path: Assets/Projects/GravityDash/kenney_ui-pack/PNG/Extra/Double/icon_arrow_down_outline.png
  artifactKey: Guid(aabe418cd7a904bdea02de54fcc8d75b) Importer(2089858483,b0f066a214c2f5e87bad3c948f4d605d)
Start importing Assets/Projects/GravityDash/kenney_ui-pack/PNG/Extra/Double/icon_arrow_down_outline.png using Guid(aabe418cd7a904bdea02de54fcc8d75b) Importer(2089858483,b0f066a214c2f5e87bad3c948f4d605d) (ScriptedImporter) -> (artifact id: 'f61e36ad996da298a8fe4445e4526e5a') in 0.0323806 seconds
Number of updated asset objects reloaded before import = 0Number of asset objects unloaded after import = 3

========================================================================
Received Import Request.
  Time since last request: 0.000030 seconds.
  path: Assets/Projects/GravityDash/kenney_ui-pack/PNG/Green/Double/button_round_depth_flat.png
  artifactKey: Guid(12167f9aa08154066a21773896ff1607) Importer(2089858483,b0f066a214c2f5e87bad3c948f4d605d)
Start importing Assets/Projects/GravityDash/kenney_ui-pack/PNG/Green/Double/button_round_depth_flat.png using Guid(12167f9aa08154066a21773896ff1607) Importer(2089858483,b0f066a214c2f5e87bad3c948f4d605d) (ScriptedImporter) -> (artifact id: '45a7d617c3a9a09d1cb1966be03299fa') in 0.0318345 seconds
Number of updated asset objects reloaded before import = 0Number of asset objects unloaded after import = 3

========================================================================
Received Import Request.
  Time since last request: 0.000041 seconds.
  path: Assets/Projects/GravityDash/kenney_ui-pack/PNG/Green/Double/button_rectangle_gradient.png
  artifactKey: Guid(d98418382e1704c4cae6f9ee20e1025d) Importer(2089858483,b0f066a214c2f5e87bad3c948f4d605d)
Start importing Assets/Projects/GravityDash/kenney_ui-pack/PNG/Green/Double/button_rectangle_gradient.png using Guid(d98418382e1704c4cae6f9ee20e1025d) Importer(2089858483,b0f066a214c2f5e87bad3c948f4d605d) (ScriptedImporter) -> (artifact id: '64db4d7b06f7bda67c07c174effaba3e') in 0.0306804 seconds
Number of updated asset objects reloaded before import = 0Number of asset objects unloaded after import = 3

========================================================================
Received Import Request.
  Time since last request: 0.000043 seconds.
  path: Assets/Projects/GravityDash/kenney_ui-pack/PNG/Extra/Double/input_outline_square.png
  artifactKey: Guid(c0206c950cd424b9f8c1598ef0a3d12a) Importer(2089858483,b0f066a214c2f5e87bad3c948f4d605d)
Start importing Assets/Projects/GravityDash/kenney_ui-pack/PNG/Extra/Double/input_outline_square.png using Guid(c0206c950cd424b9f8c1598ef0a3d12a) Importer(2089858483,b0f066a214c2f5e87bad3c948f4d605d) (ScriptedImporter) -> (artifact id: '75a2bd335c9ef2f33001fe492cd34171') in 0.0338955 seconds
Number of updated asset objects reloaded before import = 0Number of asset objects unloaded after import = 3

========================================================================
Received Import Request.
  Time since last request: 0.000034 seconds.
  path: Assets/Projects/GravityDash/kenney_ui-pack/PNG/Green/Double/button_square_depth_gloss.png
  artifactKey: Guid(ff1d4f6d3821a467ab4b0f978e7c940f) Importer(2089858483,b0f066a214c2f5e87bad3c948f4d605d)
Start importing Assets/Projects/GravityDash/kenney_ui-pack/PNG/Green/Double/button_square_depth_gloss.png using Guid(ff1d4f6d3821a467ab4b0f978e7c940f) Importer(2089858483,b0f066a214c2f5e87bad3c948f4d605d) (ScriptedImporter) -> (artifact id: '1bce46fff8aa8a433dfffe045a9b6899') in 0.0334882 seconds
Number of updated asset objects reloaded before import = 0Number of asset objects unloaded after import = 3

========================================================================
Received Import Request.
  Time since last request: 0.000073 seconds.
  path: Assets/Projects/GravityDash/kenney_ui-pack/PNG/Green/Double/check_square_color_square.png
  artifactKey: Guid(c4d98136030c244a68c23c3a7a5c4136) Importer(2089858483,b0f066a214c2f5e87bad3c948f4d605d)
Start importing Assets/Projects/GravityDash/kenney_ui-pack/PNG/Green/Double/check_square_color_square.png using Guid(c4d98136030c244a68c23c3a7a5c4136) Importer(2089858483,b0f066a214c2f5e87bad3c948f4d605d) (ScriptedImporter) -> (artifact id: '105c218df3d8b86c600cd0f0a9215ddd') in 0.0322614 seconds
Number of updated asset objects reloaded before import = 0Number of asset objects unloaded after import = 3

========================================================================
Received Import Request.
  Time since last request: 0.000027 seconds.
  path: Assets/Projects/GravityDash/kenney_ui-pack/PNG/Green/Double/button_square_depth_border.png
  artifactKey: Guid(e91782d2c303c494bb085b0f02f0ea7f) Importer(2089858483,b0f066a214c2f5e87bad3c948f4d605d)
Start importing Assets/Projects/GravityDash/kenney_ui-pack/PNG/Green/Double/button_square_depth_border.png using Guid(e91782d2c303c494bb085b0f02f0ea7f) Importer(2089858483,b0f066a214c2f5e87bad3c948f4d605d) (ScriptedImporter) -> (artifact id: 'd4b76c09e85349e70936cc8199aef7be') in 0.0366183 seconds
Number of updated asset objects reloaded before import = 0Number of asset objects unloaded after import = 3

========================================================================
Received Import Request.
  Time since last request: 0.000027 seconds.
  path: Assets/Projects/GravityDash/kenney_ui-pack/PNG/Green/Double/button_rectangle_border.png
  artifactKey: Guid(1b452e1e0fd664b7fbe0443b03ce8731) Importer(2089858483,b0f066a214c2f5e87bad3c948f4d605d)
Start importing Assets/Projects/GravityDash/kenney_ui-pack/PNG/Green/Double/button_rectangle_border.png using Guid(1b452e1e0fd664b7fbe0443b03ce8731) Importer(2089858483,b0f066a214c2f5e87bad3c948f4d605d) (ScriptedImporter) -> (artifact id: '963443727b278cb2758d138013f0838b') in 0.0340729 seconds
Number of updated asset objects reloaded before import = 0Number of asset objects unloaded after import = 3

========================================================================
Received Import Request.
  Time since last request: 0.000084 seconds.
  path: Assets/Projects/GravityDash/kenney_new-platformer-pack-1.1/Sprites/Tiles/Double/hud_key_red.png
  artifactKey: Guid(e69f121225cb84bedbb14f49ab8ade07) Importer(2089858483,b0f066a214c2f5e87bad3c948f4d605d)
Start importing Assets/Projects/GravityDash/kenney_new-platformer-pack-1.1/Sprites/Tiles/Double/hud_key_red.png using Guid(e69f121225cb84bedbb14f49ab8ade07) Importer(2089858483,b0f066a214c2f5e87bad3c948f4d605d) (ScriptedImporter) -> (artifact id: '4d0b8fc308ac69cd2c1d9678fbe9157b') in 0.0313206 seconds
Number of updated asset objects reloaded before import = 0Number of asset objects unloaded after import = 3

========================================================================
Received Import Request.
  Time since last request: 0.000037 seconds.
  path: Assets/Projects/GravityDash/kenney_ui-pack/PNG/Green/Default/arrow_basic_n_small.png
  artifactKey: Guid(b6b264ae1e449463b9edf5822dd7548f) Importer(2089858483,b0f066a214c2f5e87bad3c948f4d605d)
Start importing Assets/Projects/GravityDash/kenney_ui-pack/PNG/Green/Default/arrow_basic_n_small.png using Guid(b6b264ae1e449463b9edf5822dd7548f) Importer(2089858483,b0f066a214c2f5e87bad3c948f4d605d) (ScriptedImporter) -> (artifact id: '81a4c3c79f1d62e681512e4e428cd18f') in 0.0309809 seconds
Number of updated asset objects reloaded before import = 0Number of asset objects unloaded after import = 3

========================================================================
Received Import Request.
  Time since last request: 0.000027 seconds.
  path: Assets/Projects/GravityDash/kenney_new-platformer-pack-1.1/Sprites/Tiles/Double/lock_yellow.png
  artifactKey: Guid(752fb901efeec45579043b2089dd7794) Importer(2089858483,b0f066a214c2f5e87bad3c948f4d605d)
Start importing Assets/Projects/GravityDash/kenney_new-platformer-pack-1.1/Sprites/Tiles/Double/lock_yellow.png using Guid(752fb901efeec45579043b2089dd7794) Importer(2089858483,b0f066a214c2f5e87bad3c948f4d605d) (ScriptedImporter) -> (artifact id: '48a412aa74c6c2658e11f1a02f9b43c3') in 0.0479358 seconds
Number of updated asset objects reloaded before import = 0Number of asset objects unloaded after import = 3

========================================================================
Received Import Request.
  Time since last request: 0.000034 seconds.
  path: Assets/Projects/GravityDash/kenney_ui-pack/PNG/Blue/Double/arrow_basic_w_small.png
  artifactKey: Guid(2838392edfaf6405d830badabdd1962e) Importer(2089858483,b0f066a214c2f5e87bad3c948f4d605d)
Start importing Assets/Projects/GravityDash/kenney_ui-pack/PNG/Blue/Double/arrow_basic_w_small.png using Guid(2838392edfaf6405d830badabdd1962e) Importer(2089858483,b0f066a214c2f5e87bad3c948f4d605d) (ScriptedImporter) -> (artifact id: '0ce2d96313038bd271425b013e16852d') in 0.0522281 seconds
Number of updated asset objects reloaded before import = 0Number of asset objects unloaded after import = 3

========================================================================
Received Import Request.
  Time since last request: 0.000092 seconds.
  path: Assets/Projects/GravityDash/kenney_ui-pack/PNG/Extra/Default/input_rectangle.png
  artifactKey: Guid(f605a675f08554acc83950ab03bca484) Importer(2089858483,b0f066a214c2f5e87bad3c948f4d605d)
Start importing Assets/Projects/GravityDash/kenney_ui-pack/PNG/Extra/Default/input_rectangle.png using Guid(f605a675f08554acc83950ab03bca484) Importer(2089858483,b0f066a214c2f5e87bad3c948f4d605d) (ScriptedImporter) -> (artifact id: 'e08096436dc812b50c3c0e066e2c2f9a') in 0.0684043 seconds
Number of updated asset objects reloaded before import = 0Number of asset objects unloaded after import = 3

========================================================================
Received Import Request.
  Time since last request: 0.000054 seconds.
  path: Assets/Projects/GravityDash/kenney_ui-pack/PNG/Grey/Default/button_square_border.png
  artifactKey: Guid(07b1ca0f49fd546489c50ad3dcc0e314) Importer(2089858483,b0f066a214c2f5e87bad3c948f4d605d)
Start importing Assets/Projects/GravityDash/kenney_ui-pack/PNG/Grey/Default/button_square_border.png using Guid(07b1ca0f49fd546489c50ad3dcc0e314) Importer(2089858483,b0f066a214c2f5e87bad3c948f4d605d) (ScriptedImporter) -> (artifact id: '9682cb0bd02cb499fa08ddcd823fdca5') in 0.0566512 seconds
Number of updated asset objects reloaded before import = 0Number of asset objects unloaded after import = 3

========================================================================
Received Import Request.
  Time since last request: 0.000053 seconds.
  path: Assets/Projects/GravityDash/kenney_ui-pack/PNG/Grey/Default/star.png
  artifactKey: Guid(53c032713a0984b74859393b8fa4c32f) Importer(2089858483,b0f066a214c2f5e87bad3c948f4d605d)
Start importing Assets/Projects/GravityDash/kenney_ui-pack/PNG/Grey/Default/star.png using Guid(53c032713a0984b74859393b8fa4c32f) Importer(2089858483,b0f066a214c2f5e87bad3c948f4d605d) (ScriptedImporter) -> (artifact id: 'a5999183f50295b63451aa38c65d6908') in 0.0563852 seconds
Number of updated asset objects reloaded before import = 0Number of asset objects unloaded after import = 3

========================================================================
Received Import Request.
  Time since last request: 0.000029 seconds.
  path: Assets/Projects/GravityDash/kenney_ui-pack/PNG/Grey/Double/button_rectangle_depth_line.png
  artifactKey: Guid(5fc103d54b2854039b3af55d48e3237d) Importer(2089858483,b0f066a214c2f5e87bad3c948f4d605d)
Start importing Assets/Projects/GravityDash/kenney_ui-pack/PNG/Grey/Double/button_rectangle_depth_line.png using Guid(5fc103d54b2854039b3af55d48e3237d) Importer(2089858483,b0f066a214c2f5e87bad3c948f4d605d) (ScriptedImporter) -> (artifact id: 'b82ed6a3134d4819dcbe4a004e38249e') in 0.0539227 seconds
Number of updated asset objects reloaded before import = 0Number of asset objects unloaded after import = 3

========================================================================
Received Import Request.
  Time since last request: 0.000063 seconds.
  path: Assets/Projects/GravityDash/kenney_ui-pack/PNG/Grey/Double/button_rectangle_line.png
  artifactKey: Guid(4712984b3bbf64042a1fbcd2003a7741) Importer(2089858483,b0f066a214c2f5e87bad3c948f4d605d)
Start importing Assets/Projects/GravityDash/kenney_ui-pack/PNG/Grey/Double/button_rectangle_line.png using Guid(4712984b3bbf64042a1fbcd2003a7741) Importer(2089858483,b0f066a214c2f5e87bad3c948f4d605d) (ScriptedImporter) -> (artifact id: 'feaad2947b8a270c0f1ff2b584f642b4') in 0.0547607 seconds
Number of updated asset objects reloaded before import = 0Number of asset objects unloaded after import = 3

========================================================================
Received Import Request.
  Time since last request: 0.000052 seconds.
  path: Assets/Projects/GravityDash/kenney_ui-pack/PNG/Grey/Double/button_rectangle_depth_gradient.png
  artifactKey: Guid(e26583e1b26354c09ac9cc6004c88297) Importer(2089858483,b0f066a214c2f5e87bad3c948f4d605d)
Start importing Assets/Projects/GravityDash/kenney_ui-pack/PNG/Grey/Double/button_rectangle_depth_gradient.png using Guid(e26583e1b26354c09ac9cc6004c88297) Importer(2089858483,b0f066a214c2f5e87bad3c948f4d605d) (ScriptedImporter) -> (artifact id: 'def8e533dc647eb8491b958a2a7ef2ba') in 0.058835 seconds
Number of updated asset objects reloaded before import = 0Number of asset objects unloaded after import = 3

========================================================================
Received Import Request.
  Time since last request: 0.000052 seconds.
  path: Assets/Projects/GravityDash/kenney_ui-pack/PNG/Grey/Default/button_round_flat.png
  artifactKey: Guid(18be677b2a28c48f39deacf8ad075bbe) Importer(2089858483,b0f066a214c2f5e87bad3c948f4d605d)
Start importing Assets/Projects/GravityDash/kenney_ui-pack/PNG/Grey/Default/button_round_flat.png using Guid(18be677b2a28c48f39deacf8ad075bbe) Importer(2089858483,b0f066a214c2f5e87bad3c948f4d605d) (ScriptedImporter) -> (artifact id: 'b1b091c0fc61a6251a020b3391339589') in 0.0529599 seconds
Number of updated asset objects reloaded before import = 0Number of asset objects unloaded after import = 3

========================================================================
Received Import Request.
  Time since last request: 0.000045 seconds.
  path: Assets/Projects/GravityDash/kenney_ui-pack/PNG/Grey/Default/slide_horizontal_color_section_wide.png
  artifactKey: Guid(30540dd642f7440a2a5457ea0222ee96) Importer(2089858483,b0f066a214c2f5e87bad3c948f4d605d)
Start importing Assets/Projects/GravityDash/kenney_ui-pack/PNG/Grey/Default/slide_horizontal_color_section_wide.png using Guid(30540dd642f7440a2a5457ea0222ee96) Importer(2089858483,b0f066a214c2f5e87bad3c948f4d605d) (ScriptedImporter) -> (artifact id: '28a7f37f92ca1696da0503d94461485c') in 0.042998 seconds
Number of updated asset objects reloaded before import = 0Number of asset objects unloaded after import = 3

========================================================================
Received Import Request.
  Time since last request: 0.000029 seconds.
  path: Assets/Projects/GravityDash/kenney_ui-pack/PNG/Grey/Default/arrow_basic_n.png
  artifactKey: Guid(2a59e04fc767d4871930dc3974956603) Importer(2089858483,b0f066a214c2f5e87bad3c948f4d605d)
Start importing Assets/Projects/GravityDash/kenney_ui-pack/PNG/Grey/Default/arrow_basic_n.png using Guid(2a59e04fc767d4871930dc3974956603) Importer(2089858483,b0f066a214c2f5e87bad3c948f4d605d) (ScriptedImporter) -> (artifact id: '1d01eec466f960901eaf6a32586f8597') in 0.0510151 seconds
Number of updated asset objects reloaded before import = 0Number of asset objects unloaded after import = 3

========================================================================
Received Import Request.
  Time since last request: 0.000041 seconds.
  path: Assets/Projects/GravityDash/kenney_ui-pack/PNG/Grey/Default/button_square_line.png
  artifactKey: Guid(ad355175c5ae54bb7a659701ca5ec497) Importer(2089858483,b0f066a214c2f5e87bad3c948f4d605d)
Start importing Assets/Projects/GravityDash/kenney_ui-pack/PNG/Grey/Default/button_square_line.png using Guid(ad355175c5ae54bb7a659701ca5ec497) Importer(2089858483,b0f066a214c2f5e87bad3c948f4d605d) (ScriptedImporter) -> (artifact id: 'dfff5969f1041ad83798bdc5dca60327') in 0.0521088 seconds
Number of updated asset objects reloaded before import = 0Number of asset objects unloaded after import = 3

========================================================================
Received Import Request.
  Time since last request: 0.000077 seconds.
  path: Assets/Projects/GravityDash/kenney_ui-pack/PNG/Grey/Default/button_rectangle_depth_border.png
  artifactKey: Guid(e5831e82098514405838c7be21abd317) Importer(2089858483,b0f066a214c2f5e87bad3c948f4d605d)
Start importing Assets/Projects/GravityDash/kenney_ui-pack/PNG/Grey/Default/button_rectangle_depth_border.png using Guid(e5831e82098514405838c7be21abd317) Importer(2089858483,b0f066a214c2f5e87bad3c948f4d605d) (ScriptedImporter) -> (artifact id: '91bbfbd8e59cd65fa7003c782f1fe53a') in 0.0480605 seconds
Number of updated asset objects reloaded before import = 0Number of asset objects unloaded after import = 3

========================================================================
Received Import Request.
  Time since last request: 0.000044 seconds.
  path: Assets/Projects/GravityDash/kenney_ui-pack/PNG/Grey/Default/button_round_depth_gloss.png
  artifactKey: Guid(9040f2f8af79c419ebfb1c28654d995a) Importer(2089858483,b0f066a214c2f5e87bad3c948f4d605d)
Start importing Assets/Projects/GravityDash/kenney_ui-pack/PNG/Grey/Default/button_round_depth_gloss.png using Guid(9040f2f8af79c419ebfb1c28654d995a) Importer(2089858483,b0f066a214c2f5e87bad3c948f4d605d) (ScriptedImporter) -> (artifact id: 'af65d6e23eb3bbfd01eb62427b99d4de') in 0.0465912 seconds
Number of updated asset objects reloaded before import = 0Number of asset objects unloaded after import = 3

========================================================================
Received Import Request.
  Time since last request: 0.000046 seconds.
  path: Assets/Projects/GravityDash/kenney_ui-pack/PNG/Grey/Double/arrow_decorative_s.png
  artifactKey: Guid(9cc0dc3337ad14d7b8589efd5ffb92a9) Importer(2089858483,b0f066a214c2f5e87bad3c948f4d605d)
Start importing Assets/Projects/GravityDash/kenney_ui-pack/PNG/Grey/Double/arrow_decorative_s.png using Guid(9cc0dc3337ad14d7b8589efd5ffb92a9) Importer(2089858483,b0f066a214c2f5e87bad3c948f4d605d) (ScriptedImporter) -> (artifact id: '2c1bf1d91679c5c4ab593d75780be333') in 0.0438381 seconds
Number of updated asset objects reloaded before import = 0Number of asset objects unloaded after import = 3

========================================================================
Received Import Request.
  Time since last request: 0.000031 seconds.
  path: Assets/Projects/GravityDash/kenney_ui-pack/PNG/Grey/Default/button_rectangle_gloss.png
  artifactKey: Guid(c7315bf49621b4141be7ace7a65b9f17) Importer(2089858483,b0f066a214c2f5e87bad3c948f4d605d)
Start importing Assets/Projects/GravityDash/kenney_ui-pack/PNG/Grey/Default/button_rectangle_gloss.png using Guid(c7315bf49621b4141be7ace7a65b9f17) Importer(2089858483,b0f066a214c2f5e87bad3c948f4d605d) (ScriptedImporter) -> (artifact id: '279380649c7f4812a9c31fab50bb62ce') in 0.0457033 seconds
Number of updated asset objects reloaded before import = 0Number of asset objects unloaded after import = 3

========================================================================
Received Import Request.
  Time since last request: 0.000036 seconds.
  path: Assets/Projects/GravityDash/kenney_ui-pack/PNG/Grey/Default/slide_vertical_color_section_wide.png
  artifactKey: Guid(41251d14d2b2641c687b07d4a974e22c) Importer(2089858483,b0f066a214c2f5e87bad3c948f4d605d)
Start importing Assets/Projects/GravityDash/kenney_ui-pack/PNG/Grey/Default/slide_vertical_color_section_wide.png using Guid(41251d14d2b2641c687b07d4a974e22c) Importer(2089858483,b0f066a214c2f5e87bad3c948f4d605d) (ScriptedImporter) -> (artifact id: 'd3a1c4416f7b51f1213c058f68254f20') in 0.0439959 seconds
Number of updated asset objects reloaded before import = 0Number of asset objects unloaded after import = 3

========================================================================
Received Import Request.
  Time since last request: 0.000044 seconds.
  path: Assets/Projects/GravityDash/kenney_ui-pack/PNG/Grey/Default/slide_vertical_grey.png
  artifactKey: Guid(a225ac4be30e249509f8d9da223f1ebf) Importer(2089858483,b0f066a214c2f5e87bad3c948f4d605d)
Start importing Assets/Projects/GravityDash/kenney_ui-pack/PNG/Grey/Default/slide_vertical_grey.png using Guid(a225ac4be30e249509f8d9da223f1ebf) Importer(2089858483,b0f066a214c2f5e87bad3c948f4d605d) (ScriptedImporter) -> (artifact id: '0beebc2c996bb8f0b925604dd92254b9') in 0.0257638 seconds
Number of updated asset objects reloaded before import = 0Number of asset objects unloaded after import = 3

========================================================================
Received Import Request.
  Time since last request: 0.000043 seconds.
  path: Assets/Projects/GravityDash/kenney_ui-pack/PNG/Grey/Double/slide_horizontal_color.png
  artifactKey: Guid(2b4daca6333134e7d9b047009d6ba2a4) Importer(2089858483,b0f066a214c2f5e87bad3c948f4d605d)
Start importing Assets/Projects/GravityDash/kenney_ui-pack/PNG/Grey/Double/slide_horizontal_color.png using Guid(2b4daca6333134e7d9b047009d6ba2a4) Importer(2089858483,b0f066a214c2f5e87bad3c948f4d605d) (ScriptedImporter) -> (artifact id: 'd92a674f86f3e60af5785e1477b9ad22') in 0.0416341 seconds
Number of updated asset objects reloaded before import = 0Number of asset objects unloaded after import = 3

========================================================================
Received Import Request.
  Time since last request: 0.000027 seconds.
  path: Assets/Projects/GravityDash/kenney_ui-pack/PNG/Grey/Double/icon_outline_checkmark.png
  artifactKey: Guid(49bc94fb199c242acbbe8a4bdf65cfe8) Importer(2089858483,b0f066a214c2f5e87bad3c948f4d605d)
Start importing Assets/Projects/GravityDash/kenney_ui-pack/PNG/Grey/Double/icon_outline_checkmark.png using Guid(49bc94fb199c242acbbe8a4bdf65cfe8) Importer(2089858483,b0f066a214c2f5e87bad3c948f4d605d) (ScriptedImporter) -> (artifact id: 'da0c526f912cfa0d5db3fc3f45176b71') in 0.0436445 seconds
Number of updated asset objects reloaded before import = 0Number of asset objects unloaded after import = 3

========================================================================
Received Import Request.
  Time since last request: 0.000025 seconds.
  path: Assets/Projects/GravityDash/kenney_ui-pack/PNG/Red/Default/arrow_basic_n.png
  artifactKey: Guid(61d61477ef6a3409f99e87da065725bd) Importer(2089858483,b0f066a214c2f5e87bad3c948f4d605d)
Start importing Assets/Projects/GravityDash/kenney_ui-pack/PNG/Red/Default/arrow_basic_n.png using Guid(61d61477ef6a3409f99e87da065725bd) Importer(2089858483,b0f066a214c2f5e87bad3c948f4d605d) (ScriptedImporter) -> (artifact id: 'f4f4cbf0006da93528d5cf814e57f387') in 0.0333179 seconds
Number of updated asset objects reloaded before import = 0Number of asset objects unloaded after import = 3

========================================================================
Received Import Request.
  Time since last request: 0.000028 seconds.
  path: Assets/Projects/GravityDash/kenney_ui-pack/PNG/Grey/Double/button_round_gradient.png
  artifactKey: Guid(bd2a670bcf06947c0b7e054a18deefd3) Importer(2089858483,b0f066a214c2f5e87bad3c948f4d605d)
Start importing Assets/Projects/GravityDash/kenney_ui-pack/PNG/Grey/Double/button_round_gradient.png using Guid(bd2a670bcf06947c0b7e054a18deefd3) Importer(2089858483,b0f066a214c2f5e87bad3c948f4d605d) (ScriptedImporter) -> (artifact id: 'e77ccba9d85a26ca95e100832d880306') in 0.040972 seconds
Number of updated asset objects reloaded before import = 0Number of asset objects unloaded after import = 3

========================================================================
Received Import Request.
  Time since last request: 0.000031 seconds.
  path: Assets/Projects/GravityDash/kenney_ui-pack/PNG/Grey/Double/check_square_color_checkmark.png
  artifactKey: Guid(57658493c9dd14e69b18438ec972c363) Importer(2089858483,b0f066a214c2f5e87bad3c948f4d605d)
Start importing Assets/Projects/GravityDash/kenney_ui-pack/PNG/Grey/Double/check_square_color_checkmark.png using Guid(57658493c9dd14e69b18438ec972c363) Importer(2089858483,b0f066a214c2f5e87bad3c948f4d605d) (ScriptedImporter) -> (artifact id: 'c174df9394280ba83ec970674e8408cb') in 0.0431073 seconds
Number of updated asset objects reloaded before import = 0Number of asset objects unloaded after import = 3

========================================================================
Received Import Request.
  Time since last request: 0.000042 seconds.
  path: Assets/Projects/GravityDash/kenney_ui-pack/PNG/Grey/Double/slide_vertical_grey_section.png
  artifactKey: Guid(707b3e566173f4eb09215e92546b7078) Importer(2089858483,b0f066a214c2f5e87bad3c948f4d605d)
Start importing Assets/Projects/GravityDash/kenney_ui-pack/PNG/Grey/Double/slide_vertical_grey_section.png using Guid(707b3e566173f4eb09215e92546b7078) Importer(2089858483,b0f066a214c2f5e87bad3c948f4d605d) (ScriptedImporter) -> (artifact id: 'af495c748748f7df53b444a08c0bd24f') in 0.0244199 seconds
Number of updated asset objects reloaded before import = 0Number of asset objects unloaded after import = 3

========================================================================
Received Import Request.
  Time since last request: 0.000026 seconds.
  path: Assets/Projects/GravityDash/kenney_ui-pack/PNG/Red/Default/arrow_basic_e.png
  artifactKey: Guid(a59c966b0c51b44c5b9de029f688f7a7) Importer(2089858483,b0f066a214c2f5e87bad3c948f4d605d)
Start importing Assets/Projects/GravityDash/kenney_ui-pack/PNG/Red/Default/arrow_basic_e.png using Guid(a59c966b0c51b44c5b9de029f688f7a7) Importer(2089858483,b0f066a214c2f5e87bad3c948f4d605d) (ScriptedImporter) -> (artifact id: 'a92c839dc5ba172300cb6e9201713aa7') in 0.0381156 seconds
Number of updated asset objects reloaded before import = 0Number of asset objects unloaded after import = 3

========================================================================
Received Import Request.
  Time since last request: 0.000027 seconds.
  path: Assets/Projects/GravityDash/kenney_ui-pack/PNG/Grey/Double/slide_horizontal_grey_section_wide.png
  artifactKey: Guid(177966324b63e43ff939725d7041966a) Importer(2089858483,b0f066a214c2f5e87bad3c948f4d605d)
Start importing Assets/Projects/GravityDash/kenney_ui-pack/PNG/Grey/Double/slide_horizontal_grey_section_wide.png using Guid(177966324b63e43ff939725d7041966a) Importer(2089858483,b0f066a214c2f5e87bad3c948f4d605d) (ScriptedImporter) -> (artifact id: '1661267452133380ee213d6754c92101') in 0.0208251 seconds
Number of updated asset objects reloaded before import = 0Number of asset objects unloaded after import = 3

========================================================================
Received Import Request.
  Time since last request: 0.000019 seconds.
  path: Assets/Projects/GravityDash/kenney_ui-pack/PNG/Grey/Double/button_square_line.png
  artifactKey: Guid(13c55b9178b7c46f2a35b7b4f5620ffd) Importer(2089858483,b0f066a214c2f5e87bad3c948f4d605d)
Start importing Assets/Projects/GravityDash/kenney_ui-pack/PNG/Grey/Double/button_square_line.png using Guid(13c55b9178b7c46f2a35b7b4f5620ffd) Importer(2089858483,b0f066a214c2f5e87bad3c948f4d605d) (ScriptedImporter) -> (artifact id: '4597c93b02f97c8fc4527f3084acb5bf') in 0.0238069 seconds
Number of updated asset objects reloaded before import = 0Number of asset objects unloaded after import = 3

========================================================================
Received Import Request.
  Time since last request: 0.000018 seconds.
  path: Assets/Projects/GravityDash/kenney_ui-pack/PNG/Grey/Double/slide_horizontal_grey_section.png
  artifactKey: Guid(85a83ae699c4249a892413ec4f4bca41) Importer(2089858483,b0f066a214c2f5e87bad3c948f4d605d)
Start importing Assets/Projects/GravityDash/kenney_ui-pack/PNG/Grey/Double/slide_horizontal_grey_section.png using Guid(85a83ae699c4249a892413ec4f4bca41) Importer(2089858483,b0f066a214c2f5e87bad3c948f4d605d) (ScriptedImporter) -> (artifact id: '6153b4439893fb63129b133328b95021') in 0.0250149 seconds
Number of updated asset objects reloaded before import = 0Number of asset objects unloaded after import = 3

========================================================================
Received Import Request.
  Time since last request: 0.000025 seconds.
  path: Assets/Projects/GravityDash/kenney_ui-pack/PNG/Grey/Double/slide_vertical_color_section_wide.png
  artifactKey: Guid(116827d97f80d4ca08ca773611bdb3ed) Importer(2089858483,b0f066a214c2f5e87bad3c948f4d605d)
Start importing Assets/Projects/GravityDash/kenney_ui-pack/PNG/Grey/Double/slide_vertical_color_section_wide.png using Guid(116827d97f80d4ca08ca773611bdb3ed) Importer(2089858483,b0f066a214c2f5e87bad3c948f4d605d) (ScriptedImporter) -> (artifact id: 'b69533b707701cff5855bfd85db4c2e3') in 0.0256176 seconds
Number of updated asset objects reloaded before import = 0Number of asset objects unloaded after import = 3

========================================================================
Received Import Request.
  Time since last request: 0.000023 seconds.
  path: Assets/Projects/GravityDash/kenney_ui-pack/PNG/Grey/Default/button_square_depth_line.png
  artifactKey: Guid(03abbd252b7ba4446b22e48028d7097e) Importer(2089858483,b0f066a214c2f5e87bad3c948f4d605d)
Start importing Assets/Projects/GravityDash/kenney_ui-pack/PNG/Grey/Default/button_square_depth_line.png using Guid(03abbd252b7ba4446b22e48028d7097e) Importer(2089858483,b0f066a214c2f5e87bad3c948f4d605d) (ScriptedImporter) -> (artifact id: 'a5f6de8c4fa8a4e7baeacb69c2c1a686') in 0.0232795 seconds
Number of updated asset objects reloaded before import = 0Number of asset objects unloaded after import = 3

========================================================================
Received Import Request.
  Time since last request: 0.000029 seconds.
  path: Assets/Projects/GravityDash/kenney_ui-pack/PNG/Grey/Default/arrow_basic_s.png
  artifactKey: Guid(8aa798063c6e54cd1b489ff711355376) Importer(2089858483,b0f066a214c2f5e87bad3c948f4d605d)
Start importing Assets/Projects/GravityDash/kenney_ui-pack/PNG/Grey/Default/arrow_basic_s.png using Guid(8aa798063c6e54cd1b489ff711355376) Importer(2089858483,b0f066a214c2f5e87bad3c948f4d605d) (ScriptedImporter) -> (artifact id: 'becef831116c80597afee290d60db564') in 0.0234766 seconds
Number of updated asset objects reloaded before import = 0Number of asset objects unloaded after import = 3

========================================================================
Received Import Request.
  Time since last request: 0.000022 seconds.
  path: Assets/Projects/GravityDash/kenney_ui-pack/PNG/Grey/Double/button_round_depth_border.png
  artifactKey: Guid(f294bca4d4ee34a5c94d0516f8795a24) Importer(2089858483,b0f066a214c2f5e87bad3c948f4d605d)
Start importing Assets/Projects/GravityDash/kenney_ui-pack/PNG/Grey/Double/button_round_depth_border.png using Guid(f294bca4d4ee34a5c94d0516f8795a24) Importer(2089858483,b0f066a214c2f5e87bad3c948f4d605d) (ScriptedImporter) -> (artifact id: 'b3e2388b0bb4666702b02177debfef1d') in 0.0243876 seconds
Number of updated asset objects reloaded before import = 0Number of asset objects unloaded after import = 3

========================================================================
Received Import Request.
  Time since last request: 0.000018 seconds.
  path: Assets/Projects/GravityDash/kenney_new-platformer-pack-1.1/Sprites/Tiles/Double/block_plank.png
  artifactKey: Guid(5251479b35b3d4075aed6e2972b8d98f) Importer(2089858483,b0f066a214c2f5e87bad3c948f4d605d)
Start importing Assets/Projects/GravityDash/kenney_new-platformer-pack-1.1/Sprites/Tiles/Double/block_plank.png using Guid(5251479b35b3d4075aed6e2972b8d98f) Importer(2089858483,b0f066a214c2f5e87bad3c948f4d605d) (ScriptedImporter) -> (artifact id: 'ac1d9b44b23e1a72a920045ad796e6d1') in 0.022401 seconds
Number of updated asset objects reloaded before import = 0Number of asset objects unloaded after import = 3

========================================================================
Received Import Request.
  Time since last request: 0.000019 seconds.
  path: Assets/Projects/GravityDash/kenney_ui-pack/PNG/Grey/Default/button_round_depth_border.png
  artifactKey: Guid(29356b22812eb434b8eb5648d3565f81) Importer(2089858483,b0f066a214c2f5e87bad3c948f4d605d)
Start importing Assets/Projects/GravityDash/kenney_ui-pack/PNG/Grey/Default/button_round_depth_border.png using Guid(29356b22812eb434b8eb5648d3565f81) Importer(2089858483,b0f066a214c2f5e87bad3c948f4d605d) (ScriptedImporter) -> (artifact id: '445c20f025be1f345e950e91c6d095fe') in 0.0248167 seconds
Number of updated asset objects reloaded before import = 0Number of asset objects unloaded after import = 3

========================================================================
Received Import Request.
  Time since last request: 0.000018 seconds.
  path: Assets/Projects/GravityDash/kenney_ui-pack/PNG/Red/Default/arrow_decorative_e.png
  artifactKey: Guid(6ee75e241612b4a11b19408379c4eeda) Importer(2089858483,b0f066a214c2f5e87bad3c948f4d605d)
Start importing Assets/Projects/GravityDash/kenney_ui-pack/PNG/Red/Default/arrow_decorative_e.png using Guid(6ee75e241612b4a11b19408379c4eeda) Importer(2089858483,b0f066a214c2f5e87bad3c948f4d605d) (ScriptedImporter) -> (artifact id: 'd90474dbb17a50b0951d94d7ba46fdd8') in 0.0247463 seconds
Number of updated asset objects reloaded before import = 0Number of asset objects unloaded after import = 3

========================================================================
Received Import Request.
  Time since last request: 0.000018 seconds.
  path: Assets/Projects/GravityDash/kenney_new-platformer-pack-1.1/Sprites/Tiles/Double/terrain_snow_vertical_bottom.png
  artifactKey: Guid(a9399ad339c4f4b36a2ad27118b0c4f7) Importer(2089858483,b0f066a214c2f5e87bad3c948f4d605d)
Start importing Assets/Projects/GravityDash/kenney_new-platformer-pack-1.1/Sprites/Tiles/Double/terrain_snow_vertical_bottom.png using Guid(a9399ad339c4f4b36a2ad27118b0c4f7) Importer(2089858483,b0f066a214c2f5e87bad3c948f4d605d) (ScriptedImporter) -> (artifact id: '0a86e46dc55fb0906642a47fa293bafd') in 0.0244123 seconds
Number of updated asset objects reloaded before import = 0Number of asset objects unloaded after import = 3

========================================================================
Received Import Request.
  Time since last request: 0.000017 seconds.
  path: Assets/Projects/GravityDash/kenney_ui-pack/PNG/Green/Double/slide_horizontal_grey.png
  artifactKey: Guid(3766df77e47a84953b80b40e7ab589bf) Importer(2089858483,b0f066a214c2f5e87bad3c948f4d605d)
Start importing Assets/Projects/GravityDash/kenney_ui-pack/PNG/Green/Double/slide_horizontal_grey.png using Guid(3766df77e47a84953b80b40e7ab589bf) Importer(2089858483,b0f066a214c2f5e87bad3c948f4d605d) (ScriptedImporter) -> (artifact id: 'a93660db067108f617dbef1c07a02a15') in 0.0126226 seconds
Number of updated asset objects reloaded before import = 0Number of asset objects unloaded after import = 3

========================================================================
Received Import Request.
  Time since last request: 0.000019 seconds.
  path: Assets/Projects/GravityDash/kenney_new-platformer-pack-1.1/Sprites/Tiles/Double/terrain_snow_ramp_long_b.png
  artifactKey: Guid(d8da7daffb3c14fa193b13f595a2a8a6) Importer(2089858483,b0f066a214c2f5e87bad3c948f4d605d)
Start importing Assets/Projects/GravityDash/kenney_new-platformer-pack-1.1/Sprites/Tiles/Double/terrain_snow_ramp_long_b.png using Guid(d8da7daffb3c14fa193b13f595a2a8a6) Importer(2089858483,b0f066a214c2f5e87bad3c948f4d605d) (ScriptedImporter) -> (artifact id: '55c1bc23a4fc6b1a528b986db2290c44') in 0.0187699 seconds
Number of updated asset objects reloaded before import = 0Number of asset objects unloaded after import = 3

========================================================================
Received Import Request.
  Time since last request: 0.000032 seconds.
  path: Assets/Projects/GravityDash/kenney_ui-pack/PNG/Green/Default/button_rectangle_depth_gradient.png
  artifactKey: Guid(53c6a92bdbfd344bd811c2b9482c9e34) Importer(2089858483,b0f066a214c2f5e87bad3c948f4d605d)
Start importing Assets/Projects/GravityDash/kenney_ui-pack/PNG/Green/Default/button_rectangle_depth_gradient.png using Guid(53c6a92bdbfd344bd811c2b9482c9e34) Importer(2089858483,b0f066a214c2f5e87bad3c948f4d605d) (ScriptedImporter) -> (artifact id: '66f136068794455a85263ef9a72586b3') in 0.020569 seconds
Number of updated asset objects reloaded before import = 0Number of asset objects unloaded after import = 3

========================================================================
Received Import Request.
  Time since last request: 0.000028 seconds.
  path: Assets/Projects/GravityDash/kenney_new-platformer-pack-1.1/Sprites/Tiles/Double/terrain_snow_ramp_short_a.png
  artifactKey: Guid(2786b85465e064fce9f23e1bbfcd048c) Importer(2089858483,b0f066a214c2f5e87bad3c948f4d605d)
Start importing Assets/Projects/GravityDash/kenney_new-platformer-pack-1.1/Sprites/Tiles/Double/terrain_snow_ramp_short_a.png using Guid(2786b85465e064fce9f23e1bbfcd048c) Importer(2089858483,b0f066a214c2f5e87bad3c948f4d605d) (ScriptedImporter) -> (artifact id: '5d49137e69a42a18d1440439a17d5b87') in 0.0202191 seconds
Number of updated asset objects reloaded before import = 0Number of asset objects unloaded after import = 3

========================================================================
Received Import Request.
  Time since last request: 0.000151 seconds.
  path: Assets/Projects/GravityDash/kenney_new-platformer-pack-1.1/Sprites/Tiles/Double/terrain_dirt_horizontal_overhang_right.png
  artifactKey: Guid(d648e3b3c282440bcaccca1ca38e0931) Importer(2089858483,b0f066a214c2f5e87bad3c948f4d605d)
Start importing Assets/Projects/GravityDash/kenney_new-platformer-pack-1.1/Sprites/Tiles/Double/terrain_dirt_horizontal_overhang_right.png using Guid(d648e3b3c282440bcaccca1ca38e0931) Importer(2089858483,b0f066a214c2f5e87bad3c948f4d605d) (ScriptedImporter) -> (artifact id: '6410c32bb86d534f085e38d83c413e95') in 0.0230057 seconds
Number of updated asset objects reloaded before import = 0Number of asset objects unloaded after import = 3

========================================================================
Received Import Request.
  Time since last request: 0.000017 seconds.
  path: Assets/Projects/GravityDash/kenney_new-platformer-pack-1.1/Sprites/Tiles/Double/hud_character_0.png
  artifactKey: Guid(9ee98646162a6443d9d2bcd7aa494562) Importer(2089858483,b0f066a214c2f5e87bad3c948f4d605d)
Start importing Assets/Projects/GravityDash/kenney_new-platformer-pack-1.1/Sprites/Tiles/Double/hud_character_0.png using Guid(9ee98646162a6443d9d2bcd7aa494562) Importer(2089858483,b0f066a214c2f5e87bad3c948f4d605d) (ScriptedImporter) -> (artifact id: '2b614f90b16ec635ba48962657b81c3d') in 0.0231146 seconds
Number of updated asset objects reloaded before import = 0Number of asset objects unloaded after import = 3

========================================================================
Received Import Request.
  Time since last request: 0.000030 seconds.
  path: Assets/Projects/GravityDash/kenney_new-platformer-pack-1.1/Sprites/Tiles/Double/grass_purple.png
  artifactKey: Guid(754c6fa325ec4467a89f66a0d30e7207) Importer(2089858483,b0f066a214c2f5e87bad3c948f4d605d)
Start importing Assets/Projects/GravityDash/kenney_new-platformer-pack-1.1/Sprites/Tiles/Double/grass_purple.png using Guid(754c6fa325ec4467a89f66a0d30e7207) Importer(2089858483,b0f066a214c2f5e87bad3c948f4d605d) (ScriptedImporter) -> (artifact id: '6401da1aa74565e2346e0e8b7c4531d9') in 0.0243807 seconds
Number of updated asset objects reloaded before import = 0Number of asset objects unloaded after import = 3

========================================================================
Received Import Request.
  Time since last request: 0.000030 seconds.
  path: Assets/Projects/GravityDash/kenney_ui-pack/PNG/Grey/Default/slide_vertical_color.png
  artifactKey: Guid(5ccfa3fb3283245298d91c01db8680d8) Importer(2089858483,b0f066a214c2f5e87bad3c948f4d605d)
Start importing Assets/Projects/GravityDash/kenney_ui-pack/PNG/Grey/Default/slide_vertical_color.png using Guid(5ccfa3fb3283245298d91c01db8680d8) Importer(2089858483,b0f066a214c2f5e87bad3c948f4d605d) (ScriptedImporter) -> (artifact id: '4d62ed6b2ffbbd27a84ed3fdaf0e6d07') in 0.0223778 seconds
Number of updated asset objects reloaded before import = 0Number of asset objects unloaded after import = 3

========================================================================
Received Import Request.
  Time since last request: 0.000086 seconds.
  path: Assets/Projects/GravityDash/kenney_new-platformer-pack-1.1/Sprites/Tiles/Double/hud_character_7.png
  artifactKey: Guid(b01c8096754d145f0a17e564b541e97b) Importer(2089858483,b0f066a214c2f5e87bad3c948f4d605d)
Start importing Assets/Projects/GravityDash/kenney_new-platformer-pack-1.1/Sprites/Tiles/Double/hud_character_7.png using Guid(b01c8096754d145f0a17e564b541e97b) Importer(2089858483,b0f066a214c2f5e87bad3c948f4d605d) (ScriptedImporter) -> (artifact id: 'b94fc303ef9804d2c82a42a8ee7eff2d') in 0.0234876 seconds
Number of updated asset objects reloaded before import = 0Number of asset objects unloaded after import = 3

========================================================================
Received Import Request.
  Time since last request: 0.000016 seconds.
  path: Assets/Projects/GravityDash/kenney_ui-pack/PNG/Red/Default/button_square_depth_gloss.png
  artifactKey: Guid(90095d52d97bc4e27bd15c57cf7d1ea6) Importer(2089858483,b0f066a214c2f5e87bad3c948f4d605d)
Start importing Assets/Projects/GravityDash/kenney_ui-pack/PNG/Red/Default/button_square_depth_gloss.png using Guid(90095d52d97bc4e27bd15c57cf7d1ea6) Importer(2089858483,b0f066a214c2f5e87bad3c948f4d605d) (ScriptedImporter) -> (artifact id: 'e9887d12956d310fd3d1b03b9542b592') in 0.0240465 seconds
Number of updated asset objects reloaded before import = 0Number of asset objects unloaded after import = 3

========================================================================
Received Import Request.
  Time since last request: 0.000031 seconds.
  path: Assets/Projects/GravityDash/kenney_ui-pack/PNG/Red/Double/button_square_depth_line.png
  artifactKey: Guid(2c5fa7c2f476d4fcb94d97fe70304be9) Importer(2089858483,b0f066a214c2f5e87bad3c948f4d605d)
Start importing Assets/Projects/GravityDash/kenney_ui-pack/PNG/Red/Double/button_square_depth_line.png using Guid(2c5fa7c2f476d4fcb94d97fe70304be9) Importer(2089858483,b0f066a214c2f5e87bad3c948f4d605d) (ScriptedImporter) -> (artifact id: '162f6670cd5fc71f9fe19a30e95e2e2e') in 0.0223717 seconds
Number of updated asset objects reloaded before import = 0Number of asset objects unloaded after import = 3

========================================================================
Received Import Request.
  Time since last request: 0.000031 seconds.
  path: Assets/Projects/GravityDash/kenney_ui-pack/PNG/Red/Double/button_square_depth_gloss.png
  artifactKey: Guid(17ea83eb73d1d434b8b4fff5be1b9675) Importer(2089858483,b0f066a214c2f5e87bad3c948f4d605d)
Start importing Assets/Projects/GravityDash/kenney_ui-pack/PNG/Red/Double/button_square_depth_gloss.png using Guid(17ea83eb73d1d434b8b4fff5be1b9675) Importer(2089858483,b0f066a214c2f5e87bad3c948f4d605d) (ScriptedImporter) -> (artifact id: 'ceb0eadafaa8bf787c479f4dea25404b') in 0.0228465 seconds
Number of updated asset objects reloaded before import = 0Number of asset objects unloaded after import = 3

========================================================================
Received Import Request.
  Time since last request: 0.000027 seconds.
  path: Assets/Projects/GravityDash/kenney_ui-pack/PNG/Red/Default/icon_outline_cross.png
  artifactKey: Guid(6415e60b7c6694b708f94676d7037675) Importer(2089858483,b0f066a214c2f5e87bad3c948f4d605d)
Start importing Assets/Projects/GravityDash/kenney_ui-pack/PNG/Red/Default/icon_outline_cross.png using Guid(6415e60b7c6694b708f94676d7037675) Importer(2089858483,b0f066a214c2f5e87bad3c948f4d605d) (ScriptedImporter) -> (artifact id: 'c201c425e9b1dd55a926f2c2fad7d421') in 0.0247223 seconds
Number of updated asset objects reloaded before import = 0Number of asset objects unloaded after import = 3

========================================================================
Received Import Request.
  Time since last request: 0.000020 seconds.
  path: Assets/Projects/GravityDash/kenney_ui-pack/PNG/Red/Default/slide_horizontal_color_section_wide.png
  artifactKey: Guid(2cd0e1020f2fd4d3dab636989f87cc78) Importer(2089858483,b0f066a214c2f5e87bad3c948f4d605d)
Start importing Assets/Projects/GravityDash/kenney_ui-pack/PNG/Red/Default/slide_horizontal_color_section_wide.png using Guid(2cd0e1020f2fd4d3dab636989f87cc78) Importer(2089858483,b0f066a214c2f5e87bad3c948f4d605d) (ScriptedImporter) -> (artifact id: 'f7f5d267b37f290dc2c1f4ba6e273e30') in 0.0299465 seconds
Number of updated asset objects reloaded before import = 0Number of asset objects unloaded after import = 3

========================================================================
Received Import Request.
  Time since last request: 0.000018 seconds.
  path: Assets/Projects/GravityDash/kenney_ui-pack/PNG/Red/Double/button_rectangle_flat.png
  artifactKey: Guid(2faeb954c571f40af8aac49295df1a14) Importer(2089858483,b0f066a214c2f5e87bad3c948f4d605d)
Start importing Assets/Projects/GravityDash/kenney_ui-pack/PNG/Red/Double/button_rectangle_flat.png using Guid(2faeb954c571f40af8aac49295df1a14) Importer(2089858483,b0f066a214c2f5e87bad3c948f4d605d) (ScriptedImporter) -> (artifact id: 'a454533eb404af4dcba7f9e4a7c50fc7') in 0.0261539 seconds
Number of updated asset objects reloaded before import = 0Number of asset objects unloaded after import = 3

========================================================================
Received Import Request.
  Time since last request: 0.000018 seconds.
  path: Assets/Projects/GravityDash/kenney_ui-pack/PNG/Red/Default/slide_vertical_grey_section_wide.png
  artifactKey: Guid(dfcf256ed58594ac69de4d5e8939d88b) Importer(2089858483,b0f066a214c2f5e87bad3c948f4d605d)
Start importing Assets/Projects/GravityDash/kenney_ui-pack/PNG/Red/Default/slide_vertical_grey_section_wide.png using Guid(dfcf256ed58594ac69de4d5e8939d88b) Importer(2089858483,b0f066a214c2f5e87bad3c948f4d605d) (ScriptedImporter) -> (artifact id: '1a5b6682d1f1a39b138922c250a39693') in 0.0167908 seconds
Number of updated asset objects reloaded before import = 0Number of asset objects unloaded after import = 3

========================================================================
Received Import Request.
  Time since last request: 0.000019 seconds.
  path: Assets/Projects/GravityDash/kenney_ui-pack/PNG/Red/Default/icon_square.png
  artifactKey: Guid(101a55749a32d4668b831ed2a3f5e7b2) Importer(2089858483,b0f066a214c2f5e87bad3c948f4d605d)
Start importing Assets/Projects/GravityDash/kenney_ui-pack/PNG/Red/Default/icon_square.png using Guid(101a55749a32d4668b831ed2a3f5e7b2) Importer(2089858483,b0f066a214c2f5e87bad3c948f4d605d) (ScriptedImporter) -> (artifact id: '5233687bc327c632653d9f3c53822911') in 0.0328579 seconds
Number of updated asset objects reloaded before import = 0Number of asset objects unloaded after import = 3

========================================================================
Received Import Request.
  Time since last request: 0.000019 seconds.
  path: Assets/Projects/GravityDash/kenney_ui-pack/PNG/Red/Double/icon_outline_circle.png
  artifactKey: Guid(16046c239f99b408d9d0e6a60728a676) Importer(2089858483,b0f066a214c2f5e87bad3c948f4d605d)
Start importing Assets/Projects/GravityDash/kenney_ui-pack/PNG/Red/Double/icon_outline_circle.png using Guid(16046c239f99b408d9d0e6a60728a676) Importer(2089858483,b0f066a214c2f5e87bad3c948f4d605d) (ScriptedImporter) -> (artifact id: '4fdc3d22266eee9f5fc093bd6dc714ad') in 0.0229361 seconds
Number of updated asset objects reloaded before import = 0Number of asset objects unloaded after import = 3

========================================================================
Received Import Request.
  Time since last request: 0.000023 seconds.
  path: Assets/Projects/GravityDash/kenney_ui-pack/PNG/Red/Double/slide_vertical_color.png
  artifactKey: Guid(d9b5da2421dd54ab4804bb1b9f0cef96) Importer(2089858483,b0f066a214c2f5e87bad3c948f4d605d)
Start importing Assets/Projects/GravityDash/kenney_ui-pack/PNG/Red/Double/slide_vertical_color.png using Guid(d9b5da2421dd54ab4804bb1b9f0cef96) Importer(2089858483,b0f066a214c2f5e87bad3c948f4d605d) (ScriptedImporter) -> (artifact id: 'fb91fc2cbab17d53a2ff222820542cf2') in 0.0196836 seconds
Number of updated asset objects reloaded before import = 0Number of asset objects unloaded after import = 3

========================================================================
Received Import Request.
  Time since last request: 0.000031 seconds.
  path: Assets/Projects/GravityDash/kenney_ui-pack/PNG/Red/Double/arrow_decorative_e.png
  artifactKey: Guid(d660746d2aa734a7fa6c262b437497b7) Importer(2089858483,b0f066a214c2f5e87bad3c948f4d605d)
Start importing Assets/Projects/GravityDash/kenney_ui-pack/PNG/Red/Double/arrow_decorative_e.png using Guid(d660746d2aa734a7fa6c262b437497b7) Importer(2089858483,b0f066a214c2f5e87bad3c948f4d605d) (ScriptedImporter) -> (artifact id: '20f71c7124fc0cd389c0f3e4bdfdbe64') in 0.0275225 seconds
Number of updated asset objects reloaded before import = 0Number of asset objects unloaded after import = 3

========================================================================
Received Import Request.
  Time since last request: 0.000019 seconds.
  path: Assets/Projects/GravityDash/kenney_ui-pack/PNG/Red/Double/arrow_basic_w.png
  artifactKey: Guid(3452c5479ca8a4114a8c640a114e908d) Importer(2089858483,b0f066a214c2f5e87bad3c948f4d605d)
Start importing Assets/Projects/GravityDash/kenney_ui-pack/PNG/Red/Double/arrow_basic_w.png using Guid(3452c5479ca8a4114a8c640a114e908d) Importer(2089858483,b0f066a214c2f5e87bad3c948f4d605d) (ScriptedImporter) -> (artifact id: '1fd7e1b57f7e31a0dfc2a0e8ade055e3') in 0.0261338 seconds
Number of updated asset objects reloaded before import = 0Number of asset objects unloaded after import = 3

========================================================================
Received Import Request.
  Time since last request: 0.000039 seconds.
  path: Assets/Projects/GravityDash/kenney_ui-pack/PNG/Red/Double/arrow_basic_e_small.png
  artifactKey: Guid(bbbe779fadb4c4fcd9ad6c94b7136ba1) Importer(2089858483,b0f066a214c2f5e87bad3c948f4d605d)
Start importing Assets/Projects/GravityDash/kenney_ui-pack/PNG/Red/Double/arrow_basic_e_small.png using Guid(bbbe779fadb4c4fcd9ad6c94b7136ba1) Importer(2089858483,b0f066a214c2f5e87bad3c948f4d605d) (ScriptedImporter) -> (artifact id: '86c89f249d03748e7d42a78c76629123') in 0.0239956 seconds
Number of updated asset objects reloaded before import = 0Number of asset objects unloaded after import = 3

========================================================================
Received Import Request.
  Time since last request: 0.000028 seconds.
  path: Assets/Projects/GravityDash/kenney_ui-pack/PNG/Red/Double/button_square_gloss.png
  artifactKey: Guid(1d571d0b7f2484d80a207069b094a465) Importer(2089858483,b0f066a214c2f5e87bad3c948f4d605d)
Start importing Assets/Projects/GravityDash/kenney_ui-pack/PNG/Red/Double/button_square_gloss.png using Guid(1d571d0b7f2484d80a207069b094a465) Importer(2089858483,b0f066a214c2f5e87bad3c948f4d605d) (ScriptedImporter) -> (artifact id: '8772bb2074a3540018e715a129f22fbb') in 0.030346 seconds
Number of updated asset objects reloaded before import = 0Number of asset objects unloaded after import = 3

========================================================================
Received Import Request.
  Time since last request: 0.000017 seconds.
  path: Assets/Projects/GravityDash/kenney_ui-pack/PNG/Red/Double/button_rectangle_depth_line.png
  artifactKey: Guid(401e1041b8fde40ee850cc9fa44166ac) Importer(2089858483,b0f066a214c2f5e87bad3c948f4d605d)
Start importing Assets/Projects/GravityDash/kenney_ui-pack/PNG/Red/Double/button_rectangle_depth_line.png using Guid(401e1041b8fde40ee850cc9fa44166ac) Importer(2089858483,b0f066a214c2f5e87bad3c948f4d605d) (ScriptedImporter) -> (artifact id: 'e2d0ea44131251ec6d43b1f8b5ea78f3') in 0.0229589 seconds
Number of updated asset objects reloaded before import = 0Number of asset objects unloaded after import = 3

========================================================================
Received Import Request.
  Time since last request: 0.000020 seconds.
  path: Assets/Projects/GravityDash/kenney_ui-pack/PNG/Red/Default/slide_horizontal_grey.png
  artifactKey: Guid(7851c189b060d44bb9bc8a2e8bc62dad) Importer(2089858483,b0f066a214c2f5e87bad3c948f4d605d)
Start importing Assets/Projects/GravityDash/kenney_ui-pack/PNG/Red/Default/slide_horizontal_grey.png using Guid(7851c189b060d44bb9bc8a2e8bc62dad) Importer(2089858483,b0f066a214c2f5e87bad3c948f4d605d) (ScriptedImporter) -> (artifact id: 'a07cc66a8e9babfce665dde33ad9fd86') in 0.0152354 seconds
Number of updated asset objects reloaded before import = 0Number of asset objects unloaded after import = 3

========================================================================
Received Import Request.
  Time since last request: 0.000019 seconds.
  path: Assets/Projects/GravityDash/kenney_ui-pack/PNG/Red/Double/button_rectangle_gradient.png
  artifactKey: Guid(ff113801efd174e3c907008d076d5d34) Importer(2089858483,b0f066a214c2f5e87bad3c948f4d605d)
Start importing Assets/Projects/GravityDash/kenney_ui-pack/PNG/Red/Double/button_rectangle_gradient.png using Guid(ff113801efd174e3c907008d076d5d34) Importer(2089858483,b0f066a214c2f5e87bad3c948f4d605d) (ScriptedImporter) -> (artifact id: '357113a60191d6e66a54f7d399d00b4d') in 0.0259975 seconds
Number of updated asset objects reloaded before import = 0Number of asset objects unloaded after import = 3

========================================================================
Received Import Request.
  Time since last request: 0.000021 seconds.
  path: Assets/Projects/GravityDash/kenney_ui-pack/PNG/Red/Default/check_square_grey.png
  artifactKey: Guid(b9494463738934995be0a1b3fb8c1642) Importer(2089858483,b0f066a214c2f5e87bad3c948f4d605d)
Start importing Assets/Projects/GravityDash/kenney_ui-pack/PNG/Red/Default/check_square_grey.png using Guid(b9494463738934995be0a1b3fb8c1642) Importer(2089858483,b0f066a214c2f5e87bad3c948f4d605d) (ScriptedImporter) -> (artifact id: '811f2b51386c156b1995087c98772f9d') in 0.0143116 seconds
Number of updated asset objects reloaded before import = 0Number of asset objects unloaded after import = 3

========================================================================
Received Import Request.
  Time since last request: 0.000029 seconds.
  path: Assets/Projects/GravityDash/kenney_ui-pack/PNG/Red/Double/arrow_basic_s_small.png
  artifactKey: Guid(abaec76bb8c194b3d9cbd33462a95851) Importer(2089858483,b0f066a214c2f5e87bad3c948f4d605d)
Start importing Assets/Projects/GravityDash/kenney_ui-pack/PNG/Red/Double/arrow_basic_s_small.png using Guid(abaec76bb8c194b3d9cbd33462a95851) Importer(2089858483,b0f066a214c2f5e87bad3c948f4d605d) (ScriptedImporter) -> (artifact id: '2e66dcf40a35569f4c63740733c7beb5') in 0.0254966 seconds
Number of updated asset objects reloaded before import = 0Number of asset objects unloaded after import = 3

========================================================================
Received Import Request.
  Time since last request: 0.000018 seconds.
  path: Assets/Projects/GravityDash/kenney_ui-pack/PNG/Red/Double/check_round_grey.png
  artifactKey: Guid(cc45e8836594447298d74ce99bf1dc2a) Importer(2089858483,b0f066a214c2f5e87bad3c948f4d605d)
Start importing Assets/Projects/GravityDash/kenney_ui-pack/PNG/Red/Double/check_round_grey.png using Guid(cc45e8836594447298d74ce99bf1dc2a) Importer(2089858483,b0f066a214c2f5e87bad3c948f4d605d) (ScriptedImporter) -> (artifact id: '5c5cddccfc00710b0656bfdcb0d2c8f8') in 0.0125608 seconds
Number of updated asset objects reloaded before import = 0Number of asset objects unloaded after import = 3

========================================================================
Received Import Request.
  Time since last request: 0.000019 seconds.
  path: Assets/Projects/GravityDash/kenney_ui-pack/PNG/Red/Default/check_square_color_square.png
  artifactKey: Guid(5e00bba9eb0474757a3b342e57489ab4) Importer(2089858483,b0f066a214c2f5e87bad3c948f4d605d)
Start importing Assets/Projects/GravityDash/kenney_ui-pack/PNG/Red/Default/check_square_color_square.png using Guid(5e00bba9eb0474757a3b342e57489ab4) Importer(2089858483,b0f066a214c2f5e87bad3c948f4d605d) (ScriptedImporter) -> (artifact id: 'ffcc72037a980ec5c677209900295ecd') in 0.0237161 seconds
Number of updated asset objects reloaded before import = 0Number of asset objects unloaded after import = 3

========================================================================
Received Import Request.
  Time since last request: 0.000031 seconds.
  path: Assets/Projects/GravityDash/kenney_ui-pack/PNG/Red/Default/icon_cross.png
  artifactKey: Guid(7c018aab60d034d31bf3ff49f0e57a1b) Importer(2089858483,b0f066a214c2f5e87bad3c948f4d605d)
Start importing Assets/Projects/GravityDash/kenney_ui-pack/PNG/Red/Default/icon_cross.png using Guid(7c018aab60d034d31bf3ff49f0e57a1b) Importer(2089858483,b0f066a214c2f5e87bad3c948f4d605d) (ScriptedImporter) -> (artifact id: '9259b0bb5c7ace070b35f4c043acc4ca') in 0.0213949 seconds
Number of updated asset objects reloaded before import = 0Number of asset objects unloaded after import = 3

========================================================================
Received Import Request.
  Time since last request: 0.000022 seconds.
  path: Assets/Projects/GravityDash/kenney_ui-pack/PNG/Red/Double/slide_vertical_color_section_wide.png
  artifactKey: Guid(bd4d30617c351474e931c5ffb708550a) Importer(2089858483,b0f066a214c2f5e87bad3c948f4d605d)
Start importing Assets/Projects/GravityDash/kenney_ui-pack/PNG/Red/Double/slide_vertical_color_section_wide.png using Guid(bd4d30617c351474e931c5ffb708550a) Importer(2089858483,b0f066a214c2f5e87bad3c948f4d605d) (ScriptedImporter) -> (artifact id: '1e3fef8d62851d3a0e6f3ca5acd44261') in 0.0207517 seconds
Number of updated asset objects reloaded before import = 0Number of asset objects unloaded after import = 3

========================================================================
Received Import Request.
  Time since last request: 0.000018 seconds.
  path: Assets/Projects/GravityDash/kenney_ui-pack/PNG/Extra/Default/button_rectangle_line.png
  artifactKey: Guid(22cac00556b654f90bdb8740d7181616) Importer(2089858483,b0f066a214c2f5e87bad3c948f4d605d)
Start importing Assets/Projects/GravityDash/kenney_ui-pack/PNG/Extra/Default/button_rectangle_line.png using Guid(22cac00556b654f90bdb8740d7181616) Importer(2089858483,b0f066a214c2f5e87bad3c948f4d605d) (ScriptedImporter) -> (artifact id: '07d27e0a58e08423cce9097d15d466aa') in 0.0231471 seconds
Number of updated asset objects reloaded before import = 0Number of asset objects unloaded after import = 3

========================================================================
Received Import Request.
  Time since last request: 0.000020 seconds.
  path: Assets/Projects/GravityDash/kenney_ui-pack/PNG/Grey/Double/button_rectangle_depth_flat.png
  artifactKey: Guid(8cbe8a1897ee544e4b7b6f7b46d4c555) Importer(2089858483,b0f066a214c2f5e87bad3c948f4d605d)
Start importing Assets/Projects/GravityDash/kenney_ui-pack/PNG/Grey/Double/button_rectangle_depth_flat.png using Guid(8cbe8a1897ee544e4b7b6f7b46d4c555) Importer(2089858483,b0f066a214c2f5e87bad3c948f4d605d) (ScriptedImporter) -> (artifact id: '8aa8cbfd966741b8b099f338283a67a9') in 0.0274555 seconds
Number of updated asset objects reloaded before import = 0Number of asset objects unloaded after import = 3

========================================================================
Received Import Request.
  Time since last request: 0.000021 seconds.
  path: Assets/Projects/GravityDash/kenney_new-platformer-pack-1.1/Sprites/Tiles/Double/door_open.png
  artifactKey: Guid(7295b126f2bf9446b909a57e79a2f35b) Importer(2089858483,b0f066a214c2f5e87bad3c948f4d605d)
Start importing Assets/Projects/GravityDash/kenney_new-platformer-pack-1.1/Sprites/Tiles/Double/door_open.png using Guid(7295b126f2bf9446b909a57e79a2f35b) Importer(2089858483,b0f066a214c2f5e87bad3c948f4d605d) (ScriptedImporter) -> (artifact id: 'cec7e6f60a69aeec96b80ff403b4b4e5') in 0.029337 seconds
Number of updated asset objects reloaded before import = 0Number of asset objects unloaded after import = 3

========================================================================
Received Import Request.
  Time since last request: 0.000023 seconds.
  path: Assets/Projects/GravityDash/kenney_ui-pack/PNG/Yellow/Default/arrow_decorative_e.png
  artifactKey: Guid(875bbfa1c66444ceaa551f86c11b1148) Importer(2089858483,b0f066a214c2f5e87bad3c948f4d605d)
Start importing Assets/Projects/GravityDash/kenney_ui-pack/PNG/Yellow/Default/arrow_decorative_e.png using Guid(875bbfa1c66444ceaa551f86c11b1148) Importer(2089858483,b0f066a214c2f5e87bad3c948f4d605d) (ScriptedImporter) -> (artifact id: 'e23b6d7a2f5b15332e51e0f733b976fa') in 0.0258188 seconds
Number of updated asset objects reloaded before import = 0Number of asset objects unloaded after import = 3

========================================================================
Received Import Request.
  Time since last request: 0.000063 seconds.
  path: Assets/Projects/GravityDash/kenney_ui-pack/PNG/Yellow/Default/button_rectangle_gloss.png
  artifactKey: Guid(10bb2810127454b279399550a7b990b4) Importer(2089858483,b0f066a214c2f5e87bad3c948f4d605d)
Start importing Assets/Projects/GravityDash/kenney_ui-pack/PNG/Yellow/Default/button_rectangle_gloss.png using Guid(10bb2810127454b279399550a7b990b4) Importer(2089858483,b0f066a214c2f5e87bad3c948f4d605d) (ScriptedImporter) -> (artifact id: '16c9e3ef82776e2a04e0e6d1ab47bc95') in 0.0251322 seconds
Number of updated asset objects reloaded before import = 0Number of asset objects unloaded after import = 3

========================================================================
Received Import Request.
  Time since last request: 0.000019 seconds.
  path: Assets/Projects/GravityDash/kenney_ui-pack/PNG/Yellow/Double/arrow_decorative_e.png
  artifactKey: Guid(3c86d8060b1a94732bebf9c9923807e4) Importer(2089858483,b0f066a214c2f5e87bad3c948f4d605d)
Start importing Assets/Projects/GravityDash/kenney_ui-pack/PNG/Yellow/Double/arrow_decorative_e.png using Guid(3c86d8060b1a94732bebf9c9923807e4) Importer(2089858483,b0f066a214c2f5e87bad3c948f4d605d) (ScriptedImporter) -> (artifact id: '0287dcc2dfc8662dc6f55e0ae4b48441') in 0.0271047 seconds
Number of updated asset objects reloaded before import = 0Number of asset objects unloaded after import = 3

========================================================================
Received Import Request.
  Time since last request: 0.000019 seconds.
  path: Assets/Projects/GravityDash/kenney_ui-pack/PNG/Yellow/Default/slide_horizontal_color.png
  artifactKey: Guid(629d4476ef71c45c08e5194874b13b80) Importer(2089858483,b0f066a214c2f5e87bad3c948f4d605d)
Start importing Assets/Projects/GravityDash/kenney_ui-pack/PNG/Yellow/Default/slide_horizontal_color.png using Guid(629d4476ef71c45c08e5194874b13b80) Importer(2089858483,b0f066a214c2f5e87bad3c948f4d605d) (ScriptedImporter) -> (artifact id: 'd026064506a05c21a4ef381eaa3cf6f4') in 0.0274858 seconds
Number of updated asset objects reloaded before import = 0Number of asset objects unloaded after import = 3

========================================================================
Received Import Request.
  Time since last request: 0.000029 seconds.
  path: Assets/Projects/GravityDash/kenney_ui-pack/PNG/Yellow/Default/slide_horizontal_color_section.png
  artifactKey: Guid(9c6863d662f1a4bd7ba36d258d3964c8) Importer(2089858483,b0f066a214c2f5e87bad3c948f4d605d)
Start importing Assets/Projects/GravityDash/kenney_ui-pack/PNG/Yellow/Default/slide_horizontal_color_section.png using Guid(9c6863d662f1a4bd7ba36d258d3964c8) Importer(2089858483,b0f066a214c2f5e87bad3c948f4d605d) (ScriptedImporter) -> (artifact id: '89cdd4c7ebd37af3cc28780e01b78aff') in 0.0261083 seconds
Number of updated asset objects reloaded before import = 0Number of asset objects unloaded after import = 3

========================================================================
Received Import Request.
  Time since last request: 0.000021 seconds.
  path: Assets/Projects/GravityDash/kenney_ui-pack/PNG/Yellow/Default/slide_horizontal_grey.png
  artifactKey: Guid(a14652a5612b4483b9f461648e292e16) Importer(2089858483,b0f066a214c2f5e87bad3c948f4d605d)
Start importing Assets/Projects/GravityDash/kenney_ui-pack/PNG/Yellow/Default/slide_horizontal_grey.png using Guid(a14652a5612b4483b9f461648e292e16) Importer(2089858483,b0f066a214c2f5e87bad3c948f4d605d) (ScriptedImporter) -> (artifact id: '7eac032747444d3ed944177504264608') in 0.0147246 seconds
Number of updated asset objects reloaded before import = 0Number of asset objects unloaded after import = 3

========================================================================
Received Import Request.
  Time since last request: 0.000019 seconds.
  path: Assets/Projects/GravityDash/kenney_ui-pack/PNG/Yellow/Double/button_rectangle_line.png
  artifactKey: Guid(e7b23c3c67c3b42c3ade7608294543dd) Importer(2089858483,b0f066a214c2f5e87bad3c948f4d605d)
Start importing Assets/Projects/GravityDash/kenney_ui-pack/PNG/Yellow/Double/button_rectangle_line.png using Guid(e7b23c3c67c3b42c3ade7608294543dd) Importer(2089858483,b0f066a214c2f5e87bad3c948f4d605d) (ScriptedImporter) -> (artifact id: 'c52d7d1033bf119c05f50ca99e59f680') in 0.0296051 seconds
Number of updated asset objects reloaded before import = 0Number of asset objects unloaded after import = 3

========================================================================
Received Import Request.
  Time since last request: 0.000020 seconds.
  path: Assets/Projects/GravityDash/kenney_ui-pack/PNG/Yellow/Double/button_round_depth_border.png
  artifactKey: Guid(0c7fae4a95731477baa80cc5b054f716) Importer(2089858483,b0f066a214c2f5e87bad3c948f4d605d)
Start importing Assets/Projects/GravityDash/kenney_ui-pack/PNG/Yellow/Double/button_round_depth_border.png using Guid(0c7fae4a95731477baa80cc5b054f716) Importer(2089858483,b0f066a214c2f5e87bad3c948f4d605d) (ScriptedImporter) -> (artifact id: 'ebe821b54700985916e7c59f3e1b61ea') in 0.0265835 seconds
Number of updated asset objects reloaded before import = 0Number of asset objects unloaded after import = 3

========================================================================
Received Import Request.
  Time since last request: 0.000026 seconds.
  path: Assets/Projects/GravityDash/kenney_ui-pack/PNG/Yellow/Double/button_round_depth_gradient.png
  artifactKey: Guid(57e835c14b7a74bf6b0fcd79dca2afed) Importer(2089858483,b0f066a214c2f5e87bad3c948f4d605d)
Start importing Assets/Projects/GravityDash/kenney_ui-pack/PNG/Yellow/Double/button_round_depth_gradient.png using Guid(57e835c14b7a74bf6b0fcd79dca2afed) Importer(2089858483,b0f066a214c2f5e87bad3c948f4d605d) (ScriptedImporter) -> (artifact id: 'a1e0e153c3dcfdbe2b1fa2764e68dae9') in 0.0264576 seconds
Number of updated asset objects reloaded before import = 0Number of asset objects unloaded after import = 3

========================================================================
Received Import Request.
  Time since last request: 0.000035 seconds.
  path: Assets/Projects/GravityDash/kenney_ui-pack/PNG/Yellow/Default/button_round_depth_gradient.png
  artifactKey: Guid(11bb06bcb0ee344eda49915d9cc66395) Importer(2089858483,b0f066a214c2f5e87bad3c948f4d605d)
Start importing Assets/Projects/GravityDash/kenney_ui-pack/PNG/Yellow/Default/button_round_depth_gradient.png using Guid(11bb06bcb0ee344eda49915d9cc66395) Importer(2089858483,b0f066a214c2f5e87bad3c948f4d605d) (ScriptedImporter) -> (artifact id: '3f2c3bfc8d95c672ff50ae3179f12998') in 0.0259471 seconds
Number of updated asset objects reloaded before import = 0Number of asset objects unloaded after import = 3

========================================================================
Received Import Request.
  Time since last request: 0.000025 seconds.
  path: Assets/Projects/GravityDash/kenney_ui-pack/PNG/Red/Double/slide_vertical_grey_section.png
  artifactKey: Guid(8fb493e8cda7a48738f8dc41e7062270) Importer(2089858483,b0f066a214c2f5e87bad3c948f4d605d)
Start importing Assets/Projects/GravityDash/kenney_ui-pack/PNG/Red/Double/slide_vertical_grey_section.png using Guid(8fb493e8cda7a48738f8dc41e7062270) Importer(2089858483,b0f066a214c2f5e87bad3c948f4d605d) (ScriptedImporter) -> (artifact id: '00344ff667a866ead00d893968bdcb22') in 0.0195766 seconds
Number of updated asset objects reloaded before import = 0Number of asset objects unloaded after import = 3

========================================================================
Received Import Request.
  Time since last request: 0.000021 seconds.
  path: Assets/Projects/GravityDash/kenney_ui-pack/PNG/Yellow/Double/arrow_basic_w.png
  artifactKey: Guid(1e843083cf72f42ee9454b679243c9b9) Importer(2089858483,b0f066a214c2f5e87bad3c948f4d605d)
Start importing Assets/Projects/GravityDash/kenney_ui-pack/PNG/Yellow/Double/arrow_basic_w.png using Guid(1e843083cf72f42ee9454b679243c9b9) Importer(2089858483,b0f066a214c2f5e87bad3c948f4d605d) (ScriptedImporter) -> (artifact id: '4be854eca18f64ea575563daa2524327') in 0.0267474 seconds
Number of updated asset objects reloaded before import = 0Number of asset objects unloaded after import = 3

========================================================================
Received Import Request.
  Time since last request: 0.000027 seconds.
  path: Assets/Projects/GravityDash/kenney_ui-pack/PNG/Yellow/Default/button_square_gloss.png
  artifactKey: Guid(a484d8af386f343859b49d0b58c5c9b6) Importer(2089858483,b0f066a214c2f5e87bad3c948f4d605d)
Start importing Assets/Projects/GravityDash/kenney_ui-pack/PNG/Yellow/Default/button_square_gloss.png using Guid(a484d8af386f343859b49d0b58c5c9b6) Importer(2089858483,b0f066a214c2f5e87bad3c948f4d605d) (ScriptedImporter) -> (artifact id: 'c395854b375d8d431d2c79b832ff0429') in 0.027782 seconds
Number of updated asset objects reloaded before import = 0Number of asset objects unloaded after import = 3

========================================================================
Received Import Request.
  Time since last request: 0.000142 seconds.
  path: Assets/Projects/GravityDash/kenney_ui-pack/PNG/Yellow/Default/arrow_decorative_n.png
  artifactKey: Guid(528fe4689397547b2be48b6d820ac250) Importer(2089858483,b0f066a214c2f5e87bad3c948f4d605d)
Start importing Assets/Projects/GravityDash/kenney_ui-pack/PNG/Yellow/Default/arrow_decorative_n.png using Guid(528fe4689397547b2be48b6d820ac250) Importer(2089858483,b0f066a214c2f5e87bad3c948f4d605d) (ScriptedImporter) -> (artifact id: '01cac4c65f97e6817929ce44d7cdfb63') in 0.0283181 seconds
Number of updated asset objects reloaded before import = 0Number of asset objects unloaded after import = 3

========================================================================
Received Import Request.
  Time since last request: 0.000022 seconds.
  path: Assets/Projects/GravityDash/kenney_ui-pack/PNG/Yellow/Default/button_square_line.png
  artifactKey: Guid(16f02043a8ae7470191592b229dde2e1) Importer(2089858483,b0f066a214c2f5e87bad3c948f4d605d)
Start importing Assets/Projects/GravityDash/kenney_ui-pack/PNG/Yellow/Default/button_square_line.png using Guid(16f02043a8ae7470191592b229dde2e1) Importer(2089858483,b0f066a214c2f5e87bad3c948f4d605d) (ScriptedImporter) -> (artifact id: '4996c061dda54901da537fe965a255f8') in 0.0327266 seconds
Number of updated asset objects reloaded before import = 0Number of asset objects unloaded after import = 3

========================================================================
Received Import Request.
  Time since last request: 0.000020 seconds.
  path: Assets/Projects/GravityDash/kenney_ui-pack/PNG/Yellow/Default/button_round_flat.png
  artifactKey: Guid(cd32eef96f4804f1daa3435dad22ccc1) Importer(2089858483,b0f066a214c2f5e87bad3c948f4d605d)
Start importing Assets/Projects/GravityDash/kenney_ui-pack/PNG/Yellow/Default/button_round_flat.png using Guid(cd32eef96f4804f1daa3435dad22ccc1) Importer(2089858483,b0f066a214c2f5e87bad3c948f4d605d) (ScriptedImporter) -> (artifact id: '13e9f3d2e95178246541b9cc629f5df4') in 0.0279748 seconds
Number of updated asset objects reloaded before import = 0Number of asset objects unloaded after import = 3

========================================================================
Received Import Request.
  Time since last request: 0.000031 seconds.
  path: Assets/Projects/GravityDash/kenney_ui-pack/PNG/Red/Double/star_outline.png
  artifactKey: Guid(dddccd5391a114b63a009f049987a21e) Importer(2089858483,b0f066a214c2f5e87bad3c948f4d605d)
Start importing Assets/Projects/GravityDash/kenney_ui-pack/PNG/Red/Double/star_outline.png using Guid(dddccd5391a114b63a009f049987a21e) Importer(2089858483,b0f066a214c2f5e87bad3c948f4d605d) (ScriptedImporter) -> (artifact id: '158c6e2d5aa969a6273040b82fa7a470') in 0.0203358 seconds
Number of updated asset objects reloaded before import = 0Number of asset objects unloaded after import = 3

========================================================================
Received Import Request.
  Time since last request: 0.000119 seconds.
  path: Assets/Projects/GravityDash/kenney_ui-pack/PNG/Yellow/Default/slide_vertical_grey_section.png
  artifactKey: Guid(5d1e06d44ffd34a07bb5eb1e8058a2f1) Importer(2089858483,b0f066a214c2f5e87bad3c948f4d605d)
Start importing Assets/Projects/GravityDash/kenney_ui-pack/PNG/Yellow/Default/slide_vertical_grey_section.png using Guid(5d1e06d44ffd34a07bb5eb1e8058a2f1) Importer(2089858483,b0f066a214c2f5e87bad3c948f4d605d) (ScriptedImporter) -> (artifact id: '1fd42ef7b1c5eff4862f4f3e9d3a6c05') in 0.0177014 seconds
Number of updated asset objects reloaded before import = 0Number of asset objects unloaded after import = 3

========================================================================
Received Import Request.
  Time since last request: 0.000043 seconds.
  path: Assets/Projects/GravityDash/kenney_ui-pack/PNG/Yellow/Default/arrow_decorative_s.png
  artifactKey: Guid(7a13db63885a342819099fe261e57301) Importer(2089858483,b0f066a214c2f5e87bad3c948f4d605d)
Start importing Assets/Projects/GravityDash/kenney_ui-pack/PNG/Yellow/Default/arrow_decorative_s.png using Guid(7a13db63885a342819099fe261e57301) Importer(2089858483,b0f066a214c2f5e87bad3c948f4d605d) (ScriptedImporter) -> (artifact id: '424e25a168619e9cca21896a090e2500') in 0.0266873 seconds
Number of updated asset objects reloaded before import = 0Number of asset objects unloaded after import = 3

========================================================================
Received Import Request.
  Time since last request: 0.000021 seconds.
  path: Assets/Projects/GravityDash/kenney_ui-pack/PNG/Yellow/Double/button_square_depth_flat.png
  artifactKey: Guid(2567a4451ba9142ca810d036c5cdaec1) Importer(2089858483,b0f066a214c2f5e87bad3c948f4d605d)
Start importing Assets/Projects/GravityDash/kenney_ui-pack/PNG/Yellow/Double/button_square_depth_flat.png using Guid(2567a4451ba9142ca810d036c5cdaec1) Importer(2089858483,b0f066a214c2f5e87bad3c948f4d605d) (ScriptedImporter) -> (artifact id: '3ebf8a96c8015d6c873455d32c65d032') in 0.0352275 seconds
Number of updated asset objects reloaded before import = 0Number of asset objects unloaded after import = 3

========================================================================
Received Import Request.
  Time since last request: 0.000019 seconds.
  path: Assets/Projects/GravityDash/kenney_ui-pack/PNG/Red/Default/button_round_gradient.png
  artifactKey: Guid(d975cdd0789244f90acc845202fc73c6) Importer(2089858483,b0f066a214c2f5e87bad3c948f4d605d)
Start importing Assets/Projects/GravityDash/kenney_ui-pack/PNG/Red/Default/button_round_gradient.png using Guid(d975cdd0789244f90acc845202fc73c6) Importer(2089858483,b0f066a214c2f5e87bad3c948f4d605d) (ScriptedImporter) -> (artifact id: '248138eafa3eac6120732eb91c10aa35') in 0.0346969 seconds
Number of updated asset objects reloaded before import = 0Number of asset objects unloaded after import = 3

========================================================================
Received Import Request.
  Time since last request: 0.000031 seconds.
  path: Assets/Projects/GravityDash/kenney_ui-pack/PNG/Red/Default/button_rectangle_depth_gloss.png
  artifactKey: Guid(71cec7752ca124265a486c8915080eea) Importer(2089858483,b0f066a214c2f5e87bad3c948f4d605d)
Start importing Assets/Projects/GravityDash/kenney_ui-pack/PNG/Red/Default/button_rectangle_depth_gloss.png using Guid(71cec7752ca124265a486c8915080eea) Importer(2089858483,b0f066a214c2f5e87bad3c948f4d605d) (ScriptedImporter) -> (artifact id: '183ca867cb685415a3e4acbfe3995b82') in 0.0362606 seconds
Number of updated asset objects reloaded before import = 0Number of asset objects unloaded after import = 3

========================================================================
Received Import Request.
  Time since last request: 0.000024 seconds.
  path: Assets/Projects/MegaSuperChallengeShot/Graphics/Cute_Birds(4 in 1)Mini/B2_Duck/Animations/Bird2_3.anim
  artifactKey: Guid(5a5ab4f12675fa44aa993305f957d0c6) Importer(2089858483,b0f066a214c2f5e87bad3c948f4d605d)
Start importing Assets/Projects/MegaSuperChallengeShot/Graphics/Cute_Birds(4 in 1)Mini/B2_Duck/Animations/Bird2_3.anim using Guid(5a5ab4f12675fa44aa993305f957d0c6) Importer(2089858483,b0f066a214c2f5e87bad3c948f4d605d) (ScriptedImporter) -> (artifact id: '18e724078322a35b382a71bf9707aad0') in 0.0323652 seconds
Number of updated asset objects reloaded before import = 0Number of asset objects unloaded after import = 1

========================================================================
Received Import Request.
  Time since last request: 0.000046 seconds.
  path: Assets/Projects/MegaSuperChallengeShot/Graphics/Cute_Birds(4 in 1)Mini/B1/Prefabs/Bird1_3_0.prefab
  artifactKey: Guid(915e2aeabbc487940ad1ce4c875c96a2) Importer(2089858483,b0f066a214c2f5e87bad3c948f4d605d)
Start importing Assets/Projects/MegaSuperChallengeShot/Graphics/Cute_Birds(4 in 1)Mini/B1/Prefabs/Bird1_3_0.prefab using Guid(915e2aeabbc487940ad1ce4c875c96a2) Importer(2089858483,b0f066a214c2f5e87bad3c948f4d605d) (ScriptedImporter) -> (artifact id: '79869f10df7c410efac003b003dd9e90') in 0.1962762 seconds
Number of updated asset objects reloaded before import = 0Number of asset objects unloaded after import = 14

========================================================================
Received Import Request.
  Time since last request: 0.000039 seconds.
  path: Assets/Projects/GravityDash/kenney_ui-pack/PNG/Yellow/Double/star.png
  artifactKey: Guid(00656074dfa404e348dc6898ad82281e) Importer(2089858483,b0f066a214c2f5e87bad3c948f4d605d)
Start importing Assets/Projects/GravityDash/kenney_ui-pack/PNG/Yellow/Double/star.png using Guid(00656074dfa404e348dc6898ad82281e) Importer(2089858483,b0f066a214c2f5e87bad3c948f4d605d) (ScriptedImporter) -> (artifact id: '7c910986e046ddb7e66a9404d90f7f57') in 0.0371046 seconds
Number of updated asset objects reloaded before import = 0Number of asset objects unloaded after import = 3

========================================================================
Received Import Request.
  Time since last request: 0.000049 seconds.
  path: Assets/Projects/MegaSuperChallengeShot/Graphics/Cute_Birds(4 in 1)Mini/B2_Duck/Animations/Bird2 Duck_2_0.controller
  artifactKey: Guid(81e082ba650e5924cbada13edc239c10) Importer(2089858483,b0f066a214c2f5e87bad3c948f4d605d)
Start importing Assets/Projects/MegaSuperChallengeShot/Graphics/Cute_Birds(4 in 1)Mini/B2_Duck/Animations/Bird2 Duck_2_0.controller using Guid(81e082ba650e5924cbada13edc239c10) Importer(2089858483,b0f066a214c2f5e87bad3c948f4d605d) (ScriptedImporter) -> (artifact id: '60d37e1ee5b1b046258f7eaea21a3f46') in 0.0448087 seconds
Number of updated asset objects reloaded before import = 0Number of asset objects unloaded after import = 4

========================================================================
Received Import Request.
  Time since last request: 0.000031 seconds.
  path: Assets/Projects/MegaSuperChallengeShot/Graphics/Cute_Birds(4 in 1)Mini/B1/Animations/Bird1_1_0.controller
  artifactKey: Guid(4e6f7f7acb9a1eb4ab40a474683516cb) Importer(2089858483,b0f066a214c2f5e87bad3c948f4d605d)
Start importing Assets/Projects/MegaSuperChallengeShot/Graphics/Cute_Birds(4 in 1)Mini/B1/Animations/Bird1_1_0.controller using Guid(4e6f7f7acb9a1eb4ab40a474683516cb) Importer(2089858483,b0f066a214c2f5e87bad3c948f4d605d) (ScriptedImporter) -> (artifact id: '1c3507ec40b0b24cdc9c284913ba9670') in 0.0457631 seconds
Number of updated asset objects reloaded before import = 0Number of asset objects unloaded after import = 4

========================================================================
Received Import Request.
  Time since last request: 0.000049 seconds.
  path: Assets/Projects/MegaSuperChallengeShot/Graphics/Cute_Birds(4 in 1)Mini/B1/Animations/Bird1_1.anim
  artifactKey: Guid(be0cb65c3e749944590e9721b56053b5) Importer(2089858483,b0f066a214c2f5e87bad3c948f4d605d)
Start importing Assets/Projects/MegaSuperChallengeShot/Graphics/Cute_Birds(4 in 1)Mini/B1/Animations/Bird1_1.anim using Guid(be0cb65c3e749944590e9721b56053b5) Importer(2089858483,b0f066a214c2f5e87bad3c948f4d605d) (ScriptedImporter) -> (artifact id: '696fc246f64410752299eece729b22fe') in 0.0135787 seconds
Number of updated asset objects reloaded before import = 0Number of asset objects unloaded after import = 1

========================================================================
Received Import Request.
  Time since last request: 0.000065 seconds.
  path: Assets/Projects/MegaSuperChallengeShot/Graphics/Cute_Birds(4 in 1)Mini/B2_Duck/Sprites/Bird2 Duck_1.png
  artifactKey: Guid(336f8a448b26ec2488456871d161fbaf) Importer(2089858483,b0f066a214c2f5e87bad3c948f4d605d)
Start importing Assets/Projects/MegaSuperChallengeShot/Graphics/Cute_Birds(4 in 1)Mini/B2_Duck/Sprites/Bird2 Duck_1.png using Guid(336f8a448b26ec2488456871d161fbaf) Importer(2089858483,b0f066a214c2f5e87bad3c948f4d605d) (ScriptedImporter) -> (artifact id: '1852dfbc7d9ef63501fe941c780ac88c') in 0.0654884 seconds
Number of updated asset objects reloaded before import = 0Number of asset objects unloaded after import = 18

========================================================================
Received Import Request.
  Time since last request: 0.000025 seconds.
  path: Assets/Projects/MegaSuperChallengeShot/Graphics/OccaSoftware/Crosshairs/Editor/StartMenu.cs
  artifactKey: Guid(1b101b242ded8fe40b2544ce18bea6ba) Importer(2089858483,b0f066a214c2f5e87bad3c948f4d605d)
Start importing Assets/Projects/MegaSuperChallengeShot/Graphics/OccaSoftware/Crosshairs/Editor/StartMenu.cs using Guid(1b101b242ded8fe40b2544ce18bea6ba) Importer(2089858483,b0f066a214c2f5e87bad3c948f4d605d) (ScriptedImporter) -> (artifact id: '3c4006b4eb19645e86cec25d3527b742') in 0.0147869 seconds
Number of updated asset objects reloaded before import = 0Number of asset objects unloaded after import = 0

========================================================================
Received Import Request.
  Time since last request: 0.000106 seconds.
  path: Assets/Sprites/Cainos/Third Party/Lucid Editor/Editor/Attributes/PropertyOrderAttributeProcessor.cs
  artifactKey: Guid(66e1690dd88604788ba6880d96dedf78) Importer(2089858483,b0f066a214c2f5e87bad3c948f4d605d)
Start importing Assets/Sprites/Cainos/Third Party/Lucid Editor/Editor/Attributes/PropertyOrderAttributeProcessor.cs using Guid(66e1690dd88604788ba6880d96dedf78) Importer(2089858483,b0f066a214c2f5e87bad3c948f4d605d) (ScriptedImporter) -> (artifact id: '3c43239b27ff79e8d183a716a6e34850') in 0.0133502 seconds
Number of updated asset objects reloaded before import = 0Number of asset objects unloaded after import = 0

========================================================================
Received Import Request.
  Time since last request: 0.000054 seconds.
  path: Assets/Sprites/Cainos/Third Party/Lucid Editor/Editor/Attributes/EnableIfAttributeProcessor.cs
  artifactKey: Guid(87c012206409c4a19846bf9f9785a777) Importer(2089858483,b0f066a214c2f5e87bad3c948f4d605d)
Start importing Assets/Sprites/Cainos/Third Party/Lucid Editor/Editor/Attributes/EnableIfAttributeProcessor.cs using Guid(87c012206409c4a19846bf9f9785a777) Importer(2089858483,b0f066a214c2f5e87bad3c948f4d605d) (ScriptedImporter) -> (artifact id: '50dc7a77c3e0e76110300cadb4e62418') in 0.014601 seconds
Number of updated asset objects reloaded before import = 0Number of asset objects unloaded after import = 0

========================================================================
Received Import Request.
  Time since last request: 0.000104 seconds.
  path: Assets/Projects/MegaSuperChallengeShot/Graphics/Farland Skies/Low Poly/Flares/SunFlare.flare
  artifactKey: Guid(54fbbf098d116effa00081aba8ad6659) Importer(2089858483,b0f066a214c2f5e87bad3c948f4d605d)
Start importing Assets/Projects/MegaSuperChallengeShot/Graphics/Farland Skies/Low Poly/Flares/SunFlare.flare using Guid(54fbbf098d116effa00081aba8ad6659) Importer(2089858483,b0f066a214c2f5e87bad3c948f4d605d) (ScriptedImporter) -> (artifact id: '85d312a5ade9280a0af62141045b9f8e') in 0.0783044 seconds
Number of updated asset objects reloaded before import = 0Number of asset objects unloaded after import = 2

========================================================================
Received Import Request.
  Time since last request: 0.000023 seconds.
  path: Assets/Sprites/Cainos/Third Party/Lucid Editor/Editor/Attributes/IndentAttributeProcessor.cs
  artifactKey: Guid(c5248ff57c43c4e6fa6108ce82ad2181) Importer(2089858483,b0f066a214c2f5e87bad3c948f4d605d)
Start importing Assets/Sprites/Cainos/Third Party/Lucid Editor/Editor/Attributes/IndentAttributeProcessor.cs using Guid(c5248ff57c43c4e6fa6108ce82ad2181) Importer(2089858483,b0f066a214c2f5e87bad3c948f4d605d) (ScriptedImporter) -> (artifact id: '18e1913b1e7e4cead471d85fbbd0acb8') in 0.0151819 seconds
Number of updated asset objects reloaded before import = 0Number of asset objects unloaded after import = 0

========================================================================
Received Import Request.
  Time since last request: 0.000054 seconds.
  path: Assets/Projects/MegaSuperChallengeShot/Graphics/Farland Skies/Low Poly/Data/SkyboxControllerPresets.asset
  artifactKey: Guid(77ddc2cbdf9c7b449adc9c44296dff89) Importer(2089858483,b0f066a214c2f5e87bad3c948f4d605d)
Start importing Assets/Projects/MegaSuperChallengeShot/Graphics/Farland Skies/Low Poly/Data/SkyboxControllerPresets.asset using Guid(77ddc2cbdf9c7b449adc9c44296dff89) Importer(2089858483,b0f066a214c2f5e87bad3c948f4d605d) (ScriptedImporter) -> (artifact id: '3a2e65e11042de52b4508b7ddd018acd') in 0.0287777 seconds
Number of updated asset objects reloaded before import = 0Number of asset objects unloaded after import = 1

========================================================================
Received Import Request.
  Time since last request: 0.000030 seconds.
  path: Assets/Projects/MegaSuperChallengeShot/Graphics/Farland Skies/Low Poly/Flares/SunFlare.png
  artifactKey: Guid(0e97c35869fc36e44adbf85d81dc73e2) Importer(2089858483,b0f066a214c2f5e87bad3c948f4d605d)
Start importing Assets/Projects/MegaSuperChallengeShot/Graphics/Farland Skies/Low Poly/Flares/SunFlare.png using Guid(0e97c35869fc36e44adbf85d81dc73e2) Importer(2089858483,b0f066a214c2f5e87bad3c948f4d605d) (ScriptedImporter) -> (artifact id: '17ccfe3b1eb8e640b2a95111a7194db6') in 0.0182998 seconds
Number of updated asset objects reloaded before import = 0Number of asset objects unloaded after import = 1

========================================================================
Received Import Request.
  Time since last request: 0.000039 seconds.
  path: Assets/Projects/GravityDash/kenney_ui-pack/PNG/Yellow/Double/slide_horizontal_color_section_wide.png
  artifactKey: Guid(c9c6ce2dae21e4904a6517edecb2a54e) Importer(2089858483,b0f066a214c2f5e87bad3c948f4d605d)
Start importing Assets/Projects/GravityDash/kenney_ui-pack/PNG/Yellow/Double/slide_horizontal_color_section_wide.png using Guid(c9c6ce2dae21e4904a6517edecb2a54e) Importer(2089858483,b0f066a214c2f5e87bad3c948f4d605d) (ScriptedImporter) -> (artifact id: '5ea3e139e1b23d380a122db751e0688d') in 0.0296654 seconds
Number of updated asset objects reloaded before import = 0Number of asset objects unloaded after import = 3

========================================================================
Received Import Request.
  Time since last request: 0.000036 seconds.
  path: Assets/Projects/MegaSuperChallengeShot/Graphics/Farland Skies/Low Poly/Flares/MoonFlare.png
  artifactKey: Guid(1993da41be962a34bb72043cc9699a79) Importer(2089858483,b0f066a214c2f5e87bad3c948f4d605d)
Start importing Assets/Projects/MegaSuperChallengeShot/Graphics/Farland Skies/Low Poly/Flares/MoonFlare.png using Guid(1993da41be962a34bb72043cc9699a79) Importer(2089858483,b0f066a214c2f5e87bad3c948f4d605d) (ScriptedImporter) -> (artifact id: '4873b37956072e3be699802e865df9e8') in 0.0278892 seconds
Number of updated asset objects reloaded before import = 0Number of asset objects unloaded after import = 1

========================================================================
Received Import Request.
  Time since last request: 0.000046 seconds.
  path: Assets/Projects/MegaSuperChallengeShot/Graphics/Cute_Birds(4 in 1)Mini/B3_Egret/Animations/BirdEgr_1.anim
  artifactKey: Guid(934f0db62792fa142aa0e5372e35a855) Importer(2089858483,b0f066a214c2f5e87bad3c948f4d605d)
Start importing Assets/Projects/MegaSuperChallengeShot/Graphics/Cute_Birds(4 in 1)Mini/B3_Egret/Animations/BirdEgr_1.anim using Guid(934f0db62792fa142aa0e5372e35a855) Importer(2089858483,b0f066a214c2f5e87bad3c948f4d605d) (ScriptedImporter) -> (artifact id: '2cf3382fafabab2e47d6571a1222f8b3') in 0.0137959 seconds
Number of updated asset objects reloaded before import = 0Number of asset objects unloaded after import = 1

========================================================================
Received Import Request.
  Time since last request: 0.000028 seconds.
  path: Assets/Projects/GravityDash/kenney_ui-pack/PNG/Yellow/Double/slide_vertical_grey_section.png
  artifactKey: Guid(f06a06eb5446545d2aabc77e663c1378) Importer(2089858483,b0f066a214c2f5e87bad3c948f4d605d)
Start importing Assets/Projects/GravityDash/kenney_ui-pack/PNG/Yellow/Double/slide_vertical_grey_section.png using Guid(f06a06eb5446545d2aabc77e663c1378) Importer(2089858483,b0f066a214c2f5e87bad3c948f4d605d) (ScriptedImporter) -> (artifact id: '4400e92c9ee8f4dd6d57bfcc19ddb27d') in 0.0199039 seconds
Number of updated asset objects reloaded before import = 0Number of asset objects unloaded after import = 3

========================================================================
Received Import Request.
  Time since last request: 0.000025 seconds.
  path: Assets/Sprites/Cainos/Third Party/Lucid Editor/Editor/Attributes/ReadOnlyAttributeProcessor.cs
  artifactKey: Guid(c93f8adb1ea444432a967b800380c5ad) Importer(2089858483,b0f066a214c2f5e87bad3c948f4d605d)
Start importing Assets/Sprites/Cainos/Third Party/Lucid Editor/Editor/Attributes/ReadOnlyAttributeProcessor.cs using Guid(c93f8adb1ea444432a967b800380c5ad) Importer(2089858483,b0f066a214c2f5e87bad3c948f4d605d) (ScriptedImporter) -> (artifact id: '681713e78f46843f37d06180682096e2') in 0.013434 seconds
Number of updated asset objects reloaded before import = 0Number of asset objects unloaded after import = 0

========================================================================
Received Import Request.
  Time since last request: 0.000091 seconds.
  path: Assets/Projects/GravityDash/kenney_ui-pack/PNG/Yellow/Default/check_square_color_cross.png
  artifactKey: Guid(70434da1df8d34f70b6bf968843495e1) Importer(2089858483,b0f066a214c2f5e87bad3c948f4d605d)
Start importing Assets/Projects/GravityDash/kenney_ui-pack/PNG/Yellow/Default/check_square_color_cross.png using Guid(70434da1df8d34f70b6bf968843495e1) Importer(2089858483,b0f066a214c2f5e87bad3c948f4d605d) (ScriptedImporter) -> (artifact id: '4e4a192cb1952f328afb35df89dfafb7') in 0.0353811 seconds
Number of updated asset objects reloaded before import = 0Number of asset objects unloaded after import = 3

========================================================================
Received Import Request.
  Time since last request: 0.000030 seconds.
  path: Assets/Projects/MegaSuperChallengeShot/Graphics/Cute_Birds(4 in 1)Mini/B3_Egret/Prefabs/Bird3_Egret4_0.prefab
  artifactKey: Guid(116b87150e043b847a656bacb55fb9a0) Importer(2089858483,b0f066a214c2f5e87bad3c948f4d605d)
Start importing Assets/Projects/MegaSuperChallengeShot/Graphics/Cute_Birds(4 in 1)Mini/B3_Egret/Prefabs/Bird3_Egret4_0.prefab using Guid(116b87150e043b847a656bacb55fb9a0) Importer(2089858483,b0f066a214c2f5e87bad3c948f4d605d) (ScriptedImporter) -> (artifact id: '243d4c2864f31c565d342d952614ad2d') in 0.0467926 seconds
Number of updated asset objects reloaded before import = 0Number of asset objects unloaded after import = 14

========================================================================
Received Import Request.
  Time since last request: 0.000021 seconds.
  path: Assets/Sprites/Cainos/Third Party/Lucid Editor/Editor/Experimental/TreeMenu.cs
  artifactKey: Guid(8763dd98783e24b7d9684eec2742d817) Importer(2089858483,b0f066a214c2f5e87bad3c948f4d605d)
Start importing Assets/Sprites/Cainos/Third Party/Lucid Editor/Editor/Experimental/TreeMenu.cs using Guid(8763dd98783e24b7d9684eec2742d817) Importer(2089858483,b0f066a214c2f5e87bad3c948f4d605d) (ScriptedImporter) -> (artifact id: 'e9eb8d76f7b9910bb7c0f9f0a544971f') in 0.0128645 seconds
Number of updated asset objects reloaded before import = 0Number of asset objects unloaded after import = 0

========================================================================
Received Import Request.
  Time since last request: 0.000113 seconds.
  path: Assets/Sprites/Cainos/Third Party/Lucid Editor/Editor/Utils/InspectorPropertyUtil.cs
  artifactKey: Guid(cb96b6984d4004d9c855f20b38e1b75c) Importer(2089858483,b0f066a214c2f5e87bad3c948f4d605d)
Start importing Assets/Sprites/Cainos/Third Party/Lucid Editor/Editor/Utils/InspectorPropertyUtil.cs using Guid(cb96b6984d4004d9c855f20b38e1b75c) Importer(2089858483,b0f066a214c2f5e87bad3c948f4d605d) (ScriptedImporter) -> (artifact id: '933a3fc4014074ddb7742154386bd235') in 0.0139252 seconds
Number of updated asset objects reloaded before import = 0Number of asset objects unloaded after import = 0

========================================================================
Received Import Request.
  Time since last request: 0.000109 seconds.
  path: Assets/Sprites/Cainos/Third Party/Lucid Editor/Runtime/Attributes/TabGroupAttribute.cs
  artifactKey: Guid(bd24e90d1e8cd4890817d3b694309716) Importer(2089858483,b0f066a214c2f5e87bad3c948f4d605d)
Start importing Assets/Sprites/Cainos/Third Party/Lucid Editor/Runtime/Attributes/TabGroupAttribute.cs using Guid(bd24e90d1e8cd4890817d3b694309716) Importer(2089858483,b0f066a214c2f5e87bad3c948f4d605d) (ScriptedImporter) -> (artifact id: 'c9e45b2059f30350e28910fe4d146e27') in 0.0132714 seconds
Number of updated asset objects reloaded before import = 0Number of asset objects unloaded after import = 0

========================================================================
Received Import Request.
  Time since last request: 0.000120 seconds.
  path: Assets/Sprites/Cainos/Third Party/Lucid Editor/Runtime/Attributes/DisableInEditModeAttribute.cs
  artifactKey: Guid(04a456283dded4db2ad580307f041cc8) Importer(2089858483,b0f066a214c2f5e87bad3c948f4d605d)
Start importing Assets/Sprites/Cainos/Third Party/Lucid Editor/Runtime/Attributes/DisableInEditModeAttribute.cs using Guid(04a456283dded4db2ad580307f041cc8) Importer(2089858483,b0f066a214c2f5e87bad3c948f4d605d) (ScriptedImporter) -> (artifact id: 'aa4ea11545a9e19cddfff9d8339bbad8') in 0.0102048 seconds
Number of updated asset objects reloaded before import = 0Number of asset objects unloaded after import = 0

========================================================================
Received Import Request.
  Time since last request: 0.000082 seconds.
  path: Assets/Sprites/Cainos/Third Party/Lucid Editor/Runtime/Attributes/GroupAttribute.cs
  artifactKey: Guid(3331e9a3d865945aea2ec1a366214d51) Importer(2089858483,b0f066a214c2f5e87bad3c948f4d605d)
Start importing Assets/Sprites/Cainos/Third Party/Lucid Editor/Runtime/Attributes/GroupAttribute.cs using Guid(3331e9a3d865945aea2ec1a366214d51) Importer(2089858483,b0f066a214c2f5e87bad3c948f4d605d) (ScriptedImporter) -> (artifact id: '53242a0b70eff4c16c23d076f27f87af') in 0.0148308 seconds
Number of updated asset objects reloaded before import = 0Number of asset objects unloaded after import = 0

========================================================================
Received Import Request.
  Time since last request: 0.000112 seconds.
  path: Assets/Sprites/Cainos/Third Party/Lucid Editor/Runtime/Attributes/PropertyOrderAttribute.cs
  artifactKey: Guid(8f0fd23beeb634893949d37e316f8f17) Importer(2089858483,b0f066a214c2f5e87bad3c948f4d605d)
Start importing Assets/Sprites/Cainos/Third Party/Lucid Editor/Runtime/Attributes/PropertyOrderAttribute.cs using Guid(8f0fd23beeb634893949d37e316f8f17) Importer(2089858483,b0f066a214c2f5e87bad3c948f4d605d) (ScriptedImporter) -> (artifact id: '472816a6d4d037856d432bb5198ecf87') in 0.0123759 seconds
Number of updated asset objects reloaded before import = 0Number of asset objects unloaded after import = 0

========================================================================
Received Import Request.
  Time since last request: 0.000192 seconds.
  path: Assets/Sprites/Cainos/Third Party/Lucid Editor/Runtime/Attributes/LabelWidthAttribute.cs
  artifactKey: Guid(7430b1710086a44739b7aadb5ec311dd) Importer(2089858483,b0f066a214c2f5e87bad3c948f4d605d)
Start importing Assets/Sprites/Cainos/Third Party/Lucid Editor/Runtime/Attributes/LabelWidthAttribute.cs using Guid(7430b1710086a44739b7aadb5ec311dd) Importer(2089858483,b0f066a214c2f5e87bad3c948f4d605d) (ScriptedImporter) -> (artifact id: 'c8cfb004290a7aa31eb03cdb7a7160e0') in 0.0144975 seconds
Number of updated asset objects reloaded before import = 0Number of asset objects unloaded after import = 0

========================================================================
Received Import Request.
  Time since last request: 0.000112 seconds.
  path: Assets/Sprites/Cainos/Third Party/Lucid Editor/Runtime/Attributes/ShowIfAttribute.cs
  artifactKey: Guid(feeefb731cdeb4976b8c98e1a0cbf45e) Importer(2089858483,b0f066a214c2f5e87bad3c948f4d605d)
Start importing Assets/Sprites/Cainos/Third Party/Lucid Editor/Runtime/Attributes/ShowIfAttribute.cs using Guid(feeefb731cdeb4976b8c98e1a0cbf45e) Importer(2089858483,b0f066a214c2f5e87bad3c948f4d605d) (ScriptedImporter) -> (artifact id: '136c7ececaf6ba40480ce39606239ea8') in 0.0156164 seconds
Number of updated asset objects reloaded before import = 0Number of asset objects unloaded after import = 0

========================================================================
Received Import Request.
  Time since last request: 0.000167 seconds.
  path: Assets/Sprites/Cainos/Third Party/Lucid Editor/Editor/Extensions/SerializedPropertyExtensions.cs
  artifactKey: Guid(f5e8e6d54dc4c477cb5b6a472790e6bf) Importer(2089858483,b0f066a214c2f5e87bad3c948f4d605d)
Start importing Assets/Sprites/Cainos/Third Party/Lucid Editor/Editor/Extensions/SerializedPropertyExtensions.cs using Guid(f5e8e6d54dc4c477cb5b6a472790e6bf) Importer(2089858483,b0f066a214c2f5e87bad3c948f4d605d) (ScriptedImporter) -> (artifact id: '31e11868ae872a186372682071816b9b') in 0.0138424 seconds
Number of updated asset objects reloaded before import = 0Number of asset objects unloaded after import = 0

========================================================================
Received Import Request.
  Time since last request: 0.000100 seconds.
  path: Assets/Sprites/Cainos/Third Party/Lucid Editor/Runtime/Attributes/BoxGroupAttribute.cs
  artifactKey: Guid(f3a7b70a9819341948c6c1f617307359) Importer(2089858483,b0f066a214c2f5e87bad3c948f4d605d)
Start importing Assets/Sprites/Cainos/Third Party/Lucid Editor/Runtime/Attributes/BoxGroupAttribute.cs using Guid(f3a7b70a9819341948c6c1f617307359) Importer(2089858483,b0f066a214c2f5e87bad3c948f4d605d) (ScriptedImporter) -> (artifact id: '440487ad72272fc165d138f25b46ce3b') in 0.0140623 seconds
Number of updated asset objects reloaded before import = 0Number of asset objects unloaded after import = 0

========================================================================
Received Import Request.
  Time since last request: 0.000134 seconds.
  path: Assets/Sprites/Cainos/Third Party/Lucid Editor/Runtime/Attributes/AssetsOnlyAttribute.cs
  artifactKey: Guid(f37a4be6f7becc748add81ca7f5c826e) Importer(2089858483,b0f066a214c2f5e87bad3c948f4d605d)
Start importing Assets/Sprites/Cainos/Third Party/Lucid Editor/Runtime/Attributes/AssetsOnlyAttribute.cs using Guid(f37a4be6f7becc748add81ca7f5c826e) Importer(2089858483,b0f066a214c2f5e87bad3c948f4d605d) (ScriptedImporter) -> (artifact id: 'd7a03831753e8242b3bf43fe17886e9a') in 0.0245186 seconds
Number of updated asset objects reloaded before import = 0Number of asset objects unloaded after import = 0

========================================================================
Received Import Request.
  Time since last request: 0.000171 seconds.
  path: Assets/Sprites/Cainos/Third Party/Lucid Editor/Editor/Utils/ProcessorUtil.cs
  artifactKey: Guid(739804b6bf10a4611bfb1a74b476cb8f) Importer(2089858483,b0f066a214c2f5e87bad3c948f4d605d)
Start importing Assets/Sprites/Cainos/Third Party/Lucid Editor/Editor/Utils/ProcessorUtil.cs using Guid(739804b6bf10a4611bfb1a74b476cb8f) Importer(2089858483,b0f066a214c2f5e87bad3c948f4d605d) (ScriptedImporter) -> (artifact id: '54df78a0b328cb1aca518a0c9e712cb7') in 0.0203907 seconds
Number of updated asset objects reloaded before import = 0Number of asset objects unloaded after import = 0

========================================================================
Received Import Request.
  Time since last request: 0.000126 seconds.
  path: Assets/Projects/MegaSuperChallengeShot/Graphics/Cute_Birds(4 in 1)Mini/B1/Animations/Bird1_2.anim
  artifactKey: Guid(3d0789fab9ae30a49a6dda09f38fe977) Importer(2089858483,b0f066a214c2f5e87bad3c948f4d605d)
Start importing Assets/Projects/MegaSuperChallengeShot/Graphics/Cute_Birds(4 in 1)Mini/B1/Animations/Bird1_2.anim using Guid(3d0789fab9ae30a49a6dda09f38fe977) Importer(2089858483,b0f066a214c2f5e87bad3c948f4d605d) (ScriptedImporter) -> (artifact id: '87aac6eb55d15eacbb86677e450c045c') in 0.0152351 seconds
Number of updated asset objects reloaded before import = 0Number of asset objects unloaded after import = 1

========================================================================
Received Import Request.
  Time since last request: 0.000099 seconds.
  path: Assets/Sprites/Cainos/Third Party/Lucid Editor/Editor/Attributes/SectionHeaderAttributeProcessor.cs
  artifactKey: Guid(a5b42575366d54c149b27a0c47737719) Importer(2089858483,b0f066a214c2f5e87bad3c948f4d605d)
Start importing Assets/Sprites/Cainos/Third Party/Lucid Editor/Editor/Attributes/SectionHeaderAttributeProcessor.cs using Guid(a5b42575366d54c149b27a0c47737719) Importer(2089858483,b0f066a214c2f5e87bad3c948f4d605d) (ScriptedImporter) -> (artifact id: '8d9ab07e35d51bc79181fa9368e8077e') in 0.0115995 seconds
Number of updated asset objects reloaded before import = 0Number of asset objects unloaded after import = 0

========================================================================
Received Import Request.
  Time since last request: 0.000060 seconds.
  path: Assets/Projects/MegaSuperChallengeShot/Graphics/Cute_Birds(4 in 1)Mini/B1/Animations/Bird1_4.anim
  artifactKey: Guid(6ae244898ed40d44f9e7a259617fe5f3) Importer(2089858483,b0f066a214c2f5e87bad3c948f4d605d)
Start importing Assets/Projects/MegaSuperChallengeShot/Graphics/Cute_Birds(4 in 1)Mini/B1/Animations/Bird1_4.anim using Guid(6ae244898ed40d44f9e7a259617fe5f3) Importer(2089858483,b0f066a214c2f5e87bad3c948f4d605d) (ScriptedImporter) -> (artifact id: '92845cbf8ed5c0bcbbe8b8751aed5c8f') in 0.0176533 seconds
Number of updated asset objects reloaded before import = 0Number of asset objects unloaded after import = 1

========================================================================
Received Import Request.
  Time since last request: 0.000045 seconds.
  path: Assets/Projects/GravityDash/kenney_ui-pack/PNG/Yellow/Double/arrow_decorative_s.png
  artifactKey: Guid(bc3bbd731358945f192d7a0db3b8d480) Importer(2089858483,b0f066a214c2f5e87bad3c948f4d605d)
Start importing Assets/Projects/GravityDash/kenney_ui-pack/PNG/Yellow/Double/arrow_decorative_s.png using Guid(bc3bbd731358945f192d7a0db3b8d480) Importer(2089858483,b0f066a214c2f5e87bad3c948f4d605d) (ScriptedImporter) -> (artifact id: '9ae327e486d4c7e4a9b7824a58ff04c7') in 0.0340785 seconds
Number of updated asset objects reloaded before import = 0Number of asset objects unloaded after import = 3

========================================================================
Received Import Request.
  Time since last request: 0.000105 seconds.
  path: Assets/Projects/MegaSuperChallengeShot/Graphics/Cute_Birds(4 in 1)Mini/B4/Animations/B4_s5.anim
  artifactKey: Guid(f4cef643e4f8ce743b78846af5d197d4) Importer(2089858483,b0f066a214c2f5e87bad3c948f4d605d)
Start importing Assets/Projects/MegaSuperChallengeShot/Graphics/Cute_Birds(4 in 1)Mini/B4/Animations/B4_s5.anim using Guid(f4cef643e4f8ce743b78846af5d197d4) Importer(2089858483,b0f066a214c2f5e87bad3c948f4d605d) (ScriptedImporter) -> (artifact id: 'f8f2397c8653f8daabe87d62bf72e112') in 0.0151739 seconds
Number of updated asset objects reloaded before import = 0Number of asset objects unloaded after import = 1

========================================================================
Received Import Request.
  Time since last request: 0.000074 seconds.
  path: Assets/Projects/MegaSuperChallengeShot/Graphics/Farland Skies/!Core/Icons/Professional/Moon_16.png
  artifactKey: Guid(ab06184fdf988ca4ca105754c82a1ad9) Importer(2089858483,b0f066a214c2f5e87bad3c948f4d605d)
Start importing Assets/Projects/MegaSuperChallengeShot/Graphics/Farland Skies/!Core/Icons/Professional/Moon_16.png using Guid(ab06184fdf988ca4ca105754c82a1ad9) Importer(2089858483,b0f066a214c2f5e87bad3c948f4d605d) (ScriptedImporter) -> (artifact id: '02a43add7e02c45e99d0d0ad64654fcb') in 0.0357254 seconds
Number of updated asset objects reloaded before import = 0Number of asset objects unloaded after import = 1

========================================================================
Received Import Request.
  Time since last request: 0.000036 seconds.
  path: Assets/Sprites/Cainos/Third Party/Lucid Editor/Editor/InspectorProperty/InspectorPropertyGroup.cs
  artifactKey: Guid(36f0a0863c5ba44e7a958fb7d3dc4d38) Importer(2089858483,b0f066a214c2f5e87bad3c948f4d605d)
Start importing Assets/Sprites/Cainos/Third Party/Lucid Editor/Editor/InspectorProperty/InspectorPropertyGroup.cs using Guid(36f0a0863c5ba44e7a958fb7d3dc4d38) Importer(2089858483,b0f066a214c2f5e87bad3c948f4d605d) (ScriptedImporter) -> (artifact id: '84c97afc86dd44189e011ae7731e9a83') in 0.0151314 seconds
Number of updated asset objects reloaded before import = 0Number of asset objects unloaded after import = 0

========================================================================
Received Import Request.
  Time since last request: 0.000045 seconds.
  path: Assets/Projects/MegaSuperChallengeShot/Graphics/OccaSoftware/Crosshairs/Art/Textures/Crosshair_02.png
  artifactKey: Guid(9ee137293631b9e46b1a401b72b130a4) Importer(2089858483,b0f066a214c2f5e87bad3c948f4d605d)
Start importing Assets/Projects/MegaSuperChallengeShot/Graphics/OccaSoftware/Crosshairs/Art/Textures/Crosshair_02.png using Guid(9ee137293631b9e46b1a401b72b130a4) Importer(2089858483,b0f066a214c2f5e87bad3c948f4d605d) (ScriptedImporter) -> (artifact id: 'fa44a7aa701c19ccaaf5086d2a4d0719') in 0.0302297 seconds
Number of updated asset objects reloaded before import = 0Number of asset objects unloaded after import = 3

========================================================================
Received Import Request.
  Time since last request: 0.000021 seconds.
  path: Assets/Projects/MegaSuperChallengeShot/Graphics/Farland Skies/Low Poly/Textures/Stars/Stars_LP_02.png
  artifactKey: Guid(4d9b59a5208099541b49b0a8fcd22323) Importer(2089858483,b0f066a214c2f5e87bad3c948f4d605d)
Start importing Assets/Projects/MegaSuperChallengeShot/Graphics/Farland Skies/Low Poly/Textures/Stars/Stars_LP_02.png using Guid(4d9b59a5208099541b49b0a8fcd22323) Importer(2089858483,b0f066a214c2f5e87bad3c948f4d605d) (ScriptedImporter) -> (artifact id: 'edb85c80cef4fec3117a831045d8841f') in 0.0548352 seconds
Number of updated asset objects reloaded before import = 0Number of asset objects unloaded after import = 1

========================================================================
Received Import Request.
  Time since last request: 0.000070 seconds.
  path: Assets/Projects/MegaSuperChallengeShot/Graphics/OccaSoftware/Crosshairs/Art/Textures/Crosshair_07.png
  artifactKey: Guid(c9eecbebc2f28f94488fbbf662912f1a) Importer(2089858483,b0f066a214c2f5e87bad3c948f4d605d)
Start importing Assets/Projects/MegaSuperChallengeShot/Graphics/OccaSoftware/Crosshairs/Art/Textures/Crosshair_07.png using Guid(c9eecbebc2f28f94488fbbf662912f1a) Importer(2089858483,b0f066a214c2f5e87bad3c948f4d605d) (ScriptedImporter) -> (artifact id: '9db08454af55aadb9947fc159a501a43') in 0.0332189 seconds
Number of updated asset objects reloaded before import = 0Number of asset objects unloaded after import = 3

========================================================================
Received Import Request.
  Time since last request: 0.000036 seconds.
  path: Assets/Projects/MegaSuperChallengeShot/Graphics/OccaSoftware/Crosshairs/Art/Textures/Crosshair_05.png
  artifactKey: Guid(26ce86e7f4d6e82438811bd217defb85) Importer(2089858483,b0f066a214c2f5e87bad3c948f4d605d)
Start importing Assets/Projects/MegaSuperChallengeShot/Graphics/OccaSoftware/Crosshairs/Art/Textures/Crosshair_05.png using Guid(26ce86e7f4d6e82438811bd217defb85) Importer(2089858483,b0f066a214c2f5e87bad3c948f4d605d) (ScriptedImporter) -> (artifact id: '7d0854f6043ba5071dfb9b97f3eb6181') in 0.0313193 seconds
Number of updated asset objects reloaded before import = 0Number of asset objects unloaded after import = 3

========================================================================
Received Import Request.
  Time since last request: 0.000037 seconds.
  path: Assets/Projects/MegaSuperChallengeShot/Graphics/Farland Skies/Low Poly/Demo/URP/DayNightCycleDemo.unity
  artifactKey: Guid(108e5e70e70e459593dd4974760c4093) Importer(2089858483,b0f066a214c2f5e87bad3c948f4d605d)
Start importing Assets/Projects/MegaSuperChallengeShot/Graphics/Farland Skies/Low Poly/Demo/URP/DayNightCycleDemo.unity using Guid(108e5e70e70e459593dd4974760c4093) Importer(2089858483,b0f066a214c2f5e87bad3c948f4d605d) (ScriptedImporter) -> (artifact id: 'e70b10d31159f05f6e23990cb09b4371') in 0.0310851 seconds
Number of updated asset objects reloaded before import = 0Number of asset objects unloaded after import = 1

========================================================================
Received Import Request.
  Time since last request: 0.000099 seconds.
  path: Assets/Projects/MegaSuperChallengeShot/Graphics/Farland Skies/Low Poly/Textures/Clouds/Clouds_LP_01.png
  artifactKey: Guid(bfa1267ef40a77540ac2cfde9297f199) Importer(2089858483,b0f066a214c2f5e87bad3c948f4d605d)
Start importing Assets/Projects/MegaSuperChallengeShot/Graphics/Farland Skies/Low Poly/Textures/Clouds/Clouds_LP_01.png using Guid(bfa1267ef40a77540ac2cfde9297f199) Importer(2089858483,b0f066a214c2f5e87bad3c948f4d605d) (ScriptedImporter) -> (artifact id: '6375d582fd22ca79626b36e8e9ca97df') in 0.0411537 seconds
Number of updated asset objects reloaded before import = 0Number of asset objects unloaded after import = 1

========================================================================
Received Import Request.
  Time since last request: 0.000023 seconds.
  path: Assets/Projects/MegaSuperChallengeShot/Graphics/Farland Skies/!Core/Scripts/Helpers/Singleton.cs
  artifactKey: Guid(8013714294ed0e240ae78d9d6648b0eb) Importer(2089858483,b0f066a214c2f5e87bad3c948f4d605d)
Start importing Assets/Projects/MegaSuperChallengeShot/Graphics/Farland Skies/!Core/Scripts/Helpers/Singleton.cs using Guid(8013714294ed0e240ae78d9d6648b0eb) Importer(2089858483,b0f066a214c2f5e87bad3c948f4d605d) (ScriptedImporter) -> (artifact id: '82795726fc4818a6badd4d712d9e60b1') in 0.0136676 seconds
Number of updated asset objects reloaded before import = 0Number of asset objects unloaded after import = 0

========================================================================
Received Import Request.
  Time since last request: 0.000102 seconds.
  path: Assets/Projects/MegaSuperChallengeShot/Graphics/OccaSoftware/Crosshairs/Art/Textures/Crosshair_13.png
  artifactKey: Guid(b493e9a4650e7ec4cb70cf682d680f1e) Importer(2089858483,b0f066a214c2f5e87bad3c948f4d605d)
Start importing Assets/Projects/MegaSuperChallengeShot/Graphics/OccaSoftware/Crosshairs/Art/Textures/Crosshair_13.png using Guid(b493e9a4650e7ec4cb70cf682d680f1e) Importer(2089858483,b0f066a214c2f5e87bad3c948f4d605d) (ScriptedImporter) -> (artifact id: 'b5c808083ebd4323f9350e5fe3542a1a') in 0.0305758 seconds
Number of updated asset objects reloaded before import = 0Number of asset objects unloaded after import = 3

========================================================================
Received Import Request.
  Time since last request: 0.000021 seconds.
  path: Assets/Projects/MegaSuperChallengeShot/Graphics/Farland Skies/Low Poly/Scripts/DotParams/SkyParam.cs
  artifactKey: Guid(0160d965e228cea48b726608f24ada7d) Importer(2089858483,b0f066a214c2f5e87bad3c948f4d605d)
Start importing Assets/Projects/MegaSuperChallengeShot/Graphics/Farland Skies/Low Poly/Scripts/DotParams/SkyParam.cs using Guid(0160d965e228cea48b726608f24ada7d) Importer(2089858483,b0f066a214c2f5e87bad3c948f4d605d) (ScriptedImporter) -> (artifact id: '46812c8f74e4af540b0678bd49634e6c') in 0.0146904 seconds
Number of updated asset objects reloaded before import = 0Number of asset objects unloaded after import = 0

========================================================================
Received Import Request.
  Time since last request: 0.000065 seconds.
  path: Assets/Projects/MegaSuperChallengeShot/Graphics/Farland Skies/Low Poly/Demo/Standart/CustomizationDemo.unity
  artifactKey: Guid(962ae467594794d4886ce2e80746e122) Importer(2089858483,b0f066a214c2f5e87bad3c948f4d605d)
Start importing Assets/Projects/MegaSuperChallengeShot/Graphics/Farland Skies/Low Poly/Demo/Standart/CustomizationDemo.unity using Guid(962ae467594794d4886ce2e80746e122) Importer(2089858483,b0f066a214c2f5e87bad3c948f4d605d) (ScriptedImporter) -> (artifact id: 'e2a1cc65fb2ab9aad81d08e9d8768725') in 0.0313696 seconds
Number of updated asset objects reloaded before import = 0Number of asset objects unloaded after import = 1

========================================================================
Received Import Request.
  Time since last request: 0.000106 seconds.
  path: Assets/Projects/MegaSuperChallengeShot/Graphics/Farland Skies/!Core/Scripts/Demo/UI/PanelsDropdown.cs
  artifactKey: Guid(865f64c4e1487064384b933eee17dc1b) Importer(2089858483,b0f066a214c2f5e87bad3c948f4d605d)
Start importing Assets/Projects/MegaSuperChallengeShot/Graphics/Farland Skies/!Core/Scripts/Demo/UI/PanelsDropdown.cs using Guid(865f64c4e1487064384b933eee17dc1b) Importer(2089858483,b0f066a214c2f5e87bad3c948f4d605d) (ScriptedImporter) -> (artifact id: '937c0f98d67476cdedb04ac35f6ee4f8') in 0.0129926 seconds
Number of updated asset objects reloaded before import = 0Number of asset objects unloaded after import = 0

========================================================================
Received Import Request.
  Time since last request: 0.000131 seconds.
  path: Assets/Projects/MegaSuperChallengeShot/Graphics/OccaSoftware/Crosshairs/Art/Textures/Crosshair_17.png
  artifactKey: Guid(c186448c466fad9478c38ce9c2f7b71b) Importer(2089858483,b0f066a214c2f5e87bad3c948f4d605d)
Start importing Assets/Projects/MegaSuperChallengeShot/Graphics/OccaSoftware/Crosshairs/Art/Textures/Crosshair_17.png using Guid(c186448c466fad9478c38ce9c2f7b71b) Importer(2089858483,b0f066a214c2f5e87bad3c948f4d605d) (ScriptedImporter) -> (artifact id: '69d69d60eed4676b4adcb1c35e5d44b0') in 0.0302302 seconds
Number of updated asset objects reloaded before import = 0Number of asset objects unloaded after import = 3

========================================================================
Received Import Request.
  Time since last request: 0.000026 seconds.
  path: Assets/Projects/MegaSuperChallengeShot/Graphics/Farland Skies/Low Poly/Textures/Sun/Sun_LP_01.png
  artifactKey: Guid(eb1e18ae3dbe9f348a7bc0d71a5cc811) Importer(2089858483,b0f066a214c2f5e87bad3c948f4d605d)
Start importing Assets/Projects/MegaSuperChallengeShot/Graphics/Farland Skies/Low Poly/Textures/Sun/Sun_LP_01.png using Guid(eb1e18ae3dbe9f348a7bc0d71a5cc811) Importer(2089858483,b0f066a214c2f5e87bad3c948f4d605d) (ScriptedImporter) -> (artifact id: 'cd5774905b4fb3ce59bb2cd730344d3d') in 0.0331223 seconds
Number of updated asset objects reloaded before import = 0Number of asset objects unloaded after import = 1

========================================================================
Received Import Request.
  Time since last request: 0.000050 seconds.
  path: Assets/Projects/MegaSuperChallengeShot/Graphics/Farland Skies/Low Poly/Demo/URP/Materials/Trees/LeafsMat.mat
  artifactKey: Guid(6fae27d8bf924c6b85a4d03a9c71c6c9) Importer(2089858483,b0f066a214c2f5e87bad3c948f4d605d)
Start importing Assets/Projects/MegaSuperChallengeShot/Graphics/Farland Skies/Low Poly/Demo/URP/Materials/Trees/LeafsMat.mat using Guid(6fae27d8bf924c6b85a4d03a9c71c6c9) Importer(2089858483,b0f066a214c2f5e87bad3c948f4d605d) (ScriptedImporter) -> (artifact id: 'ac426a4d4e00e33aa73109a663246e69') in 0.0532948 seconds
Number of updated asset objects reloaded before import = 0Number of asset objects unloaded after import = 2

========================================================================
Received Import Request.
  Time since last request: 0.000030 seconds.
  path: Assets/Projects/MegaSuperChallengeShot/Graphics/Farland Skies/Low Poly/Demo/Standart/Models/Plateau/Materials/GrassMat.mat
  artifactKey: Guid(b449e84ee6ea8e647a3921178f435f32) Importer(2089858483,b0f066a214c2f5e87bad3c948f4d605d)
Start importing Assets/Projects/MegaSuperChallengeShot/Graphics/Farland Skies/Low Poly/Demo/Standart/Models/Plateau/Materials/GrassMat.mat using Guid(b449e84ee6ea8e647a3921178f435f32) Importer(2089858483,b0f066a214c2f5e87bad3c948f4d605d) (ScriptedImporter) -> (artifact id: 'c30bf0d2b2f6f4749c47618beb11672d') in 0.0288323 seconds
Number of updated asset objects reloaded before import = 0Number of asset objects unloaded after import = 1

========================================================================
Received Import Request.
  Time since last request: 0.000113 seconds.
  path: Assets/Projects/MegaSuperChallengeShot/Graphics/Farland Skies/Low Poly/Demo/Standart/Scripts/UI/PropertyToggle.cs
  artifactKey: Guid(c0d339b0fa44b0745b4247c92319f645) Importer(2089858483,b0f066a214c2f5e87bad3c948f4d605d)
Start importing Assets/Projects/MegaSuperChallengeShot/Graphics/Farland Skies/Low Poly/Demo/Standart/Scripts/UI/PropertyToggle.cs using Guid(c0d339b0fa44b0745b4247c92319f645) Importer(2089858483,b0f066a214c2f5e87bad3c948f4d605d) (ScriptedImporter) -> (artifact id: 'c6ad96033fb86c6f03319d0725145bdc') in 0.0191469 seconds
Number of updated asset objects reloaded before import = 0Number of asset objects unloaded after import = 0

========================================================================
Received Import Request.
  Time since last request: 0.000109 seconds.
  path: Assets/Projects/MegaSuperChallengeShot/Graphics/Farland Skies/Low Poly/Demo/Standart/Scripts/UI/TimeText.cs
  artifactKey: Guid(fd69a04833e66b14997ac554bf005924) Importer(2089858483,b0f066a214c2f5e87bad3c948f4d605d)
Start importing Assets/Projects/MegaSuperChallengeShot/Graphics/Farland Skies/Low Poly/Demo/Standart/Scripts/UI/TimeText.cs using Guid(fd69a04833e66b14997ac554bf005924) Importer(2089858483,b0f066a214c2f5e87bad3c948f4d605d) (ScriptedImporter) -> (artifact id: '5eae954da47c23013b6758537e386cde') in 0.0149976 seconds
Number of updated asset objects reloaded before import = 0Number of asset objects unloaded after import = 0

========================================================================
Received Import Request.
  Time since last request: 0.000084 seconds.
  path: Assets/Projects/MegaSuperChallengeShot/Graphics/Farland Skies/Low Poly/Demo/URP/Materials/Boulders/BoulderMat.mat
  artifactKey: Guid(aa08d5ebf0b64b7e80dbf56af3b8f3aa) Importer(2089858483,b0f066a214c2f5e87bad3c948f4d605d)
Start importing Assets/Projects/MegaSuperChallengeShot/Graphics/Farland Skies/Low Poly/Demo/URP/Materials/Boulders/BoulderMat.mat using Guid(aa08d5ebf0b64b7e80dbf56af3b8f3aa) Importer(2089858483,b0f066a214c2f5e87bad3c948f4d605d) (ScriptedImporter) -> (artifact id: '4754b6a428e694e5d4cde689e856b577') in 0.0305681 seconds
Number of updated asset objects reloaded before import = 0Number of asset objects unloaded after import = 2

========================================================================
Received Import Request.
  Time since last request: 0.000305 seconds.
  path: Assets/Projects/MegaSuperChallengeShot/Graphics/Farland Skies/Low Poly/Demo/Standart/Models/Trees/SpruceTree.fbx
  artifactKey: Guid(2056af4e07feead419faea6e2f3ab351) Importer(2089858483,b0f066a214c2f5e87bad3c948f4d605d)
Start importing Assets/Projects/MegaSuperChallengeShot/Graphics/Farland Skies/Low Poly/Demo/Standart/Models/Trees/SpruceTree.fbx using Guid(2056af4e07feead419faea6e2f3ab351) Importer(2089858483,b0f066a214c2f5e87bad3c948f4d605d) (ScriptedImporter) -> (artifact id: '22f8d89b07ff9b73db725bdcb840419d') in 0.0349277 seconds
Number of updated asset objects reloaded before import = 0Number of asset objects unloaded after import = 31

========================================================================
Received Import Request.
  Time since last request: 0.000028 seconds.
  path: Assets/Projects/MegaSuperChallengeShot/Graphics/OccaSoftware/Crosshairs/Art/Textures/Crosshair_21.png
  artifactKey: Guid(a8e5031638aa2204082c6f51d5fe1edb) Importer(2089858483,b0f066a214c2f5e87bad3c948f4d605d)
Start importing Assets/Projects/MegaSuperChallengeShot/Graphics/OccaSoftware/Crosshairs/Art/Textures/Crosshair_21.png using Guid(a8e5031638aa2204082c6f51d5fe1edb) Importer(2089858483,b0f066a214c2f5e87bad3c948f4d605d) (ScriptedImporter) -> (artifact id: '9a706049dc0855891f657afda7b0a5d4') in 0.0309816 seconds
Number of updated asset objects reloaded before import = 0Number of asset objects unloaded after import = 3

========================================================================
Received Import Request.
  Time since last request: 0.000037 seconds.
  path: Assets/Projects/MegaSuperChallengeShot/Graphics/Farland Skies/!Core/Icons/Professional/Tag_16.png
  artifactKey: Guid(727daa23260bc8148bc2348eb0adbdaa) Importer(2089858483,b0f066a214c2f5e87bad3c948f4d605d)
Start importing Assets/Projects/MegaSuperChallengeShot/Graphics/Farland Skies/!Core/Icons/Professional/Tag_16.png using Guid(727daa23260bc8148bc2348eb0adbdaa) Importer(2089858483,b0f066a214c2f5e87bad3c948f4d605d) (ScriptedImporter) -> (artifact id: 'e9781bfc1e86ddb96975b4335e1f5d65') in 0.0316182 seconds
Number of updated asset objects reloaded before import = 0Number of asset objects unloaded after import = 1

========================================================================
Received Import Request.
  Time since last request: 0.000060 seconds.
  path: Assets/Projects/MegaSuperChallengeShot/Graphics/Cute_Birds(4 in 1)Mini/B4/Animations/B4_s4_0.controller
  artifactKey: Guid(3ee61c4c7b63f51439f51947bda1dbbd) Importer(2089858483,b0f066a214c2f5e87bad3c948f4d605d)
Start importing Assets/Projects/MegaSuperChallengeShot/Graphics/Cute_Birds(4 in 1)Mini/B4/Animations/B4_s4_0.controller using Guid(3ee61c4c7b63f51439f51947bda1dbbd) Importer(2089858483,b0f066a214c2f5e87bad3c948f4d605d) (ScriptedImporter) -> (artifact id: '8c7b6afb63331b2c4a7ba070054f5827') in 0.0264553 seconds
Number of updated asset objects reloaded before import = 0Number of asset objects unloaded after import = 4

========================================================================
Received Import Request.
  Time since last request: 0.000020 seconds.
  path: Assets/Projects/GravityDash/kenney_ui-pack/PNG/Yellow/Default/button_rectangle_depth_flat.png
  artifactKey: Guid(55614b8b954a54192a662f1d5d1c1222) Importer(2089858483,b0f066a214c2f5e87bad3c948f4d605d)
Start importing Assets/Projects/GravityDash/kenney_ui-pack/PNG/Yellow/Default/button_rectangle_depth_flat.png using Guid(55614b8b954a54192a662f1d5d1c1222) Importer(2089858483,b0f066a214c2f5e87bad3c948f4d605d) (ScriptedImporter) -> (artifact id: 'b83d656a067d7c832f27e0f0668bb2ed') in 0.0315 seconds
Number of updated asset objects reloaded before import = 0Number of asset objects unloaded after import = 3

========================================================================
Received Import Request.
  Time since last request: 0.000023 seconds.
  path: Assets/Projects/MegaSuperChallengeShot/Graphics/Farland Skies/Low Poly/Textures/Moon/Moon_LP_04.png
  artifactKey: Guid(f59bdd6f69fbc474cbd2214d5273ade6) Importer(2089858483,b0f066a214c2f5e87bad3c948f4d605d)
Start importing Assets/Projects/MegaSuperChallengeShot/Graphics/Farland Skies/Low Poly/Textures/Moon/Moon_LP_04.png using Guid(f59bdd6f69fbc474cbd2214d5273ade6) Importer(2089858483,b0f066a214c2f5e87bad3c948f4d605d) (ScriptedImporter) -> (artifact id: '7c7f89f5af5687f5d9536631bc9f9423') in 0.0301053 seconds
Number of updated asset objects reloaded before import = 0Number of asset objects unloaded after import = 1

========================================================================
Received Import Request.
  Time since last request: 0.000026 seconds.
  path: Assets/Projects/MegaSuperChallengeShot/Graphics/Farland Skies/Low Poly/Demo/Standart/Scripts/UI/Buttons/PausetButton.cs
  artifactKey: Guid(1a32779d4d34ae14180a838428d945ae) Importer(2089858483,b0f066a214c2f5e87bad3c948f4d605d)
Start importing Assets/Projects/MegaSuperChallengeShot/Graphics/Farland Skies/Low Poly/Demo/Standart/Scripts/UI/Buttons/PausetButton.cs using Guid(1a32779d4d34ae14180a838428d945ae) Importer(2089858483,b0f066a214c2f5e87bad3c948f4d605d) (ScriptedImporter) -> (artifact id: '556fae75ddb766d642b94868e1c262e7') in 0.020033 seconds
Number of updated asset objects reloaded before import = 0Number of asset objects unloaded after import = 0

========================================================================
Received Import Request.
  Time since last request: 0.000145 seconds.
  path: Assets/Projects/GravityDash/kenney_ui-pack/PNG/Grey/Default/button_round_gradient.png
  artifactKey: Guid(3e9554f014f3f48ac972fc5e2403d485) Importer(2089858483,b0f066a214c2f5e87bad3c948f4d605d)
Start importing Assets/Projects/GravityDash/kenney_ui-pack/PNG/Grey/Default/button_round_gradient.png using Guid(3e9554f014f3f48ac972fc5e2403d485) Importer(2089858483,b0f066a214c2f5e87bad3c948f4d605d) (ScriptedImporter) -> (artifact id: '0faef804ab463a3a722a909debb52e71') in 0.0310652 seconds
Number of updated asset objects reloaded before import = 0Number of asset objects unloaded after import = 3

========================================================================
Received Import Request.
  Time since last request: 0.000025 seconds.
  path: Assets/Projects/GravityDash/kenney_ui-pack/PNG/Red/Default/button_rectangle_depth_flat.png
  artifactKey: Guid(bdf2ae4fd347b4557bee4fcac6d501cf) Importer(2089858483,b0f066a214c2f5e87bad3c948f4d605d)
Start importing Assets/Projects/GravityDash/kenney_ui-pack/PNG/Red/Default/button_rectangle_depth_flat.png using Guid(bdf2ae4fd347b4557bee4fcac6d501cf) Importer(2089858483,b0f066a214c2f5e87bad3c948f4d605d) (ScriptedImporter) -> (artifact id: 'db504f2c2526c256121507d020541782') in 0.0292485 seconds
Number of updated asset objects reloaded before import = 0Number of asset objects unloaded after import = 3

========================================================================
Received Import Request.
  Time since last request: 0.000035 seconds.
  path: Assets/Projects/GravityDash/kenney_ui-pack/PNG/Grey/Default/button_rectangle_depth_gloss.png
  artifactKey: Guid(078979c12714d41e491cb7973f0e0d4e) Importer(2089858483,b0f066a214c2f5e87bad3c948f4d605d)
Start importing Assets/Projects/GravityDash/kenney_ui-pack/PNG/Grey/Default/button_rectangle_depth_gloss.png using Guid(078979c12714d41e491cb7973f0e0d4e) Importer(2089858483,b0f066a214c2f5e87bad3c948f4d605d) (ScriptedImporter) -> (artifact id: 'ac1bcc5519610ca2bc23cc485c0f767f') in 0.028538 seconds
Number of updated asset objects reloaded before import = 0Number of asset objects unloaded after import = 3

========================================================================
Received Import Request.
  Time since last request: 0.000021 seconds.
  path: Assets/Projects/MegaSuperChallengeShot/Graphics/Cute_Birds(4 in 1)Mini/B1/Scenes/Bird1_Demo.unity
  artifactKey: Guid(2f505adab8c71c845a6df446cff8b2f4) Importer(2089858483,b0f066a214c2f5e87bad3c948f4d605d)
Start importing Assets/Projects/MegaSuperChallengeShot/Graphics/Cute_Birds(4 in 1)Mini/B1/Scenes/Bird1_Demo.unity using Guid(2f505adab8c71c845a6df446cff8b2f4) Importer(2089858483,b0f066a214c2f5e87bad3c948f4d605d) (ScriptedImporter) -> (artifact id: 'd144ca08ee945b72dc72c1073c91cb52') in 0.0277667 seconds
Number of updated asset objects reloaded before import = 0Number of asset objects unloaded after import = 1

========================================================================
Received Import Request.
  Time since last request: 0.000041 seconds.
  path: Assets/Projects/GravityDash/kenney_ui-pack/PNG/Yellow/Double/button_square_flat.png
  artifactKey: Guid(77bdcdbdcf0cc4dd899cc52cd2f9b8d4) Importer(2089858483,b0f066a214c2f5e87bad3c948f4d605d)
Start importing Assets/Projects/GravityDash/kenney_ui-pack/PNG/Yellow/Double/button_square_flat.png using Guid(77bdcdbdcf0cc4dd899cc52cd2f9b8d4) Importer(2089858483,b0f066a214c2f5e87bad3c948f4d605d) (ScriptedImporter) -> (artifact id: '5c176b0c2daf5e2a183cea436f02cf98') in 0.0293579 seconds
Number of updated asset objects reloaded before import = 0Number of asset objects unloaded after import = 3

========================================================================
Received Import Request.
  Time since last request: 0.000022 seconds.
  path: Assets/Projects/MegaSuperChallengeShot/Graphics/Farland Skies/Low Poly/Flares/MoonFlare.flare
  artifactKey: Guid(51e9e94bd0b2a4b96a5d00f9441133a7) Importer(2089858483,b0f066a214c2f5e87bad3c948f4d605d)
Start importing Assets/Projects/MegaSuperChallengeShot/Graphics/Farland Skies/Low Poly/Flares/MoonFlare.flare using Guid(51e9e94bd0b2a4b96a5d00f9441133a7) Importer(2089858483,b0f066a214c2f5e87bad3c948f4d605d) (ScriptedImporter) -> (artifact id: 'd2833e23828cb7e066560df35cde0996') in 0.0267001 seconds
Number of updated asset objects reloaded before import = 0Number of asset objects unloaded after import = 2

========================================================================
Received Import Request.
  Time since last request: 0.000021 seconds.
  path: Assets/Projects/GravityDash/kenney_ui-pack/PNG/Extra/Double/button_square_depth_line.png
  artifactKey: Guid(6eead211ddc11450aae278f8e9c1ed8f) Importer(2089858483,b0f066a214c2f5e87bad3c948f4d605d)
Start importing Assets/Projects/GravityDash/kenney_ui-pack/PNG/Extra/Double/button_square_depth_line.png using Guid(6eead211ddc11450aae278f8e9c1ed8f) Importer(2089858483,b0f066a214c2f5e87bad3c948f4d605d) (ScriptedImporter) -> (artifact id: '0e73045097896680ffe3b20fd25361fb') in 0.0296321 seconds
Number of updated asset objects reloaded before import = 0Number of asset objects unloaded after import = 3

========================================================================
Received Import Request.
  Time since last request: 0.000032 seconds.
  path: Assets/Projects/GravityDash/kenney_ui-pack/PNG/Yellow/Default/arrow_decorative_w.png
  artifactKey: Guid(027e4b00d6f6a47ba9ed808f0442ef51) Importer(2089858483,b0f066a214c2f5e87bad3c948f4d605d)
Start importing Assets/Projects/GravityDash/kenney_ui-pack/PNG/Yellow/Default/arrow_decorative_w.png using Guid(027e4b00d6f6a47ba9ed808f0442ef51) Importer(2089858483,b0f066a214c2f5e87bad3c948f4d605d) (ScriptedImporter) -> (artifact id: '903529c8bd8a20ef864cdc83b7ca1d67') in 0.0316214 seconds
Number of updated asset objects reloaded before import = 0Number of asset objects unloaded after import = 3

========================================================================
Received Import Request.
  Time since last request: 0.000033 seconds.
  path: Assets/Projects/GravityDash/kenney_new-platformer-pack-1.1/Sprites/Tiles/Double/heart.png
  artifactKey: Guid(4446c337278714be8b7705e22394be03) Importer(2089858483,b0f066a214c2f5e87bad3c948f4d605d)
Start importing Assets/Projects/GravityDash/kenney_new-platformer-pack-1.1/Sprites/Tiles/Double/heart.png using Guid(4446c337278714be8b7705e22394be03) Importer(2089858483,b0f066a214c2f5e87bad3c948f4d605d) (ScriptedImporter) -> (artifact id: '00df2cf601915d4d4d61fec153d325c5') in 0.0297952 seconds
Number of updated asset objects reloaded before import = 0Number of asset objects unloaded after import = 3

========================================================================
Received Import Request.
  Time since last request: 0.000048 seconds.
  path: Assets/Projects/GravityDash/kenney_ui-pack/PNG/Blue/Double/arrow_basic_n.png
  artifactKey: Guid(ab0608ec5dbca48b28c978106ec274e7) Importer(2089858483,b0f066a214c2f5e87bad3c948f4d605d)
Start importing Assets/Projects/GravityDash/kenney_ui-pack/PNG/Blue/Double/arrow_basic_n.png using Guid(ab0608ec5dbca48b28c978106ec274e7) Importer(2089858483,b0f066a214c2f5e87bad3c948f4d605d) (ScriptedImporter) -> (artifact id: '5c8b8c25180ac0b7090a5386237e09d0') in 0.03516 seconds
Number of updated asset objects reloaded before import = 0Number of asset objects unloaded after import = 3

========================================================================
Received Import Request.
  Time since last request: 0.000026 seconds.
  path: Assets/Projects/GravityDash/kenney_ui-pack/PNG/Grey/Default/check_round_grey_circle.png
  artifactKey: Guid(f632c5a7901c04bc6836a57fb3f351d0) Importer(2089858483,b0f066a214c2f5e87bad3c948f4d605d)
Start importing Assets/Projects/GravityDash/kenney_ui-pack/PNG/Grey/Default/check_round_grey_circle.png using Guid(f632c5a7901c04bc6836a57fb3f351d0) Importer(2089858483,b0f066a214c2f5e87bad3c948f4d605d) (ScriptedImporter) -> (artifact id: 'e31dce733f7c9721e7842ddc566f1db2') in 0.0387843 seconds
Number of updated asset objects reloaded before import = 0Number of asset objects unloaded after import = 3

========================================================================
Received Import Request.
  Time since last request: 0.000035 seconds.
  path: Assets/Projects/GravityDash/kenney_ui-pack/PNG/Red/Double/icon_cross.png
  artifactKey: Guid(2de505254034c42c99990bad21d9f171) Importer(2089858483,b0f066a214c2f5e87bad3c948f4d605d)
Start importing Assets/Projects/GravityDash/kenney_ui-pack/PNG/Red/Double/icon_cross.png using Guid(2de505254034c42c99990bad21d9f171) Importer(2089858483,b0f066a214c2f5e87bad3c948f4d605d) (ScriptedImporter) -> (artifact id: 'c9e07d027ccdc55d539c32111576ebae') in 0.064609 seconds
Number of updated asset objects reloaded before import = 0Number of asset objects unloaded after import = 3

========================================================================
Received Import Request.
  Time since last request: 0.000035 seconds.
  path: Assets/Projects/GravityDash/kenney_new-platformer-pack-1.1/Sprites/Tiles/Double/hud_player_helmet_green.png
  artifactKey: Guid(49e6ab67879844c4089bfb7d881eb403) Importer(2089858483,b0f066a214c2f5e87bad3c948f4d605d)
Start importing Assets/Projects/GravityDash/kenney_new-platformer-pack-1.1/Sprites/Tiles/Double/hud_player_helmet_green.png using Guid(49e6ab67879844c4089bfb7d881eb403) Importer(2089858483,b0f066a214c2f5e87bad3c948f4d605d) (ScriptedImporter) -> (artifact id: 'f75b7e72f7ee950cd81c0948ebe4e3ed') in 0.0404716 seconds
Number of updated asset objects reloaded before import = 0Number of asset objects unloaded after import = 3

========================================================================
Received Import Request.
  Time since last request: 0.000038 seconds.
  path: Assets/Projects/GravityDash/kenney_ui-pack/PNG/Green/Double/slide_horizontal_color_section_wide.png
  artifactKey: Guid(aadf037b53ffd468eb1490e097f5bb85) Importer(2089858483,b0f066a214c2f5e87bad3c948f4d605d)
Start importing Assets/Projects/GravityDash/kenney_ui-pack/PNG/Green/Double/slide_horizontal_color_section_wide.png using Guid(aadf037b53ffd468eb1490e097f5bb85) Importer(2089858483,b0f066a214c2f5e87bad3c948f4d605d) (ScriptedImporter) -> (artifact id: 'e64de0377fe1021420751ff293ce2a63') in 0.0338561 seconds
Number of updated asset objects reloaded before import = 0Number of asset objects unloaded after import = 3

========================================================================
Received Import Request.
  Time since last request: 0.000037 seconds.
  path: Assets/Projects/GravityDash/kenney_new-platformer-pack-1.1/Sprites/Tiles/Double/terrain_grass_horizontal_left.png
  artifactKey: Guid(dca1c3aee2e6e4b3d8c96c1939bb804d) Importer(2089858483,b0f066a214c2f5e87bad3c948f4d605d)
Start importing Assets/Projects/GravityDash/kenney_new-platformer-pack-1.1/Sprites/Tiles/Double/terrain_grass_horizontal_left.png using Guid(dca1c3aee2e6e4b3d8c96c1939bb804d) Importer(2089858483,b0f066a214c2f5e87bad3c948f4d605d) (ScriptedImporter) -> (artifact id: '52472be5854f36c191804c79edfc935b') in 0.0310956 seconds
Number of updated asset objects reloaded before import = 0Number of asset objects unloaded after import = 3

========================================================================
Received Import Request.
  Time since last request: 0.000036 seconds.
  path: Assets/Projects/GravityDash/kenney_new-platformer-pack-1.1/Sprites/Tiles/Double/sign_right.png
  artifactKey: Guid(690c6ff8bb4ab4ff78c0ff461637aaea) Importer(2089858483,b0f066a214c2f5e87bad3c948f4d605d)
Start importing Assets/Projects/GravityDash/kenney_new-platformer-pack-1.1/Sprites/Tiles/Double/sign_right.png using Guid(690c6ff8bb4ab4ff78c0ff461637aaea) Importer(2089858483,b0f066a214c2f5e87bad3c948f4d605d) (ScriptedImporter) -> (artifact id: '596e96edd30a4e3655fabc1da41b05f9') in 0.0369609 seconds
Number of updated asset objects reloaded before import = 0Number of asset objects unloaded after import = 3

========================================================================
Received Import Request.
  Time since last request: 0.000031 seconds.
  path: Assets/Projects/GravityDash/kenney_ui-pack/PNG/Extra/Default/divider.png
  artifactKey: Guid(7e966b143ef1f44a5b5238168dd92434) Importer(2089858483,b0f066a214c2f5e87bad3c948f4d605d)
Start importing Assets/Projects/GravityDash/kenney_ui-pack/PNG/Extra/Default/divider.png using Guid(7e966b143ef1f44a5b5238168dd92434) Importer(2089858483,b0f066a214c2f5e87bad3c948f4d605d) (ScriptedImporter) -> (artifact id: '36a04665ee6766bbfeed0604fdf06c71') in 0.0481972 seconds
Number of updated asset objects reloaded before import = 0Number of asset objects unloaded after import = 3

========================================================================
Received Import Request.
  Time since last request: 0.000038 seconds.
  path: Assets/Projects/GravityDash/kenney_ui-pack/PNG/Blue/Double/slide_horizontal_grey.png
  artifactKey: Guid(ceaf22af52d754b119bc904192a22116) Importer(2089858483,b0f066a214c2f5e87bad3c948f4d605d)
Start importing Assets/Projects/GravityDash/kenney_ui-pack/PNG/Blue/Double/slide_horizontal_grey.png using Guid(ceaf22af52d754b119bc904192a22116) Importer(2089858483,b0f066a214c2f5e87bad3c948f4d605d) (ScriptedImporter) -> (artifact id: 'f8b90c73a35246387c6d419d3fc9f9a1') in 0.0394314 seconds
Number of updated asset objects reloaded before import = 0Number of asset objects unloaded after import = 3

========================================================================
Received Import Request.
  Time since last request: 0.000058 seconds.
  path: Assets/Projects/GravityDash/kenney_ui-pack/PNG/Grey/Default/check_square_grey_square.png
  artifactKey: Guid(2753b601eb1c8490881d0370b4953bb6) Importer(2089858483,b0f066a214c2f5e87bad3c948f4d605d)
Start importing Assets/Projects/GravityDash/kenney_ui-pack/PNG/Grey/Default/check_square_grey_square.png using Guid(2753b601eb1c8490881d0370b4953bb6) Importer(2089858483,b0f066a214c2f5e87bad3c948f4d605d) (ScriptedImporter) -> (artifact id: '56b347333901ba79cc3a4e55480fd58d') in 0.0380343 seconds
Number of updated asset objects reloaded before import = 0Number of asset objects unloaded after import = 3

========================================================================
Received Import Request.
  Time since last request: 0.000049 seconds.
  path: Assets/Projects/GravityDash/kenney_new-platformer-pack-1.1/Sprites/Tiles/Double/terrain_purple_block_bottom.png
  artifactKey: Guid(23f2b4dccde6d41df930aac0206e214a) Importer(2089858483,b0f066a214c2f5e87bad3c948f4d605d)
Start importing Assets/Projects/GravityDash/kenney_new-platformer-pack-1.1/Sprites/Tiles/Double/terrain_purple_block_bottom.png using Guid(23f2b4dccde6d41df930aac0206e214a) Importer(2089858483,b0f066a214c2f5e87bad3c948f4d605d) (ScriptedImporter) -> (artifact id: '3886437fe95119a5c71591761f518fa8') in 0.036781 seconds
Number of updated asset objects reloaded before import = 0Number of asset objects unloaded after import = 3

========================================================================
Received Import Request.
  Time since last request: 0.000029 seconds.
  path: Assets/Sprites/Cainos/Third Party/Lucid Editor/Editor/Attributes/LabelTextAttributeProcessor.cs
  artifactKey: Guid(e1de31754c47e417482f0a6c1785ff2a) Importer(2089858483,b0f066a214c2f5e87bad3c948f4d605d)
Start importing Assets/Sprites/Cainos/Third Party/Lucid Editor/Editor/Attributes/LabelTextAttributeProcessor.cs using Guid(e1de31754c47e417482f0a6c1785ff2a) Importer(2089858483,b0f066a214c2f5e87bad3c948f4d605d) (ScriptedImporter) -> (artifact id: 'eef5d9de34230cfd851a1b0c6b849888') in 0.0154407 seconds
Number of updated asset objects reloaded before import = 0Number of asset objects unloaded after import = 0

========================================================================
Received Import Request.
  Time since last request: 0.000081 seconds.
  path: Assets/Projects/GravityDash/kenney_ui-pack/PNG/Green/Default/check_round_round_circle.png
  artifactKey: Guid(b665df4e0b5ed48bca5dac67c5f0b054) Importer(2089858483,b0f066a214c2f5e87bad3c948f4d605d)
Start importing Assets/Projects/GravityDash/kenney_ui-pack/PNG/Green/Default/check_round_round_circle.png using Guid(b665df4e0b5ed48bca5dac67c5f0b054) Importer(2089858483,b0f066a214c2f5e87bad3c948f4d605d) (ScriptedImporter) -> (artifact id: '9a534b625a49ee6728f095de1b4253b9') in 0.0328354 seconds
Number of updated asset objects reloaded before import = 0Number of asset objects unloaded after import = 3

========================================================================
Received Import Request.
  Time since last request: 0.000034 seconds.
  path: Assets/Projects/GravityDash/kenney_ui-pack/PNG/Green/Default/button_square_gloss.png
  artifactKey: Guid(b24fac56719584133877f38ab19b034f) Importer(2089858483,b0f066a214c2f5e87bad3c948f4d605d)
Start importing Assets/Projects/GravityDash/kenney_ui-pack/PNG/Green/Default/button_square_gloss.png using Guid(b24fac56719584133877f38ab19b034f) Importer(2089858483,b0f066a214c2f5e87bad3c948f4d605d) (ScriptedImporter) -> (artifact id: '6c4a4aeeca1398635bab399ea48e6159') in 0.0366704 seconds
Number of updated asset objects reloaded before import = 0Number of asset objects unloaded after import = 3

========================================================================
Received Import Request.
  Time since last request: 0.000037 seconds.
  path: Assets/Projects/GravityDash/kenney_new-platformer-pack-1.1/Sprites/Tiles/Double/star.png
  artifactKey: Guid(6114bab6a637746a8b207007db881c8c) Importer(2089858483,b0f066a214c2f5e87bad3c948f4d605d)
Start importing Assets/Projects/GravityDash/kenney_new-platformer-pack-1.1/Sprites/Tiles/Double/star.png using Guid(6114bab6a637746a8b207007db881c8c) Importer(2089858483,b0f066a214c2f5e87bad3c948f4d605d) (ScriptedImporter) -> (artifact id: '6318b23d3a1749559c7e1a96c4bf4a94') in 0.0351878 seconds
Number of updated asset objects reloaded before import = 0Number of asset objects unloaded after import = 3

========================================================================
Received Import Request.
  Time since last request: 0.001246 seconds.
  path: Assets/Projects/GravityDash/kenney_ui-pack/PNG/Blue/Double/button_square_line.png
  artifactKey: Guid(6672c33cb711f458f83aedbc0ddf22f3) Importer(2089858483,b0f066a214c2f5e87bad3c948f4d605d)
Start importing Assets/Projects/GravityDash/kenney_ui-pack/PNG/Blue/Double/button_square_line.png using Guid(6672c33cb711f458f83aedbc0ddf22f3) Importer(2089858483,b0f066a214c2f5e87bad3c948f4d605d) (ScriptedImporter) -> (artifact id: '13157c6aeb02077c3d86fca01fbcc851') in 0.0337611 seconds
Number of updated asset objects reloaded before import = 0Number of asset objects unloaded after import = 3

========================================================================
Received Import Request.
  Time since last request: 0.000023 seconds.
  path: Assets/Projects/GravityDash/kenney_new-platformer-pack-1.1/Sprites/Tiles/Double/terrain_snow_cloud_middle.png
  artifactKey: Guid(4c2569a20b6c4488ba2300c34ded4640) Importer(2089858483,b0f066a214c2f5e87bad3c948f4d605d)
Start importing Assets/Projects/GravityDash/kenney_new-platformer-pack-1.1/Sprites/Tiles/Double/terrain_snow_cloud_middle.png using Guid(4c2569a20b6c4488ba2300c34ded4640) Importer(2089858483,b0f066a214c2f5e87bad3c948f4d605d) (ScriptedImporter) -> (artifact id: 'a7964f3805d52c20fd05988d22ca8598') in 0.0350632 seconds
Number of updated asset objects reloaded before import = 0Number of asset objects unloaded after import = 3

========================================================================
Received Import Request.
  Time since last request: 0.000031 seconds.
  path: Assets/Projects/GravityDash/kenney_ui-pack/PNG/Blue/Default/slide_hangle.png
  artifactKey: Guid(a73ccbb86158f4a5e8900224b6bcc44b) Importer(2089858483,b0f066a214c2f5e87bad3c948f4d605d)
Start importing Assets/Projects/GravityDash/kenney_ui-pack/PNG/Blue/Default/slide_hangle.png using Guid(a73ccbb86158f4a5e8900224b6bcc44b) Importer(2089858483,b0f066a214c2f5e87bad3c948f4d605d) (ScriptedImporter) -> (artifact id: '5fa806bc6e412919a647b4fb96aaf8d2') in 0.0331019 seconds
Number of updated asset objects reloaded before import = 0Number of asset objects unloaded after import = 3

========================================================================
Received Import Request.
  Time since last request: 0.000025 seconds.
  path: Assets/Projects/GravityDash/kenney_ui-pack/PNG/Blue/Default/icon_outline_checkmark.png
  artifactKey: Guid(3375ab6484eba4a1288e448db8a95663) Importer(2089858483,b0f066a214c2f5e87bad3c948f4d605d)
Start importing Assets/Projects/GravityDash/kenney_ui-pack/PNG/Blue/Default/icon_outline_checkmark.png using Guid(3375ab6484eba4a1288e448db8a95663) Importer(2089858483,b0f066a214c2f5e87bad3c948f4d605d) (ScriptedImporter) -> (artifact id: 'a3bc314655d41cf6fa8d2c00816e0fb6') in 0.0362714 seconds
Number of updated asset objects reloaded before import = 0Number of asset objects unloaded after import = 3

========================================================================
Received Import Request.
  Time since last request: 0.000023 seconds.
  path: Assets/Projects/GravityDash/kenney_ui-pack/PNG/Grey/Double/arrow_basic_s_small.png
  artifactKey: Guid(82eff55d85de945cd8bde7131d804e9d) Importer(2089858483,b0f066a214c2f5e87bad3c948f4d605d)
Start importing Assets/Projects/GravityDash/kenney_ui-pack/PNG/Grey/Double/arrow_basic_s_small.png using Guid(82eff55d85de945cd8bde7131d804e9d) Importer(2089858483,b0f066a214c2f5e87bad3c948f4d605d) (ScriptedImporter) -> (artifact id: '05c3810ce942f2367d6db422aec336b4') in 0.032216 seconds
Number of updated asset objects reloaded before import = 0Number of asset objects unloaded after import = 3

========================================================================
Received Import Request.
  Time since last request: 0.000029 seconds.
  path: Assets/Projects/GravityDash/kenney_ui-pack/PNG/Grey/Default/slide_vertical_grey_section.png
  artifactKey: Guid(25e516e80692648d5ae53ee8827b5501) Importer(2089858483,b0f066a214c2f5e87bad3c948f4d605d)
Start importing Assets/Projects/GravityDash/kenney_ui-pack/PNG/Grey/Default/slide_vertical_grey_section.png using Guid(25e516e80692648d5ae53ee8827b5501) Importer(2089858483,b0f066a214c2f5e87bad3c948f4d605d) (ScriptedImporter) -> (artifact id: '12861c95bdeb96e0d9f622bea494263f') in 0.0219257 seconds
Number of updated asset objects reloaded before import = 0Number of asset objects unloaded after import = 3

========================================================================
Received Import Request.
  Time since last request: 0.000078 seconds.
  path: Assets/Projects/GravityDash/kenney_new-platformer-pack-1.1/Sprites/Tiles/Double/sign_left.png
  artifactKey: Guid(a68bdfde1f73b41019f802aa3ad045ac) Importer(2089858483,b0f066a214c2f5e87bad3c948f4d605d)
Start importing Assets/Projects/GravityDash/kenney_new-platformer-pack-1.1/Sprites/Tiles/Double/sign_left.png using Guid(a68bdfde1f73b41019f802aa3ad045ac) Importer(2089858483,b0f066a214c2f5e87bad3c948f4d605d) (ScriptedImporter) -> (artifact id: '0627eb6cce5a415e999c322a3d5e2fc3') in 0.0302277 seconds
Number of updated asset objects reloaded before import = 0Number of asset objects unloaded after import = 3

========================================================================
Received Import Request.
  Time since last request: 0.000022 seconds.
  path: Assets/Projects/GravityDash/kenney_ui-pack/PNG/Grey/Double/button_rectangle_gloss.png
  artifactKey: Guid(99fcff44d007e4dbeb791be840d61908) Importer(2089858483,b0f066a214c2f5e87bad3c948f4d605d)
Start importing Assets/Projects/GravityDash/kenney_ui-pack/PNG/Grey/Double/button_rectangle_gloss.png using Guid(99fcff44d007e4dbeb791be840d61908) Importer(2089858483,b0f066a214c2f5e87bad3c948f4d605d) (ScriptedImporter) -> (artifact id: '2f68b5c0c12598721ea0291e1439f2b6') in 0.0330137 seconds
Number of updated asset objects reloaded before import = 0Number of asset objects unloaded after import = 3

========================================================================
Received Import Request.
  Time since last request: 0.000022 seconds.
  path: Assets/Projects/GravityDash/kenney_ui-pack/PNG/Green/Default/button_rectangle_depth_line.png
  artifactKey: Guid(a6498bcae0b084a7da27947fe0fc2c58) Importer(2089858483,b0f066a214c2f5e87bad3c948f4d605d)
Start importing Assets/Projects/GravityDash/kenney_ui-pack/PNG/Green/Default/button_rectangle_depth_line.png using Guid(a6498bcae0b084a7da27947fe0fc2c58) Importer(2089858483,b0f066a214c2f5e87bad3c948f4d605d) (ScriptedImporter) -> (artifact id: '19b52d1e872b865c0f01e5f470aeb427') in 0.0309182 seconds
Number of updated asset objects reloaded before import = 0Number of asset objects unloaded after import = 3

========================================================================
Received Import Request.
  Time since last request: 0.000021 seconds.
  path: Assets/Projects/GravityDash/kenney_new-platformer-pack-1.1/Sprites/Tiles/Double/terrain_purple_vertical_middle.png
  artifactKey: Guid(29571167ba61046699b196c1fd4aab58) Importer(2089858483,b0f066a214c2f5e87bad3c948f4d605d)
Start importing Assets/Projects/GravityDash/kenney_new-platformer-pack-1.1/Sprites/Tiles/Double/terrain_purple_vertical_middle.png using Guid(29571167ba61046699b196c1fd4aab58) Importer(2089858483,b0f066a214c2f5e87bad3c948f4d605d) (ScriptedImporter) -> (artifact id: '4d59f2cde81b14d6c86f03bba1a0d841') in 0.0284742 seconds
Number of updated asset objects reloaded before import = 0Number of asset objects unloaded after import = 3

========================================================================
Received Import Request.
  Time since last request: 0.000029 seconds.
  path: Assets/Projects/GravityDash/kenney_ui-pack/PNG/Extra/Default/button_rectangle_depth_line.png
  artifactKey: Guid(46e69df26cda04aa78dc4ce2da1a48e1) Importer(2089858483,b0f066a214c2f5e87bad3c948f4d605d)
Start importing Assets/Projects/GravityDash/kenney_ui-pack/PNG/Extra/Default/button_rectangle_depth_line.png using Guid(46e69df26cda04aa78dc4ce2da1a48e1) Importer(2089858483,b0f066a214c2f5e87bad3c948f4d605d) (ScriptedImporter) -> (artifact id: '2a6caeb7736e5b80690463427f3374c8') in 0.0320272 seconds
Number of updated asset objects reloaded before import = 0Number of asset objects unloaded after import = 3

========================================================================
Received Import Request.
  Time since last request: 0.000081 seconds.
  path: Assets/Projects/GravityDash/kenney_ui-pack/PNG/Red/Default/arrow_decorative_e_small.png
  artifactKey: Guid(3bc9b584d6dd74bac8fbe3d2505f0575) Importer(2089858483,b0f066a214c2f5e87bad3c948f4d605d)
Start importing Assets/Projects/GravityDash/kenney_ui-pack/PNG/Red/Default/arrow_decorative_e_small.png using Guid(3bc9b584d6dd74bac8fbe3d2505f0575) Importer(2089858483,b0f066a214c2f5e87bad3c948f4d605d) (ScriptedImporter) -> (artifact id: 'a5b25ff158e79599f4e5218a152b733e') in 0.0369256 seconds
Number of updated asset objects reloaded before import = 0Number of asset objects unloaded after import = 3

========================================================================
Received Import Request.
  Time since last request: 0.000033 seconds.
  path: Assets/Projects/GravityDash/kenney_ui-pack/PNG/Blue/Default/button_round_depth_line.png
  artifactKey: Guid(b994189e4bef94c4e84e1fefe68a038b) Importer(2089858483,b0f066a214c2f5e87bad3c948f4d605d)
Start importing Assets/Projects/GravityDash/kenney_ui-pack/PNG/Blue/Default/button_round_depth_line.png using Guid(b994189e4bef94c4e84e1fefe68a038b) Importer(2089858483,b0f066a214c2f5e87bad3c948f4d605d) (ScriptedImporter) -> (artifact id: '5c467d28ebbd4e101bff384365c5f6f5') in 0.0248681 seconds
Number of updated asset objects reloaded before import = 0Number of asset objects unloaded after import = 3

========================================================================
Received Import Request.
  Time since last request: 0.000034 seconds.
  path: Assets/Projects/GravityDash/kenney_new-platformer-pack-1.1/Sprites/Tiles/Double/key_blue.png
  artifactKey: Guid(74bbcd386fc6641d5ace35ba9dddc2c3) Importer(2089858483,b0f066a214c2f5e87bad3c948f4d605d)
Start importing Assets/Projects/GravityDash/kenney_new-platformer-pack-1.1/Sprites/Tiles/Double/key_blue.png using Guid(74bbcd386fc6641d5ace35ba9dddc2c3) Importer(2089858483,b0f066a214c2f5e87bad3c948f4d605d) (ScriptedImporter) -> (artifact id: '61a0b54fb24e3762cbe2fc696290c0ae') in 0.0249976 seconds
Number of updated asset objects reloaded before import = 0Number of asset objects unloaded after import = 3

========================================================================
Received Import Request.
  Time since last request: 0.000019 seconds.
  path: Assets/Projects/GravityDash/kenney_ui-pack/PNG/Green/Default/button_square_depth_line.png
  artifactKey: Guid(9ddb4c3bda1ed4c4185698f0352cf289) Importer(2089858483,b0f066a214c2f5e87bad3c948f4d605d)
Start importing Assets/Projects/GravityDash/kenney_ui-pack/PNG/Green/Default/button_square_depth_line.png using Guid(9ddb4c3bda1ed4c4185698f0352cf289) Importer(2089858483,b0f066a214c2f5e87bad3c948f4d605d) (ScriptedImporter) -> (artifact id: 'b94384b5b9496d510596c061eff89ca9') in 0.030005 seconds
Number of updated asset objects reloaded before import = 0Number of asset objects unloaded after import = 3

========================================================================
Received Import Request.
  Time since last request: 0.000019 seconds.
  path: Assets/Projects/GravityDash/kenney_ui-pack/PNG/Grey/Default/arrow_decorative_e.png
  artifactKey: Guid(c0014edaf9c314883b2b7bd1bc1cefd5) Importer(2089858483,b0f066a214c2f5e87bad3c948f4d605d)
Start importing Assets/Projects/GravityDash/kenney_ui-pack/PNG/Grey/Default/arrow_decorative_e.png using Guid(c0014edaf9c314883b2b7bd1bc1cefd5) Importer(2089858483,b0f066a214c2f5e87bad3c948f4d605d) (ScriptedImporter) -> (artifact id: '6ac73af71d76adfdca8278acbc1b258a') in 0.0277254 seconds
Number of updated asset objects reloaded before import = 0Number of asset objects unloaded after import = 3

========================================================================
Received Import Request.
  Time since last request: 0.000028 seconds.
  path: Assets/Projects/GravityDash/kenney_ui-pack/PNG/Blue/Default/button_round_border.png
  artifactKey: Guid(ac753dd650e0e4864885485c0443c5ba) Importer(2089858483,b0f066a214c2f5e87bad3c948f4d605d)
Start importing Assets/Projects/GravityDash/kenney_ui-pack/PNG/Blue/Default/button_round_border.png using Guid(ac753dd650e0e4864885485c0443c5ba) Importer(2089858483,b0f066a214c2f5e87bad3c948f4d605d) (ScriptedImporter) -> (artifact id: '6aa8b865e31f996d23f6205b5019c2b2') in 0.0261342 seconds
Number of updated asset objects reloaded before import = 0Number of asset objects unloaded after import = 3

========================================================================
Received Import Request.
  Time since last request: 0.000022 seconds.
  path: Assets/Projects/GravityDash/kenney_ui-pack/PNG/Extra/Default/icon_play_light.png
  artifactKey: Guid(ab67bde865c0647a3817704fc3efc988) Importer(2089858483,b0f066a214c2f5e87bad3c948f4d605d)
Start importing Assets/Projects/GravityDash/kenney_ui-pack/PNG/Extra/Default/icon_play_light.png using Guid(ab67bde865c0647a3817704fc3efc988) Importer(2089858483,b0f066a214c2f5e87bad3c948f4d605d) (ScriptedImporter) -> (artifact id: '1d56eabfdb265b41d7f55ea9b5886676') in 0.0434908 seconds
Number of updated asset objects reloaded before import = 0Number of asset objects unloaded after import = 3

========================================================================
Received Import Request.
  Time since last request: 0.000030 seconds.
  path: Assets/Projects/GravityDash/kenney_ui-pack/PNG/Extra/Default/icon_arrow_up_light.png
  artifactKey: Guid(7ef54ed5fce004eb2b7f7a5175911841) Importer(2089858483,b0f066a214c2f5e87bad3c948f4d605d)
Start importing Assets/Projects/GravityDash/kenney_ui-pack/PNG/Extra/Default/icon_arrow_up_light.png using Guid(7ef54ed5fce004eb2b7f7a5175911841) Importer(2089858483,b0f066a214c2f5e87bad3c948f4d605d) (ScriptedImporter) -> (artifact id: '37ad8dcdeaf10d5bcf78f7ffe80017b7') in 0.0357671 seconds
Number of updated asset objects reloaded before import = 0Number of asset objects unloaded after import = 3

========================================================================
Received Import Request.
  Time since last request: 0.000054 seconds.
  path: Assets/Projects/GravityDash/kenney_ui-pack/PNG/Blue/Default/button_square_gloss.png
  artifactKey: Guid(475341a9f44614e85acd9242b749db82) Importer(2089858483,b0f066a214c2f5e87bad3c948f4d605d)
Start importing Assets/Projects/GravityDash/kenney_ui-pack/PNG/Blue/Default/button_square_gloss.png using Guid(475341a9f44614e85acd9242b749db82) Importer(2089858483,b0f066a214c2f5e87bad3c948f4d605d) (ScriptedImporter) -> (artifact id: '8c2d744fea3ed048aa1204b42672b39e') in 0.0442161 seconds
Number of updated asset objects reloaded before import = 0Number of asset objects unloaded after import = 3

========================================================================
Received Import Request.
  Time since last request: 0.000046 seconds.
  path: Assets/Projects/GravityDash/kenney_ui-pack/PNG/Red/Double/arrow_basic_s.png
  artifactKey: Guid(fbaa50a050f4a48fa937efcf46162b7b) Importer(2089858483,b0f066a214c2f5e87bad3c948f4d605d)
Start importing Assets/Projects/GravityDash/kenney_ui-pack/PNG/Red/Double/arrow_basic_s.png using Guid(fbaa50a050f4a48fa937efcf46162b7b) Importer(2089858483,b0f066a214c2f5e87bad3c948f4d605d) (ScriptedImporter) -> (artifact id: '5cc820c846982c6fbcac715bd3ad16cf') in 0.0409637 seconds
Number of updated asset objects reloaded before import = 0Number of asset objects unloaded after import = 3

========================================================================
Received Import Request.
  Time since last request: 0.000025 seconds.
  path: Assets/Projects/GravityDash/kenney_ui-pack/PNG/Blue/Double/button_round_depth_line.png
  artifactKey: Guid(f65086cffcd0d45128ca2d974136cdf1) Importer(2089858483,b0f066a214c2f5e87bad3c948f4d605d)
Start importing Assets/Projects/GravityDash/kenney_ui-pack/PNG/Blue/Double/button_round_depth_line.png using Guid(f65086cffcd0d45128ca2d974136cdf1) Importer(2089858483,b0f066a214c2f5e87bad3c948f4d605d) (ScriptedImporter) -> (artifact id: '44518e378095e51c41d75429d7e45098') in 0.0269317 seconds
Number of updated asset objects reloaded before import = 0Number of asset objects unloaded after import = 3

========================================================================
Received Prepare
WARNING: Shader Unsupported: 'Hidden/Universal Render Pipeline/Terrain/Lit (Base Pass)' - All subshaders removed
WARNING: Shader Did you use #pragma only_renderers and omit this platform?
WARNING: Shader If subshaders removal was intentional, you may have forgotten turning Fallback off?
WARNING: Shader Unsupported: 'Hidden/Universal Render Pipeline/Terrain/Lit (Base Pass)' - All subshaders removed
WARNING: Shader Did you use #pragma only_renderers and omit this platform?
WARNING: Shader If subshaders removal was intentional, you may have forgotten turning Fallback off?
WARNING: Shader Unsupported: 'Universal Render Pipeline/Terrain/Lit' - All subshaders removed
WARNING: Shader Did you use #pragma only_renderers and omit this platform?
WARNING: Shader If subshaders removal was intentional, you may have forgotten turning Fallback off?
WARNING: Shader Unsupported: 'Universal Render Pipeline/Terrain/Lit' - All subshaders removed
WARNING: Shader Did you use #pragma only_renderers and omit this platform?
WARNING: Shader If subshaders removal was intentional, you may have forgotten turning Fallback off?
Refreshing native plugins compatible for Editor in 4.63 ms, found 4 plugins.
Preloading 0 native plugins for Editor in 0.00 ms.
Unloading 45 Unused Serialized files (Serialized files now loaded: 0)
Unloading 8124 unused Assets / (6.4 MB). Loaded Objects now: 8800.
Memory consumption went from 161.8 MB to 155.4 MB.
Total: 33.841100 ms (FindLiveObjects: 0.945700 ms CreateObjectMapping: 0.729000 ms MarkObjects: 28.320900 ms  DeleteObjects: 3.842900 ms)

Prepare: number of updated asset objects reloaded= 0
