[Licensing::Module] Trying to connect to existing licensing client channel...
Built from '6000.3/staging' branch; Version is '6000.3.8f1 (1c7db571dde0) revision 1867189'; Using compiler version '194234433'; Build Type 'Release'
OS: 'Windows 11  (10.0.26200) Professional' Language: 'uk' Physical Memory: 32189 MB
[Licensing::IpcConnector] Successfully connected to: "LicenseClient-Vetlik" at "2026-06-13T13:20:22.8345894Z"
BatchMode: 1, IsHumanControllingUs: 0, StartBugReporterOnCrash: 0, Is64bit: 1
System  architecture: x64
Process architecture: x64
Date: 2026-06-13T13:20:22Z

COMMAND LINE ARGUMENTS:
C:\Program Files\Unity\Hub\Editor\6000.3.8f1\Editor\Unity.exe
-adb2
-batchMode
-noUpm
-name
AssetImportWorker0
-projectPath
D:/3 курс_2 семестр_Чайковський/Крос-платформне програмування/fixed_games/lab6/labs_gamedev
-logFile
Logs/AssetImportWorker0.log
-srvPort
60729
-licensingIpc
LicenseClient-Vetlik
-job-worker-count
10
-background-job-worker-count
8
-gc-helper-count
1
-name
AssetImport
Successfully changed project path to: D:/3 курс_2 семестр_Чайковський/Крос-платформне програмування/fixed_games/lab6/labs_gamedev
D:/3 курс_2 семестр_Чайковський/Крос-платформне програмування/fixed_games/lab6/labs_gamedev
[UnityMemory] Configuration Parameters - Can be set up in boot.config
    "memorysetup-temp-allocator-size-nav-mesh-worker=65536"
    "memorysetup-temp-allocator-size-audio-worker=65536"
    "memorysetup-temp-allocator-size-gfx=262144"
    "memorysetup-allocator-temp-initial-block-size-main=262144"
    "memorysetup-allocator-temp-initial-block-size-worker=262144"
    "memorysetup-temp-allocator-size-background-worker=32768"
    "memorysetup-temp-allocator-size-job-worker=262144"
    "memorysetup-temp-allocator-size-preload-manager=33554432"
    "memorysetup-temp-allocator-size-gi-baking-worker=262144"
    "memorysetup-temp-allocator-size-gi-baking-worker=262144"
    "memorysetup-temp-allocator-size-gi-baking-worker=262144"
    "memorysetup-temp-allocator-size-gi-baking-worker=262144"
    "memorysetup-temp-allocator-size-gi-baking-worker=262144"
    "memorysetup-bucket-allocator-granularity=16"
    "memorysetup-bucket-allocator-bucket-count=8"
    "memorysetup-bucket-allocator-block-size=33554432"
    "memorysetup-bucket-allocator-block-count=8"
    "memorysetup-main-allocator-block-size=16777216"
    "memorysetup-thread-allocator-block-size=16777216"
    "memorysetup-gfx-main-allocator-block-size=16777216"
    "memorysetup-gfx-thread-allocator-block-size=16777216"
    "memorysetup-cache-allocator-block-size=4194304"
    "memorysetup-typetree-allocator-block-size=2097152"
    "memorysetup-profiler-bucket-allocator-granularity=16"
    "memorysetup-profiler-bucket-allocator-bucket-count=8"
    "memorysetup-profiler-bucket-allocator-block-size=33554432"
    "memorysetup-profiler-bucket-allocator-block-count=8"
    "memorysetup-profiler-allocator-block-size=16777216"
    "memorysetup-profiler-editor-allocator-block-size=1048576"
    "memorysetup-temp-allocator-size-main=16777216"
    "memorysetup-job-temp-allocator-block-size=2097152"
    "memorysetup-job-temp-allocator-block-size-background=1048576"
    "memorysetup-job-temp-allocator-reduction-small-platforms=262144"
    "memorysetup-temp-allocator-size-cloud-worker=32768"
Player connection [60588]  Target information:

Player connection [60588]  * "[IP] 192.168.56.1 [Port] 0 [Flags] 2 [Guid] 3665850815 [EditorId] 3665850815 [Version] 1048832 [Id] WindowsEditor(7,DESKTOP-0FQ05EC) [Debug] 1 [PackageName] WindowsEditor [ProjectName] Editor" 

Player connection [60588]  * "[IP] 172.31.64.1 [Port] 0 [Flags] 2 [Guid] 3665850815 [EditorId] 3665850815 [Version] 1048832 [Id] WindowsEditor(7,DESKTOP-0FQ05EC) [Debug] 1 [PackageName] WindowsEditor [ProjectName] Editor" 

Player connection [60588]  * "[IP] 192.168.0.110 [Port] 0 [Flags] 2 [Guid] 3665850815 [EditorId] 3665850815 [Version] 1048832 [Id] WindowsEditor(7,DESKTOP-0FQ05EC) [Debug] 1 [PackageName] WindowsEditor [ProjectName] Editor" 

Player connection [60588] Host joined multi-casting on [225.0.0.222:54997]...
Player connection [60588] Host joined alternative multi-casting on [225.0.0.222:34997]...
JobSystem: Creating JobQueue using job-worker-count value 10
Input System module state changed to: Initialized.
[Physics::Module] Initialized fallback backend.
[Physics::Module] Id: 0xdecafbad
Library Redirect Path: Library/
[Physics::Module] Selected backend.
[Physics::Module] Name: PhysX
[Physics::Module] Id: 0xf2b8ea05
[Physics::Module] SDK Version: 4.1.2
[Physics::Module] Integration Version: 1.0.0
[Physics::Module] Threading Mode: Multi-Threaded
Refreshing native plugins compatible for Editor in 13.65 ms, found 4 plugins.
Preloading 0 native plugins for Editor in 0.00 ms.
Initialize engine version: 6000.3.8f1 (1c7db571dde0)
[Subsystems] Discovering subsystems at path C:/Program Files/Unity/Hub/Editor/6000.3.8f1/Editor/Data/Resources/UnitySubsystems
[Subsystems] Discovering subsystems at path D:/3 курс_2 семестр_Чайковський/Крос-платформне програмування/fixed_games/lab6/labs_gamedev/Assets
GfxDevice: creating device client; kGfxThreadingModeNonThreaded
Direct3D:
    Version:  Direct3D 11.0 [level 11.1]
    Renderer: Intel(R) Arc(TM) Graphics (ID=0x7d55)
    Vendor:   Intel
    VRAM:     18347 MB
    Driver:   32.0.101.8132
Shader 'Universal Render Pipeline/Lit': fallback shader 'Hidden/Universal Render Pipeline/FallbackError' not found
Shader 'Universal Render Pipeline/VR/SpatialMapping/Occlusion': fallback shader 'Hidden/Universal Render Pipeline/FallbackError' not found
Shader 'Universal Render Pipeline/VR/SpatialMapping/Wireframe': fallback shader 'Hidden/Universal Render Pipeline/FallbackError' not found
Shader 'Universal Render Pipeline/Particles/Unlit': fallback shader 'Hidden/Universal Render Pipeline/FallbackError' not found
Shader 'Universal Render Pipeline/Simple Lit': fallback shader 'Hidden/Universal Render Pipeline/FallbackError' not found
Shader 'Universal Render Pipeline/Nature/SpeedTree7': fallback shader 'Hidden/Universal Render Pipeline/FallbackError' not found
Shader 'Universal Render Pipeline/Nature/SpeedTree7': dependency 'BillboardShader' shader 'Universal Render Pipeline/Nature/SpeedTree7 Billboard' not found
Shader 'Hidden/Universal Render Pipeline/StencilDeferred': fallback shader 'Hidden/Universal Render Pipeline/FallbackError' not found
Shader 'Hidden/Universal Render Pipeline/ClusterDeferred': fallback shader 'Hidden/Universal Render Pipeline/FallbackError' not found
Shader 'Hidden/Universal Render Pipeline/FallbackError': fallback shader 'Hidden/Core/FallbackError' not found
Shader 'Universal Render Pipeline/Particles/Simple Lit': fallback shader 'Universal Render Pipeline/Particles/Unlit' not found
Shader 'Universal Render Pipeline/Particles/Lit': fallback shader 'Universal Render Pipeline/Particles/Simple Lit' not found
Shader 'Universal Render Pipeline/Nature/SpeedTree7 Billboard': fallback shader 'Hidden/Universal Render Pipeline/FallbackError' not found
Shader 'Universal Render Pipeline/Complex Lit': fallback shader 'Hidden/Universal Render Pipeline/FallbackError' not found
Shader 'Universal Render Pipeline/Nature/SpeedTree8': fallback shader 'Hidden/Universal Render Pipeline/FallbackError' not found
Shader 'Hidden/Universal Render Pipeline/Terrain/Lit (Add Pass)': fallback shader 'Hidden/Universal Render Pipeline/FallbackError' not found
Shader 'TextMeshPro/Distance Field Overlay': fallback shader 'TextMeshPro/Mobile/Distance Field' not found
Shader 'Universal Render Pipeline/Baked Lit': fallback shader 'Universal Render Pipeline/Unlit' not found
Shader 'TextMeshPro/Distance Field SSD': fallback shader 'TextMeshPro/Mobile/Distance Field' not found
Shader 'TextMeshPro/Distance Field': fallback shader 'TextMeshPro/Mobile/Distance Field' not found
Shader 'Universal Render Pipeline/Unlit': fallback shader 'Hidden/Universal Render Pipeline/FallbackError' not found
Initialize mono
Mono path[0] = 'C:/Program Files/Unity/Hub/Editor/6000.3.8f1/Editor/Data/Managed'
Mono path[1] = 'C:/Program Files/Unity/Hub/Editor/6000.3.8f1/Editor/Data/MonoBleedingEdge/lib/mono/unityjit-win32'
Mono config path = 'C:/Program Files/Unity/Hub/Editor/6000.3.8f1/Editor/Data/MonoBleedingEdge/etc'
Using monoOptions --debugger-agent=transport=dt_socket,embedding=1,server=y,suspend=n,address=127.0.0.1:56936
Begin MonoManager ReloadAssembly
Registering precompiled unity dll's ...
Register platform support module: C:/Program Files/Unity/Hub/Editor/6000.3.8f1/Editor/Data/PlaybackEngines/WindowsStandaloneSupport/UnityEditor.WindowsStandalone.Extensions.dll
Registered in 0.002117 seconds.
- Loaded All Assemblies, in  0.951 seconds
Native extension for WindowsStandalone target not found
ScheduleIndexationOnStartup MainProcess:False IndexOnStartup:True
Mono: successfully reloaded assembly
- Finished resetting the current domain, in  0.819 seconds
Domain Reload Profiling: 1762ms
	BeginReloadAssembly (358ms)
		ExecutionOrderSort (0ms)
		DisableScriptedObjects (0ms)
		BackupInstance (0ms)
		ReleaseScriptingObjects (0ms)
		CreateAndSetChildDomain (2ms)
	RebuildCommonClasses (84ms)
	RebuildNativeTypeToScriptingClass (28ms)
	initialDomainReloadingComplete (94ms)
	LoadAllAssembliesAndSetupDomain (380ms)
		LoadAssemblies (350ms)
		RebuildTransferFunctionScriptingTraits (0ms)
		AnalyzeDomain (375ms)
			TypeCache.Refresh (372ms)
				TypeCache.ScanAssembly (351ms)
			BuildScriptInfoCaches (0ms)
			ResolveRequiredComponents (0ms)
	FinalizeReload (819ms)
		ReleaseScriptCaches (0ms)
		RebuildScriptCaches (0ms)
		SetupLoadedEditorAssemblies (755ms)
			LogAssemblyErrors (0ms)
			InitializePlatformSupportModulesInManaged (74ms)
			SetLoadedEditorAssemblies (6ms)
			BeforeProcessingInitializeOnLoad (154ms)
			ProcessInitializeOnLoadAttributes (369ms)
			ProcessInitializeOnLoadMethodAttributes (152ms)
			AfterProcessingInitializeOnLoad (0ms)
			EditorAssembliesLoaded (0ms)
		ExecutionOrderSort2 (0ms)
		AwakeInstancesAfterBackupRestoration (0ms)
========================================================================
Worker process is ready to serve import requests
Import Worker Mode flag is 0x00
Begin MonoManager ReloadAssembly
[Licensing::Module] Licensing is not yet initialized.
[Licensing::Client] Handshaking with LicensingClient:
  Version:                 1.17.4+4293ba1
  Session Id:              90b418292a32496b934c58158f62cc0a
  Correlation Id:          04bed74e7ec85f4ac415e3263256bf27
  External correlation Id: 7000663624619711698
  Machine Id:              XF9qbCF8jYGah7fdRYj1Jhek+PE=
[Licensing::Module] Successfully connected to LicensingClient on channel: "LicenseClient-Vetlik" (connect: 0.00s, validation: 0.00s, handshake: 4.07s)
[Licensing::IpcConnector] Successfully connected to: "LicenseClient-Vetlik-notifications" at "2026-06-13T13:20:26.9104936Z"
[Licensing::Module] Licensing Background thread has ended after 4.08s
[Licensing::Module] Licensing is initialized (took 0.17s).
[Licensing::Client] Successfully resolved entitlement details
[Licensing::Module] License group:
  Id: F4-6GGE-9CKT-UPYG-SP8W-XXXX
  Product: Unity Personal
  Type: ULF
  Expiration: Unlimited
[Licensing::Module] License group:
  Id: 7972560156196-UnityPersXXXX
  Product: Unity Personal
  Type: Assigned
  Expiration: Unlimited
Symbol file LoadedFromMemory is not a mono symbol file
- Loaded All Assemblies, in  2.067 seconds
Refreshing native plugins compatible for Editor in 6.10 ms, found 4 plugins.
Native extension for WindowsStandalone target not found
Refreshing native plugins compatible for Editor in 5.04 ms, found 4 plugins.
Package Manager log level set to [2]
[Package Manager] Failed to launch server process. Reason: Unity was launched with the -noUpm command-line argument
[Package Manager] Unable to send message (not connected to server process).
[Package Manager] Cannot connect to Unity Package Manager local server
DisplayDialog: Error Failed to download MDR; An exception occurred during a WebClient request.
This should not be called in batch mode.
UnityEngine.Debug:ExtractStackTraceNoAlloc (byte*,int,string)
UnityEngine.StackTraceUtility:ExtractStackTrace ()
UnityEditor.EditorDialog:DisplayAlertDialogNative (string,UnityEditor.DialogIconType,string,string)
UnityEditor.EditorDialog:DisplayAlertDialog (string,string,string,UnityEditor.DialogIconType)
UnityEditor.EditorUtility:DisplayDialog (string,string,string)
UnityEngine.Advertisements.Editor.MobileDependencyResolverInstallerUnity:InstallPackage () (at ./Library/PackageCache/com.unity.ads@e89225828059/Editor/Source/MobileDependencyResolverUnity.cs:114)
UnityEngine.Advertisements.Editor.MobileDependencyResolverInstallerUnity:InstallPlayServicesResolverIfNeeded () (at ./Library/PackageCache/com.unity.ads@e89225828059/Editor/Source/MobileDependencyResolverUnity.cs:48)
System.Reflection.RuntimeMethodInfo:Invoke (object,System.Reflection.BindingFlags,System.Reflection.Binder,object[],System.Globalization.CultureInfo)
System.Reflection.MethodBase:Invoke (object,object[])
UnityEditor.EditorAssemblies:ProcessInitializeOnLoadMethodAttributes ()

[./Library/PackageCache/com.unity.ads@e89225828059/Editor/Source/MobileDependencyResolverUnity.cs line 114]

ScheduleIndexationOnStartup MainProcess:False IndexOnStartup:True
Mono: successfully reloaded assembly
- Finished resetting the current domain, in  1.605 seconds
Domain Reload Profiling: 3664ms
	BeginReloadAssembly (548ms)
		ExecutionOrderSort (0ms)
		DisableScriptedObjects (14ms)
		BackupInstance (0ms)
		ReleaseScriptingObjects (0ms)
		CreateAndSetChildDomain (71ms)
	RebuildCommonClasses (78ms)
	RebuildNativeTypeToScriptingClass (24ms)
	initialDomainReloadingComplete (82ms)
	LoadAllAssembliesAndSetupDomain (1327ms)
		LoadAssemblies (861ms)
		RebuildTransferFunctionScriptingTraits (0ms)
		AnalyzeDomain (676ms)
			TypeCache.Refresh (410ms)
				TypeCache.ScanAssembly (380ms)
			BuildScriptInfoCaches (242ms)
			ResolveRequiredComponents (15ms)
	FinalizeReload (1605ms)
		ReleaseScriptCaches (0ms)
		RebuildScriptCaches (0ms)
		SetupLoadedEditorAssemblies (1366ms)
			LogAssemblyErrors (0ms)
			InitializePlatformSupportModulesInManaged (3ms)
			SetLoadedEditorAssemblies (7ms)
			BeforeProcessingInitializeOnLoad (291ms)
			ProcessInitializeOnLoadAttributes (687ms)
			ProcessInitializeOnLoadMethodAttributes (372ms)
			AfterProcessingInitializeOnLoad (7ms)
			EditorAssembliesLoaded (1ms)
		ExecutionOrderSort2 (0ms)
		AwakeInstancesAfterBackupRestoration (14ms)
WARNING: Shader Unsupported: 'Hidden/Universal Render Pipeline/Terrain/Lit (Base Pass)' - All subshaders removed
WARNING: Shader Did you use #pragma only_renderers and omit this platform?
WARNING: Shader If subshaders removal was intentional, you may have forgotten turning Fallback off?
WARNING: Shader Unsupported: 'Hidden/Universal Render Pipeline/Terrain/Lit (Base Pass)' - All subshaders removed
WARNING: Shader Did you use #pragma only_renderers and omit this platform?
WARNING: Shader If subshaders removal was intentional, you may have forgotten turning Fallback off?
WARNING: Shader Unsupported: 'Universal Render Pipeline/Terrain/Lit' - All subshaders removed
WARNING: Shader Did you use #pragma only_renderers and omit this platform?
WARNING: Shader If subshaders removal was intentional, you may have forgotten turning Fallback off?
WARNING: Shader Unsupported: 'Universal Render Pipeline/Terrain/Lit' - All subshaders removed
WARNING: Shader Did you use #pragma only_renderers and omit this platform?
WARNING: Shader If subshaders removal was intentional, you may have forgotten turning Fallback off?
Launched and connected shader compiler UnityShaderCompiler.exe after 0.02 seconds
Refreshing native plugins compatible for Editor in 5.89 ms, found 4 plugins.
Preloading 0 native plugins for Editor in 0.00 ms.
Unloading 45 Unused Serialized files (Serialized files now loaded: 0)
Unloading 8166 unused Assets / (7.2 MB). Loaded Objects now: 8787.
Memory consumption went from 161.6 MB to 154.4 MB.
Total: 18.568200 ms (FindLiveObjects: 1.784600 ms CreateObjectMapping: 1.366700 ms MarkObjects: 12.059600 ms  DeleteObjects: 3.354600 ms)

========================================================================
Received Import Request.
  Time since last request: 262538.688469 seconds.
  path: Assets/Scripts/MenuScore.cs
  artifactKey: Guid(83fbce95c881e5d43b4d81f865670965) Importer(2089858483,b0f066a214c2f5e87bad3c948f4d605d)
Start importing Assets/Scripts/MenuScore.cs using Guid(83fbce95c881e5d43b4d81f865670965) Importer(2089858483,b0f066a214c2f5e87bad3c948f4d605d) (ScriptedImporter) -> (artifact id: '88bba526848b5ca86c8525adb1a45e2f') in 0.1309971 seconds
Number of updated asset objects reloaded before import = 0Number of asset objects unloaded after import = 0

========================================================================
Received Import Request.
  Time since last request: 0.000032 seconds.
  path: Assets/Sprites/Tiles.png
  artifactKey: Guid(6bc6aaa491e798c488b7b04f57b4e12c) Importer(2089858483,b0f066a214c2f5e87bad3c948f4d605d)
Start importing Assets/Sprites/Tiles.png using Guid(6bc6aaa491e798c488b7b04f57b4e12c) Importer(2089858483,b0f066a214c2f5e87bad3c948f4d605d) (ScriptedImporter) -> (artifact id: 'b0331e5e1f5008a4fcef8a486e6e130b') in 0.1243877 seconds
Number of updated asset objects reloaded before import = 0Number of asset objects unloaded after import = 17

========================================================================
Received Import Request.
  Time since last request: 0.000038 seconds.
  path: Assets/Scripts/ScoreKeeper.cs
  artifactKey: Guid(7908ec731f6eaf144a70b1b2ea366a87) Importer(2089858483,b0f066a214c2f5e87bad3c948f4d605d)
Start importing Assets/Scripts/ScoreKeeper.cs using Guid(7908ec731f6eaf144a70b1b2ea366a87) Importer(2089858483,b0f066a214c2f5e87bad3c948f4d605d) (ScriptedImporter) -> (artifact id: '27828bfea1f0251e45894e33edde5163') in 0.0201748 seconds
Number of updated asset objects reloaded before import = 0Number of asset objects unloaded after import = 0

========================================================================
Received Import Request.
  Time since last request: 0.000143 seconds.
  path: Assets/Sprites/zombieBackground.png
  artifactKey: Guid(a815e89c367faf5469ca38b08d93c1de) Importer(2089858483,b0f066a214c2f5e87bad3c948f4d605d)
Start importing Assets/Sprites/zombieBackground.png using Guid(a815e89c367faf5469ca38b08d93c1de) Importer(2089858483,b0f066a214c2f5e87bad3c948f4d605d) (ScriptedImporter) -> (artifact id: '318029cb70a4ebd274591bdf8eedd4c7') in 0.0516202 seconds
Number of updated asset objects reloaded before import = 0Number of asset objects unloaded after import = 3

========================================================================
Received Import Request.
  Time since last request: 0.000034 seconds.
  path: Assets/Prefabs/Snowman.prefab
  artifactKey: Guid(cb390c97cab858b41934ef9565f5666e) Importer(2089858483,b0f066a214c2f5e87bad3c948f4d605d)
Start importing Assets/Prefabs/Snowman.prefab using Guid(cb390c97cab858b41934ef9565f5666e) Importer(2089858483,b0f066a214c2f5e87bad3c948f4d605d) (ScriptedImporter) -> (artifact id: '1500255bd0d8a7c4564d8c134bf6b2ab') in 0.0835266 seconds
Number of updated asset objects reloaded before import = 0Number of asset objects unloaded after import = 10

========================================================================
Received Import Request.
  Time since last request: 0.000056 seconds.
  path: Assets/Sprites/Icons.svg
  artifactKey: Guid(64b70119577beb24e996cd45f2302b5f) Importer(2089858483,b0f066a214c2f5e87bad3c948f4d605d)
Start importing Assets/Sprites/Icons.svg using Guid(64b70119577beb24e996cd45f2302b5f) Importer(2089858483,b0f066a214c2f5e87bad3c948f4d605d) (ScriptedImporter) -> (artifact id: 'b41638fc896b47dceb30503ce80dab2a') in 0.055171 seconds
Number of updated asset objects reloaded before import = 0Number of asset objects unloaded after import = 1

========================================================================
Received Import Request.
  Time since last request: 0.000162 seconds.
  path: Assets/Scripts/CharacterShop.cs
  artifactKey: Guid(dfd55757c0333e4458db694005e785c0) Importer(2089858483,b0f066a214c2f5e87bad3c948f4d605d)
Start importing Assets/Scripts/CharacterShop.cs using Guid(dfd55757c0333e4458db694005e785c0) Importer(2089858483,b0f066a214c2f5e87bad3c948f4d605d) (ScriptedImporter) -> (artifact id: '1fc2dd491e6eb79ebf98f157476e2789') in 0.0164764 seconds
Number of updated asset objects reloaded before import = 0Number of asset objects unloaded after import = 0

========================================================================
Received Import Request.
  Time since last request: 0.000138 seconds.
  path: Assets/Music/Winter.mp3
  artifactKey: Guid(4be23c908658c104d90afc8decc85d60) Importer(2089858483,b0f066a214c2f5e87bad3c948f4d605d)
Start importing Assets/Music/Winter.mp3 using Guid(4be23c908658c104d90afc8decc85d60) Importer(2089858483,b0f066a214c2f5e87bad3c948f4d605d) (ScriptedImporter) -> (artifact id: 'ade65120d1335d8eff64608a4dc6c61e') in 0.8035342 seconds
Number of updated asset objects reloaded before import = 0Number of asset objects unloaded after import = 1

========================================================================
Received Import Request.
  Time since last request: 0.000169 seconds.
  path: Assets/Scripts/BuyMap.cs
  artifactKey: Guid(6a066b0735385b846b03baed2d34bf87) Importer(2089858483,b0f066a214c2f5e87bad3c948f4d605d)
Start importing Assets/Scripts/BuyMap.cs using Guid(6a066b0735385b846b03baed2d34bf87) Importer(2089858483,b0f066a214c2f5e87bad3c948f4d605d) (ScriptedImporter) -> (artifact id: 'ada99b4c4479ace4d3648797d64f6e93') in 0.0229245 seconds
Number of updated asset objects reloaded before import = 0Number of asset objects unloaded after import = 0

========================================================================
Received Import Request.
  Time since last request: 0.000529 seconds.
  path: Assets/_Scenes/01 Start_Zombie.unity
  artifactKey: Guid(e0cba80d6dcac574493345994a29997c) Importer(2089858483,b0f066a214c2f5e87bad3c948f4d605d)
Start importing Assets/_Scenes/01 Start_Zombie.unity using Guid(e0cba80d6dcac574493345994a29997c) Importer(2089858483,b0f066a214c2f5e87bad3c948f4d605d) (ScriptedImporter) -> (artifact id: 'eb7320fce7bbb36b04ee79ab28e28429') in 0.0217954 seconds
Number of updated asset objects reloaded before import = 0Number of asset objects unloaded after import = 1

========================================================================
Received Import Request.
  Time since last request: 0.000125 seconds.
  path: Assets/Scenes/SampleScene.unity
  artifactKey: Guid(8c9cfa26abfee488c85f1582747f6a02) Importer(2089858483,b0f066a214c2f5e87bad3c948f4d605d)
Start importing Assets/Scenes/SampleScene.unity using Guid(8c9cfa26abfee488c85f1582747f6a02) Importer(2089858483,b0f066a214c2f5e87bad3c948f4d605d) (ScriptedImporter) -> (artifact id: 'f8573f88caeadc58c988efd9ba23995b') in 0.0192323 seconds
Number of updated asset objects reloaded before import = 0Number of asset objects unloaded after import = 1

========================================================================
Received Import Request.
  Time since last request: 0.000065 seconds.
  path: Assets/Scripts/Components.zip
  artifactKey: Guid(6b026cc9f90e149f995822d2d2532255) Importer(2089858483,b0f066a214c2f5e87bad3c948f4d605d)
Start importing Assets/Scripts/Components.zip using Guid(6b026cc9f90e149f995822d2d2532255) Importer(2089858483,b0f066a214c2f5e87bad3c948f4d605d) (ScriptedImporter) -> (artifact id: '63331a56da79c60abac5f0fa0e921105') in 0.0207976 seconds
Number of updated asset objects reloaded before import = 0Number of asset objects unloaded after import = 1

========================================================================
Received Import Request.
  Time since last request: 0.000160 seconds.
  path: Assets/Settings/UniversalRP.asset
  artifactKey: Guid(681886c5eb7344803b6206f758bf0b1c) Importer(2089858483,b0f066a214c2f5e87bad3c948f4d605d)
Start importing Assets/Settings/UniversalRP.asset using Guid(681886c5eb7344803b6206f758bf0b1c) Importer(2089858483,b0f066a214c2f5e87bad3c948f4d605d) (ScriptedImporter) -> (artifact id: 'd75b0a9bb99b642a3a7dbed796118643') in 0.1657081 seconds
Number of updated asset objects reloaded before import = 0Number of asset objects unloaded after import = 51

========================================================================
Received Import Request.
  Time since last request: 0.000038 seconds.
  path: Assets/_Scenes/01 Skins.unity
  artifactKey: Guid(576fd419232ef604690fe3e54155a423) Importer(2089858483,b0f066a214c2f5e87bad3c948f4d605d)
Start importing Assets/_Scenes/01 Skins.unity using Guid(576fd419232ef604690fe3e54155a423) Importer(2089858483,b0f066a214c2f5e87bad3c948f4d605d) (ScriptedImporter) -> (artifact id: 'a6c5ae4c92436dd9372bab4999132f4b') in 0.0186983 seconds
Number of updated asset objects reloaded before import = 0Number of asset objects unloaded after import = 1

========================================================================
Received Import Request.
  Time since last request: 0.000099 seconds.
  path: Assets/Prefabs/Saw Blade.prefab
  artifactKey: Guid(6a35030de335ab54a9351407ad13c57f) Importer(2089858483,b0f066a214c2f5e87bad3c948f4d605d)
Start importing Assets/Prefabs/Saw Blade.prefab using Guid(6a35030de335ab54a9351407ad13c57f) Importer(2089858483,b0f066a214c2f5e87bad3c948f4d605d) (ScriptedImporter) -> (artifact id: 'cc34e181d9d49477d790c760ffa52611') in 0.037047 seconds
Number of updated asset objects reloaded before import = 0Number of asset objects unloaded after import = 15

========================================================================
Received Import Request.
  Time since last request: 0.000031 seconds.
  path: Assets/DefaultVolumeProfile.asset
  artifactKey: Guid(3f9215ea0144899419cfbc0957140d3f) Importer(2089858483,b0f066a214c2f5e87bad3c948f4d605d)
Start importing Assets/DefaultVolumeProfile.asset using Guid(3f9215ea0144899419cfbc0957140d3f) Importer(2089858483,b0f066a214c2f5e87bad3c948f4d605d) (ScriptedImporter) -> (artifact id: 'de79f236321f0fdc8d34028212bbcd39') in 0.0621143 seconds
Number of updated asset objects reloaded before import = 0Number of asset objects unloaded after import = 20

========================================================================
Received Import Request.
  Time since last request: 0.000040 seconds.
  path: Assets/Animations/Blood/_Blood.controller
  artifactKey: Guid(367eaa1c14178204299e4064fb30d044) Importer(2089858483,b0f066a214c2f5e87bad3c948f4d605d)
Start importing Assets/Animations/Blood/_Blood.controller using Guid(367eaa1c14178204299e4064fb30d044) Importer(2089858483,b0f066a214c2f5e87bad3c948f4d605d) (ScriptedImporter) -> (artifact id: '91c0158ba207ac3d1a21f18a85a6c93a') in 0.0198395 seconds
Number of updated asset objects reloaded before import = 0Number of asset objects unloaded after import = 2

========================================================================
Received Import Request.
  Time since last request: 0.000101 seconds.
  path: Assets/Sprites/Fencing.png
  artifactKey: Guid(708dc8dfc0c74e146802d7f023f2e59b) Importer(2089858483,b0f066a214c2f5e87bad3c948f4d605d)
Start importing Assets/Sprites/Fencing.png using Guid(708dc8dfc0c74e146802d7f023f2e59b) Importer(2089858483,b0f066a214c2f5e87bad3c948f4d605d) (ScriptedImporter) -> (artifact id: '79d4eb9b075781fc86d0dc564668a940') in 0.0370316 seconds
Number of updated asset objects reloaded before import = 0Number of asset objects unloaded after import = 3

========================================================================
Received Import Request.
  Time since last request: 0.000044 seconds.
  path: Assets/Sprites/background.png
  artifactKey: Guid(316dc9eaedf06eb4dbf97b97f32ad46f) Importer(2089858483,b0f066a214c2f5e87bad3c948f4d605d)
Start importing Assets/Sprites/background.png using Guid(316dc9eaedf06eb4dbf97b97f32ad46f) Importer(2089858483,b0f066a214c2f5e87bad3c948f4d605d) (ScriptedImporter) -> (artifact id: '68f9771bfa2bbb8aa58f96f60975490f') in 0.0297583 seconds
Number of updated asset objects reloaded before import = 0Number of asset objects unloaded after import = 3

========================================================================
Received Import Request.
  Time since last request: 0.000053 seconds.
  path: Assets/Prefabs/spikes.png
  artifactKey: Guid(c4e60aff27a10ef4ab6053e986fddeb2) Importer(2089858483,b0f066a214c2f5e87bad3c948f4d605d)
Start importing Assets/Prefabs/spikes.png using Guid(c4e60aff27a10ef4ab6053e986fddeb2) Importer(2089858483,b0f066a214c2f5e87bad3c948f4d605d) (ScriptedImporter) -> (artifact id: '1f82ab6a2837a9548158c700358de08e') in 0.0317568 seconds
Number of updated asset objects reloaded before import = 0Number of asset objects unloaded after import = 3

========================================================================
Received Import Request.
  Time since last request: 0.000028 seconds.
  path: Assets/Scripts/CoinsScript.cs
  artifactKey: Guid(7bd49e01949c61c4a9046f1b93c66639) Importer(2089858483,b0f066a214c2f5e87bad3c948f4d605d)
Start importing Assets/Scripts/CoinsScript.cs using Guid(7bd49e01949c61c4a9046f1b93c66639) Importer(2089858483,b0f066a214c2f5e87bad3c948f4d605d) (ScriptedImporter) -> (artifact id: 'a4fb8f694d8a549f78c5e55852e98c5c') in 0.0166006 seconds
Number of updated asset objects reloaded before import = 0Number of asset objects unloaded after import = 0

========================================================================
Received Import Request.
  Time since last request: 0.000116 seconds.
  path: Assets/Sprites/instructions.png
  artifactKey: Guid(46e60a39c1288454c832cc9de3991eac) Importer(2089858483,b0f066a214c2f5e87bad3c948f4d605d)
Start importing Assets/Sprites/instructions.png using Guid(46e60a39c1288454c832cc9de3991eac) Importer(2089858483,b0f066a214c2f5e87bad3c948f4d605d) (ScriptedImporter) -> (artifact id: '49e9e3f1abda2714e209d93af4010fff') in 0.0280034 seconds
Number of updated asset objects reloaded before import = 0Number of asset objects unloaded after import = 3

========================================================================
Received Import Request.
  Time since last request: 0.000028 seconds.
  path: Assets/_Scenes/01 Maps.unity
  artifactKey: Guid(68ed73e8adf3b5d47bec6f5befefc02c) Importer(2089858483,b0f066a214c2f5e87bad3c948f4d605d)
Start importing Assets/_Scenes/01 Maps.unity using Guid(68ed73e8adf3b5d47bec6f5befefc02c) Importer(2089858483,b0f066a214c2f5e87bad3c948f4d605d) (ScriptedImporter) -> (artifact id: '84227757e2ae45194959bb7ee461664e') in 0.0197164 seconds
Number of updated asset objects reloaded before import = 0Number of asset objects unloaded after import = 1

========================================================================
Received Import Request.
  Time since last request: 0.000066 seconds.
  path: Assets/Sprites/BG.png
  artifactKey: Guid(601215832b832614192bc9c9ef080e72) Importer(2089858483,b0f066a214c2f5e87bad3c948f4d605d)
Start importing Assets/Sprites/BG.png using Guid(601215832b832614192bc9c9ef080e72) Importer(2089858483,b0f066a214c2f5e87bad3c948f4d605d) (ScriptedImporter) -> (artifact id: 'bddef63b04c9ca8b000eb14e0835b392') in 0.024618 seconds
Number of updated asset objects reloaded before import = 0Number of asset objects unloaded after import = 3

========================================================================
Received Import Request.
  Time since last request: 0.869940 seconds.
  path: Assets/Animations/Elves/Elf_1_Walking.anim
  artifactKey: Guid(c71d73056fa458c40b025f3488d63522) Importer(2089858483,b0f066a214c2f5e87bad3c948f4d605d)
Start importing Assets/Animations/Elves/Elf_1_Walking.anim using Guid(c71d73056fa458c40b025f3488d63522) Importer(2089858483,b0f066a214c2f5e87bad3c948f4d605d) (ScriptedImporter) -> (artifact id: '91e6f36c95da7dafe87e3a3ddeafdc5b') in 0.0289782 seconds
Number of updated asset objects reloaded before import = 0Number of asset objects unloaded after import = 1

========================================================================
Received Import Request.
  Time since last request: 0.000051 seconds.
  path: Assets/Animations/Temple_People/templeGirl.png
  artifactKey: Guid(5964b995e3470764a96f6c097b47ac05) Importer(2089858483,b0f066a214c2f5e87bad3c948f4d605d)
Start importing Assets/Animations/Temple_People/templeGirl.png using Guid(5964b995e3470764a96f6c097b47ac05) Importer(2089858483,b0f066a214c2f5e87bad3c948f4d605d) (ScriptedImporter) -> (artifact id: 'a18efc0a6c0a63aff491d15b29f5ea5b') in 0.0313256 seconds
Number of updated asset objects reloaded before import = 0Number of asset objects unloaded after import = 10

========================================================================
Received Import Request.
  Time since last request: 0.000025 seconds.
  path: Assets/Animations/Poison/PoisionBlock.controller
  artifactKey: Guid(5ad1ddc057626574dbd56a84c00b0ee7) Importer(2089858483,b0f066a214c2f5e87bad3c948f4d605d)
Start importing Assets/Animations/Poison/PoisionBlock.controller using Guid(5ad1ddc057626574dbd56a84c00b0ee7) Importer(2089858483,b0f066a214c2f5e87bad3c948f4d605d) (ScriptedImporter) -> (artifact id: '2bbbc3dd8ac6cc6112400e8159e68fb4') in 0.0126895 seconds
Number of updated asset objects reloaded before import = 0Number of asset objects unloaded after import = 4

========================================================================
Received Import Request.
  Time since last request: 0.000072 seconds.
  path: Assets/Animations/Poison/_Poison.controller
  artifactKey: Guid(ff049e04d65e27d4387f0b32bba6df8a) Importer(2089858483,b0f066a214c2f5e87bad3c948f4d605d)
Start importing Assets/Animations/Poison/_Poison.controller using Guid(ff049e04d65e27d4387f0b32bba6df8a) Importer(2089858483,b0f066a214c2f5e87bad3c948f4d605d) (ScriptedImporter) -> (artifact id: '276548f3122e019295b51c9d80ad6975') in 0.0189009 seconds
Number of updated asset objects reloaded before import = 0Number of asset objects unloaded after import = 4

========================================================================
Received Import Request.
  Time since last request: 0.000023 seconds.
  path: Assets/Prefabs/Block Segments/Winter Segment 0.prefab
  artifactKey: Guid(2f6e63871c22e4c4b85d5b1bc3ff026a) Importer(2089858483,b0f066a214c2f5e87bad3c948f4d605d)
Start importing Assets/Prefabs/Block Segments/Winter Segment 0.prefab using Guid(2f6e63871c22e4c4b85d5b1bc3ff026a) Importer(2089858483,b0f066a214c2f5e87bad3c948f4d605d) (ScriptedImporter) -> (artifact id: '0dc626f05546de54e10c0bc2df19ddda') in 0.01855 seconds
Number of updated asset objects reloaded before import = 0Number of asset objects unloaded after import = 213

========================================================================
Received Import Request.
  Time since last request: 0.000027 seconds.
  path: Assets/Prefabs/Block Segments/Segment 4.prefab
  artifactKey: Guid(b7db4904b4956834da47a24ccb009db8) Importer(2089858483,b0f066a214c2f5e87bad3c948f4d605d)
Start importing Assets/Prefabs/Block Segments/Segment 4.prefab using Guid(b7db4904b4956834da47a24ccb009db8) Importer(2089858483,b0f066a214c2f5e87bad3c948f4d605d) (ScriptedImporter) -> (artifact id: 'aed4d25f3d8f709f45cca397c77cea90') in 0.0261471 seconds
Number of updated asset objects reloaded before import = 0Number of asset objects unloaded after import = 254

========================================================================
Received Import Request.
  Time since last request: 0.000026 seconds.
  path: Assets/Animations/Ninjas Knight/Ninja_Girl_Walking.anim
  artifactKey: Guid(e928d27a262c18b418adfb0520d8f1e5) Importer(2089858483,b0f066a214c2f5e87bad3c948f4d605d)
Start importing Assets/Animations/Ninjas Knight/Ninja_Girl_Walking.anim using Guid(e928d27a262c18b418adfb0520d8f1e5) Importer(2089858483,b0f066a214c2f5e87bad3c948f4d605d) (ScriptedImporter) -> (artifact id: 'c958667025889081f1be4675dec8dc6a') in 0.0216254 seconds
Number of updated asset objects reloaded before import = 0Number of asset objects unloaded after import = 1

========================================================================
Received Import Request.
  Time since last request: 0.000119 seconds.
  path: Assets/Animations/Girl and Jack/_Cute_Girl.controller
  artifactKey: Guid(88703c68bef18cd458ad124c41897345) Importer(2089858483,b0f066a214c2f5e87bad3c948f4d605d)
Start importing Assets/Animations/Girl and Jack/_Cute_Girl.controller using Guid(88703c68bef18cd458ad124c41897345) Importer(2089858483,b0f066a214c2f5e87bad3c948f4d605d) (ScriptedImporter) -> (artifact id: 'f3287cc86270d8061dae665ecf57fdfc') in 0.0157438 seconds
Number of updated asset objects reloaded before import = 0Number of asset objects unloaded after import = 4

========================================================================
Received Import Request.
  Time since last request: 0.000030 seconds.
  path: Assets/Animations/Zombie/_Female_Zombie.controller
  artifactKey: Guid(27d3e705049d0bc45ba48ce74858d762) Importer(2089858483,b0f066a214c2f5e87bad3c948f4d605d)
Start importing Assets/Animations/Zombie/_Female_Zombie.controller using Guid(27d3e705049d0bc45ba48ce74858d762) Importer(2089858483,b0f066a214c2f5e87bad3c948f4d605d) (ScriptedImporter) -> (artifact id: '137984cc4567531f8b5807b89bf85a4f') in 0.01574 seconds
Number of updated asset objects reloaded before import = 0Number of asset objects unloaded after import = 4

========================================================================
Received Import Request.
  Time since last request: 0.000025 seconds.
  path: Assets/Animations/Ninjas Knight/ninjaGirl.png
  artifactKey: Guid(1e6e0a3c3465c5840ba1bfbfa426261b) Importer(2089858483,b0f066a214c2f5e87bad3c948f4d605d)
Start importing Assets/Animations/Ninjas Knight/ninjaGirl.png using Guid(1e6e0a3c3465c5840ba1bfbfa426261b) Importer(2089858483,b0f066a214c2f5e87bad3c948f4d605d) (ScriptedImporter) -> (artifact id: 'c7148f87f5249542fd72919643ceaf13') in 0.0494613 seconds
Number of updated asset objects reloaded before import = 0Number of asset objects unloaded after import = 12

========================================================================
Received Import Request.
  Time since last request: 0.000029 seconds.
  path: Assets/Animations/Snowman/_Snowman.controller
  artifactKey: Guid(13fed5ee9fab2e54a9589f2d66024ccd) Importer(2089858483,b0f066a214c2f5e87bad3c948f4d605d)
Start importing Assets/Animations/Snowman/_Snowman.controller using Guid(13fed5ee9fab2e54a9589f2d66024ccd) Importer(2089858483,b0f066a214c2f5e87bad3c948f4d605d) (ScriptedImporter) -> (artifact id: '1fd04cd4873c1af639b188c113c334ca') in 0.0175181 seconds
Number of updated asset objects reloaded before import = 0Number of asset objects unloaded after import = 4

========================================================================
Received Import Request.
  Time since last request: 0.000052 seconds.
  path: Assets/Animations/Santa/SantaWalking.png
  artifactKey: Guid(f080634d96725eb4899ccd48d8f3c8bb) Importer(2089858483,b0f066a214c2f5e87bad3c948f4d605d)
Start importing Assets/Animations/Santa/SantaWalking.png using Guid(f080634d96725eb4899ccd48d8f3c8bb) Importer(2089858483,b0f066a214c2f5e87bad3c948f4d605d) (ScriptedImporter) -> (artifact id: 'cd949c7f168b8c26438dfe010ee036db') in 0.0578214 seconds
Number of updated asset objects reloaded before import = 0Number of asset objects unloaded after import = 15

========================================================================
Received Import Request.
  Time since last request: 0.000047 seconds.
  path: Assets/Animations/Player/Run.png
  artifactKey: Guid(93f7787ab13995f46bfe2c6f95944d11) Importer(2089858483,b0f066a214c2f5e87bad3c948f4d605d)
Start importing Assets/Animations/Player/Run.png using Guid(93f7787ab13995f46bfe2c6f95944d11) Importer(2089858483,b0f066a214c2f5e87bad3c948f4d605d) (ScriptedImporter) -> (artifact id: 'bbbfd610122bdc86cec589bc8cfc4ec6') in 0.0257151 seconds
Number of updated asset objects reloaded before import = 0Number of asset objects unloaded after import = 10

========================================================================
Received Import Request.
  Time since last request: 0.000040 seconds.
  path: Assets/Animations/Saw Blade/SawBlade.png
  artifactKey: Guid(6d8ae330d57cc3b46b1fe97848faefe7) Importer(2089858483,b0f066a214c2f5e87bad3c948f4d605d)
Start importing Assets/Animations/Saw Blade/SawBlade.png using Guid(6d8ae330d57cc3b46b1fe97848faefe7) Importer(2089858483,b0f066a214c2f5e87bad3c948f4d605d) (ScriptedImporter) -> (artifact id: 'faabb6974a3df7a9457402591dd25995') in 0.0322944 seconds
Number of updated asset objects reloaded before import = 0Number of asset objects unloaded after import = 15

========================================================================
Received Import Request.
  Time since last request: 0.000076 seconds.
  path: Assets/Animations/Girl and Jack/Girl_Walking_Title.anim
  artifactKey: Guid(c7df896bbcbccb6408f40f271114a606) Importer(2089858483,b0f066a214c2f5e87bad3c948f4d605d)
Start importing Assets/Animations/Girl and Jack/Girl_Walking_Title.anim using Guid(c7df896bbcbccb6408f40f271114a606) Importer(2089858483,b0f066a214c2f5e87bad3c948f4d605d) (ScriptedImporter) -> (artifact id: 'd71ccc2a067d7a1924c48df2b975028c') in 0.0142917 seconds
Number of updated asset objects reloaded before import = 0Number of asset objects unloaded after import = 1

========================================================================
Received Import Request.
  Time since last request: 0.000053 seconds.
  path: Assets/Animations/Temple_People/_Boy.controller
  artifactKey: Guid(57a8725b73c8c8742895db604a82dd55) Importer(2089858483,b0f066a214c2f5e87bad3c948f4d605d)
Start importing Assets/Animations/Temple_People/_Boy.controller using Guid(57a8725b73c8c8742895db604a82dd55) Importer(2089858483,b0f066a214c2f5e87bad3c948f4d605d) (ScriptedImporter) -> (artifact id: '360271b472029306ec1b0663b57cba5e') in 0.013853 seconds
Number of updated asset objects reloaded before import = 0Number of asset objects unloaded after import = 4

========================================================================
Received Import Request.
  Time since last request: 0.000026 seconds.
  path: Assets/Animations/Ninjas Knight/Ninja_Boy_Walking.anim
  artifactKey: Guid(e20735af0785e8d428aab3aae93d0ec8) Importer(2089858483,b0f066a214c2f5e87bad3c948f4d605d)
Start importing Assets/Animations/Ninjas Knight/Ninja_Boy_Walking.anim using Guid(e20735af0785e8d428aab3aae93d0ec8) Importer(2089858483,b0f066a214c2f5e87bad3c948f4d605d) (ScriptedImporter) -> (artifact id: '2eac2911d6570c6917f34438256aea57') in 0.0159673 seconds
Number of updated asset objects reloaded before import = 0Number of asset objects unloaded after import = 1

========================================================================
Received Import Request.
  Time since last request: 0.000121 seconds.
  path: Assets/Animations/Player/Idle.png
  artifactKey: Guid(eed1b56c5fd8dc449b963b4db1f7482d) Importer(2089858483,b0f066a214c2f5e87bad3c948f4d605d)
Start importing Assets/Animations/Player/Idle.png using Guid(eed1b56c5fd8dc449b963b4db1f7482d) Importer(2089858483,b0f066a214c2f5e87bad3c948f4d605d) (ScriptedImporter) -> (artifact id: 'c188422294f326626a1c182457553eb3') in 0.046161 seconds
Number of updated asset objects reloaded before import = 0Number of asset objects unloaded after import = 12

========================================================================
Received Import Request.
  Time since last request: 0.000032 seconds.
  path: Assets/Animations/Snowman/Snowman_Blink.anim
  artifactKey: Guid(14032082346d96f45863057b5b86f232) Importer(2089858483,b0f066a214c2f5e87bad3c948f4d605d)
Start importing Assets/Animations/Snowman/Snowman_Blink.anim using Guid(14032082346d96f45863057b5b86f232) Importer(2089858483,b0f066a214c2f5e87bad3c948f4d605d) (ScriptedImporter) -> (artifact id: '54d611c52bb300fec9f7eb90b81f8161') in 0.0175615 seconds
Number of updated asset objects reloaded before import = 0Number of asset objects unloaded after import = 1

========================================================================
Received Import Request.
  Time since last request: 0.000120 seconds.
  path: Assets/Animations/Saw Blade/Animation.anim
  artifactKey: Guid(53ba94180533dbc488e84bb6fcf8ea9b) Importer(2089858483,b0f066a214c2f5e87bad3c948f4d605d)
Start importing Assets/Animations/Saw Blade/Animation.anim using Guid(53ba94180533dbc488e84bb6fcf8ea9b) Importer(2089858483,b0f066a214c2f5e87bad3c948f4d605d) (ScriptedImporter) -> (artifact id: 'eb44f8d1f494b623ce3b79b5512f6f49') in 0.0150101 seconds
Number of updated asset objects reloaded before import = 0Number of asset objects unloaded after import = 1

========================================================================
Received Import Request.
  Time since last request: 0.000030 seconds.
  path: Assets/Animations/Girl and Jack/Jack_Title_Screen.anim
  artifactKey: Guid(b4e56f04a500a6042be9d038598204bf) Importer(2089858483,b0f066a214c2f5e87bad3c948f4d605d)
Start importing Assets/Animations/Girl and Jack/Jack_Title_Screen.anim using Guid(b4e56f04a500a6042be9d038598204bf) Importer(2089858483,b0f066a214c2f5e87bad3c948f4d605d) (ScriptedImporter) -> (artifact id: '3adcc56c9621db4412bba53393517f39') in 0.0178581 seconds
Number of updated asset objects reloaded before import = 0Number of asset objects unloaded after import = 1

========================================================================
Received Import Request.
  Time since last request: 2.284682 seconds.
  path: Assets/Prefabs/Blocks/Block_06.prefab
  artifactKey: Guid(fa518f85fe81b8446b3ca86e65aab412) Importer(2089858483,b0f066a214c2f5e87bad3c948f4d605d)
Start importing Assets/Prefabs/Blocks/Block_06.prefab using Guid(fa518f85fe81b8446b3ca86e65aab412) Importer(2089858483,b0f066a214c2f5e87bad3c948f4d605d) (ScriptedImporter) -> (artifact id: '18945c9d1ea659eab87e56bc6bdc4e92') in 0.0386744 seconds
Number of updated asset objects reloaded before import = 0Number of asset objects unloaded after import = 12

========================================================================
Received Import Request.
  Time since last request: 0.000039 seconds.
  path: Assets/TextMesh Pro/Fonts/LiberationSans.ttf
  artifactKey: Guid(e3265ab4bf004d28a9537516768c1c75) Importer(2089858483,b0f066a214c2f5e87bad3c948f4d605d)
Start importing Assets/TextMesh Pro/Fonts/LiberationSans.ttf using Guid(e3265ab4bf004d28a9537516768c1c75) Importer(2089858483,b0f066a214c2f5e87bad3c948f4d605d) (ScriptedImporter) -> (artifact id: 'bcae2370b7b2e62fb8a1a64be8d008a9') in 0.0523305 seconds
Number of updated asset objects reloaded before import = 0Number of asset objects unloaded after import = 3

========================================================================
Received Import Request.
  Time since last request: 0.000032 seconds.
  path: Assets/Projects/GravityDash/kenney_ui-pack/License.txt
  artifactKey: Guid(c588e82b6e33d419cadc425c8ba410b5) Importer(2089858483,b0f066a214c2f5e87bad3c948f4d605d)
Start importing Assets/Projects/GravityDash/kenney_ui-pack/License.txt using Guid(c588e82b6e33d419cadc425c8ba410b5) Importer(2089858483,b0f066a214c2f5e87bad3c948f4d605d) (ScriptedImporter) -> (artifact id: 'ac5ff87e00026ab7510b7b8bd85f7660') in 0.0344767 seconds
Number of updated asset objects reloaded before import = 0Number of asset objects unloaded after import = 1

========================================================================
Received Import Request.
  Time since last request: 0.000200 seconds.
  path: Assets/Scripts/Components/Interaction/DamageDealer.cs
  artifactKey: Guid(7f75190bb5c824b0ba303e46b30d5a78) Importer(2089858483,b0f066a214c2f5e87bad3c948f4d605d)
Start importing Assets/Scripts/Components/Interaction/DamageDealer.cs using Guid(7f75190bb5c824b0ba303e46b30d5a78) Importer(2089858483,b0f066a214c2f5e87bad3c948f4d605d) (ScriptedImporter) -> (artifact id: '55793a613fb5cd1cdee0de7ad2fc9fa9') in 0.0313788 seconds
Number of updated asset objects reloaded before import = 0Number of asset objects unloaded after import = 0

========================================================================
Received Import Request.
  Time since last request: 0.000236 seconds.
  path: Assets/Scripts/Components/Movement/Draggable.cs
  artifactKey: Guid(5bfda81c8a79a4ff1a02f7d2eb89362c) Importer(2089858483,b0f066a214c2f5e87bad3c948f4d605d)
Start importing Assets/Scripts/Components/Movement/Draggable.cs using Guid(5bfda81c8a79a4ff1a02f7d2eb89362c) Importer(2089858483,b0f066a214c2f5e87bad3c948f4d605d) (ScriptedImporter) -> (artifact id: '4fbd87ef4d58d73db130f238e62f93b7') in 0.0304663 seconds
Number of updated asset objects reloaded before import = 0Number of asset objects unloaded after import = 0

========================================================================
Received Import Request.
  Time since last request: 0.000249 seconds.
  path: Assets/Scripts/Components/Movement/FollowTarget.cs
  artifactKey: Guid(115d5e31304b34214bb9743a7bdb287c) Importer(2089858483,b0f066a214c2f5e87bad3c948f4d605d)
Start importing Assets/Scripts/Components/Movement/FollowTarget.cs using Guid(115d5e31304b34214bb9743a7bdb287c) Importer(2089858483,b0f066a214c2f5e87bad3c948f4d605d) (ScriptedImporter) -> (artifact id: 'e25ef3f4d85dbeb1f8725bd0c8ff4cec') in 0.0239419 seconds
Number of updated asset objects reloaded before import = 0Number of asset objects unloaded after import = 0

========================================================================
Received Import Request.
  Time since last request: 0.000247 seconds.
  path: Assets/Projects/GravityDash/kenney_new-platformer-pack-1.1/Visit Kenney.url
  artifactKey: Guid(3fda6d1f7c95740299ae6cb6c0ea63af) Importer(2089858483,b0f066a214c2f5e87bad3c948f4d605d)
Start importing Assets/Projects/GravityDash/kenney_new-platformer-pack-1.1/Visit Kenney.url using Guid(3fda6d1f7c95740299ae6cb6c0ea63af) Importer(2089858483,b0f066a214c2f5e87bad3c948f4d605d) (ScriptedImporter) -> (artifact id: 'f9228291effd698c9f8858efd446f77c') in 0.0281156 seconds
Number of updated asset objects reloaded before import = 0Number of asset objects unloaded after import = 1

========================================================================
Received Import Request.
  Time since last request: 0.000187 seconds.
  path: Assets/Prefabs/Characters/Male_Zombie.prefab
  artifactKey: Guid(7cf5f71181c1e25428f9b3831ea17d46) Importer(2089858483,b0f066a214c2f5e87bad3c948f4d605d)
Start importing Assets/Prefabs/Characters/Male_Zombie.prefab using Guid(7cf5f71181c1e25428f9b3831ea17d46) Importer(2089858483,b0f066a214c2f5e87bad3c948f4d605d) (ScriptedImporter) -> (artifact id: '1263b97fe2ae6c987d606f990ac256b1') in 0.1792316 seconds
Number of updated asset objects reloaded before import = 0Number of asset objects unloaded after import = 23

========================================================================
Received Import Request.
  Time since last request: 0.000049 seconds.
  path: Assets/Projects/GravityDash/kenney_new-platformer-pack-1.1/Visit Patreon.url
  artifactKey: Guid(057b2edee2dc743349080a5a7023eea3) Importer(2089858483,b0f066a214c2f5e87bad3c948f4d605d)
Start importing Assets/Projects/GravityDash/kenney_new-platformer-pack-1.1/Visit Patreon.url using Guid(057b2edee2dc743349080a5a7023eea3) Importer(2089858483,b0f066a214c2f5e87bad3c948f4d605d) (ScriptedImporter) -> (artifact id: '96181103eded7231a84074c67c7e3a40') in 0.0246133 seconds
Number of updated asset objects reloaded before import = 0Number of asset objects unloaded after import = 1

========================================================================
Received Import Request.
  Time since last request: 0.000173 seconds.
  path: Assets/Prefabs/Characters/Temple_Girl.prefab
  artifactKey: Guid(f7ef557ae2efeda4da4bcb2272ff85fd) Importer(2089858483,b0f066a214c2f5e87bad3c948f4d605d)
Start importing Assets/Prefabs/Characters/Temple_Girl.prefab using Guid(f7ef557ae2efeda4da4bcb2272ff85fd) Importer(2089858483,b0f066a214c2f5e87bad3c948f4d605d) (ScriptedImporter) -> (artifact id: '51f93cfc0e9fe14e3acf9d44ad131768') in 0.0452611 seconds
Number of updated asset objects reloaded before import = 0Number of asset objects unloaded after import = 23

========================================================================
Received Import Request.
  Time since last request: 0.000037 seconds.
  path: Assets/Sprites/Knight Files/Body Parts/sword.png
  artifactKey: Guid(722457268bcad2f4ebb4c3ee499643b3) Importer(2089858483,b0f066a214c2f5e87bad3c948f4d605d)
Start importing Assets/Sprites/Knight Files/Body Parts/sword.png using Guid(722457268bcad2f4ebb4c3ee499643b3) Importer(2089858483,b0f066a214c2f5e87bad3c948f4d605d) (ScriptedImporter) -> (artifact id: '372b56c91ea129f8106cea5c20000356') in 0.0327938 seconds
Number of updated asset objects reloaded before import = 0Number of asset objects unloaded after import = 3

========================================================================
Received Import Request.
  Time since last request: 0.000038 seconds.
  path: Assets/TextMesh Pro/Shaders/TMPro_Mobile.cginc
  artifactKey: Guid(c334973cef89a9840b0b0c507e0377ab) Importer(2089858483,b0f066a214c2f5e87bad3c948f4d605d)
Start importing Assets/TextMesh Pro/Shaders/TMPro_Mobile.cginc using Guid(c334973cef89a9840b0b0c507e0377ab) Importer(2089858483,b0f066a214c2f5e87bad3c948f4d605d) (ScriptedImporter) -> (artifact id: '088b5e9978a4abd819e7eb0792a88ce1') in 0.0279892 seconds
Number of updated asset objects reloaded before import = 0Number of asset objects unloaded after import = 1

========================================================================
Received Import Request.
  Time since last request: 0.000104 seconds.
  path: Assets/Scripts/Components/Movement/RigidbodyHorizontalMover.cs
  artifactKey: Guid(44fbf2f3e0117422d88a15b84f82027d) Importer(2089858483,b0f066a214c2f5e87bad3c948f4d605d)
Start importing Assets/Scripts/Components/Movement/RigidbodyHorizontalMover.cs using Guid(44fbf2f3e0117422d88a15b84f82027d) Importer(2089858483,b0f066a214c2f5e87bad3c948f4d605d) (ScriptedImporter) -> (artifact id: 'db2177bb2b6b2a8721bbeb114354491b') in 0.0207193 seconds
Number of updated asset objects reloaded before import = 0Number of asset objects unloaded after import = 0

========================================================================
Received Import Request.
  Time since last request: 0.000269 seconds.
  path: Assets/Sprites/Knight Files/Body Parts/Legs.png
  artifactKey: Guid(62ee3ccb82dad494e87e6f58795f2132) Importer(2089858483,b0f066a214c2f5e87bad3c948f4d605d)
Start importing Assets/Sprites/Knight Files/Body Parts/Legs.png using Guid(62ee3ccb82dad494e87e6f58795f2132) Importer(2089858483,b0f066a214c2f5e87bad3c948f4d605d) (ScriptedImporter) -> (artifact id: 'c5750aa0d0a24e18ef22be75bdec356f') in 0.0359158 seconds
Number of updated asset objects reloaded before import = 0Number of asset objects unloaded after import = 3

========================================================================
Received Import Request.
  Time since last request: 0.000041 seconds.
  path: Assets/Scripts/Components/Utility/SoundPlayer.cs
  artifactKey: Guid(dc9d54b1ace3942dd9999ae39bbe7430) Importer(2089858483,b0f066a214c2f5e87bad3c948f4d605d)
Start importing Assets/Scripts/Components/Utility/SoundPlayer.cs using Guid(dc9d54b1ace3942dd9999ae39bbe7430) Importer(2089858483,b0f066a214c2f5e87bad3c948f4d605d) (ScriptedImporter) -> (artifact id: '254c46003e588a720aa08a38dd78c4ca') in 0.0230773 seconds
Number of updated asset objects reloaded before import = 0Number of asset objects unloaded after import = 0

========================================================================
Received Import Request.
  Time since last request: 0.000185 seconds.
  path: Assets/Sprites/Knight Files/DemoSettings.lighting
  artifactKey: Guid(be9fce66e9aa34a6f89398a1ab0263ba) Importer(2089858483,b0f066a214c2f5e87bad3c948f4d605d)
Start importing Assets/Sprites/Knight Files/DemoSettings.lighting using Guid(be9fce66e9aa34a6f89398a1ab0263ba) Importer(2089858483,b0f066a214c2f5e87bad3c948f4d605d) (ScriptedImporter) -> (artifact id: '70747ebc11c295a8b0525f5f28cc3bcd') in 0.0361293 seconds
Number of updated asset objects reloaded before import = 0Number of asset objects unloaded after import = 1

========================================================================
Received Import Request.
  Time since last request: 0.000142 seconds.
  path: Assets/Prefabs/Blocks/Water.prefab
  artifactKey: Guid(9e6a6c724cb9d67429629387b76f1b99) Importer(2089858483,b0f066a214c2f5e87bad3c948f4d605d)
Start importing Assets/Prefabs/Blocks/Water.prefab using Guid(9e6a6c724cb9d67429629387b76f1b99) Importer(2089858483,b0f066a214c2f5e87bad3c948f4d605d) (ScriptedImporter) -> (artifact id: 'baaa17441b11f2b173af4de443bc7849') in 0.0397674 seconds
Number of updated asset objects reloaded before import = 0Number of asset objects unloaded after import = 14

========================================================================
Received Import Request.
  Time since last request: 0.000045 seconds.
  path: Assets/TextMesh Pro/Shaders/TMP_SDF-Mobile-2-Pass.shader
  artifactKey: Guid(0178fcb869bafef4690d177d31d17db8) Importer(2089858483,b0f066a214c2f5e87bad3c948f4d605d)
Start importing Assets/TextMesh Pro/Shaders/TMP_SDF-Mobile-2-Pass.shader using Guid(0178fcb869bafef4690d177d31d17db8) Importer(2089858483,b0f066a214c2f5e87bad3c948f4d605d) (ScriptedImporter) -> (artifact id: 'fe70b2f3b784f4691ac2170c5fc70518') in 0.0377185 seconds
Number of updated asset objects reloaded before import = 0Number of asset objects unloaded after import = 1

========================================================================
Received Import Request.
  Time since last request: 0.000081 seconds.
  path: Assets/Sprites/icons/icon_64.png
  artifactKey: Guid(bfa284cff9ce74b4e8317e56877b8bfb) Importer(2089858483,b0f066a214c2f5e87bad3c948f4d605d)
Start importing Assets/Sprites/icons/icon_64.png using Guid(bfa284cff9ce74b4e8317e56877b8bfb) Importer(2089858483,b0f066a214c2f5e87bad3c948f4d605d) (ScriptedImporter) -> (artifact id: '46394e2d83a19ae82d9833d0f66cbf38') in 0.0356572 seconds
Number of updated asset objects reloaded before import = 0Number of asset objects unloaded after import = 3

========================================================================
Received Import Request.
  Time since last request: 0.000040 seconds.
  path: Assets/Scripts/Components/Interaction/Healer.cs
  artifactKey: Guid(c774da3c1212d4503841521f86f4fb75) Importer(2089858483,b0f066a214c2f5e87bad3c948f4d605d)
Start importing Assets/Scripts/Components/Interaction/Healer.cs using Guid(c774da3c1212d4503841521f86f4fb75) Importer(2089858483,b0f066a214c2f5e87bad3c948f4d605d) (ScriptedImporter) -> (artifact id: 'd2526eee3e6412e5fcc9796ef09e14d6') in 0.030229 seconds
Number of updated asset objects reloaded before import = 0Number of asset objects unloaded after import = 0

========================================================================
Received Import Request.
  Time since last request: 0.000112 seconds.
  path: Assets/TextMesh Pro/Shaders/TMP_Sprite.shader
  artifactKey: Guid(cf81c85f95fe47e1a27f6ae460cf182c) Importer(2089858483,b0f066a214c2f5e87bad3c948f4d605d)
Start importing Assets/TextMesh Pro/Shaders/TMP_Sprite.shader using Guid(cf81c85f95fe47e1a27f6ae460cf182c) Importer(2089858483,b0f066a214c2f5e87bad3c948f4d605d) (ScriptedImporter) -> (artifact id: 'fa26636cae5739d7a0c8f0c67fe5638d') in 0.0220206 seconds
Number of updated asset objects reloaded before import = 0Number of asset objects unloaded after import = 1

========================================================================
Received Import Request.
  Time since last request: 0.000055 seconds.
  path: Assets/Prefabs/Characters/Jack.prefab
  artifactKey: Guid(f89bb12f21f2e074c9f48c4d0be0081f) Importer(2089858483,b0f066a214c2f5e87bad3c948f4d605d)
Start importing Assets/Prefabs/Characters/Jack.prefab using Guid(f89bb12f21f2e074c9f48c4d0be0081f) Importer(2089858483,b0f066a214c2f5e87bad3c948f4d605d) (ScriptedImporter) -> (artifact id: '7a0e5e8e43771185f478fea24a587e41') in 0.0448405 seconds
Number of updated asset objects reloaded before import = 0Number of asset objects unloaded after import = 23

========================================================================
Received Import Request.
  Time since last request: 0.000030 seconds.
  path: Assets/Prefabs/Characters/Elf_3.prefab
  artifactKey: Guid(623d843665319654b80fbb9cb128397b) Importer(2089858483,b0f066a214c2f5e87bad3c948f4d605d)
Start importing Assets/Prefabs/Characters/Elf_3.prefab using Guid(623d843665319654b80fbb9cb128397b) Importer(2089858483,b0f066a214c2f5e87bad3c948f4d605d) (ScriptedImporter) -> (artifact id: '8ab2c9d3894f4eac4edb46bd29b93427') in 0.0594083 seconds
Number of updated asset objects reloaded before import = 0Number of asset objects unloaded after import = 23

========================================================================
Received Import Request.
  Time since last request: 0.000034 seconds.
  path: Assets/Sprites/icons/icon_192.png
  artifactKey: Guid(e4f393f347415904b874effb8c274dc2) Importer(2089858483,b0f066a214c2f5e87bad3c948f4d605d)
Start importing Assets/Sprites/icons/icon_192.png using Guid(e4f393f347415904b874effb8c274dc2) Importer(2089858483,b0f066a214c2f5e87bad3c948f4d605d) (ScriptedImporter) -> (artifact id: 'aebedaa479a9362761fc57c9a87f4e60') in 0.039458 seconds
Number of updated asset objects reloaded before import = 0Number of asset objects unloaded after import = 3

========================================================================
Received Import Request.
  Time since last request: 0.000040 seconds.
  path: Assets/Sprites/Maps/Default Hover.png
  artifactKey: Guid(c23e6ae6d959d864a94cb66201160be5) Importer(2089858483,b0f066a214c2f5e87bad3c948f4d605d)
Start importing Assets/Sprites/Maps/Default Hover.png using Guid(c23e6ae6d959d864a94cb66201160be5) Importer(2089858483,b0f066a214c2f5e87bad3c948f4d605d) (ScriptedImporter) -> (artifact id: '07fc703b3db00994bd9b324189cd85a1') in 0.0583575 seconds
Number of updated asset objects reloaded before import = 0Number of asset objects unloaded after import = 3

========================================================================
Received Import Request.
  Time since last request: 0.000084 seconds.
  path: Assets/Sprites/Knight Files/Body Parts/body upper.png
  artifactKey: Guid(131afc7c0c638d24f92ba75ccdab2b38) Importer(2089858483,b0f066a214c2f5e87bad3c948f4d605d)
Start importing Assets/Sprites/Knight Files/Body Parts/body upper.png using Guid(131afc7c0c638d24f92ba75ccdab2b38) Importer(2089858483,b0f066a214c2f5e87bad3c948f4d605d) (ScriptedImporter) -> (artifact id: '3300ca5465ad95108273a957204d2841') in 0.0771097 seconds
Number of updated asset objects reloaded before import = 0Number of asset objects unloaded after import = 3

========================================================================
Received Import Request.
  Time since last request: 0.000054 seconds.
  path: Assets/Scripts/Components/Utility/Respawner.cs
  artifactKey: Guid(f51629705ac9c4bb19d4f071d13566f5) Importer(2089858483,b0f066a214c2f5e87bad3c948f4d605d)
Start importing Assets/Scripts/Components/Utility/Respawner.cs using Guid(f51629705ac9c4bb19d4f071d13566f5) Importer(2089858483,b0f066a214c2f5e87bad3c948f4d605d) (ScriptedImporter) -> (artifact id: 'ac9e38bbe284eb942a84793984562c0c') in 0.0338135 seconds
Number of updated asset objects reloaded before import = 0Number of asset objects unloaded after import = 0

========================================================================
Received Import Request.
  Time since last request: 0.000218 seconds.
  path: Assets/Projects/GravityDash/kenney_ui-pack/Visit Kenney.url
  artifactKey: Guid(8472600bbdebe4e3a90a5cb3fab262fc) Importer(2089858483,b0f066a214c2f5e87bad3c948f4d605d)
Start importing Assets/Projects/GravityDash/kenney_ui-pack/Visit Kenney.url using Guid(8472600bbdebe4e3a90a5cb3fab262fc) Importer(2089858483,b0f066a214c2f5e87bad3c948f4d605d) (ScriptedImporter) -> (artifact id: '03af7ffa582263deed419d5a20858cbf') in 0.0327735 seconds
Number of updated asset objects reloaded before import = 0Number of asset objects unloaded after import = 1

========================================================================
Received Import Request.
  Time since last request: 0.000158 seconds.
  path: Assets/Prefabs/Characters/Elf_2.prefab
  artifactKey: Guid(78a79267ff7e6fd409bd2f3f8f6a0e9e) Importer(2089858483,b0f066a214c2f5e87bad3c948f4d605d)
Start importing Assets/Prefabs/Characters/Elf_2.prefab using Guid(78a79267ff7e6fd409bd2f3f8f6a0e9e) Importer(2089858483,b0f066a214c2f5e87bad3c948f4d605d) (ScriptedImporter) -> (artifact id: 'd5dbf69d66d790f8145c43feb87bb271') in 0.0427572 seconds
Number of updated asset objects reloaded before import = 0Number of asset objects unloaded after import = 23

========================================================================
Received Import Request.
  Time since last request: 1.167837 seconds.
  path: Assets/Sprites/Knight Files/Effect & FireBalls/dashwind_03.png
  artifactKey: Guid(b5396be67fea11741b097c1481fb5352) Importer(2089858483,b0f066a214c2f5e87bad3c948f4d605d)
Start importing Assets/Sprites/Knight Files/Effect & FireBalls/dashwind_03.png using Guid(b5396be67fea11741b097c1481fb5352) Importer(2089858483,b0f066a214c2f5e87bad3c948f4d605d) (ScriptedImporter) -> (artifact id: '130a418fb1a7189c6fe3e2172752343f') in 0.0171219 seconds
Number of updated asset objects reloaded before import = 0Number of asset objects unloaded after import = 3

========================================================================
Received Import Request.
  Time since last request: 0.000019 seconds.
  path: Assets/Sprites/Knight Files/Effect & FireBalls/explosion_06.png
  artifactKey: Guid(5570ce90349bcee48ad72f984407eb70) Importer(2089858483,b0f066a214c2f5e87bad3c948f4d605d)
Start importing Assets/Sprites/Knight Files/Effect & FireBalls/explosion_06.png using Guid(5570ce90349bcee48ad72f984407eb70) Importer(2089858483,b0f066a214c2f5e87bad3c948f4d605d) (ScriptedImporter) -> (artifact id: '6af1945c1da1af302ec173bb1024c7c6') in 0.0154374 seconds
Number of updated asset objects reloaded before import = 0Number of asset objects unloaded after import = 3

========================================================================
Received Import Request.
  Time since last request: 0.000023 seconds.
  path: Assets/Projects/GravityDash/kenney_new-platformer-pack-1.1/Spritesheets/spritesheet-backgrounds-default.xml
  artifactKey: Guid(88aa3155680154877b3ae30f8f32aa05) Importer(2089858483,b0f066a214c2f5e87bad3c948f4d605d)
Start importing Assets/Projects/GravityDash/kenney_new-platformer-pack-1.1/Spritesheets/spritesheet-backgrounds-default.xml using Guid(88aa3155680154877b3ae30f8f32aa05) Importer(2089858483,b0f066a214c2f5e87bad3c948f4d605d) (ScriptedImporter) -> (artifact id: '377615920fac2631856f13d5e03ae2c8') in 0.0110051 seconds
Number of updated asset objects reloaded before import = 0Number of asset objects unloaded after import = 1

========================================================================
Received Import Request.
  Time since last request: 0.000020 seconds.
  path: Assets/Sprites/Cainos/Pixel Art Platformer - Village Props/Prefab/PF Village Props - Bush 01.prefab
  artifactKey: Guid(0a84f54077193d3489d0de133048df37) Importer(2089858483,b0f066a214c2f5e87bad3c948f4d605d)
Start importing Assets/Sprites/Cainos/Pixel Art Platformer - Village Props/Prefab/PF Village Props - Bush 01.prefab using Guid(0a84f54077193d3489d0de133048df37) Importer(2089858483,b0f066a214c2f5e87bad3c948f4d605d) (ScriptedImporter) -> (artifact id: '60a68cedf560f6d2dd95e389085e8859') in 0.0185696 seconds
Number of updated asset objects reloaded before import = 0Number of asset objects unloaded after import = 8

========================================================================
Received Import Request.
  Time since last request: 0.000025 seconds.
  path: Assets/Sprites/Cainos/Pixel Art Platformer - Village Props/Prefab/PF Village Props - Fence A.prefab
  artifactKey: Guid(8cc938fe21b426a4daedf2f6c7e34c80) Importer(2089858483,b0f066a214c2f5e87bad3c948f4d605d)
Start importing Assets/Sprites/Cainos/Pixel Art Platformer - Village Props/Prefab/PF Village Props - Fence A.prefab using Guid(8cc938fe21b426a4daedf2f6c7e34c80) Importer(2089858483,b0f066a214c2f5e87bad3c948f4d605d) (ScriptedImporter) -> (artifact id: 'eb7e1ed8882535c9ea6b7c4a2b56538e') in 0.0167651 seconds
Number of updated asset objects reloaded before import = 0Number of asset objects unloaded after import = 67

========================================================================
Received Import Request.
  Time since last request: 0.000029 seconds.
  path: Assets/Projects/GravityDash/kenney_new-platformer-pack-1.1/Spritesheets/spritesheet-backgrounds-default.png
  artifactKey: Guid(7afdce889cd26489b8c79c472ce46c0e) Importer(2089858483,b0f066a214c2f5e87bad3c948f4d605d)
Start importing Assets/Projects/GravityDash/kenney_new-platformer-pack-1.1/Spritesheets/spritesheet-backgrounds-default.png using Guid(7afdce889cd26489b8c79c472ce46c0e) Importer(2089858483,b0f066a214c2f5e87bad3c948f4d605d) (ScriptedImporter) -> (artifact id: '5f586a66b1d975c895b65f623c8829da') in 0.0419192 seconds
Number of updated asset objects reloaded before import = 0Number of asset objects unloaded after import = 16

========================================================================
Received Import Request.
  Time since last request: 0.000021 seconds.
  path: Assets/Sprites/Knight Files/Effect & FireBalls/explosion_01.png
  artifactKey: Guid(293276643bb2ddd408d9145f15db23e2) Importer(2089858483,b0f066a214c2f5e87bad3c948f4d605d)
Start importing Assets/Sprites/Knight Files/Effect & FireBalls/explosion_01.png using Guid(293276643bb2ddd408d9145f15db23e2) Importer(2089858483,b0f066a214c2f5e87bad3c948f4d605d) (ScriptedImporter) -> (artifact id: '40520f3bd2d705c2dbb0ba4c6a046f9a') in 0.0208705 seconds
Number of updated asset objects reloaded before import = 0Number of asset objects unloaded after import = 3

========================================================================
Received Import Request.
  Time since last request: 0.000021 seconds.
  path: Assets/Projects/GravityDash/kenney_new-platformer-pack-1.1/Sounds/sfx_select.ogg
  artifactKey: Guid(31f3999e92456464c87f58285ea17e97) Importer(2089858483,b0f066a214c2f5e87bad3c948f4d605d)
Start importing Assets/Projects/GravityDash/kenney_new-platformer-pack-1.1/Sounds/sfx_select.ogg using Guid(31f3999e92456464c87f58285ea17e97) Importer(2089858483,b0f066a214c2f5e87bad3c948f4d605d) (ScriptedImporter) -> (artifact id: '8b0fd925ecb1d11d219718eaf4e62861') in 0.027837 seconds
Number of updated asset objects reloaded before import = 0Number of asset objects unloaded after import = 1

========================================================================
Received Import Request.
  Time since last request: 0.000035 seconds.
  path: Assets/Projects/GravityDash/kenney_ui-pack/Font/Kenney Future.ttf
  artifactKey: Guid(6ffe801a922374ea08fe363efb7a78e6) Importer(2089858483,b0f066a214c2f5e87bad3c948f4d605d)
Start importing Assets/Projects/GravityDash/kenney_ui-pack/Font/Kenney Future.ttf using Guid(6ffe801a922374ea08fe363efb7a78e6) Importer(2089858483,b0f066a214c2f5e87bad3c948f4d605d) (ScriptedImporter) -> (artifact id: '8e736386048e29987d33fd3309c44ca1') in 0.0143812 seconds
Number of updated asset objects reloaded before import = 0Number of asset objects unloaded after import = 3

========================================================================
Received Import Request.
  Time since last request: 0.000035 seconds.
  path: Assets/Projects/GravityDash/kenney_new-platformer-pack-1.1/Spritesheets/spritesheet-enemies-double.png
  artifactKey: Guid(a4704ceb6fc404c5287174995add540a) Importer(2089858483,b0f066a214c2f5e87bad3c948f4d605d)
Start importing Assets/Projects/GravityDash/kenney_new-platformer-pack-1.1/Spritesheets/spritesheet-enemies-double.png using Guid(a4704ceb6fc404c5287174995add540a) Importer(2089858483,b0f066a214c2f5e87bad3c948f4d605d) (ScriptedImporter) -> (artifact id: 'a9d8b3abd8bd2e5bfc43fa44bb863bd5') in 0.069093 seconds
Number of updated asset objects reloaded before import = 0Number of asset objects unloaded after import = 62

========================================================================
Received Import Request.
  Time since last request: 0.000021 seconds.
  path: Assets/Projects/GravityDash/kenney_new-platformer-pack-1.1/Sounds/sfx_gem.ogg
  artifactKey: Guid(0eea8ea12878b437ea49d7434f55f21d) Importer(2089858483,b0f066a214c2f5e87bad3c948f4d605d)
Start importing Assets/Projects/GravityDash/kenney_new-platformer-pack-1.1/Sounds/sfx_gem.ogg using Guid(0eea8ea12878b437ea49d7434f55f21d) Importer(2089858483,b0f066a214c2f5e87bad3c948f4d605d) (ScriptedImporter) -> (artifact id: 'c0c3ea2dde09fe9a2f7a43d148d81c2d') in 0.0215858 seconds
Number of updated asset objects reloaded before import = 0Number of asset objects unloaded after import = 1

========================================================================
Received Import Request.
  Time since last request: 0.000132 seconds.
  path: Assets/Sprites/Knight Files/Knight PNG/Knight_attack_02.png
  artifactKey: Guid(97c6ebd3ca4f107448b3b2d9b16e5d6d) Importer(2089858483,b0f066a214c2f5e87bad3c948f4d605d)
Start importing Assets/Sprites/Knight Files/Knight PNG/Knight_attack_02.png using Guid(97c6ebd3ca4f107448b3b2d9b16e5d6d) Importer(2089858483,b0f066a214c2f5e87bad3c948f4d605d) (ScriptedImporter) -> (artifact id: '409db9aee171c8fffc610fd8653bacd6') in 0.0168739 seconds
Number of updated asset objects reloaded before import = 0Number of asset objects unloaded after import = 3

========================================================================
Received Import Request.
  Time since last request: 0.000019 seconds.
  path: Assets/Sprites/Knight Files/Knight PNG/Knight_dash_02.png
  artifactKey: Guid(d01f5abdf66dfaa4f8969d2db66c9e72) Importer(2089858483,b0f066a214c2f5e87bad3c948f4d605d)
Start importing Assets/Sprites/Knight Files/Knight PNG/Knight_dash_02.png using Guid(d01f5abdf66dfaa4f8969d2db66c9e72) Importer(2089858483,b0f066a214c2f5e87bad3c948f4d605d) (ScriptedImporter) -> (artifact id: '72abc835e2fe4febc21776e6dd503361') in 0.016828 seconds
Number of updated asset objects reloaded before import = 0Number of asset objects unloaded after import = 3

========================================================================
Received Import Request.
  Time since last request: 0.000022 seconds.
  path: Assets/Sprites/Knight Files/Effect & FireBalls/potion.png
  artifactKey: Guid(98451d2a04ae2b54a9ec0ff4bc429fa3) Importer(2089858483,b0f066a214c2f5e87bad3c948f4d605d)
Start importing Assets/Sprites/Knight Files/Effect & FireBalls/potion.png using Guid(98451d2a04ae2b54a9ec0ff4bc429fa3) Importer(2089858483,b0f066a214c2f5e87bad3c948f4d605d) (ScriptedImporter) -> (artifact id: '259d97cb1ccffbe088dbbf2abed4a6d1') in 0.0182416 seconds
Number of updated asset objects reloaded before import = 0Number of asset objects unloaded after import = 3

========================================================================
Received Import Request.
  Time since last request: 0.000021 seconds.
  path: Assets/Projects/GravityDash/kenney_new-platformer-pack-1.1/Spritesheets/spritesheet-characters-default.xml
  artifactKey: Guid(d22b2e793c5a844ec912a6b5b316db0d) Importer(2089858483,b0f066a214c2f5e87bad3c948f4d605d)
Start importing Assets/Projects/GravityDash/kenney_new-platformer-pack-1.1/Spritesheets/spritesheet-characters-default.xml using Guid(d22b2e793c5a844ec912a6b5b316db0d) Importer(2089858483,b0f066a214c2f5e87bad3c948f4d605d) (ScriptedImporter) -> (artifact id: 'c80c2e06527bfc4aaad8744fa4697e47') in 0.0104264 seconds
Number of updated asset objects reloaded before import = 0Number of asset objects unloaded after import = 1

========================================================================
Received Import Request.
  Time since last request: 0.000068 seconds.
  path: Assets/Sprites/Cainos/Pixel Art Platformer - Village Props/Prefab/PF Village Props - Billboard.prefab
  artifactKey: Guid(6ecf5bcec20adfa429a788f660f29ff5) Importer(2089858483,b0f066a214c2f5e87bad3c948f4d605d)
Start importing Assets/Sprites/Cainos/Pixel Art Platformer - Village Props/Prefab/PF Village Props - Billboard.prefab using Guid(6ecf5bcec20adfa429a788f660f29ff5) Importer(2089858483,b0f066a214c2f5e87bad3c948f4d605d) (ScriptedImporter) -> (artifact id: '40865b52f49199f7b79e105ca7dc39cd') in 0.0167935 seconds
Number of updated asset objects reloaded before import = 0Number of asset objects unloaded after import = 26

========================================================================
Received Import Request.
  Time since last request: 0.000034 seconds.
  path: Assets/Sprites/Cainos/Pixel Art Platformer - Village Props/Prefab/PF Village Props - Chest Silver.prefab
  artifactKey: Guid(7f2681b23c23afc4fbb43c6dca9f41f9) Importer(2089858483,b0f066a214c2f5e87bad3c948f4d605d)
Start importing Assets/Sprites/Cainos/Pixel Art Platformer - Village Props/Prefab/PF Village Props - Chest Silver.prefab using Guid(7f2681b23c23afc4fbb43c6dca9f41f9) Importer(2089858483,b0f066a214c2f5e87bad3c948f4d605d) (ScriptedImporter) -> (artifact id: '018b4391fd454091e33bcdaac2559e1d') in 0.0169968 seconds
Number of updated asset objects reloaded before import = 0Number of asset objects unloaded after import = 26

========================================================================
Received Import Request.
  Time since last request: 0.000022 seconds.
  path: Assets/Sprites/Knight Files/Knight PNG/Knight_dizzy_03.png
  artifactKey: Guid(c349fdd17e40e7643a59d945a37adcd1) Importer(2089858483,b0f066a214c2f5e87bad3c948f4d605d)
Start importing Assets/Sprites/Knight Files/Knight PNG/Knight_dizzy_03.png using Guid(c349fdd17e40e7643a59d945a37adcd1) Importer(2089858483,b0f066a214c2f5e87bad3c948f4d605d) (ScriptedImporter) -> (artifact id: 'a3d1f4fd4ef8bd7c2dd28731735994cf') in 0.0183933 seconds
Number of updated asset objects reloaded before import = 0Number of asset objects unloaded after import = 3

========================================================================
Received Import Request.
  Time since last request: 0.000023 seconds.
  path: Assets/Sprites/Knight Files/Knight PNG/Knight_die_03.png
  artifactKey: Guid(efa1e239a79810d49ac4322b079f27b9) Importer(2089858483,b0f066a214c2f5e87bad3c948f4d605d)
Start importing Assets/Sprites/Knight Files/Knight PNG/Knight_die_03.png using Guid(efa1e239a79810d49ac4322b079f27b9) Importer(2089858483,b0f066a214c2f5e87bad3c948f4d605d) (ScriptedImporter) -> (artifact id: 'f9c75a4c2d045dd1675339db3520c486') in 0.0165194 seconds
Number of updated asset objects reloaded before import = 0Number of asset objects unloaded after import = 3

========================================================================
Received Import Request.
  Time since last request: 0.000022 seconds.
  path: Assets/Sprites/Knight Files/Knight PNG/Knight_attack_05.png
  artifactKey: Guid(2d634060b61eb214a949fcd4b88122d9) Importer(2089858483,b0f066a214c2f5e87bad3c948f4d605d)
Start importing Assets/Sprites/Knight Files/Knight PNG/Knight_attack_05.png using Guid(2d634060b61eb214a949fcd4b88122d9) Importer(2089858483,b0f066a214c2f5e87bad3c948f4d605d) (ScriptedImporter) -> (artifact id: '3b6c8f3526139ce7376111ae65cc96e6') in 0.0178044 seconds
Number of updated asset objects reloaded before import = 0Number of asset objects unloaded after import = 3

========================================================================
Received Import Request.
  Time since last request: 0.000021 seconds.
  path: Assets/Sprites/Knight Files/Knight PNG/Knight_dash_03.png
  artifactKey: Guid(44301e48dd6a11e4d985f5846d6c89a0) Importer(2089858483,b0f066a214c2f5e87bad3c948f4d605d)
Start importing Assets/Sprites/Knight Files/Knight PNG/Knight_dash_03.png using Guid(44301e48dd6a11e4d985f5846d6c89a0) Importer(2089858483,b0f066a214c2f5e87bad3c948f4d605d) (ScriptedImporter) -> (artifact id: '880263d9fffab5b6d472a13832a3a344') in 0.0176461 seconds
Number of updated asset objects reloaded before import = 0Number of asset objects unloaded after import = 3

========================================================================
Received Import Request.
  Time since last request: 0.000020 seconds.
  path: Assets/Sprites/Knight Files/Knight PNG/Knight_die_02.png
  artifactKey: Guid(11592a0b5f1d84c42b31729914d8ef78) Importer(2089858483,b0f066a214c2f5e87bad3c948f4d605d)
Start importing Assets/Sprites/Knight Files/Knight PNG/Knight_die_02.png using Guid(11592a0b5f1d84c42b31729914d8ef78) Importer(2089858483,b0f066a214c2f5e87bad3c948f4d605d) (ScriptedImporter) -> (artifact id: 'e4898e62859ff80e15651335de45f175') in 0.0191 seconds
Number of updated asset objects reloaded before import = 0Number of asset objects unloaded after import = 3

========================================================================
Received Import Request.
  Time since last request: 0.000066 seconds.
  path: Assets/Sprites/Knight Files/Effect & FireBalls/explosion_04.png
  artifactKey: Guid(296ac19e2147e67408eed4611d3f93f4) Importer(2089858483,b0f066a214c2f5e87bad3c948f4d605d)
Start importing Assets/Sprites/Knight Files/Effect & FireBalls/explosion_04.png using Guid(296ac19e2147e67408eed4611d3f93f4) Importer(2089858483,b0f066a214c2f5e87bad3c948f4d605d) (ScriptedImporter) -> (artifact id: '45828ff5694d7bcb1ffdd5c06c2121de') in 0.018088 seconds
Number of updated asset objects reloaded before import = 0Number of asset objects unloaded after import = 3

========================================================================
Received Import Request.
  Time since last request: 0.000022 seconds.
  path: Assets/Sprites/Cainos/Pixel Art Platformer - Village Props/Prefab/PF Village Props - Bounding Platform 01.prefab
  artifactKey: Guid(64ad26f35d95fc84997ad93db1292861) Importer(2089858483,b0f066a214c2f5e87bad3c948f4d605d)
Start importing Assets/Sprites/Cainos/Pixel Art Platformer - Village Props/Prefab/PF Village Props - Bounding Platform 01.prefab using Guid(64ad26f35d95fc84997ad93db1292861) Importer(2089858483,b0f066a214c2f5e87bad3c948f4d605d) (ScriptedImporter) -> (artifact id: '0b941e1ff9a72c881a466ce0cf7d70c4') in 0.0174111 seconds
Number of updated asset objects reloaded before import = 0Number of asset objects unloaded after import = 20

========================================================================
Received Import Request.
  Time since last request: 0.000032 seconds.
  path: Assets/Sprites/Cainos/Pixel Art Platformer - Village Props/Prefab/PF Village Props - Barrel.prefab
  artifactKey: Guid(1509360826d6bb34587310ad4949fdd5) Importer(2089858483,b0f066a214c2f5e87bad3c948f4d605d)
Start importing Assets/Sprites/Cainos/Pixel Art Platformer - Village Props/Prefab/PF Village Props - Barrel.prefab using Guid(1509360826d6bb34587310ad4949fdd5) Importer(2089858483,b0f066a214c2f5e87bad3c948f4d605d) (ScriptedImporter) -> (artifact id: 'dc32f91871393e4936363d65e0947349') in 0.020394 seconds
Number of updated asset objects reloaded before import = 0Number of asset objects unloaded after import = 10

========================================================================
Received Import Request.
  Time since last request: 0.000021 seconds.
  path: Assets/Projects/GravityDash/kenney_new-platformer-pack-1.1/Spritesheets/spritesheet-backgrounds-double.png
  artifactKey: Guid(246cf795b62d640a4bf6f36c93cfebc9) Importer(2089858483,b0f066a214c2f5e87bad3c948f4d605d)
Start importing Assets/Projects/GravityDash/kenney_new-platformer-pack-1.1/Spritesheets/spritesheet-backgrounds-double.png using Guid(246cf795b62d640a4bf6f36c93cfebc9) Importer(2089858483,b0f066a214c2f5e87bad3c948f4d605d) (ScriptedImporter) -> (artifact id: 'cb31d7aedb40e1614c3bc95163a92287') in 0.0330151 seconds
Number of updated asset objects reloaded before import = 0Number of asset objects unloaded after import = 16

========================================================================
Received Import Request.
  Time since last request: 0.000022 seconds.
  path: Assets/Sprites/Knight Files/Scenes/DemoSettings.lighting.unity
  artifactKey: Guid(90f073aa295264f20b5275eae2f3225b) Importer(2089858483,b0f066a214c2f5e87bad3c948f4d605d)
Start importing Assets/Sprites/Knight Files/Scenes/DemoSettings.lighting.unity using Guid(90f073aa295264f20b5275eae2f3225b) Importer(2089858483,b0f066a214c2f5e87bad3c948f4d605d) (ScriptedImporter) -> (artifact id: 'adc0a5f118638cfb013ff7073d0f59b5') in 0.0127269 seconds
Number of updated asset objects reloaded before import = 0Number of asset objects unloaded after import = 1

========================================================================
Received Import Request.
  Time since last request: 0.000078 seconds.
  path: Assets/Projects/GravityDash/kenney_new-platformer-pack-1.1/Sounds/sfx_hurt.ogg
  artifactKey: Guid(aa62f828f77924cfd84b9502fcad9d2a) Importer(2089858483,b0f066a214c2f5e87bad3c948f4d605d)
Start importing Assets/Projects/GravityDash/kenney_new-platformer-pack-1.1/Sounds/sfx_hurt.ogg using Guid(aa62f828f77924cfd84b9502fcad9d2a) Importer(2089858483,b0f066a214c2f5e87bad3c948f4d605d) (ScriptedImporter) -> (artifact id: 'ae7c60b13ec6e0ecf61579f965d7bec2') in 0.0200641 seconds
Number of updated asset objects reloaded before import = 0Number of asset objects unloaded after import = 1

========================================================================
Received Import Request.
  Time since last request: 0.000092 seconds.
  path: Assets/Projects/GravityDash/kenney_new-platformer-pack-1.1/Spritesheets/spritesheet-characters-default.png
  artifactKey: Guid(224c385a295b94e249094bd84cb62541) Importer(2089858483,b0f066a214c2f5e87bad3c948f4d605d)
Start importing Assets/Projects/GravityDash/kenney_new-platformer-pack-1.1/Spritesheets/spritesheet-characters-default.png using Guid(224c385a295b94e249094bd84cb62541) Importer(2089858483,b0f066a214c2f5e87bad3c948f4d605d) (ScriptedImporter) -> (artifact id: 'ad3e5e80b943a14775f5b097ba2bf1c2') in 0.0548394 seconds
Number of updated asset objects reloaded before import = 0Number of asset objects unloaded after import = 47

========================================================================
Received Import Request.
  Time since last request: 0.000019 seconds.
  path: Assets/Sprites/Knight Files/Knight PNG/Knight_jump_02.png
  artifactKey: Guid(355f117cc929dbb43875dd51720e2e64) Importer(2089858483,b0f066a214c2f5e87bad3c948f4d605d)
Start importing Assets/Sprites/Knight Files/Knight PNG/Knight_jump_02.png using Guid(355f117cc929dbb43875dd51720e2e64) Importer(2089858483,b0f066a214c2f5e87bad3c948f4d605d) (ScriptedImporter) -> (artifact id: '17c9b2f5cd88c36b31e9fae0234a9605') in 0.018696 seconds
Number of updated asset objects reloaded before import = 0Number of asset objects unloaded after import = 3

========================================================================
Received Import Request.
  Time since last request: 0.000023 seconds.
  path: Assets/Sprites/Cainos/Pixel Art Platformer - Village Props/Prefab/PF Village Props - Banner.prefab
  artifactKey: Guid(5fd9ed34f1f755643b41c4b41d7077e5) Importer(2089858483,b0f066a214c2f5e87bad3c948f4d605d)
Start importing Assets/Sprites/Cainos/Pixel Art Platformer - Village Props/Prefab/PF Village Props - Banner.prefab using Guid(5fd9ed34f1f755643b41c4b41d7077e5) Importer(2089858483,b0f066a214c2f5e87bad3c948f4d605d) (ScriptedImporter) -> (artifact id: 'd2bb100b1b4907cada720c85fe2cb798') in 0.0191662 seconds
Number of updated asset objects reloaded before import = 0Number of asset objects unloaded after import = 14

========================================================================
Received Import Request.
  Time since last request: 2.083609 seconds.
  path: Assets/Sprites/Cainos/Pixel Art Platformer - Village Props/Prefab/PF Village Props - Flower 02.prefab
  artifactKey: Guid(2c844ecc42c736944ac3d66f130ed6aa) Importer(2089858483,b0f066a214c2f5e87bad3c948f4d605d)
Start importing Assets/Sprites/Cainos/Pixel Art Platformer - Village Props/Prefab/PF Village Props - Flower 02.prefab using Guid(2c844ecc42c736944ac3d66f130ed6aa) Importer(2089858483,b0f066a214c2f5e87bad3c948f4d605d) (ScriptedImporter) -> (artifact id: '7fe82b4bfffaac9fc8366e93c8ac8a85') in 0.017212 seconds
Number of updated asset objects reloaded before import = 0Number of asset objects unloaded after import = 8

========================================================================
Received Import Request.
  Time since last request: 0.000024 seconds.
  path: Assets/Sprites/Cainos/Pixel Art Platformer - Village Props/Prefab/PF Village Props - Grass 08.prefab
  artifactKey: Guid(41d4294f662241e458641e7328f39628) Importer(2089858483,b0f066a214c2f5e87bad3c948f4d605d)
Start importing Assets/Sprites/Cainos/Pixel Art Platformer - Village Props/Prefab/PF Village Props - Grass 08.prefab using Guid(41d4294f662241e458641e7328f39628) Importer(2089858483,b0f066a214c2f5e87bad3c948f4d605d) (ScriptedImporter) -> (artifact id: 'fcd3ef3b8948f24a944d4cfc85bef37c') in 0.0169787 seconds
Number of updated asset objects reloaded before import = 0Number of asset objects unloaded after import = 8

========================================================================
Received Import Request.
  Time since last request: 0.000029 seconds.
  path: Assets/Sprites/Cainos/Pixel Art Platformer - Village Props/Texture/TX Tileset Ground.png
  artifactKey: Guid(157cbc340d2b7e64ab85168e80e95550) Importer(2089858483,b0f066a214c2f5e87bad3c948f4d605d)
Start importing Assets/Sprites/Cainos/Pixel Art Platformer - Village Props/Texture/TX Tileset Ground.png using Guid(157cbc340d2b7e64ab85168e80e95550) Importer(2089858483,b0f066a214c2f5e87bad3c948f4d605d) (ScriptedImporter) -> (artifact id: '3a5a115a4299daf6b3599d3375b4a414') in 0.2427059 seconds
Number of updated asset objects reloaded before import = 0Number of asset objects unloaded after import = 167

========================================================================
Received Import Request.
  Time since last request: 0.000025 seconds.
  path: Assets/Projects/GravityDash/kenney_new-platformer-pack-1.1/Vector/Characters/character_green_duck.svg
  artifactKey: Guid(79f127873270a4d06b683b3635b788a9) Importer(2089858483,b0f066a214c2f5e87bad3c948f4d605d)
Start importing Assets/Projects/GravityDash/kenney_new-platformer-pack-1.1/Vector/Characters/character_green_duck.svg using Guid(79f127873270a4d06b683b3635b788a9) Importer(2089858483,b0f066a214c2f5e87bad3c948f4d605d) (ScriptedImporter) -> (artifact id: '5d9cf9efcc3ce48c6524fd1c2e0aac4d') in 0.0213881 seconds
Number of updated asset objects reloaded before import = 0Number of asset objects unloaded after import = 2

========================================================================
Received Import Request.
  Time since last request: 0.000038 seconds.
  path: Assets/Sprites/Cainos/Pixel Art Platformer - Village Props/Prefab/PF Village Props - Hay Bale.prefab
  artifactKey: Guid(6a9ccf5128b7b1349a5a89b136f037a4) Importer(2089858483,b0f066a214c2f5e87bad3c948f4d605d)
Start importing Assets/Sprites/Cainos/Pixel Art Platformer - Village Props/Prefab/PF Village Props - Hay Bale.prefab using Guid(6a9ccf5128b7b1349a5a89b136f037a4) Importer(2089858483,b0f066a214c2f5e87bad3c948f4d605d) (ScriptedImporter) -> (artifact id: '0e83bc6d6321f1e3dd5210d4ce62690d') in 0.0268629 seconds
Number of updated asset objects reloaded before import = 0Number of asset objects unloaded after import = 10

========================================================================
Received Import Request.
  Time since last request: 0.000025 seconds.
  path: Assets/Projects/GravityDash/kenney_new-platformer-pack-1.1/Vector/Enemies/saw_rest.svg
  artifactKey: Guid(8a779228688034fb4816f7f6bdab65f9) Importer(2089858483,b0f066a214c2f5e87bad3c948f4d605d)
Start importing Assets/Projects/GravityDash/kenney_new-platformer-pack-1.1/Vector/Enemies/saw_rest.svg using Guid(8a779228688034fb4816f7f6bdab65f9) Importer(2089858483,b0f066a214c2f5e87bad3c948f4d605d) (ScriptedImporter) -> (artifact id: '2c84c1fba272e3a552b701ba522e0cd2') in 0.0208698 seconds
Number of updated asset objects reloaded before import = 0Number of asset objects unloaded after import = 1

========================================================================
Received Import Request.
  Time since last request: 0.000024 seconds.
  path: Assets/Sprites/Cainos/Pixel Art Platformer - Village Props/Prefab/PF Village Props - Spike Ball.prefab
  artifactKey: Guid(ac067d7d3bd8a1c4a9fb05099b5a4e06) Importer(2089858483,b0f066a214c2f5e87bad3c948f4d605d)
Start importing Assets/Sprites/Cainos/Pixel Art Platformer - Village Props/Prefab/PF Village Props - Spike Ball.prefab using Guid(ac067d7d3bd8a1c4a9fb05099b5a4e06) Importer(2089858483,b0f066a214c2f5e87bad3c948f4d605d) (ScriptedImporter) -> (artifact id: '02095125aa48e5805aada71614a10f46') in 0.0269156 seconds
Number of updated asset objects reloaded before import = 0Number of asset objects unloaded after import = 10

========================================================================
Received Import Request.
  Time since last request: 0.000024 seconds.
  path: Assets/Sprites/Cainos/Pixel Art Platformer - Village Props/Prefab/PF Village Props - Stairs X40.prefab
  artifactKey: Guid(71d1e23306d668041aadae2ec117e0b7) Importer(2089858483,b0f066a214c2f5e87bad3c948f4d605d)
Start importing Assets/Sprites/Cainos/Pixel Art Platformer - Village Props/Prefab/PF Village Props - Stairs X40.prefab using Guid(71d1e23306d668041aadae2ec117e0b7) Importer(2089858483,b0f066a214c2f5e87bad3c948f4d605d) (ScriptedImporter) -> (artifact id: 'db3ef1d7662f8ba2e58d3f5fece4eed5') in 0.0283395 seconds
Number of updated asset objects reloaded before import = 0Number of asset objects unloaded after import = 12

========================================================================
Received Import Request.
  Time since last request: 0.000027 seconds.
  path: Assets/Projects/GravityDash/kenney_new-platformer-pack-1.1/Vector/Enemies/ladybug_rest.svg
  artifactKey: Guid(e69fd5503a48743148111bde38662b7b) Importer(2089858483,b0f066a214c2f5e87bad3c948f4d605d)
Start importing Assets/Projects/GravityDash/kenney_new-platformer-pack-1.1/Vector/Enemies/ladybug_rest.svg using Guid(e69fd5503a48743148111bde38662b7b) Importer(2089858483,b0f066a214c2f5e87bad3c948f4d605d) (ScriptedImporter) -> (artifact id: '1ace20e20663467c37b73d4619cd4e20') in 0.0204084 seconds
Number of updated asset objects reloaded before import = 0Number of asset objects unloaded after import = 1

========================================================================
Received Import Request.
  Time since last request: 0.000024 seconds.
  path: Assets/Sprites/Cainos/Pixel Art Platformer - Village Props/Prefab/PF Village Props - Grass 02.prefab
  artifactKey: Guid(b51901e6748833e4695e0c1db509dcd4) Importer(2089858483,b0f066a214c2f5e87bad3c948f4d605d)
Start importing Assets/Sprites/Cainos/Pixel Art Platformer - Village Props/Prefab/PF Village Props - Grass 02.prefab using Guid(b51901e6748833e4695e0c1db509dcd4) Importer(2089858483,b0f066a214c2f5e87bad3c948f4d605d) (ScriptedImporter) -> (artifact id: '00be11d72d5ffae88723af2aad26297f') in 0.0305862 seconds
Number of updated asset objects reloaded before import = 0Number of asset objects unloaded after import = 8

========================================================================
Received Import Request.
  Time since last request: 0.000028 seconds.
  path: Assets/Projects/GravityDash/kenney_new-platformer-pack-1.1/Vector/Enemies/slime_fire_walk_b.svg
  artifactKey: Guid(b4ee75da11ec74866ba4791d621ef16e) Importer(2089858483,b0f066a214c2f5e87bad3c948f4d605d)
Start importing Assets/Projects/GravityDash/kenney_new-platformer-pack-1.1/Vector/Enemies/slime_fire_walk_b.svg using Guid(b4ee75da11ec74866ba4791d621ef16e) Importer(2089858483,b0f066a214c2f5e87bad3c948f4d605d) (ScriptedImporter) -> (artifact id: '7d6f8e290cb1266ed0e3457eeca1377a') in 0.0466984 seconds
Number of updated asset objects reloaded before import = 0Number of asset objects unloaded after import = 2

========================================================================
Received Import Request.
  Time since last request: 0.000083 seconds.
  path: Assets/Sprites/Cainos/Pixel Art Platformer - Village Props/Prefab/PF Village Props - Stone of Recall.prefab
  artifactKey: Guid(367acab6b4839d34f847dc791e026c4d) Importer(2089858483,b0f066a214c2f5e87bad3c948f4d605d)
Start importing Assets/Sprites/Cainos/Pixel Art Platformer - Village Props/Prefab/PF Village Props - Stone of Recall.prefab using Guid(367acab6b4839d34f847dc791e026c4d) Importer(2089858483,b0f066a214c2f5e87bad3c948f4d605d) (ScriptedImporter) -> (artifact id: 'b7845d089f3cacf1f3cb88030340fa38') in 0.0305534 seconds
Number of updated asset objects reloaded before import = 0Number of asset objects unloaded after import = 13

========================================================================
Received Import Request.
  Time since last request: 0.000033 seconds.
  path: Assets/Sprites/Cainos/Pixel Art Platformer - Village Props/Prefab/PF Village Props - Jump Platform 01.prefab
  artifactKey: Guid(65321bf0311c2eb48be353666f829ca1) Importer(2089858483,b0f066a214c2f5e87bad3c948f4d605d)
Start importing Assets/Sprites/Cainos/Pixel Art Platformer - Village Props/Prefab/PF Village Props - Jump Platform 01.prefab using Guid(65321bf0311c2eb48be353666f829ca1) Importer(2089858483,b0f066a214c2f5e87bad3c948f4d605d) (ScriptedImporter) -> (artifact id: '39e2aaff3b24945afd6204a9c6f74e66') in 0.0272813 seconds
Number of updated asset objects reloaded before import = 0Number of asset objects unloaded after import = 9

========================================================================
Received Import Request.
  Time since last request: 0.000039 seconds.
  path: Assets/Sprites/Cainos/Pixel Art Platformer - Village Props/Prefab/PF Village Props - Training Dummy.prefab
  artifactKey: Guid(7fc30cd74f5aa724387df7546e0f3d5b) Importer(2089858483,b0f066a214c2f5e87bad3c948f4d605d)
Start importing Assets/Sprites/Cainos/Pixel Art Platformer - Village Props/Prefab/PF Village Props - Training Dummy.prefab using Guid(7fc30cd74f5aa724387df7546e0f3d5b) Importer(2089858483,b0f066a214c2f5e87bad3c948f4d605d) (ScriptedImporter) -> (artifact id: '46181b5070800407568f3f936c513325') in 0.0295419 seconds
Number of updated asset objects reloaded before import = 0Number of asset objects unloaded after import = 8

========================================================================
Received Import Request.
  Time since last request: 0.000024 seconds.
  path: Assets/Sprites/Cainos/Pixel Art Platformer - Village Props/Prefab/PF Village Props - Grass 03.prefab
  artifactKey: Guid(4da9b9761848a1848868ed8a0c18f051) Importer(2089858483,b0f066a214c2f5e87bad3c948f4d605d)
Start importing Assets/Sprites/Cainos/Pixel Art Platformer - Village Props/Prefab/PF Village Props - Grass 03.prefab using Guid(4da9b9761848a1848868ed8a0c18f051) Importer(2089858483,b0f066a214c2f5e87bad3c948f4d605d) (ScriptedImporter) -> (artifact id: 'e518ecd5985f783a62514004d65286ef') in 0.0214616 seconds
Number of updated asset objects reloaded before import = 0Number of asset objects unloaded after import = 8

========================================================================
Received Import Request.
  Time since last request: 0.000028 seconds.
  path: Assets/Sprites/Cainos/Pixel Art Platformer - Village Props/Prefab/PF Village Props - Hammer.prefab
  artifactKey: Guid(e496de2bd698f6c409bd2a9bceda980e) Importer(2089858483,b0f066a214c2f5e87bad3c948f4d605d)
Start importing Assets/Sprites/Cainos/Pixel Art Platformer - Village Props/Prefab/PF Village Props - Hammer.prefab using Guid(e496de2bd698f6c409bd2a9bceda980e) Importer(2089858483,b0f066a214c2f5e87bad3c948f4d605d) (ScriptedImporter) -> (artifact id: '484e68d6e2d31983115693da866cba09') in 0.0252742 seconds
Number of updated asset objects reloaded before import = 0Number of asset objects unloaded after import = 8

========================================================================
Received Import Request.
  Time since last request: 0.000025 seconds.
  path: Assets/Projects/GravityDash/kenney_new-platformer-pack-1.1/Vector/Enemies/snail_walk_a.svg
  artifactKey: Guid(2544fb728a36f402583ee400ce9c5b2b) Importer(2089858483,b0f066a214c2f5e87bad3c948f4d605d)
Start importing Assets/Projects/GravityDash/kenney_new-platformer-pack-1.1/Vector/Enemies/snail_walk_a.svg using Guid(2544fb728a36f402583ee400ce9c5b2b) Importer(2089858483,b0f066a214c2f5e87bad3c948f4d605d) (ScriptedImporter) -> (artifact id: '2077e4738af2cd8b2c1a561158286507') in 0.0232269 seconds
Number of updated asset objects reloaded before import = 0Number of asset objects unloaded after import = 1

========================================================================
Received Import Request.
  Time since last request: 0.000075 seconds.
  path: Assets/Projects/GravityDash/kenney_new-platformer-pack-1.1/Vector/Enemies/fish_purple_up.svg
  artifactKey: Guid(77aa5138fa4aa4d7ca973b293bafadb7) Importer(2089858483,b0f066a214c2f5e87bad3c948f4d605d)
Start importing Assets/Projects/GravityDash/kenney_new-platformer-pack-1.1/Vector/Enemies/fish_purple_up.svg using Guid(77aa5138fa4aa4d7ca973b293bafadb7) Importer(2089858483,b0f066a214c2f5e87bad3c948f4d605d) (ScriptedImporter) -> (artifact id: 'bd4ce571ca4bc044a674563f59393720') in 0.0213861 seconds
Number of updated asset objects reloaded before import = 0Number of asset objects unloaded after import = 2

========================================================================
Received Import Request.
  Time since last request: 0.000029 seconds.
  path: Assets/Projects/GravityDash/kenney_new-platformer-pack-1.1/Vector/Enemies/block_fall.svg
  artifactKey: Guid(859f62a9b242d46978b90ec5e7c46d18) Importer(2089858483,b0f066a214c2f5e87bad3c948f4d605d)
Start importing Assets/Projects/GravityDash/kenney_new-platformer-pack-1.1/Vector/Enemies/block_fall.svg using Guid(859f62a9b242d46978b90ec5e7c46d18) Importer(2089858483,b0f066a214c2f5e87bad3c948f4d605d) (ScriptedImporter) -> (artifact id: 'f9c20ccace2aaab531368cb30a88b418') in 0.0210915 seconds
Number of updated asset objects reloaded before import = 0Number of asset objects unloaded after import = 1

========================================================================
Received Import Request.
  Time since last request: 0.000051 seconds.
  path: Assets/Projects/GravityDash/kenney_new-platformer-pack-1.1/Vector/Enemies/block_idle.svg
  artifactKey: Guid(0779d4d08b591414dbb1d572cf93a36f) Importer(2089858483,b0f066a214c2f5e87bad3c948f4d605d)
Start importing Assets/Projects/GravityDash/kenney_new-platformer-pack-1.1/Vector/Enemies/block_idle.svg using Guid(0779d4d08b591414dbb1d572cf93a36f) Importer(2089858483,b0f066a214c2f5e87bad3c948f4d605d) (ScriptedImporter) -> (artifact id: '90a626ba3b71a70e4bae9d6fbcbcb6e4') in 0.0197407 seconds
Number of updated asset objects reloaded before import = 0Number of asset objects unloaded after import = 1

========================================================================
Received Import Request.
  Time since last request: 0.000027 seconds.
  path: Assets/Sprites/Cainos/Pixel Art Platformer - Village Props/Prefab/PF Village Props - Wheat 03.prefab
  artifactKey: Guid(924118ea6eca18f459f67d54f8640858) Importer(2089858483,b0f066a214c2f5e87bad3c948f4d605d)
Start importing Assets/Sprites/Cainos/Pixel Art Platformer - Village Props/Prefab/PF Village Props - Wheat 03.prefab using Guid(924118ea6eca18f459f67d54f8640858) Importer(2089858483,b0f066a214c2f5e87bad3c948f4d605d) (ScriptedImporter) -> (artifact id: 'b389b17fa7483a73dbfa5c5592f72cfe') in 0.0220421 seconds
Number of updated asset objects reloaded before import = 0Number of asset objects unloaded after import = 8

========================================================================
Received Import Request.
  Time since last request: 0.000023 seconds.
  path: Assets/Projects/GravityDash/kenney_new-platformer-pack-1.1/Vector/Enemies/frog_rest.svg
  artifactKey: Guid(2cf5fb0dcea6c4ae59c2b3acbcd038fb) Importer(2089858483,b0f066a214c2f5e87bad3c948f4d605d)
Start importing Assets/Projects/GravityDash/kenney_new-platformer-pack-1.1/Vector/Enemies/frog_rest.svg using Guid(2cf5fb0dcea6c4ae59c2b3acbcd038fb) Importer(2089858483,b0f066a214c2f5e87bad3c948f4d605d) (ScriptedImporter) -> (artifact id: '8fd093f3f4dd14754762451070c7b85b') in 0.0212258 seconds
Number of updated asset objects reloaded before import = 0Number of asset objects unloaded after import = 1

========================================================================
Received Import Request.
  Time since last request: 0.000080 seconds.
  path: Assets/Sprites/Cainos/Pixel Art Platformer - Village Props/Prefab/PF Village Props - Spike.prefab
  artifactKey: Guid(c4728654af6c1b84fb5102e3f29ffb8f) Importer(2089858483,b0f066a214c2f5e87bad3c948f4d605d)
Start importing Assets/Sprites/Cainos/Pixel Art Platformer - Village Props/Prefab/PF Village Props - Spike.prefab using Guid(c4728654af6c1b84fb5102e3f29ffb8f) Importer(2089858483,b0f066a214c2f5e87bad3c948f4d605d) (ScriptedImporter) -> (artifact id: 'a03d2886ac67f13a8b781c1e37242f59') in 0.0198517 seconds
Number of updated asset objects reloaded before import = 0Number of asset objects unloaded after import = 8

========================================================================
Received Import Request.
  Time since last request: 0.000024 seconds.
  path: Assets/Sprites/Cainos/Pixel Art Platformer - Village Props/Prefab/PF Village Props - Pot 02.prefab
  artifactKey: Guid(282d10bd840f2244d993130a17f23515) Importer(2089858483,b0f066a214c2f5e87bad3c948f4d605d)
Start importing Assets/Sprites/Cainos/Pixel Art Platformer - Village Props/Prefab/PF Village Props - Pot 02.prefab using Guid(282d10bd840f2244d993130a17f23515) Importer(2089858483,b0f066a214c2f5e87bad3c948f4d605d) (ScriptedImporter) -> (artifact id: '3d86624ad70073ee537d245d6e4cc988') in 0.0236557 seconds
Number of updated asset objects reloaded before import = 0Number of asset objects unloaded after import = 10

========================================================================
Received Import Request.
  Time since last request: 0.000037 seconds.
  path: Assets/Sprites/Cainos/Pixel Art Platformer - Village Props/Prefab/PF Village Props - Wheat 05.prefab
  artifactKey: Guid(0cde5280cb0df5240bf5cc2866248e08) Importer(2089858483,b0f066a214c2f5e87bad3c948f4d605d)
Start importing Assets/Sprites/Cainos/Pixel Art Platformer - Village Props/Prefab/PF Village Props - Wheat 05.prefab using Guid(0cde5280cb0df5240bf5cc2866248e08) Importer(2089858483,b0f066a214c2f5e87bad3c948f4d605d) (ScriptedImporter) -> (artifact id: 'c9b36ae5f632aab5dc8d52cdd34329fc') in 0.0213571 seconds
Number of updated asset objects reloaded before import = 0Number of asset objects unloaded after import = 8

========================================================================
Received Import Request.
  Time since last request: 0.000037 seconds.
  path: Assets/Sprites/Cainos/Pixel Art Platformer - Village Props/Prefab/PF Village Props - Seesaw 01.prefab
  artifactKey: Guid(ed9b63eb6d4c6da4aa6072d86950c741) Importer(2089858483,b0f066a214c2f5e87bad3c948f4d605d)
Start importing Assets/Sprites/Cainos/Pixel Art Platformer - Village Props/Prefab/PF Village Props - Seesaw 01.prefab using Guid(ed9b63eb6d4c6da4aa6072d86950c741) Importer(2089858483,b0f066a214c2f5e87bad3c948f4d605d) (ScriptedImporter) -> (artifact id: '08eabc8d541970ab56b4bed61f3b9ead') in 0.0191491 seconds
Number of updated asset objects reloaded before import = 0Number of asset objects unloaded after import = 16

========================================================================
Received Import Request.
  Time since last request: 0.000022 seconds.
  path: Assets/Sprites/Cainos/Pixel Art Platformer - Village Props/Prefab/PF Village Props - Platform 02 X1.prefab
  artifactKey: Guid(b66942e8458865e4990a5fc39874e9a1) Importer(2089858483,b0f066a214c2f5e87bad3c948f4d605d)
Start importing Assets/Sprites/Cainos/Pixel Art Platformer - Village Props/Prefab/PF Village Props - Platform 02 X1.prefab using Guid(b66942e8458865e4990a5fc39874e9a1) Importer(2089858483,b0f066a214c2f5e87bad3c948f4d605d) (ScriptedImporter) -> (artifact id: '283ed7975fc42b735a532f236f923336') in 0.021466 seconds
Number of updated asset objects reloaded before import = 0Number of asset objects unloaded after import = 10

========================================================================
Received Import Request.
  Time since last request: 0.000036 seconds.
  path: Assets/Projects/GravityDash/kenney_new-platformer-pack-1.1/Vector/Characters/character_yellow_climb_a.svg
  artifactKey: Guid(cac4b39cc78ef4e1dadc46fb3d220511) Importer(2089858483,b0f066a214c2f5e87bad3c948f4d605d)
Start importing Assets/Projects/GravityDash/kenney_new-platformer-pack-1.1/Vector/Characters/character_yellow_climb_a.svg using Guid(cac4b39cc78ef4e1dadc46fb3d220511) Importer(2089858483,b0f066a214c2f5e87bad3c948f4d605d) (ScriptedImporter) -> (artifact id: 'e6f7cd9e08f4c103805781c55c56736b') in 0.0260395 seconds
Number of updated asset objects reloaded before import = 0Number of asset objects unloaded after import = 2

========================================================================
Received Import Request.
  Time since last request: 0.000026 seconds.
  path: Assets/Sprites/Cainos/Pixel Art Platformer - Village Props/Prefab/PF Village Props - Rock 03.prefab
  artifactKey: Guid(2f54e7022d76f09478e2e1124e212cc5) Importer(2089858483,b0f066a214c2f5e87bad3c948f4d605d)
Start importing Assets/Sprites/Cainos/Pixel Art Platformer - Village Props/Prefab/PF Village Props - Rock 03.prefab using Guid(2f54e7022d76f09478e2e1124e212cc5) Importer(2089858483,b0f066a214c2f5e87bad3c948f4d605d) (ScriptedImporter) -> (artifact id: 'b3fa834e1d60c2e0edfe721331764588') in 0.0241265 seconds
Number of updated asset objects reloaded before import = 0Number of asset objects unloaded after import = 8

========================================================================
Received Import Request.
  Time since last request: 0.000034 seconds.
  path: Assets/Sprites/Cainos/Pixel Art Platformer - Village Props/Prefab/PF Village Props - Rock 01.prefab
  artifactKey: Guid(8dab7379f6c67d9448d4c24d1eace61b) Importer(2089858483,b0f066a214c2f5e87bad3c948f4d605d)
Start importing Assets/Sprites/Cainos/Pixel Art Platformer - Village Props/Prefab/PF Village Props - Rock 01.prefab using Guid(8dab7379f6c67d9448d4c24d1eace61b) Importer(2089858483,b0f066a214c2f5e87bad3c948f4d605d) (ScriptedImporter) -> (artifact id: 'bc6ed6008d59f2420c5c86cc0d221475') in 0.0214317 seconds
Number of updated asset objects reloaded before import = 0Number of asset objects unloaded after import = 8

========================================================================
Received Import Request.
  Time since last request: 0.000024 seconds.
  path: Assets/Projects/GravityDash/kenney_new-platformer-pack-1.1/Vector/Backgrounds/background_solid_sand.svg
  artifactKey: Guid(e982a60f4e90e4b6eac4b1cdd835bb51) Importer(2089858483,b0f066a214c2f5e87bad3c948f4d605d)
Start importing Assets/Projects/GravityDash/kenney_new-platformer-pack-1.1/Vector/Backgrounds/background_solid_sand.svg using Guid(e982a60f4e90e4b6eac4b1cdd835bb51) Importer(2089858483,b0f066a214c2f5e87bad3c948f4d605d) (ScriptedImporter) -> (artifact id: '29ce9b8539196c545b3d4eab08b73046') in 0.0185411 seconds
Number of updated asset objects reloaded before import = 0Number of asset objects unloaded after import = 1

========================================================================
Received Import Request.
  Time since last request: 0.000075 seconds.
  path: Assets/Sprites/Cainos/Pixel Art Platformer - Village Props/Prefab/PF Village Props - Ladder 01.prefab
  artifactKey: Guid(f41211a6e39d8ab42a846d7622cabd05) Importer(2089858483,b0f066a214c2f5e87bad3c948f4d605d)
Start importing Assets/Sprites/Cainos/Pixel Art Platformer - Village Props/Prefab/PF Village Props - Ladder 01.prefab using Guid(f41211a6e39d8ab42a846d7622cabd05) Importer(2089858483,b0f066a214c2f5e87bad3c948f4d605d) (ScriptedImporter) -> (artifact id: '1dc01c47dd47dd1a82801033e87b2bc6') in 0.0190487 seconds
Number of updated asset objects reloaded before import = 0Number of asset objects unloaded after import = 17

========================================================================
Received Import Request.
  Time since last request: 0.000028 seconds.
  path: Assets/Projects/GravityDash/kenney_new-platformer-pack-1.1/Vector/Characters/character_purple_walk_b.svg
  artifactKey: Guid(6ee2285cde4d4469db7edfc061ed12e0) Importer(2089858483,b0f066a214c2f5e87bad3c948f4d605d)
Start importing Assets/Projects/GravityDash/kenney_new-platformer-pack-1.1/Vector/Characters/character_purple_walk_b.svg using Guid(6ee2285cde4d4469db7edfc061ed12e0) Importer(2089858483,b0f066a214c2f5e87bad3c948f4d605d) (ScriptedImporter) -> (artifact id: 'c786b1078d4d217baf1f5f30ad843d0a') in 0.021938 seconds
Number of updated asset objects reloaded before import = 0Number of asset objects unloaded after import = 2

========================================================================
Received Import Request.
  Time since last request: 0.000036 seconds.
  path: Assets/Sprites/Cainos/Pixel Art Platformer - Village Props/Prefab/PF Village Props - Log Bench.prefab
  artifactKey: Guid(28ae4e85426a2f54a98737a016d4cbc2) Importer(2089858483,b0f066a214c2f5e87bad3c948f4d605d)
Start importing Assets/Sprites/Cainos/Pixel Art Platformer - Village Props/Prefab/PF Village Props - Log Bench.prefab using Guid(28ae4e85426a2f54a98737a016d4cbc2) Importer(2089858483,b0f066a214c2f5e87bad3c948f4d605d) (ScriptedImporter) -> (artifact id: '59acfbec01f397742a13d0aadf3fd95c') in 0.0191597 seconds
Number of updated asset objects reloaded before import = 0Number of asset objects unloaded after import = 8

========================================================================
Received Import Request.
  Time since last request: 0.000027 seconds.
  path: Assets/Sprites/Cainos/Pixel Art Platformer - Village Props/Prefab/PF Village Props - Road Lamp.prefab
  artifactKey: Guid(c13263f1f05170f4e849875cee5c46d0) Importer(2089858483,b0f066a214c2f5e87bad3c948f4d605d)
Start importing Assets/Sprites/Cainos/Pixel Art Platformer - Village Props/Prefab/PF Village Props - Road Lamp.prefab using Guid(c13263f1f05170f4e849875cee5c46d0) Importer(2089858483,b0f066a214c2f5e87bad3c948f4d605d) (ScriptedImporter) -> (artifact id: '184d27ef960ad4067e88c0d16cf25f0c') in 0.0231396 seconds
Number of updated asset objects reloaded before import = 0Number of asset objects unloaded after import = 32

========================================================================
Received Import Request.
  Time since last request: 0.000029 seconds.
  path: Assets/Sprites/Cainos/Pixel Art Platformer - Village Props/Prefab/PF Village Props - Sign 01.prefab
  artifactKey: Guid(3c7326a3b793fca45875e5e7474d498c) Importer(2089858483,b0f066a214c2f5e87bad3c948f4d605d)
Start importing Assets/Sprites/Cainos/Pixel Art Platformer - Village Props/Prefab/PF Village Props - Sign 01.prefab using Guid(3c7326a3b793fca45875e5e7474d498c) Importer(2089858483,b0f066a214c2f5e87bad3c948f4d605d) (ScriptedImporter) -> (artifact id: '928268afe7c29456354ff9f0de0ac51f') in 0.02127 seconds
Number of updated asset objects reloaded before import = 0Number of asset objects unloaded after import = 12

========================================================================
Received Import Request.
  Time since last request: 0.000022 seconds.
  path: Assets/Projects/GravityDash/kenney_new-platformer-pack-1.1/Vector/Backgrounds/background_solid_sky.svg
  artifactKey: Guid(785ec345695e54cce98ad81b6487c2f0) Importer(2089858483,b0f066a214c2f5e87bad3c948f4d605d)
Start importing Assets/Projects/GravityDash/kenney_new-platformer-pack-1.1/Vector/Backgrounds/background_solid_sky.svg using Guid(785ec345695e54cce98ad81b6487c2f0) Importer(2089858483,b0f066a214c2f5e87bad3c948f4d605d) (ScriptedImporter) -> (artifact id: 'ffcbab9383a86c5dceac5af7af2b7519') in 0.0175298 seconds
Number of updated asset objects reloaded before import = 0Number of asset objects unloaded after import = 1

========================================================================
Received Import Request.
  Time since last request: 0.000048 seconds.
  path: Assets/Projects/GravityDash/kenney_new-platformer-pack-1.1/Vector/Enemies/snail_walk_b.svg
  artifactKey: Guid(6c78793f802f944a8b35f90e4839b538) Importer(2089858483,b0f066a214c2f5e87bad3c948f4d605d)
Start importing Assets/Projects/GravityDash/kenney_new-platformer-pack-1.1/Vector/Enemies/snail_walk_b.svg using Guid(6c78793f802f944a8b35f90e4839b538) Importer(2089858483,b0f066a214c2f5e87bad3c948f4d605d) (ScriptedImporter) -> (artifact id: '402ca8c7d9eaee8751f5194949d21eb3') in 0.0215589 seconds
Number of updated asset objects reloaded before import = 0Number of asset objects unloaded after import = 1

========================================================================
Received Import Request.
  Time since last request: 0.000074 seconds.
  path: Assets/Projects/GravityDash/kenney_new-platformer-pack-1.1/Vector/Characters/character_green_climb_a.svg
  artifactKey: Guid(7981644a3c64c418f95b8aac964ad899) Importer(2089858483,b0f066a214c2f5e87bad3c948f4d605d)
Start importing Assets/Projects/GravityDash/kenney_new-platformer-pack-1.1/Vector/Characters/character_green_climb_a.svg using Guid(7981644a3c64c418f95b8aac964ad899) Importer(2089858483,b0f066a214c2f5e87bad3c948f4d605d) (ScriptedImporter) -> (artifact id: '46ecaf72f84e7aa494bd98d322563aa4') in 0.0215642 seconds
Number of updated asset objects reloaded before import = 0Number of asset objects unloaded after import = 2

========================================================================
Received Import Request.
  Time since last request: 0.000031 seconds.
  path: Assets/Projects/GravityDash/kenney_new-platformer-pack-1.1/Vector/Enemies/slime_block_rest.svg
  artifactKey: Guid(a4c89b76fc0c541e0aa1c012f62596b6) Importer(2089858483,b0f066a214c2f5e87bad3c948f4d605d)
Start importing Assets/Projects/GravityDash/kenney_new-platformer-pack-1.1/Vector/Enemies/slime_block_rest.svg using Guid(a4c89b76fc0c541e0aa1c012f62596b6) Importer(2089858483,b0f066a214c2f5e87bad3c948f4d605d) (ScriptedImporter) -> (artifact id: '234739e2f8d1853a2f0214d3f6fde98f') in 0.0200948 seconds
Number of updated asset objects reloaded before import = 0Number of asset objects unloaded after import = 1

========================================================================
Received Import Request.
  Time since last request: 0.000126 seconds.
  path: Assets/Projects/GravityDash/kenney_new-platformer-pack-1.1/Vector/Characters/character_pink_walk_a.svg
  artifactKey: Guid(3397e37141b8a4dec95ed2c69fb89e49) Importer(2089858483,b0f066a214c2f5e87bad3c948f4d605d)
Start importing Assets/Projects/GravityDash/kenney_new-platformer-pack-1.1/Vector/Characters/character_pink_walk_a.svg using Guid(3397e37141b8a4dec95ed2c69fb89e49) Importer(2089858483,b0f066a214c2f5e87bad3c948f4d605d) (ScriptedImporter) -> (artifact id: '01c7cbd33ac37d308424db3ac9528bb5') in 0.0184502 seconds
Number of updated asset objects reloaded before import = 0Number of asset objects unloaded after import = 2

========================================================================
Received Import Request.
  Time since last request: 1.417932 seconds.
  path: Assets/Projects/GravityDash/kenney_new-platformer-pack-1.1/Vector/Tiles/block_blue.svg
  artifactKey: Guid(98e6de3fea6b74490a1df82e9ba0e1d4) Importer(2089858483,b0f066a214c2f5e87bad3c948f4d605d)
Start importing Assets/Projects/GravityDash/kenney_new-platformer-pack-1.1/Vector/Tiles/block_blue.svg using Guid(98e6de3fea6b74490a1df82e9ba0e1d4) Importer(2089858483,b0f066a214c2f5e87bad3c948f4d605d) (ScriptedImporter) -> (artifact id: 'c7b379c1a741d720f3d18a47c733c5d1') in 0.0201536 seconds
Number of updated asset objects reloaded before import = 0Number of asset objects unloaded after import = 1

========================================================================
Received Import Request.
  Time since last request: 0.000123 seconds.
  path: Assets/Projects/GravityDash/kenney_new-platformer-pack-1.1/Vector/Tiles/terrain_purple_horizontal_left.svg
  artifactKey: Guid(324f47b1ce6f04b92a078a85afc1c4c4) Importer(2089858483,b0f066a214c2f5e87bad3c948f4d605d)
Start importing Assets/Projects/GravityDash/kenney_new-platformer-pack-1.1/Vector/Tiles/terrain_purple_horizontal_left.svg using Guid(324f47b1ce6f04b92a078a85afc1c4c4) Importer(2089858483,b0f066a214c2f5e87bad3c948f4d605d) (ScriptedImporter) -> (artifact id: '917ea25c1773bb71e8829a73ada2d7e4') in 0.0204916 seconds
Number of updated asset objects reloaded before import = 0Number of asset objects unloaded after import = 1

========================================================================
Received Import Request.
  Time since last request: 0.000296 seconds.
  path: Assets/Projects/GravityDash/kenney_new-platformer-pack-1.1/Vector/Tiles/terrain_grass_block.svg
  artifactKey: Guid(7db4cc3edb8d842a3b2d3dab6a54f58c) Importer(2089858483,b0f066a214c2f5e87bad3c948f4d605d)
Start importing Assets/Projects/GravityDash/kenney_new-platformer-pack-1.1/Vector/Tiles/terrain_grass_block.svg using Guid(7db4cc3edb8d842a3b2d3dab6a54f58c) Importer(2089858483,b0f066a214c2f5e87bad3c948f4d605d) (ScriptedImporter) -> (artifact id: 'ef4b4be6d7e4104d443628e6e016e2dc') in 0.0154986 seconds
Number of updated asset objects reloaded before import = 0Number of asset objects unloaded after import = 1

========================================================================
Received Import Request.
  Time since last request: 0.000063 seconds.
  path: Assets/Projects/GravityDash/kenney_new-platformer-pack-1.1/Vector/Tiles/hud_character_6.svg
  artifactKey: Guid(4e434ce261a8e4e5683a9d9ee014ecad) Importer(2089858483,b0f066a214c2f5e87bad3c948f4d605d)
Start importing Assets/Projects/GravityDash/kenney_new-platformer-pack-1.1/Vector/Tiles/hud_character_6.svg using Guid(4e434ce261a8e4e5683a9d9ee014ecad) Importer(2089858483,b0f066a214c2f5e87bad3c948f4d605d) (ScriptedImporter) -> (artifact id: '16c4fbf721243b00a1e1bff08808d0d9') in 0.0160496 seconds
Number of updated asset objects reloaded before import = 0Number of asset objects unloaded after import = 1

========================================================================
Received Import Request.
  Time since last request: 0.000056 seconds.
  path: Assets/Projects/GravityDash/kenney_new-platformer-pack-1.1/Vector/Tiles/terrain_grass_ramp_short_a.svg
  artifactKey: Guid(bca260f409e0948f7be9b0ce0416de17) Importer(2089858483,b0f066a214c2f5e87bad3c948f4d605d)
Start importing Assets/Projects/GravityDash/kenney_new-platformer-pack-1.1/Vector/Tiles/terrain_grass_ramp_short_a.svg using Guid(bca260f409e0948f7be9b0ce0416de17) Importer(2089858483,b0f066a214c2f5e87bad3c948f4d605d) (ScriptedImporter) -> (artifact id: '684ec9b109f835c7e4dbbbc8a31b2078') in 0.016707 seconds
Number of updated asset objects reloaded before import = 0Number of asset objects unloaded after import = 1

========================================================================
Received Import Request.
  Time since last request: 0.000018 seconds.
  path: Assets/Projects/GravityDash/kenney_new-platformer-pack-1.1/Vector/Tiles/terrain_dirt_vertical_middle.svg
  artifactKey: Guid(087b0f41cf18340888f7b2cbce351399) Importer(2089858483,b0f066a214c2f5e87bad3c948f4d605d)
Start importing Assets/Projects/GravityDash/kenney_new-platformer-pack-1.1/Vector/Tiles/terrain_dirt_vertical_middle.svg using Guid(087b0f41cf18340888f7b2cbce351399) Importer(2089858483,b0f066a214c2f5e87bad3c948f4d605d) (ScriptedImporter) -> (artifact id: '276f7c2c0a5f1d67c67d696e2fcd0842') in 0.0170627 seconds
Number of updated asset objects reloaded before import = 0Number of asset objects unloaded after import = 1

========================================================================
Received Import Request.
  Time since last request: 0.000024 seconds.
  path: Assets/Projects/GravityDash/kenney_new-platformer-pack-1.1/Vector/Tiles/block_strong_empty_active.svg
  artifactKey: Guid(ca9f6984ef5394d979ff62993a1d9f79) Importer(2089858483,b0f066a214c2f5e87bad3c948f4d605d)
Start importing Assets/Projects/GravityDash/kenney_new-platformer-pack-1.1/Vector/Tiles/block_strong_empty_active.svg using Guid(ca9f6984ef5394d979ff62993a1d9f79) Importer(2089858483,b0f066a214c2f5e87bad3c948f4d605d) (ScriptedImporter) -> (artifact id: 'b8e6dd0b9c02a8f366e6fa62b6f693ef') in 0.0174339 seconds
Number of updated asset objects reloaded before import = 0Number of asset objects unloaded after import = 1

========================================================================
Received Import Request.
  Time since last request: 0.000071 seconds.
  path: Assets/Projects/GravityDash/kenney_new-platformer-pack-1.1/Vector/Tiles/sign_exit.svg
  artifactKey: Guid(1ed1f29bb7fbe4805b077baee7fc5ec2) Importer(2089858483,b0f066a214c2f5e87bad3c948f4d605d)
Start importing Assets/Projects/GravityDash/kenney_new-platformer-pack-1.1/Vector/Tiles/sign_exit.svg using Guid(1ed1f29bb7fbe4805b077baee7fc5ec2) Importer(2089858483,b0f066a214c2f5e87bad3c948f4d605d) (ScriptedImporter) -> (artifact id: 'd82b59ac184900578a5a453f42b9d358') in 0.0212523 seconds
Number of updated asset objects reloaded before import = 0Number of asset objects unloaded after import = 1

========================================================================
Received Import Request.
  Time since last request: 0.000027 seconds.
  path: Assets/Projects/GravityDash/kenney_new-platformer-pack-1.1/Vector/Tiles/gem_red.svg
  artifactKey: Guid(823ad24dcd97e4a3f9ba46f4216381a2) Importer(2089858483,b0f066a214c2f5e87bad3c948f4d605d)
Start importing Assets/Projects/GravityDash/kenney_new-platformer-pack-1.1/Vector/Tiles/gem_red.svg using Guid(823ad24dcd97e4a3f9ba46f4216381a2) Importer(2089858483,b0f066a214c2f5e87bad3c948f4d605d) (ScriptedImporter) -> (artifact id: '1227b97585189600a90117bb69aa532e') in 0.0170689 seconds
Number of updated asset objects reloaded before import = 0Number of asset objects unloaded after import = 2

========================================================================
Received Import Request.
  Time since last request: 0.000021 seconds.
  path: Assets/Projects/GravityDash/kenney_new-platformer-pack-1.1/Vector/Tiles/terrain_dirt_horizontal_left.svg
  artifactKey: Guid(83d0a27c7a4104343a07ec4bf2f67cfb) Importer(2089858483,b0f066a214c2f5e87bad3c948f4d605d)
Start importing Assets/Projects/GravityDash/kenney_new-platformer-pack-1.1/Vector/Tiles/terrain_dirt_horizontal_left.svg using Guid(83d0a27c7a4104343a07ec4bf2f67cfb) Importer(2089858483,b0f066a214c2f5e87bad3c948f4d605d) (ScriptedImporter) -> (artifact id: 'cd24bfbb4c96f76f551327d8bd2d1082') in 0.016712 seconds
Number of updated asset objects reloaded before import = 0Number of asset objects unloaded after import = 1

========================================================================
Received Import Request.
  Time since last request: 0.000207 seconds.
  path: Assets/Projects/GravityDash/kenney_new-platformer-pack-1.1/Vector/Tiles/terrain_grass_ramp_short_b.svg
  artifactKey: Guid(9a9c575e8093648baa7f2246c43a6bd1) Importer(2089858483,b0f066a214c2f5e87bad3c948f4d605d)
Start importing Assets/Projects/GravityDash/kenney_new-platformer-pack-1.1/Vector/Tiles/terrain_grass_ramp_short_b.svg using Guid(9a9c575e8093648baa7f2246c43a6bd1) Importer(2089858483,b0f066a214c2f5e87bad3c948f4d605d) (ScriptedImporter) -> (artifact id: '440ba0ba69ae7a3eb3766eca4b2a5703') in 0.0171087 seconds
Number of updated asset objects reloaded before import = 0Number of asset objects unloaded after import = 1

========================================================================
Received Import Request.
  Time since last request: 0.000032 seconds.
  path: Assets/Projects/GravityDash/kenney_new-platformer-pack-1.1/Vector/Tiles/lock_yellow.svg
  artifactKey: Guid(5e5b90f64186b4740b40df486deb4f67) Importer(2089858483,b0f066a214c2f5e87bad3c948f4d605d)
Start importing Assets/Projects/GravityDash/kenney_new-platformer-pack-1.1/Vector/Tiles/lock_yellow.svg using Guid(5e5b90f64186b4740b40df486deb4f67) Importer(2089858483,b0f066a214c2f5e87bad3c948f4d605d) (ScriptedImporter) -> (artifact id: '7b30cd4c8d41eba1a66285002335d33f') in 0.016781 seconds
Number of updated asset objects reloaded before import = 0Number of asset objects unloaded after import = 1

========================================================================
Received Import Request.
  Time since last request: 0.000029 seconds.
  path: Assets/Projects/GravityDash/kenney_new-platformer-pack-1.1/Vector/Tiles/fence.svg
  artifactKey: Guid(69d07a86e1faa458796a2c0515c4ce91) Importer(2089858483,b0f066a214c2f5e87bad3c948f4d605d)
Start importing Assets/Projects/GravityDash/kenney_new-platformer-pack-1.1/Vector/Tiles/fence.svg using Guid(69d07a86e1faa458796a2c0515c4ce91) Importer(2089858483,b0f066a214c2f5e87bad3c948f4d605d) (ScriptedImporter) -> (artifact id: '9d12c9bdb52edb96cc7a604ceaceb327') in 0.0162735 seconds
Number of updated asset objects reloaded before import = 0Number of asset objects unloaded after import = 1

========================================================================
Received Import Request.
  Time since last request: 0.000019 seconds.
  path: Assets/Projects/GravityDash/kenney_new-platformer-pack-1.1/Vector/Tiles/switch_blue_pressed.svg
  artifactKey: Guid(93461fb12abef4f9399cdfb15224c327) Importer(2089858483,b0f066a214c2f5e87bad3c948f4d605d)
Start importing Assets/Projects/GravityDash/kenney_new-platformer-pack-1.1/Vector/Tiles/switch_blue_pressed.svg using Guid(93461fb12abef4f9399cdfb15224c327) Importer(2089858483,b0f066a214c2f5e87bad3c948f4d605d) (ScriptedImporter) -> (artifact id: '193e3e38f9013fe574db4a46191a39d2') in 0.0163242 seconds
Number of updated asset objects reloaded before import = 0Number of asset objects unloaded after import = 1

========================================================================
Received Import Request.
  Time since last request: 0.000028 seconds.
  path: Assets/Projects/GravityDash/kenney_new-platformer-pack-1.1/Vector/Tiles/coin_gold.svg
  artifactKey: Guid(503c9d984e1bf422884c2660c7597de6) Importer(2089858483,b0f066a214c2f5e87bad3c948f4d605d)
Start importing Assets/Projects/GravityDash/kenney_new-platformer-pack-1.1/Vector/Tiles/coin_gold.svg using Guid(503c9d984e1bf422884c2660c7597de6) Importer(2089858483,b0f066a214c2f5e87bad3c948f4d605d) (ScriptedImporter) -> (artifact id: '9960f0620debafc04dd34655070b9521') in 0.0193116 seconds
Number of updated asset objects reloaded before import = 0Number of asset objects unloaded after import = 2

========================================================================
Received Import Request.
  Time since last request: 0.000020 seconds.
  path: Assets/Projects/GravityDash/kenney_new-platformer-pack-1.1/Vector/Tiles/lock_red.svg
  artifactKey: Guid(4e195f0ef953c47f6843ca236d238038) Importer(2089858483,b0f066a214c2f5e87bad3c948f4d605d)
Start importing Assets/Projects/GravityDash/kenney_new-platformer-pack-1.1/Vector/Tiles/lock_red.svg using Guid(4e195f0ef953c47f6843ca236d238038) Importer(2089858483,b0f066a214c2f5e87bad3c948f4d605d) (ScriptedImporter) -> (artifact id: '11aac94eabd588e14bfa14ce8b374567') in 0.0147762 seconds
Number of updated asset objects reloaded before import = 0Number of asset objects unloaded after import = 1

========================================================================
Received Import Request.
  Time since last request: 0.000034 seconds.
  path: Assets/Projects/GravityDash/kenney_new-platformer-pack-1.1/Vector/Tiles/hill_top_smile.svg
  artifactKey: Guid(627badf2e80e648abb7d8b37e6e1abf5) Importer(2089858483,b0f066a214c2f5e87bad3c948f4d605d)
Start importing Assets/Projects/GravityDash/kenney_new-platformer-pack-1.1/Vector/Tiles/hill_top_smile.svg using Guid(627badf2e80e648abb7d8b37e6e1abf5) Importer(2089858483,b0f066a214c2f5e87bad3c948f4d605d) (ScriptedImporter) -> (artifact id: 'bf8dfd6ea6484e82fc50c5e09d7e1df7') in 0.0154657 seconds
Number of updated asset objects reloaded before import = 0Number of asset objects unloaded after import = 1

========================================================================
Received Import Request.
  Time since last request: 0.000033 seconds.
  path: Assets/Projects/GravityDash/kenney_new-platformer-pack-1.1/Vector/Tiles/terrain_purple_block_top_right.svg
  artifactKey: Guid(7c8dd89a855f44ed3a0459c5dccd17c7) Importer(2089858483,b0f066a214c2f5e87bad3c948f4d605d)
Start importing Assets/Projects/GravityDash/kenney_new-platformer-pack-1.1/Vector/Tiles/terrain_purple_block_top_right.svg using Guid(7c8dd89a855f44ed3a0459c5dccd17c7) Importer(2089858483,b0f066a214c2f5e87bad3c948f4d605d) (ScriptedImporter) -> (artifact id: 'bd70782a24bb085a11231685a4dc1fff') in 0.0157676 seconds
Number of updated asset objects reloaded before import = 0Number of asset objects unloaded after import = 1

========================================================================
Received Import Request.
  Time since last request: 0.000025 seconds.
  path: Assets/Projects/GravityDash/kenney_new-platformer-pack-1.1/Vector/Tiles/hud_player_helmet_beige.svg
  artifactKey: Guid(1afc30a8c94d142a68ac4ede587e6d91) Importer(2089858483,b0f066a214c2f5e87bad3c948f4d605d)
Start importing Assets/Projects/GravityDash/kenney_new-platformer-pack-1.1/Vector/Tiles/hud_player_helmet_beige.svg using Guid(1afc30a8c94d142a68ac4ede587e6d91) Importer(2089858483,b0f066a214c2f5e87bad3c948f4d605d) (ScriptedImporter) -> (artifact id: 'fe8b77fd668a34a56cc86b0cc9ef0c12') in 0.0151138 seconds
Number of updated asset objects reloaded before import = 0Number of asset objects unloaded after import = 1

========================================================================
Received Import Request.
  Time since last request: 0.000032 seconds.
  path: Assets/Projects/GravityDash/kenney_new-platformer-pack-1.1/Vector/Tiles/bricks_grey.svg
  artifactKey: Guid(9faaeaa5d6ed94a4ca4684b4c0da62f2) Importer(2089858483,b0f066a214c2f5e87bad3c948f4d605d)
Start importing Assets/Projects/GravityDash/kenney_new-platformer-pack-1.1/Vector/Tiles/bricks_grey.svg using Guid(9faaeaa5d6ed94a4ca4684b4c0da62f2) Importer(2089858483,b0f066a214c2f5e87bad3c948f4d605d) (ScriptedImporter) -> (artifact id: '96bf029adc8a14bb2d8eb7174de47547') in 0.0156058 seconds
Number of updated asset objects reloaded before import = 0Number of asset objects unloaded after import = 1

========================================================================
Received Import Request.
  Time since last request: 0.000065 seconds.
  path: Assets/Projects/GravityDash/kenney_new-platformer-pack-1.1/Vector/Tiles/flag_red_a.svg
  artifactKey: Guid(0379fcf4b40ca4d60bd9977bf99323c7) Importer(2089858483,b0f066a214c2f5e87bad3c948f4d605d)
Start importing Assets/Projects/GravityDash/kenney_new-platformer-pack-1.1/Vector/Tiles/flag_red_a.svg using Guid(0379fcf4b40ca4d60bd9977bf99323c7) Importer(2089858483,b0f066a214c2f5e87bad3c948f4d605d) (ScriptedImporter) -> (artifact id: '9edf5e45d3b462dc3dde71f9f0a1b970') in 0.0186106 seconds
Number of updated asset objects reloaded before import = 0Number of asset objects unloaded after import = 2

========================================================================
Received Import Request.
  Time since last request: 0.000021 seconds.
  path: Assets/Projects/GravityDash/kenney_new-platformer-pack-1.1/Vector/Tiles/terrain_grass_cloud_background.svg
  artifactKey: Guid(e6a73ef9465974c52813e63fa9db5281) Importer(2089858483,b0f066a214c2f5e87bad3c948f4d605d)
Start importing Assets/Projects/GravityDash/kenney_new-platformer-pack-1.1/Vector/Tiles/terrain_grass_cloud_background.svg using Guid(e6a73ef9465974c52813e63fa9db5281) Importer(2089858483,b0f066a214c2f5e87bad3c948f4d605d) (ScriptedImporter) -> (artifact id: '19b691be614d12cc8b80762841fab145') in 0.0215451 seconds
Number of updated asset objects reloaded before import = 0Number of asset objects unloaded after import = 1

========================================================================
Received Import Request.
  Time since last request: 0.000060 seconds.
  path: Assets/Projects/GravityDash/kenney_new-platformer-pack-1.1/Vector/Tiles/hud_key_blue.svg
  artifactKey: Guid(3228538f7609240d0820a775d2149166) Importer(2089858483,b0f066a214c2f5e87bad3c948f4d605d)
Start importing Assets/Projects/GravityDash/kenney_new-platformer-pack-1.1/Vector/Tiles/hud_key_blue.svg using Guid(3228538f7609240d0820a775d2149166) Importer(2089858483,b0f066a214c2f5e87bad3c948f4d605d) (ScriptedImporter) -> (artifact id: 'ec3580f08596aad6e6ad2aa06cb7bbd3') in 0.0211347 seconds
Number of updated asset objects reloaded before import = 0Number of asset objects unloaded after import = 2

========================================================================
Received Import Request.
  Time since last request: 0.000032 seconds.
  path: Assets/Projects/GravityDash/kenney_new-platformer-pack-1.1/Vector/Tiles/terrain_dirt_block.svg
  artifactKey: Guid(780b189ce7bad47508b201e822566e75) Importer(2089858483,b0f066a214c2f5e87bad3c948f4d605d)
Start importing Assets/Projects/GravityDash/kenney_new-platformer-pack-1.1/Vector/Tiles/terrain_dirt_block.svg using Guid(780b189ce7bad47508b201e822566e75) Importer(2089858483,b0f066a214c2f5e87bad3c948f4d605d) (ScriptedImporter) -> (artifact id: '92562a531cf7ba8613553369b76a433a') in 0.0177253 seconds
Number of updated asset objects reloaded before import = 0Number of asset objects unloaded after import = 1

========================================================================
Received Import Request.
  Time since last request: 0.000031 seconds.
  path: Assets/Projects/GravityDash/kenney_new-platformer-pack-1.1/Vector/Tiles/lever_left.svg
  artifactKey: Guid(c6543b157b00441249e19f3921ce18c8) Importer(2089858483,b0f066a214c2f5e87bad3c948f4d605d)
Start importing Assets/Projects/GravityDash/kenney_new-platformer-pack-1.1/Vector/Tiles/lever_left.svg using Guid(c6543b157b00441249e19f3921ce18c8) Importer(2089858483,b0f066a214c2f5e87bad3c948f4d605d) (ScriptedImporter) -> (artifact id: '874419d72418b9d8f8311574225173f0') in 0.0175905 seconds
Number of updated asset objects reloaded before import = 0Number of asset objects unloaded after import = 2

========================================================================
Received Import Request.
  Time since last request: 0.000082 seconds.
  path: Assets/Projects/GravityDash/kenney_new-platformer-pack-1.1/Vector/Tiles/block_empty.svg
  artifactKey: Guid(4652b596070124f1983c9c257c30648f) Importer(2089858483,b0f066a214c2f5e87bad3c948f4d605d)
Start importing Assets/Projects/GravityDash/kenney_new-platformer-pack-1.1/Vector/Tiles/block_empty.svg using Guid(4652b596070124f1983c9c257c30648f) Importer(2089858483,b0f066a214c2f5e87bad3c948f4d605d) (ScriptedImporter) -> (artifact id: '7030a93ce954d09c90c4c2e726587ece') in 0.0180904 seconds
Number of updated asset objects reloaded before import = 0Number of asset objects unloaded after import = 1

========================================================================
Received Import Request.
  Time since last request: 0.000086 seconds.
  path: Assets/Projects/GravityDash/kenney_new-platformer-pack-1.1/Vector/Tiles/block_strong_coin.svg
  artifactKey: Guid(4f8034233d3e947969a38e35cc32e1cf) Importer(2089858483,b0f066a214c2f5e87bad3c948f4d605d)
Start importing Assets/Projects/GravityDash/kenney_new-platformer-pack-1.1/Vector/Tiles/block_strong_coin.svg using Guid(4f8034233d3e947969a38e35cc32e1cf) Importer(2089858483,b0f066a214c2f5e87bad3c948f4d605d) (ScriptedImporter) -> (artifact id: '9e7cf79cfb98c3c28e5e9c9328034959') in 0.0171158 seconds
Number of updated asset objects reloaded before import = 0Number of asset objects unloaded after import = 1

========================================================================
Received Import Request.
  Time since last request: 0.000131 seconds.
  path: Assets/Projects/GravityDash/kenney_new-platformer-pack-1.1/Vector/Tiles/fireball.svg
  artifactKey: Guid(e9e490c15f228482fb17f5341aaa843c) Importer(2089858483,b0f066a214c2f5e87bad3c948f4d605d)
Start importing Assets/Projects/GravityDash/kenney_new-platformer-pack-1.1/Vector/Tiles/fireball.svg using Guid(e9e490c15f228482fb17f5341aaa843c) Importer(2089858483,b0f066a214c2f5e87bad3c948f4d605d) (ScriptedImporter) -> (artifact id: '084a1a8f4d9bead88c170bc7bcb65f6d') in 0.0176646 seconds
Number of updated asset objects reloaded before import = 0Number of asset objects unloaded after import = 2

========================================================================
Received Import Request.
  Time since last request: 0.000023 seconds.
  path: Assets/Projects/GravityDash/kenney_new-platformer-pack-1.1/Vector/Tiles/lock_blue.svg
  artifactKey: Guid(8b54f0ebff44340c1a4a8bc2c8ea5f63) Importer(2089858483,b0f066a214c2f5e87bad3c948f4d605d)
Start importing Assets/Projects/GravityDash/kenney_new-platformer-pack-1.1/Vector/Tiles/lock_blue.svg using Guid(8b54f0ebff44340c1a4a8bc2c8ea5f63) Importer(2089858483,b0f066a214c2f5e87bad3c948f4d605d) (ScriptedImporter) -> (artifact id: 'fe974ca8c90b1b9f484f6c6791c92647') in 0.0172876 seconds
Number of updated asset objects reloaded before import = 0Number of asset objects unloaded after import = 1

========================================================================
Received Import Request.
  Time since last request: 0.000076 seconds.
  path: Assets/Projects/GravityDash/kenney_new-platformer-pack-1.1/Vector/Tiles/key_blue.svg
  artifactKey: Guid(45e29b1db57374af3ab5dbec75c29e4f) Importer(2089858483,b0f066a214c2f5e87bad3c948f4d605d)
Start importing Assets/Projects/GravityDash/kenney_new-platformer-pack-1.1/Vector/Tiles/key_blue.svg using Guid(45e29b1db57374af3ab5dbec75c29e4f) Importer(2089858483,b0f066a214c2f5e87bad3c948f4d605d) (ScriptedImporter) -> (artifact id: 'f8c36b28f59a5553149a91987523ff03') in 0.0203221 seconds
Number of updated asset objects reloaded before import = 0Number of asset objects unloaded after import = 2

========================================================================
Received Import Request.
  Time since last request: 0.000024 seconds.
  path: Assets/Projects/GravityDash/kenney_new-platformer-pack-1.1/Vector/Tiles/grass_purple.svg
  artifactKey: Guid(eb475542e612545b4b1af0ecbb7b623a) Importer(2089858483,b0f066a214c2f5e87bad3c948f4d605d)
Start importing Assets/Projects/GravityDash/kenney_new-platformer-pack-1.1/Vector/Tiles/grass_purple.svg using Guid(eb475542e612545b4b1af0ecbb7b623a) Importer(2089858483,b0f066a214c2f5e87bad3c948f4d605d) (ScriptedImporter) -> (artifact id: '06db901dc315c68c426c583b85f9e162') in 0.0182339 seconds
Number of updated asset objects reloaded before import = 0Number of asset objects unloaded after import = 2

========================================================================
Received Import Request.
  Time since last request: 0.000072 seconds.
  path: Assets/Projects/GravityDash/kenney_new-platformer-pack-1.1/Vector/Tiles/hud_player_green.svg
  artifactKey: Guid(31ad8f91de921436983721d8bacd0ad8) Importer(2089858483,b0f066a214c2f5e87bad3c948f4d605d)
Start importing Assets/Projects/GravityDash/kenney_new-platformer-pack-1.1/Vector/Tiles/hud_player_green.svg using Guid(31ad8f91de921436983721d8bacd0ad8) Importer(2089858483,b0f066a214c2f5e87bad3c948f4d605d) (ScriptedImporter) -> (artifact id: '26d70666a39c00edde773304ad8f29ab') in 0.0224434 seconds
Number of updated asset objects reloaded before import = 0Number of asset objects unloaded after import = 1

========================================================================
Received Import Request.
  Time since last request: 0.000031 seconds.
  path: Assets/Projects/GravityDash/kenney_new-platformer-pack-1.1/Vector/Tiles/block_yellow.svg
  artifactKey: Guid(fda0a2df632cd4479aa4c65ba071bac0) Importer(2089858483,b0f066a214c2f5e87bad3c948f4d605d)
Start importing Assets/Projects/GravityDash/kenney_new-platformer-pack-1.1/Vector/Tiles/block_yellow.svg using Guid(fda0a2df632cd4479aa4c65ba071bac0) Importer(2089858483,b0f066a214c2f5e87bad3c948f4d605d) (ScriptedImporter) -> (artifact id: '424fd3423bdac87948c710c88d97d730') in 0.0182272 seconds
Number of updated asset objects reloaded before import = 0Number of asset objects unloaded after import = 1

========================================================================
Received Import Request.
  Time since last request: 0.000088 seconds.
  path: Assets/Projects/GravityDash/kenney_new-platformer-pack-1.1/Vector/Tiles/terrain_dirt_cloud_left.svg
  artifactKey: Guid(6f63d3dadfaad49e9be8b1285c45c4f2) Importer(2089858483,b0f066a214c2f5e87bad3c948f4d605d)
Start importing Assets/Projects/GravityDash/kenney_new-platformer-pack-1.1/Vector/Tiles/terrain_dirt_cloud_left.svg using Guid(6f63d3dadfaad49e9be8b1285c45c4f2) Importer(2089858483,b0f066a214c2f5e87bad3c948f4d605d) (ScriptedImporter) -> (artifact id: '9ceebd6b4c8030603dcbff835fdc3ba2') in 0.0189169 seconds
Number of updated asset objects reloaded before import = 0Number of asset objects unloaded after import = 1

========================================================================
Received Import Request.
  Time since last request: 0.000135 seconds.
  path: Assets/Projects/GravityDash/kenney_new-platformer-pack-1.1/Vector/Tiles/terrain_purple_block_top_left.svg
  artifactKey: Guid(cc7f046877f444ccfa20ff6940c16bc1) Importer(2089858483,b0f066a214c2f5e87bad3c948f4d605d)
Start importing Assets/Projects/GravityDash/kenney_new-platformer-pack-1.1/Vector/Tiles/terrain_purple_block_top_left.svg using Guid(cc7f046877f444ccfa20ff6940c16bc1) Importer(2089858483,b0f066a214c2f5e87bad3c948f4d605d) (ScriptedImporter) -> (artifact id: '4a0f7167db78aeb4b31cc4989bb1c4c2') in 0.0226434 seconds
Number of updated asset objects reloaded before import = 0Number of asset objects unloaded after import = 1

========================================================================
Received Import Request.
  Time since last request: 0.000149 seconds.
  path: Assets/Projects/GravityDash/kenney_new-platformer-pack-1.1/Vector/Tiles/coin_bronze.svg
  artifactKey: Guid(e88fb7d132a614b1c97080072e210eed) Importer(2089858483,b0f066a214c2f5e87bad3c948f4d605d)
Start importing Assets/Projects/GravityDash/kenney_new-platformer-pack-1.1/Vector/Tiles/coin_bronze.svg using Guid(e88fb7d132a614b1c97080072e210eed) Importer(2089858483,b0f066a214c2f5e87bad3c948f4d605d) (ScriptedImporter) -> (artifact id: '62da153f081e3a07e2178e5a00317801') in 0.0213615 seconds
Number of updated asset objects reloaded before import = 0Number of asset objects unloaded after import = 2

========================================================================
Received Import Request.
  Time since last request: 0.000032 seconds.
  path: Assets/Projects/GravityDash/kenney_new-platformer-pack-1.1/Vector/Tiles/terrain_grass_vertical_middle.svg
  artifactKey: Guid(b85a366aa8fb4442c8c24e5e0329bbb0) Importer(2089858483,b0f066a214c2f5e87bad3c948f4d605d)
Start importing Assets/Projects/GravityDash/kenney_new-platformer-pack-1.1/Vector/Tiles/terrain_grass_vertical_middle.svg using Guid(b85a366aa8fb4442c8c24e5e0329bbb0) Importer(2089858483,b0f066a214c2f5e87bad3c948f4d605d) (ScriptedImporter) -> (artifact id: '2dc967fc637de728c66236e0363e64b3') in 0.0187593 seconds
Number of updated asset objects reloaded before import = 0Number of asset objects unloaded after import = 1

========================================================================
Received Import Request.
  Time since last request: 0.000092 seconds.
  path: Assets/Projects/GravityDash/kenney_new-platformer-pack-1.1/Vector/Tiles/hud_character_2.svg
  artifactKey: Guid(c1e4b817e1154475aaf714f0efc49a65) Importer(2089858483,b0f066a214c2f5e87bad3c948f4d605d)
Start importing Assets/Projects/GravityDash/kenney_new-platformer-pack-1.1/Vector/Tiles/hud_character_2.svg using Guid(c1e4b817e1154475aaf714f0efc49a65) Importer(2089858483,b0f066a214c2f5e87bad3c948f4d605d) (ScriptedImporter) -> (artifact id: 'f2da7371f41b511a6208b7bcfa9de61c') in 0.0180357 seconds
Number of updated asset objects reloaded before import = 0Number of asset objects unloaded after import = 1

========================================================================
Received Import Request.
  Time since last request: 0.000031 seconds.
  path: Assets/Projects/GravityDash/kenney_new-platformer-pack-1.1/Vector/Tiles/hud_character_percent.svg
  artifactKey: Guid(2b920232a9b694e47814cfeb2d8658a4) Importer(2089858483,b0f066a214c2f5e87bad3c948f4d605d)
Start importing Assets/Projects/GravityDash/kenney_new-platformer-pack-1.1/Vector/Tiles/hud_character_percent.svg using Guid(2b920232a9b694e47814cfeb2d8658a4) Importer(2089858483,b0f066a214c2f5e87bad3c948f4d605d) (ScriptedImporter) -> (artifact id: '7012fac8c452cff2ad224b6465bd2d1c') in 0.0202071 seconds
Number of updated asset objects reloaded before import = 0Number of asset objects unloaded after import = 1

========================================================================
Received Import Request.
  Time since last request: 0.000103 seconds.
  path: Assets/Projects/GravityDash/kenney_new-platformer-pack-1.1/Vector/Tiles/terrain_dirt_horizontal_middle.svg
  artifactKey: Guid(cd971c563392a467392a9a182cf9c0cb) Importer(2089858483,b0f066a214c2f5e87bad3c948f4d605d)
Start importing Assets/Projects/GravityDash/kenney_new-platformer-pack-1.1/Vector/Tiles/terrain_dirt_horizontal_middle.svg using Guid(cd971c563392a467392a9a182cf9c0cb) Importer(2089858483,b0f066a214c2f5e87bad3c948f4d605d) (ScriptedImporter) -> (artifact id: '5bbff93fa3d1abb6d105bc36238a68ec') in 0.0185172 seconds
Number of updated asset objects reloaded before import = 0Number of asset objects unloaded after import = 1

========================================================================
Received Import Request.
  Time since last request: 0.000132 seconds.
  path: Assets/Projects/GravityDash/kenney_new-platformer-pack-1.1/Vector/Tiles/ladder_middle.svg
  artifactKey: Guid(f21d7c515fcc04f929f9094138e3a3ba) Importer(2089858483,b0f066a214c2f5e87bad3c948f4d605d)
Start importing Assets/Projects/GravityDash/kenney_new-platformer-pack-1.1/Vector/Tiles/ladder_middle.svg using Guid(f21d7c515fcc04f929f9094138e3a3ba) Importer(2089858483,b0f066a214c2f5e87bad3c948f4d605d) (ScriptedImporter) -> (artifact id: '15ae7da3381ea6eb3f6c43a97aa2b94a') in 0.0172406 seconds
Number of updated asset objects reloaded before import = 0Number of asset objects unloaded after import = 1

========================================================================
Received Import Request.
  Time since last request: 0.000206 seconds.
  path: Assets/Projects/GravityDash/kenney_new-platformer-pack-1.1/Vector/Tiles/hud_character_multiply.svg
  artifactKey: Guid(961b49f2ddb17462db8cff3000f11e07) Importer(2089858483,b0f066a214c2f5e87bad3c948f4d605d)
Start importing Assets/Projects/GravityDash/kenney_new-platformer-pack-1.1/Vector/Tiles/hud_character_multiply.svg using Guid(961b49f2ddb17462db8cff3000f11e07) Importer(2089858483,b0f066a214c2f5e87bad3c948f4d605d) (ScriptedImporter) -> (artifact id: 'fcd9dcdd234fa1360390c41d15e4974f') in 0.0230754 seconds
Number of updated asset objects reloaded before import = 0Number of asset objects unloaded after import = 1

========================================================================
Received Import Request.
  Time since last request: 0.000049 seconds.
  path: Assets/Projects/GravityDash/kenney_new-platformer-pack-1.1/Vector/Tiles/terrain_dirt_ramp_long_b.svg
  artifactKey: Guid(02c922a588bca457dba86865425c9102) Importer(2089858483,b0f066a214c2f5e87bad3c948f4d605d)
Start importing Assets/Projects/GravityDash/kenney_new-platformer-pack-1.1/Vector/Tiles/terrain_dirt_ramp_long_b.svg using Guid(02c922a588bca457dba86865425c9102) Importer(2089858483,b0f066a214c2f5e87bad3c948f4d605d) (ScriptedImporter) -> (artifact id: '089bcc4014813c0319e124cbd84cfeff') in 0.0210376 seconds
Number of updated asset objects reloaded before import = 0Number of asset objects unloaded after import = 1

========================================================================
Received Import Request.
  Time since last request: 0.000129 seconds.
  path: Assets/Projects/GravityDash/kenney_new-platformer-pack-1.1/Vector/Tiles/terrain_dirt_cloud.svg
  artifactKey: Guid(b35337712ce864541a713614ae567cdc) Importer(2089858483,b0f066a214c2f5e87bad3c948f4d605d)
Start importing Assets/Projects/GravityDash/kenney_new-platformer-pack-1.1/Vector/Tiles/terrain_dirt_cloud.svg using Guid(b35337712ce864541a713614ae567cdc) Importer(2089858483,b0f066a214c2f5e87bad3c948f4d605d) (ScriptedImporter) -> (artifact id: 'd18a28bc1d4adc6bb1c3f5d0f4bd8eab') in 0.0198122 seconds
Number of updated asset objects reloaded before import = 0Number of asset objects unloaded after import = 1

========================================================================
Received Import Request.
  Time since last request: 1.776949 seconds.
  path: Assets/Projects/GravityDash/kenney_new-platformer-pack-1.1/Vector/Tiles/terrain_sand_block_bottom.svg
  artifactKey: Guid(803ca410d601d4ba6932a61072bcc31a) Importer(2089858483,b0f066a214c2f5e87bad3c948f4d605d)
Start importing Assets/Projects/GravityDash/kenney_new-platformer-pack-1.1/Vector/Tiles/terrain_sand_block_bottom.svg using Guid(803ca410d601d4ba6932a61072bcc31a) Importer(2089858483,b0f066a214c2f5e87bad3c948f4d605d) (ScriptedImporter) -> (artifact id: 'e2fb062b6c255f1952e9b953aaadd9c7') in 0.0380277 seconds
Number of updated asset objects reloaded before import = 0Number of asset objects unloaded after import = 1

========================================================================
Received Import Request.
  Time since last request: 0.000042 seconds.
  path: Assets/Projects/GravityDash/kenney_ui-pack/Vector/Blue/button_round_line.svg
  artifactKey: Guid(bc23b51388ece4da596fd05cf78bc18b) Importer(2089858483,b0f066a214c2f5e87bad3c948f4d605d)
Start importing Assets/Projects/GravityDash/kenney_ui-pack/Vector/Blue/button_round_line.svg using Guid(bc23b51388ece4da596fd05cf78bc18b) Importer(2089858483,b0f066a214c2f5e87bad3c948f4d605d) (ScriptedImporter) -> (artifact id: '05bd5157a549d22fa789d6434803fb79') in 0.0351699 seconds
Number of updated asset objects reloaded before import = 0Number of asset objects unloaded after import = 1

========================================================================
Received Import Request.
  Time since last request: 0.000081 seconds.
  path: Assets/Projects/GravityDash/kenney_ui-pack/Vector/Extra/icon_play_dark.svg
  artifactKey: Guid(aff48b1ac5f674a45b5b8123791a15b5) Importer(2089858483,b0f066a214c2f5e87bad3c948f4d605d)
Start importing Assets/Projects/GravityDash/kenney_ui-pack/Vector/Extra/icon_play_dark.svg using Guid(aff48b1ac5f674a45b5b8123791a15b5) Importer(2089858483,b0f066a214c2f5e87bad3c948f4d605d) (ScriptedImporter) -> (artifact id: 'b80f230f162fd06cd18222d301b5762f') in 0.0347256 seconds
Number of updated asset objects reloaded before import = 0Number of asset objects unloaded after import = 1

========================================================================
Received Import Request.
  Time since last request: 0.000232 seconds.
  path: Assets/Projects/GravityDash/kenney_ui-pack/Vector/Green/arrow_basic_e_small.svg
  artifactKey: Guid(617902f91288f442db2cde9eea851b9b) Importer(2089858483,b0f066a214c2f5e87bad3c948f4d605d)
Start importing Assets/Projects/GravityDash/kenney_ui-pack/Vector/Green/arrow_basic_e_small.svg using Guid(617902f91288f442db2cde9eea851b9b) Importer(2089858483,b0f066a214c2f5e87bad3c948f4d605d) (ScriptedImporter) -> (artifact id: '65db8efc081eb7f7855effbecc156d29') in 0.0354669 seconds
Number of updated asset objects reloaded before import = 0Number of asset objects unloaded after import = 1

========================================================================
Received Import Request.
  Time since last request: 0.000058 seconds.
  path: Assets/Projects/GravityDash/kenney_new-platformer-pack-1.1/Vector/Tiles/terrain_snow_horizontal_left.svg
  artifactKey: Guid(b931dc4e2354b48548ecd3de3c053386) Importer(2089858483,b0f066a214c2f5e87bad3c948f4d605d)
Start importing Assets/Projects/GravityDash/kenney_new-platformer-pack-1.1/Vector/Tiles/terrain_snow_horizontal_left.svg using Guid(b931dc4e2354b48548ecd3de3c053386) Importer(2089858483,b0f066a214c2f5e87bad3c948f4d605d) (ScriptedImporter) -> (artifact id: 'c43cfdd23232ec649d0e84e340917d51') in 0.037132 seconds
Number of updated asset objects reloaded before import = 0Number of asset objects unloaded after import = 1

========================================================================
Received Import Request.
  Time since last request: 0.000132 seconds.
  path: Assets/Projects/GravityDash/kenney_ui-pack/Vector/Blue/slide_vertical_color.svg
  artifactKey: Guid(7686a198c1c674872994ab9b4fa4a7ad) Importer(2089858483,b0f066a214c2f5e87bad3c948f4d605d)
Start importing Assets/Projects/GravityDash/kenney_ui-pack/Vector/Blue/slide_vertical_color.svg using Guid(7686a198c1c674872994ab9b4fa4a7ad) Importer(2089858483,b0f066a214c2f5e87bad3c948f4d605d) (ScriptedImporter) -> (artifact id: '4569f20dc69878d0f30ba5097998193f') in 0.0343856 seconds
Number of updated asset objects reloaded before import = 0Number of asset objects unloaded after import = 1

========================================================================
Received Import Request.
  Time since last request: 0.000166 seconds.
  path: Assets/Projects/GravityDash/kenney_ui-pack/Vector/Green/slide_vertical_color.svg
  artifactKey: Guid(f9324668e6ff64c549c9dfad0451823b) Importer(2089858483,b0f066a214c2f5e87bad3c948f4d605d)
Start importing Assets/Projects/GravityDash/kenney_ui-pack/Vector/Green/slide_vertical_color.svg using Guid(f9324668e6ff64c549c9dfad0451823b) Importer(2089858483,b0f066a214c2f5e87bad3c948f4d605d) (ScriptedImporter) -> (artifact id: 'cb1fd6af205fee53fbe2d68bc08be981') in 0.027078 seconds
Number of updated asset objects reloaded before import = 0Number of asset objects unloaded after import = 1

========================================================================
Received Import Request.
  Time since last request: 0.000148 seconds.
  path: Assets/Projects/GravityDash/kenney_ui-pack/Vector/Green/arrow_decorative_e_small.svg
  artifactKey: Guid(3f74dec212c51405bbfc6eae81c2f10d) Importer(2089858483,b0f066a214c2f5e87bad3c948f4d605d)
Start importing Assets/Projects/GravityDash/kenney_ui-pack/Vector/Green/arrow_decorative_e_small.svg using Guid(3f74dec212c51405bbfc6eae81c2f10d) Importer(2089858483,b0f066a214c2f5e87bad3c948f4d605d) (ScriptedImporter) -> (artifact id: 'c5c162204f6d252b379e34d48eb7708f') in 0.0345082 seconds
Number of updated asset objects reloaded before import = 0Number of asset objects unloaded after import = 1

========================================================================
Received Import Request.
  Time since last request: 0.000146 seconds.
  path: Assets/Projects/GravityDash/kenney_ui-pack/Vector/Blue/button_rectangle_depth_flat.svg
  artifactKey: Guid(88ddc2f258ce34e6fb548b656d8ea11c) Importer(2089858483,b0f066a214c2f5e87bad3c948f4d605d)
Start importing Assets/Projects/GravityDash/kenney_ui-pack/Vector/Blue/button_rectangle_depth_flat.svg using Guid(88ddc2f258ce34e6fb548b656d8ea11c) Importer(2089858483,b0f066a214c2f5e87bad3c948f4d605d) (ScriptedImporter) -> (artifact id: 'dbb9236d0ccadfcebac8d75761def36e') in 0.0296182 seconds
Number of updated asset objects reloaded before import = 0Number of asset objects unloaded after import = 1

========================================================================
Received Import Request.
  Time since last request: 0.000166 seconds.
  path: Assets/Projects/GravityDash/kenney_ui-pack/Vector/Green/button_round_depth_gradient.svg
  artifactKey: Guid(542d26c6850664fe39c8912ea590ee52) Importer(2089858483,b0f066a214c2f5e87bad3c948f4d605d)
Start importing Assets/Projects/GravityDash/kenney_ui-pack/Vector/Green/button_round_depth_gradient.svg using Guid(542d26c6850664fe39c8912ea590ee52) Importer(2089858483,b0f066a214c2f5e87bad3c948f4d605d) (ScriptedImporter) -> (artifact id: 'bde629001d20e7531d6761005075e460') in 0.0323526 seconds
Number of updated asset objects reloaded before import = 0Number of asset objects unloaded after import = 2

========================================================================
Received Import Request.
  Time since last request: 0.000041 seconds.
  path: Assets/Projects/GravityDash/kenney_ui-pack/Vector/Extra/button_square_line.svg
  artifactKey: Guid(641e813ffb925445fab5a5366a8dc135) Importer(2089858483,b0f066a214c2f5e87bad3c948f4d605d)
Start importing Assets/Projects/GravityDash/kenney_ui-pack/Vector/Extra/button_square_line.svg using Guid(641e813ffb925445fab5a5366a8dc135) Importer(2089858483,b0f066a214c2f5e87bad3c948f4d605d) (ScriptedImporter) -> (artifact id: '90dc4919ff3819e2c2687c5f7d427563') in 0.02688 seconds
Number of updated asset objects reloaded before import = 0Number of asset objects unloaded after import = 1

========================================================================
Received Import Request.
  Time since last request: 0.000056 seconds.
  path: Assets/Projects/GravityDash/kenney_new-platformer-pack-1.1/Vector/Tiles/terrain_sand_vertical_bottom.svg
  artifactKey: Guid(f24eb5e439fca478fbfa504272a0493c) Importer(2089858483,b0f066a214c2f5e87bad3c948f4d605d)
Start importing Assets/Projects/GravityDash/kenney_new-platformer-pack-1.1/Vector/Tiles/terrain_sand_vertical_bottom.svg using Guid(f24eb5e439fca478fbfa504272a0493c) Importer(2089858483,b0f066a214c2f5e87bad3c948f4d605d) (ScriptedImporter) -> (artifact id: 'f7bb0e45f640497f4617f943bb3a3399') in 0.0303333 seconds
Number of updated asset objects reloaded before import = 0Number of asset objects unloaded after import = 1

========================================================================
Received Import Request.
  Time since last request: 0.000081 seconds.
  path: Assets/Projects/GravityDash/kenney_ui-pack/Vector/Blue/icon_checkmark.svg
  artifactKey: Guid(081c6c1bd8d42408a891845e861a5e6c) Importer(2089858483,b0f066a214c2f5e87bad3c948f4d605d)
Start importing Assets/Projects/GravityDash/kenney_ui-pack/Vector/Blue/icon_checkmark.svg using Guid(081c6c1bd8d42408a891845e861a5e6c) Importer(2089858483,b0f066a214c2f5e87bad3c948f4d605d) (ScriptedImporter) -> (artifact id: 'a5bc3a5786e96da67668cd926b6eff44') in 0.0297383 seconds
Number of updated asset objects reloaded before import = 0Number of asset objects unloaded after import = 1

========================================================================
Received Import Request.
  Time since last request: 0.000276 seconds.
  path: Assets/Projects/GravityDash/kenney_new-platformer-pack-1.1/Vector/Tiles/terrain_sand_ramp_short_a.svg
  artifactKey: Guid(63a23e7b0c84843c48b599dac8454ce1) Importer(2089858483,b0f066a214c2f5e87bad3c948f4d605d)
Start importing Assets/Projects/GravityDash/kenney_new-platformer-pack-1.1/Vector/Tiles/terrain_sand_ramp_short_a.svg using Guid(63a23e7b0c84843c48b599dac8454ce1) Importer(2089858483,b0f066a214c2f5e87bad3c948f4d605d) (ScriptedImporter) -> (artifact id: 'dbe6eae94a9111d40bc9b212cc87f499') in 0.0291383 seconds
Number of updated asset objects reloaded before import = 0Number of asset objects unloaded after import = 1

========================================================================
Received Import Request.
  Time since last request: 0.000195 seconds.
  path: Assets/Projects/GravityDash/kenney_new-platformer-pack-1.1/Vector/Tiles/terrain_stone_block_bottom.svg
  artifactKey: Guid(07c573bc7394b4910a44fee554547ded) Importer(2089858483,b0f066a214c2f5e87bad3c948f4d605d)
Start importing Assets/Projects/GravityDash/kenney_new-platformer-pack-1.1/Vector/Tiles/terrain_stone_block_bottom.svg using Guid(07c573bc7394b4910a44fee554547ded) Importer(2089858483,b0f066a214c2f5e87bad3c948f4d605d) (ScriptedImporter) -> (artifact id: '8bd4b601481c03b77c1166444397187e') in 0.0293121 seconds
Number of updated asset objects reloaded before import = 0Number of asset objects unloaded after import = 1

========================================================================
Received Import Request.
  Time since last request: 0.000185 seconds.
  path: Assets/Projects/GravityDash/kenney_ui-pack/Vector/Green/slide_horizontal_color.svg
  artifactKey: Guid(b7bb59756ad874b1eb57ab859210fe00) Importer(2089858483,b0f066a214c2f5e87bad3c948f4d605d)
Start importing Assets/Projects/GravityDash/kenney_ui-pack/Vector/Green/slide_horizontal_color.svg using Guid(b7bb59756ad874b1eb57ab859210fe00) Importer(2089858483,b0f066a214c2f5e87bad3c948f4d605d) (ScriptedImporter) -> (artifact id: '76f9d02c6b9cf9f2724ba9bbe2b45e7b') in 0.0291486 seconds
Number of updated asset objects reloaded before import = 0Number of asset objects unloaded after import = 1

========================================================================
Received Import Request.
  Time since last request: 0.000101 seconds.
  path: Assets/Projects/GravityDash/kenney_new-platformer-pack-1.1/Vector/Tiles/terrain_stone_vertical_top.svg
  artifactKey: Guid(43e738b6d1d984e9ea5a2d72ba294f2d) Importer(2089858483,b0f066a214c2f5e87bad3c948f4d605d)
Start importing Assets/Projects/GravityDash/kenney_new-platformer-pack-1.1/Vector/Tiles/terrain_stone_vertical_top.svg using Guid(43e738b6d1d984e9ea5a2d72ba294f2d) Importer(2089858483,b0f066a214c2f5e87bad3c948f4d605d) (ScriptedImporter) -> (artifact id: 'ebb1123fa88cf7debe596179bd333bdf') in 0.0309231 seconds
Number of updated asset objects reloaded before import = 0Number of asset objects unloaded after import = 1

========================================================================
Received Import Request.
  Time since last request: 0.000092 seconds.
  path: Assets/Projects/GravityDash/kenney_ui-pack/Vector/Green/check_round_color.svg
  artifactKey: Guid(f87f44176e7a44021b46a7fb1bcd739e) Importer(2089858483,b0f066a214c2f5e87bad3c948f4d605d)
Start importing Assets/Projects/GravityDash/kenney_ui-pack/Vector/Green/check_round_color.svg using Guid(f87f44176e7a44021b46a7fb1bcd739e) Importer(2089858483,b0f066a214c2f5e87bad3c948f4d605d) (ScriptedImporter) -> (artifact id: '1a5b710eeecaf644c55a579964378a10') in 0.0314647 seconds
Number of updated asset objects reloaded before import = 0Number of asset objects unloaded after import = 1

========================================================================
Received Import Request.
  Time since last request: 0.000208 seconds.
  path: Assets/Projects/GravityDash/kenney_ui-pack/Vector/Green/slide_vertical_grey_section.svg
  artifactKey: Guid(7865407ee50cc49aca04489a21bcd391) Importer(2089858483,b0f066a214c2f5e87bad3c948f4d605d)
Start importing Assets/Projects/GravityDash/kenney_ui-pack/Vector/Green/slide_vertical_grey_section.svg using Guid(7865407ee50cc49aca04489a21bcd391) Importer(2089858483,b0f066a214c2f5e87bad3c948f4d605d) (ScriptedImporter) -> (artifact id: '7950ab90d20b01eb591283926e131b67') in 0.0301113 seconds
Number of updated asset objects reloaded before import = 0Number of asset objects unloaded after import = 1

========================================================================
Received Import Request.
  Time since last request: 0.000271 seconds.
  path: Assets/Projects/GravityDash/kenney_ui-pack/Vector/Blue/slide_horizontal_grey_section.svg
  artifactKey: Guid(fe16f21ad29e0487bafdc54f3fb3a9ea) Importer(2089858483,b0f066a214c2f5e87bad3c948f4d605d)
Start importing Assets/Projects/GravityDash/kenney_ui-pack/Vector/Blue/slide_horizontal_grey_section.svg using Guid(fe16f21ad29e0487bafdc54f3fb3a9ea) Importer(2089858483,b0f066a214c2f5e87bad3c948f4d605d) (ScriptedImporter) -> (artifact id: 'c0b5be7efbcac9993c369d2ed7f97154') in 0.0276448 seconds
Number of updated asset objects reloaded before import = 0Number of asset objects unloaded after import = 1

========================================================================
Received Import Request.
  Time since last request: 0.000031 seconds.
  path: Assets/Projects/GravityDash/kenney_ui-pack/Vector/Grey/arrow_basic_e_small.svg
  artifactKey: Guid(a9ae4a926fada433b80424631304116e) Importer(2089858483,b0f066a214c2f5e87bad3c948f4d605d)
Start importing Assets/Projects/GravityDash/kenney_ui-pack/Vector/Grey/arrow_basic_e_small.svg using Guid(a9ae4a926fada433b80424631304116e) Importer(2089858483,b0f066a214c2f5e87bad3c948f4d605d) (ScriptedImporter) -> (artifact id: '1c10b4c974a139bfe6e867de8f7544e2') in 0.0272154 seconds
Number of updated asset objects reloaded before import = 0Number of asset objects unloaded after import = 1

========================================================================
Received Import Request.
  Time since last request: 0.000068 seconds.
  path: Assets/Projects/GravityDash/kenney_new-platformer-pack-1.1/Vector/Tiles/terrain_stone_block_right.svg
  artifactKey: Guid(f6ed3b44c9adb48b6a884f701384e89f) Importer(2089858483,b0f066a214c2f5e87bad3c948f4d605d)
Start importing Assets/Projects/GravityDash/kenney_new-platformer-pack-1.1/Vector/Tiles/terrain_stone_block_right.svg using Guid(f6ed3b44c9adb48b6a884f701384e89f) Importer(2089858483,b0f066a214c2f5e87bad3c948f4d605d) (ScriptedImporter) -> (artifact id: '7ac076b1798a4c1115aae9aa8a53ddf5') in 0.0265712 seconds
Number of updated asset objects reloaded before import = 0Number of asset objects unloaded after import = 1

========================================================================
Received Import Request.
  Time since last request: 0.000139 seconds.
  path: Assets/Projects/GravityDash/kenney_ui-pack/Vector/Blue/button_square_depth_gloss.svg
  artifactKey: Guid(96aa177a647094100bbcd674fb6b7527) Importer(2089858483,b0f066a214c2f5e87bad3c948f4d605d)
Start importing Assets/Projects/GravityDash/kenney_ui-pack/Vector/Blue/button_square_depth_gloss.svg using Guid(96aa177a647094100bbcd674fb6b7527) Importer(2089858483,b0f066a214c2f5e87bad3c948f4d605d) (ScriptedImporter) -> (artifact id: '35371c62312c95c06bb633109b61e656') in 0.0269596 seconds
Number of updated asset objects reloaded before import = 0Number of asset objects unloaded after import = 1

========================================================================
Received Import Request.
  Time since last request: 0.000096 seconds.
  path: Assets/Projects/GravityDash/kenney_new-platformer-pack-1.1/Vector/Tiles/terrain_snow_cloud_background.svg
  artifactKey: Guid(ed753e4ee04984a04a205e32c022235c) Importer(2089858483,b0f066a214c2f5e87bad3c948f4d605d)
Start importing Assets/Projects/GravityDash/kenney_new-platformer-pack-1.1/Vector/Tiles/terrain_snow_cloud_background.svg using Guid(ed753e4ee04984a04a205e32c022235c) Importer(2089858483,b0f066a214c2f5e87bad3c948f4d605d) (ScriptedImporter) -> (artifact id: '9758c24a5dc7ef2e8007551ded8b9339') in 0.027445 seconds
Number of updated asset objects reloaded before import = 0Number of asset objects unloaded after import = 1

========================================================================
Received Import Request.
  Time since last request: 0.000193 seconds.
  path: Assets/Projects/GravityDash/kenney_ui-pack/Vector/Green/slide_horizontal_grey.svg
  artifactKey: Guid(72a85cc65b9d7475ba87e7fce663f553) Importer(2089858483,b0f066a214c2f5e87bad3c948f4d605d)
Start importing Assets/Projects/GravityDash/kenney_ui-pack/Vector/Green/slide_horizontal_grey.svg using Guid(72a85cc65b9d7475ba87e7fce663f553) Importer(2089858483,b0f066a214c2f5e87bad3c948f4d605d) (ScriptedImporter) -> (artifact id: 'f7f357e848ff9ece6d15db77d7bb1861') in 0.0281296 seconds
Number of updated asset objects reloaded before import = 0Number of asset objects unloaded after import = 1

========================================================================
Received Import Request.
  Time since last request: 0.000117 seconds.
  path: Assets/Projects/GravityDash/kenney_ui-pack/Vector/Green/button_square_depth_line.svg
  artifactKey: Guid(84c3754d5b7b64732b194c91c43cc003) Importer(2089858483,b0f066a214c2f5e87bad3c948f4d605d)
Start importing Assets/Projects/GravityDash/kenney_ui-pack/Vector/Green/button_square_depth_line.svg using Guid(84c3754d5b7b64732b194c91c43cc003) Importer(2089858483,b0f066a214c2f5e87bad3c948f4d605d) (ScriptedImporter) -> (artifact id: '92dd4753cd263ffecd48adf083591f7a') in 0.0258179 seconds
Number of updated asset objects reloaded before import = 0Number of asset objects unloaded after import = 1

========================================================================
Received Import Request.
  Time since last request: 0.000241 seconds.
  path: Assets/Projects/GravityDash/kenney_ui-pack/Vector/Blue/button_square_gloss.svg
  artifactKey: Guid(d33e32417f71e44e6b14cc6ca699d8c4) Importer(2089858483,b0f066a214c2f5e87bad3c948f4d605d)
Start importing Assets/Projects/GravityDash/kenney_ui-pack/Vector/Blue/button_square_gloss.svg using Guid(d33e32417f71e44e6b14cc6ca699d8c4) Importer(2089858483,b0f066a214c2f5e87bad3c948f4d605d) (ScriptedImporter) -> (artifact id: '870ca5bb30f2a198bcd538c71c97e6c4') in 0.028213 seconds
Number of updated asset objects reloaded before import = 0Number of asset objects unloaded after import = 1

========================================================================
Received Import Request.
  Time since last request: 0.000198 seconds.
  path: Assets/Projects/GravityDash/kenney_ui-pack/Vector/Green/arrow_basic_w.svg
  artifactKey: Guid(a4dd801c3ae524350905de2a028180c3) Importer(2089858483,b0f066a214c2f5e87bad3c948f4d605d)
Start importing Assets/Projects/GravityDash/kenney_ui-pack/Vector/Green/arrow_basic_w.svg using Guid(a4dd801c3ae524350905de2a028180c3) Importer(2089858483,b0f066a214c2f5e87bad3c948f4d605d) (ScriptedImporter) -> (artifact id: '08712af92b0a4d267d40c9c8e6c6dc7b') in 0.0274577 seconds
Number of updated asset objects reloaded before import = 0Number of asset objects unloaded after import = 1

========================================================================
Received Import Request.
  Time since last request: 0.000186 seconds.
  path: Assets/Projects/GravityDash/kenney_ui-pack/Vector/Green/button_rectangle_depth_flat.svg
  artifactKey: Guid(7215f739bbc2b4537b849cc9ed90ac33) Importer(2089858483,b0f066a214c2f5e87bad3c948f4d605d)
Start importing Assets/Projects/GravityDash/kenney_ui-pack/Vector/Green/button_rectangle_depth_flat.svg using Guid(7215f739bbc2b4537b849cc9ed90ac33) Importer(2089858483,b0f066a214c2f5e87bad3c948f4d605d) (ScriptedImporter) -> (artifact id: '11455d591c76c69330daef8b742ed719') in 0.0322215 seconds
Number of updated asset objects reloaded before import = 0Number of asset objects unloaded after import = 1

========================================================================
Received Import Request.
  Time since last request: 0.000115 seconds.
  path: Assets/Projects/GravityDash/kenney_new-platformer-pack-1.1/Vector/Tiles/terrain_stone_block_top_right.svg
  artifactKey: Guid(d27f65a4d92164bdebdaf120f6ae9d70) Importer(2089858483,b0f066a214c2f5e87bad3c948f4d605d)
Start importing Assets/Projects/GravityDash/kenney_new-platformer-pack-1.1/Vector/Tiles/terrain_stone_block_top_right.svg using Guid(d27f65a4d92164bdebdaf120f6ae9d70) Importer(2089858483,b0f066a214c2f5e87bad3c948f4d605d) (ScriptedImporter) -> (artifact id: '4bc7113d79bd5f9e8aaceb9be9f327d3') in 0.0478786 seconds
Number of updated asset objects reloaded before import = 0Number of asset objects unloaded after import = 1

========================================================================
Received Import Request.
  Time since last request: 0.000154 seconds.
  path: Assets/Projects/GravityDash/kenney_ui-pack/Vector/Green/button_round_depth_flat.svg
  artifactKey: Guid(40d590423f6d2432289f13f5e7aa4dcb) Importer(2089858483,b0f066a214c2f5e87bad3c948f4d605d)
Start importing Assets/Projects/GravityDash/kenney_ui-pack/Vector/Green/button_round_depth_flat.svg using Guid(40d590423f6d2432289f13f5e7aa4dcb) Importer(2089858483,b0f066a214c2f5e87bad3c948f4d605d) (ScriptedImporter) -> (artifact id: 'c69c69ed18aced29808dcba9100e21a7') in 0.0394602 seconds
Number of updated asset objects reloaded before import = 0Number of asset objects unloaded after import = 1

========================================================================
Received Import Request.
  Time since last request: 0.000064 seconds.
  path: Assets/Projects/GravityDash/kenney_new-platformer-pack-1.1/Vector/Tiles/terrain_sand_block_left.svg
  artifactKey: Guid(5a2ea9f14eb184a2f946561581cfeb19) Importer(2089858483,b0f066a214c2f5e87bad3c948f4d605d)
Start importing Assets/Projects/GravityDash/kenney_new-platformer-pack-1.1/Vector/Tiles/terrain_sand_block_left.svg using Guid(5a2ea9f14eb184a2f946561581cfeb19) Importer(2089858483,b0f066a214c2f5e87bad3c948f4d605d) (ScriptedImporter) -> (artifact id: '370528d92ddcd709b5640908624b0dc5') in 0.0429872 seconds
Number of updated asset objects reloaded before import = 0Number of asset objects unloaded after import = 1

========================================================================
Received Import Request.
  Time since last request: 0.000322 seconds.
  path: Assets/Projects/GravityDash/kenney_new-platformer-pack-1.1/Vector/Tiles/terrain_snow_block_bottom_left.svg
  artifactKey: Guid(e73cbf1a1dc4743be810903284640e67) Importer(2089858483,b0f066a214c2f5e87bad3c948f4d605d)
Start importing Assets/Projects/GravityDash/kenney_new-platformer-pack-1.1/Vector/Tiles/terrain_snow_block_bottom_left.svg using Guid(e73cbf1a1dc4743be810903284640e67) Importer(2089858483,b0f066a214c2f5e87bad3c948f4d605d) (ScriptedImporter) -> (artifact id: '9dbda9d584dd370029daf40159974367') in 0.0454482 seconds
Number of updated asset objects reloaded before import = 0Number of asset objects unloaded after import = 1

========================================================================
Received Import Request.
  Time since last request: 0.000360 seconds.
  path: Assets/Projects/GravityDash/kenney_new-platformer-pack-1.1/Vector/Tiles/terrain_stone_vertical_middle.svg
  artifactKey: Guid(1f306b7ce30614fd18e74aed5c642ac9) Importer(2089858483,b0f066a214c2f5e87bad3c948f4d605d)
Start importing Assets/Projects/GravityDash/kenney_new-platformer-pack-1.1/Vector/Tiles/terrain_stone_vertical_middle.svg using Guid(1f306b7ce30614fd18e74aed5c642ac9) Importer(2089858483,b0f066a214c2f5e87bad3c948f4d605d) (ScriptedImporter) -> (artifact id: 'b9a540d766d54612f446ffabfed14613') in 0.0256596 seconds
Number of updated asset objects reloaded before import = 0Number of asset objects unloaded after import = 1

========================================================================
Received Import Request.
  Time since last request: 0.000037 seconds.
  path: Assets/Projects/GravityDash/kenney_ui-pack/Vector/Green/button_round_depth_line.svg
  artifactKey: Guid(8eb8f90021036460682c60f326f9bbb8) Importer(2089858483,b0f066a214c2f5e87bad3c948f4d605d)
Start importing Assets/Projects/GravityDash/kenney_ui-pack/Vector/Green/button_round_depth_line.svg using Guid(8eb8f90021036460682c60f326f9bbb8) Importer(2089858483,b0f066a214c2f5e87bad3c948f4d605d) (ScriptedImporter) -> (artifact id: '18a9cb03832f0eceadaaba05e78e68ee') in 0.0275263 seconds
Number of updated asset objects reloaded before import = 0Number of asset objects unloaded after import = 1

========================================================================
Received Import Request.
  Time since last request: 0.000116 seconds.
  path: Assets/Projects/GravityDash/kenney_ui-pack/Vector/Grey/arrow_basic_e.svg
  artifactKey: Guid(e479c5ca289ac4fa6b2f1473fd2ba82e) Importer(2089858483,b0f066a214c2f5e87bad3c948f4d605d)
Start importing Assets/Projects/GravityDash/kenney_ui-pack/Vector/Grey/arrow_basic_e.svg using Guid(e479c5ca289ac4fa6b2f1473fd2ba82e) Importer(2089858483,b0f066a214c2f5e87bad3c948f4d605d) (ScriptedImporter) -> (artifact id: 'a9382b2ef238b88a72059ed18061b44a') in 0.0275053 seconds
Number of updated asset objects reloaded before import = 0Number of asset objects unloaded after import = 1

========================================================================
Received Import Request.
  Time since last request: 0.000140 seconds.
  path: Assets/Projects/GravityDash/kenney_new-platformer-pack-1.1/Vector/Tiles/terrain_stone_block.svg
  artifactKey: Guid(1bb0b989ac32b48058adf9cdfed3a641) Importer(2089858483,b0f066a214c2f5e87bad3c948f4d605d)
Start importing Assets/Projects/GravityDash/kenney_new-platformer-pack-1.1/Vector/Tiles/terrain_stone_block.svg using Guid(1bb0b989ac32b48058adf9cdfed3a641) Importer(2089858483,b0f066a214c2f5e87bad3c948f4d605d) (ScriptedImporter) -> (artifact id: '8afd38d2a5855f4bc47884566fb11f2b') in 0.026027 seconds
Number of updated asset objects reloaded before import = 0Number of asset objects unloaded after import = 1

========================================================================
Received Import Request.
  Time since last request: 0.000113 seconds.
  path: Assets/Projects/GravityDash/kenney_ui-pack/Vector/Green/arrow_basic_w_small.svg
  artifactKey: Guid(5a563aca86b3b4527aee889f72745541) Importer(2089858483,b0f066a214c2f5e87bad3c948f4d605d)
Start importing Assets/Projects/GravityDash/kenney_ui-pack/Vector/Green/arrow_basic_w_small.svg using Guid(5a563aca86b3b4527aee889f72745541) Importer(2089858483,b0f066a214c2f5e87bad3c948f4d605d) (ScriptedImporter) -> (artifact id: 'e0fa5d4dbb67fb7474172128646c978e') in 0.0260488 seconds
Number of updated asset objects reloaded before import = 0Number of asset objects unloaded after import = 1

========================================================================
Received Import Request.
  Time since last request: 0.000154 seconds.
  path: Assets/Projects/GravityDash/kenney_ui-pack/Vector/Green/button_round_depth_border.svg
  artifactKey: Guid(221d2e653319c45d88b4f45d26c783a6) Importer(2089858483,b0f066a214c2f5e87bad3c948f4d605d)
Start importing Assets/Projects/GravityDash/kenney_ui-pack/Vector/Green/button_round_depth_border.svg using Guid(221d2e653319c45d88b4f45d26c783a6) Importer(2089858483,b0f066a214c2f5e87bad3c948f4d605d) (ScriptedImporter) -> (artifact id: '28db00075eec9ca2d5afab19f8767a4a') in 0.0203344 seconds
Number of updated asset objects reloaded before import = 0Number of asset objects unloaded after import = 1

========================================================================
Received Import Request.
  Time since last request: 0.000065 seconds.
  path: Assets/Projects/GravityDash/kenney_ui-pack/Vector/Blue/icon_square.svg
  artifactKey: Guid(b2f9a214dc3d048ae802e57340670a18) Importer(2089858483,b0f066a214c2f5e87bad3c948f4d605d)
Start importing Assets/Projects/GravityDash/kenney_ui-pack/Vector/Blue/icon_square.svg using Guid(b2f9a214dc3d048ae802e57340670a18) Importer(2089858483,b0f066a214c2f5e87bad3c948f4d605d) (ScriptedImporter) -> (artifact id: '209ba5a8bfbacd3fda4ddf0bb62db351') in 0.0198908 seconds
Number of updated asset objects reloaded before import = 0Number of asset objects unloaded after import = 1

========================================================================
Received Import Request.
  Time since last request: 0.000065 seconds.
  path: Assets/Projects/GravityDash/kenney_new-platformer-pack-1.1/Vector/Tiles/terrain_snow_block_bottom_right.svg
  artifactKey: Guid(4e52deb3a91964d50a27fbcfdadfd460) Importer(2089858483,b0f066a214c2f5e87bad3c948f4d605d)
Start importing Assets/Projects/GravityDash/kenney_new-platformer-pack-1.1/Vector/Tiles/terrain_snow_block_bottom_right.svg using Guid(4e52deb3a91964d50a27fbcfdadfd460) Importer(2089858483,b0f066a214c2f5e87bad3c948f4d605d) (ScriptedImporter) -> (artifact id: '3c24799526993fe1601397521b9294ce') in 0.0202108 seconds
Number of updated asset objects reloaded before import = 0Number of asset objects unloaded after import = 1

========================================================================
Received Import Request.
  Time since last request: 0.000121 seconds.
  path: Assets/Projects/GravityDash/kenney_ui-pack/Vector/Blue/check_round_round_circle.svg
  artifactKey: Guid(151b30259ff96491cacf4e66e24c8058) Importer(2089858483,b0f066a214c2f5e87bad3c948f4d605d)
Start importing Assets/Projects/GravityDash/kenney_ui-pack/Vector/Blue/check_round_round_circle.svg using Guid(151b30259ff96491cacf4e66e24c8058) Importer(2089858483,b0f066a214c2f5e87bad3c948f4d605d) (ScriptedImporter) -> (artifact id: 'd34c6d29819fa5398c40e3e940e1b4ba') in 0.0176693 seconds
Number of updated asset objects reloaded before import = 0Number of asset objects unloaded after import = 1

========================================================================
Received Import Request.
  Time since last request: 0.000058 seconds.
  path: Assets/Projects/GravityDash/kenney_ui-pack/Vector/Blue/check_round_grey_circle.svg
  artifactKey: Guid(04e2dcb6d8a294f95a90503112d0509e) Importer(2089858483,b0f066a214c2f5e87bad3c948f4d605d)
Start importing Assets/Projects/GravityDash/kenney_ui-pack/Vector/Blue/check_round_grey_circle.svg using Guid(04e2dcb6d8a294f95a90503112d0509e) Importer(2089858483,b0f066a214c2f5e87bad3c948f4d605d) (ScriptedImporter) -> (artifact id: '993e82f5aed21561da35760731e8cf3b') in 0.0175546 seconds
Number of updated asset objects reloaded before import = 0Number of asset objects unloaded after import = 1

========================================================================
Received Import Request.
  Time since last request: 0.000027 seconds.
  path: Assets/Projects/GravityDash/kenney_ui-pack/Vector/Blue/button_round_depth_gradient.svg
  artifactKey: Guid(813deae6698ab4a01aee1fb3253b35ba) Importer(2089858483,b0f066a214c2f5e87bad3c948f4d605d)
Start importing Assets/Projects/GravityDash/kenney_ui-pack/Vector/Blue/button_round_depth_gradient.svg using Guid(813deae6698ab4a01aee1fb3253b35ba) Importer(2089858483,b0f066a214c2f5e87bad3c948f4d605d) (ScriptedImporter) -> (artifact id: '3b9458e46f0e489847552a3cfcc80084') in 0.0248208 seconds
Number of updated asset objects reloaded before import = 0Number of asset objects unloaded after import = 2

========================================================================
Received Import Request.
  Time since last request: 0.000028 seconds.
  path: Assets/Projects/GravityDash/kenney_ui-pack/Vector/Grey/button_square_depth_gloss.svg
  artifactKey: Guid(76dbc043a300f4f80a37aeed6c02e7be) Importer(2089858483,b0f066a214c2f5e87bad3c948f4d605d)
Start importing Assets/Projects/GravityDash/kenney_ui-pack/Vector/Grey/button_square_depth_gloss.svg using Guid(76dbc043a300f4f80a37aeed6c02e7be) Importer(2089858483,b0f066a214c2f5e87bad3c948f4d605d) (ScriptedImporter) -> (artifact id: '5b6e0fa50408ad56f88e3b79495cb51a') in 0.0196142 seconds
Number of updated asset objects reloaded before import = 0Number of asset objects unloaded after import = 1

========================================================================
Received Import Request.
  Time since last request: 0.000038 seconds.
  path: Assets/Projects/GravityDash/kenney_new-platformer-pack-1.1/Vector/Tiles/terrain_stone_cloud_middle.svg
  artifactKey: Guid(4aa378966486648cab84892a7f630681) Importer(2089858483,b0f066a214c2f5e87bad3c948f4d605d)
Start importing Assets/Projects/GravityDash/kenney_new-platformer-pack-1.1/Vector/Tiles/terrain_stone_cloud_middle.svg using Guid(4aa378966486648cab84892a7f630681) Importer(2089858483,b0f066a214c2f5e87bad3c948f4d605d) (ScriptedImporter) -> (artifact id: '1eb3383ef7f86cdd52cff8577b57103e') in 0.0220421 seconds
Number of updated asset objects reloaded before import = 0Number of asset objects unloaded after import = 1

========================================================================
Received Import Request.
  Time since last request: 0.000077 seconds.
  path: Assets/Projects/GravityDash/kenney_ui-pack/Vector/Grey/arrow_decorative_n_small.svg
  artifactKey: Guid(992f0163b2ced478e882510dd48ae074) Importer(2089858483,b0f066a214c2f5e87bad3c948f4d605d)
Start importing Assets/Projects/GravityDash/kenney_ui-pack/Vector/Grey/arrow_decorative_n_small.svg using Guid(992f0163b2ced478e882510dd48ae074) Importer(2089858483,b0f066a214c2f5e87bad3c948f4d605d) (ScriptedImporter) -> (artifact id: '0de810680cf5925868366cef0325037c') in 0.0189835 seconds
Number of updated asset objects reloaded before import = 0Number of asset objects unloaded after import = 1

========================================================================
Received Import Request.
  Time since last request: 0.000061 seconds.
  path: Assets/Projects/GravityDash/kenney_ui-pack/Vector/Grey/arrow_decorative_e_small.svg
  artifactKey: Guid(81e7c6ff2093441719a2cd70a0d08bf0) Importer(2089858483,b0f066a214c2f5e87bad3c948f4d605d)
Start importing Assets/Projects/GravityDash/kenney_ui-pack/Vector/Grey/arrow_decorative_e_small.svg using Guid(81e7c6ff2093441719a2cd70a0d08bf0) Importer(2089858483,b0f066a214c2f5e87bad3c948f4d605d) (ScriptedImporter) -> (artifact id: '2b22c87deb6d4f379bfbc19b68c3c258') in 0.0239399 seconds
Number of updated asset objects reloaded before import = 0Number of asset objects unloaded after import = 1

========================================================================
Received Import Request.
  Time since last request: 0.000155 seconds.
  path: Assets/Projects/GravityDash/kenney_new-platformer-pack-1.1/Vector/Tiles/terrain_snow_ramp_long_a.svg
  artifactKey: Guid(3388649d27b284d80a2585fc3e788e21) Importer(2089858483,b0f066a214c2f5e87bad3c948f4d605d)
Start importing Assets/Projects/GravityDash/kenney_new-platformer-pack-1.1/Vector/Tiles/terrain_snow_ramp_long_a.svg using Guid(3388649d27b284d80a2585fc3e788e21) Importer(2089858483,b0f066a214c2f5e87bad3c948f4d605d) (ScriptedImporter) -> (artifact id: 'd6cf0d1e34dbe4e2f9a74af7566edffb') in 0.0218731 seconds
Number of updated asset objects reloaded before import = 0Number of asset objects unloaded after import = 1

========================================================================
Received Import Request.
  Time since last request: 0.000032 seconds.
  path: Assets/Projects/GravityDash/kenney_ui-pack/Vector/Grey/check_square_color_cross.svg
  artifactKey: Guid(562f6c1fa6d4a4fa4a82ce4289844455) Importer(2089858483,b0f066a214c2f5e87bad3c948f4d605d)
Start importing Assets/Projects/GravityDash/kenney_ui-pack/Vector/Grey/check_square_color_cross.svg using Guid(562f6c1fa6d4a4fa4a82ce4289844455) Importer(2089858483,b0f066a214c2f5e87bad3c948f4d605d) (ScriptedImporter) -> (artifact id: 'b70fa9a9ba5590201b3d2d042b122ea7') in 0.0183002 seconds
Number of updated asset objects reloaded before import = 0Number of asset objects unloaded after import = 1

========================================================================
Received Import Request.
  Time since last request: 0.000043 seconds.
  path: Assets/Projects/GravityDash/kenney_ui-pack/Vector/Grey/button_round_line.svg
  artifactKey: Guid(ef0ca48013b6c4653930591602a35497) Importer(2089858483,b0f066a214c2f5e87bad3c948f4d605d)
Start importing Assets/Projects/GravityDash/kenney_ui-pack/Vector/Grey/button_round_line.svg using Guid(ef0ca48013b6c4653930591602a35497) Importer(2089858483,b0f066a214c2f5e87bad3c948f4d605d) (ScriptedImporter) -> (artifact id: '218e123915cc0a7934c0b359f9137bf4') in 0.0317399 seconds
Number of updated asset objects reloaded before import = 0Number of asset objects unloaded after import = 1

========================================================================
Received Import Request.
  Time since last request: 0.000084 seconds.
  path: Assets/Projects/GravityDash/kenney_ui-pack/Vector/Extra/input_square.svg
  artifactKey: Guid(f38e3b2966f934bb5acc3dcc9e634e81) Importer(2089858483,b0f066a214c2f5e87bad3c948f4d605d)
Start importing Assets/Projects/GravityDash/kenney_ui-pack/Vector/Extra/input_square.svg using Guid(f38e3b2966f934bb5acc3dcc9e634e81) Importer(2089858483,b0f066a214c2f5e87bad3c948f4d605d) (ScriptedImporter) -> (artifact id: '4e349651d559e01a494dfbaa5403dfc8') in 0.0309516 seconds
Number of updated asset objects reloaded before import = 0Number of asset objects unloaded after import = 1

========================================================================
Received Import Request.
  Time since last request: 0.000066 seconds.
  path: Assets/Projects/GravityDash/kenney_ui-pack/Vector/Grey/button_square_depth_flat.svg
  artifactKey: Guid(5dea9e37d8da245cf9e2b052628f4dc7) Importer(2089858483,b0f066a214c2f5e87bad3c948f4d605d)
Start importing Assets/Projects/GravityDash/kenney_ui-pack/Vector/Grey/button_square_depth_flat.svg using Guid(5dea9e37d8da245cf9e2b052628f4dc7) Importer(2089858483,b0f066a214c2f5e87bad3c948f4d605d) (ScriptedImporter) -> (artifact id: '189d5d398ca7bf3958ff2f78c008f98a') in 0.0340176 seconds
Number of updated asset objects reloaded before import = 0Number of asset objects unloaded after import = 1

========================================================================
Received Import Request.
  Time since last request: 0.000063 seconds.
  path: Assets/Projects/GravityDash/kenney_ui-pack/Vector/Green/check_square_grey_cross.svg
  artifactKey: Guid(068c00e19200d49b8accf1612df7389c) Importer(2089858483,b0f066a214c2f5e87bad3c948f4d605d)
Start importing Assets/Projects/GravityDash/kenney_ui-pack/Vector/Green/check_square_grey_cross.svg using Guid(068c00e19200d49b8accf1612df7389c) Importer(2089858483,b0f066a214c2f5e87bad3c948f4d605d) (ScriptedImporter) -> (artifact id: '737dd28ffa4ea66a7aad8e165f3af23e') in 0.0236196 seconds
Number of updated asset objects reloaded before import = 0Number of asset objects unloaded after import = 1

========================================================================
Received Import Request.
  Time since last request: 0.000052 seconds.
  path: Assets/Projects/GravityDash/kenney_ui-pack/Vector/Green/icon_outline_square.svg
  artifactKey: Guid(eaa1455759ef44e1a8dbce86a3877c97) Importer(2089858483,b0f066a214c2f5e87bad3c948f4d605d)
Start importing Assets/Projects/GravityDash/kenney_ui-pack/Vector/Green/icon_outline_square.svg using Guid(eaa1455759ef44e1a8dbce86a3877c97) Importer(2089858483,b0f066a214c2f5e87bad3c948f4d605d) (ScriptedImporter) -> (artifact id: 'aba58563986185436886c2f4ef4ceee1') in 0.0203159 seconds
Number of updated asset objects reloaded before import = 0Number of asset objects unloaded after import = 1

========================================================================
Received Import Request.
  Time since last request: 0.000088 seconds.
  path: Assets/Projects/GravityDash/kenney_ui-pack/Vector/Extra/button_rectangle_depth_line.svg
  artifactKey: Guid(7ce7bc373e0dc4efe8709db0a2203790) Importer(2089858483,b0f066a214c2f5e87bad3c948f4d605d)
Start importing Assets/Projects/GravityDash/kenney_ui-pack/Vector/Extra/button_rectangle_depth_line.svg using Guid(7ce7bc373e0dc4efe8709db0a2203790) Importer(2089858483,b0f066a214c2f5e87bad3c948f4d605d) (ScriptedImporter) -> (artifact id: 'b247c9967289dfb96d2273f6a8b39358') in 0.0229604 seconds
Number of updated asset objects reloaded before import = 0Number of asset objects unloaded after import = 1

========================================================================
Received Import Request.
  Time since last request: 0.000128 seconds.
  path: Assets/Projects/GravityDash/kenney_new-platformer-pack-1.1/Vector/Tiles/terrain_sand_block_right.svg
  artifactKey: Guid(995bb4cce674f4b32909ad015524860e) Importer(2089858483,b0f066a214c2f5e87bad3c948f4d605d)
Start importing Assets/Projects/GravityDash/kenney_new-platformer-pack-1.1/Vector/Tiles/terrain_sand_block_right.svg using Guid(995bb4cce674f4b32909ad015524860e) Importer(2089858483,b0f066a214c2f5e87bad3c948f4d605d) (ScriptedImporter) -> (artifact id: 'e6eea57967cec4f24d8a0c510edadecf') in 0.0199254 seconds
Number of updated asset objects reloaded before import = 0Number of asset objects unloaded after import = 1

========================================================================
Received Import Request.
  Time since last request: 0.000103 seconds.
  path: Assets/Projects/GravityDash/kenney_ui-pack/Vector/Grey/button_round_gloss.svg
  artifactKey: Guid(fb0fe7dcc86ba4140aa6095a7f28b69b) Importer(2089858483,b0f066a214c2f5e87bad3c948f4d605d)
Start importing Assets/Projects/GravityDash/kenney_ui-pack/Vector/Grey/button_round_gloss.svg using Guid(fb0fe7dcc86ba4140aa6095a7f28b69b) Importer(2089858483,b0f066a214c2f5e87bad3c948f4d605d) (ScriptedImporter) -> (artifact id: 'd3e0e1ce4395c69592f2490c7d8bbe2b') in 0.0206427 seconds
Number of updated asset objects reloaded before import = 0Number of asset objects unloaded after import = 1

========================================================================
Received Import Request.
  Time since last request: 0.000043 seconds.
  path: Assets/Projects/GravityDash/kenney_ui-pack/Vector/Green/slide_horizontal_grey_section_wide.svg
  artifactKey: Guid(6971a6f0fc174468181b9c5b15b7b850) Importer(2089858483,b0f066a214c2f5e87bad3c948f4d605d)
Start importing Assets/Projects/GravityDash/kenney_ui-pack/Vector/Green/slide_horizontal_grey_section_wide.svg using Guid(6971a6f0fc174468181b9c5b15b7b850) Importer(2089858483,b0f066a214c2f5e87bad3c948f4d605d) (ScriptedImporter) -> (artifact id: '91d7aaf005908027ff3697d43879f5c1') in 0.0252721 seconds
Number of updated asset objects reloaded before import = 0Number of asset objects unloaded after import = 1

========================================================================
Received Import Request.
  Time since last request: 0.000353 seconds.
  path: Assets/Projects/GravityDash/kenney_ui-pack/Vector/Green/slide_vertical_color_section.svg
  artifactKey: Guid(cd8ece295a2fc4f2da857396537f4e91) Importer(2089858483,b0f066a214c2f5e87bad3c948f4d605d)
Start importing Assets/Projects/GravityDash/kenney_ui-pack/Vector/Green/slide_vertical_color_section.svg using Guid(cd8ece295a2fc4f2da857396537f4e91) Importer(2089858483,b0f066a214c2f5e87bad3c948f4d605d) (ScriptedImporter) -> (artifact id: 'dc6771a4423a62194e28d468413503e7') in 0.0539564 seconds
Number of updated asset objects reloaded before import = 0Number of asset objects unloaded after import = 1

========================================================================
Received Import Request.
  Time since last request: 0.000145 seconds.
  path: Assets/Projects/GravityDash/kenney_ui-pack/Vector/Green/star.svg
  artifactKey: Guid(cb03e3c7997d14eddb17ff2157a28736) Importer(2089858483,b0f066a214c2f5e87bad3c948f4d605d)
Start importing Assets/Projects/GravityDash/kenney_ui-pack/Vector/Green/star.svg using Guid(cb03e3c7997d14eddb17ff2157a28736) Importer(2089858483,b0f066a214c2f5e87bad3c948f4d605d) (ScriptedImporter) -> (artifact id: 'a291cc913ffc37092a9f8e341a20a57d') in 0.0430129 seconds
Number of updated asset objects reloaded before import = 0Number of asset objects unloaded after import = 2

========================================================================
Received Import Request.
  Time since last request: 0.000043 seconds.
  path: Assets/Projects/GravityDash/kenney_new-platformer-pack-1.1/Vector/Tiles/terrain_stone_cloud.svg
  artifactKey: Guid(dc992242fd8db441fb9f57c9fb1f879d) Importer(2089858483,b0f066a214c2f5e87bad3c948f4d605d)
Start importing Assets/Projects/GravityDash/kenney_new-platformer-pack-1.1/Vector/Tiles/terrain_stone_cloud.svg using Guid(dc992242fd8db441fb9f57c9fb1f879d) Importer(2089858483,b0f066a214c2f5e87bad3c948f4d605d) (ScriptedImporter) -> (artifact id: '0d4c1760830ca3c451de8ce755e41939') in 0.0331987 seconds
Number of updated asset objects reloaded before import = 0Number of asset objects unloaded after import = 1

========================================================================
Received Import Request.
  Time since last request: 0.000133 seconds.
  path: Assets/Projects/GravityDash/kenney_ui-pack/Vector/Grey/slide_vertical_grey_section_wide.svg
  artifactKey: Guid(92f89523e2bcb41bc8e1b9f9b4901c7a) Importer(2089858483,b0f066a214c2f5e87bad3c948f4d605d)
Start importing Assets/Projects/GravityDash/kenney_ui-pack/Vector/Grey/slide_vertical_grey_section_wide.svg using Guid(92f89523e2bcb41bc8e1b9f9b4901c7a) Importer(2089858483,b0f066a214c2f5e87bad3c948f4d605d) (ScriptedImporter) -> (artifact id: 'd8ff49b8e008fba493a104a80d426e36') in 0.0281031 seconds
Number of updated asset objects reloaded before import = 0Number of asset objects unloaded after import = 1

========================================================================
Received Import Request.
  Time since last request: 0.000220 seconds.
  path: Assets/Sprites/Cainos/Pixel Art Platformer - Village Props/Tileset Palette/TP Ground/TX Tileset Ground_117.asset
  artifactKey: Guid(1a7ad28825d8f68439f78bb94c662535) Importer(2089858483,b0f066a214c2f5e87bad3c948f4d605d)
Start importing Assets/Sprites/Cainos/Pixel Art Platformer - Village Props/Tileset Palette/TP Ground/TX Tileset Ground_117.asset using Guid(1a7ad28825d8f68439f78bb94c662535) Importer(2089858483,b0f066a214c2f5e87bad3c948f4d605d) (ScriptedImporter) -> (artifact id: '21eeef0ad7450980bc1ede83636c738a') in 0.0482787 seconds
Number of updated asset objects reloaded before import = 0Number of asset objects unloaded after import = 2

========================================================================
Received Import Request.
  Time since last request: 0.000155 seconds.
  path: Assets/Projects/GravityDash/kenney_ui-pack/Vector/Yellow/arrow_basic_n.svg
  artifactKey: Guid(91b203862f1d84aa6a8150e47a6c81a6) Importer(2089858483,b0f066a214c2f5e87bad3c948f4d605d)
Start importing Assets/Projects/GravityDash/kenney_ui-pack/Vector/Yellow/arrow_basic_n.svg using Guid(91b203862f1d84aa6a8150e47a6c81a6) Importer(2089858483,b0f066a214c2f5e87bad3c948f4d605d) (ScriptedImporter) -> (artifact id: '8e34f9d6e86cd44ac7347cce5b6ef8ad') in 0.0309949 seconds
Number of updated asset objects reloaded before import = 0Number of asset objects unloaded after import = 1

========================================================================
Received Import Request.
  Time since last request: 0.000152 seconds.
  path: Assets/Projects/GravityDash/kenney_ui-pack/Vector/Red/slide_horizontal_color_section.svg
  artifactKey: Guid(8957874b55481499db8858897a9f3327) Importer(2089858483,b0f066a214c2f5e87bad3c948f4d605d)
Start importing Assets/Projects/GravityDash/kenney_ui-pack/Vector/Red/slide_horizontal_color_section.svg using Guid(8957874b55481499db8858897a9f3327) Importer(2089858483,b0f066a214c2f5e87bad3c948f4d605d) (ScriptedImporter) -> (artifact id: 'da50d1c51fc4f960a2802b3591db4ba9') in 0.0353738 seconds
Number of updated asset objects reloaded before import = 0Number of asset objects unloaded after import = 1

========================================================================
Received Import Request.
  Time since last request: 0.000220 seconds.
  path: Assets/Projects/GravityDash/kenney_ui-pack/Vector/Yellow/button_round_depth_flat.svg
  artifactKey: Guid(b2fc3eb53e3b44ea482b7bc9c42f9063) Importer(2089858483,b0f066a214c2f5e87bad3c948f4d605d)
Start importing Assets/Projects/GravityDash/kenney_ui-pack/Vector/Yellow/button_round_depth_flat.svg using Guid(b2fc3eb53e3b44ea482b7bc9c42f9063) Importer(2089858483,b0f066a214c2f5e87bad3c948f4d605d) (ScriptedImporter) -> (artifact id: '8599dd2925de413f0603a0daf0cffd4b') in 0.0338445 seconds
Number of updated asset objects reloaded before import = 0Number of asset objects unloaded after import = 1

========================================================================
Received Import Request.
  Time since last request: 0.000155 seconds.
  path: Assets/Projects/GravityDash/kenney_ui-pack/Vector/Red/button_square_flat.svg
  artifactKey: Guid(e87da64400c15407cac895fd27527533) Importer(2089858483,b0f066a214c2f5e87bad3c948f4d605d)
Start importing Assets/Projects/GravityDash/kenney_ui-pack/Vector/Red/button_square_flat.svg using Guid(e87da64400c15407cac895fd27527533) Importer(2089858483,b0f066a214c2f5e87bad3c948f4d605d) (ScriptedImporter) -> (artifact id: '95f3ebda5e1f430daff887e7e0c8217b') in 0.0429457 seconds
Number of updated asset objects reloaded before import = 0Number of asset objects unloaded after import = 1

========================================================================
Received Import Request.
  Time since last request: 0.000171 seconds.
  path: Assets/Projects/GravityDash/kenney_ui-pack/Vector/Yellow/check_round_color.svg
  artifactKey: Guid(b8319b1bcfbae4bb694f8a3597206bce) Importer(2089858483,b0f066a214c2f5e87bad3c948f4d605d)
Start importing Assets/Projects/GravityDash/kenney_ui-pack/Vector/Yellow/check_round_color.svg using Guid(b8319b1bcfbae4bb694f8a3597206bce) Importer(2089858483,b0f066a214c2f5e87bad3c948f4d605d) (ScriptedImporter) -> (artifact id: 'ccfd387735384e69cf2f4d416fec5cd0') in 0.0624166 seconds
Number of updated asset objects reloaded before import = 0Number of asset objects unloaded after import = 1

========================================================================
Received Import Request.
  Time since last request: 0.000294 seconds.
  path: Assets/Sprites/Cainos/Pixel Art Platformer - Village Props/Tileset Palette/TP Ground/TX Tileset Ground_151.asset
  artifactKey: Guid(1ded157af5edc9a4c93cd436794e1258) Importer(2089858483,b0f066a214c2f5e87bad3c948f4d605d)
Start importing Assets/Sprites/Cainos/Pixel Art Platformer - Village Props/Tileset Palette/TP Ground/TX Tileset Ground_151.asset using Guid(1ded157af5edc9a4c93cd436794e1258) Importer(2089858483,b0f066a214c2f5e87bad3c948f4d605d) (ScriptedImporter) -> (artifact id: 'f7ed3e20d5a8da05da3ef66ccdfe2955') in 0.0689919 seconds
Number of updated asset objects reloaded before import = 0Number of asset objects unloaded after import = 2

========================================================================
Received Import Request.
  Time since last request: 0.000433 seconds.
  path: Assets/Sprites/Cainos/Pixel Art Platformer - Village Props/Tileset Palette/TP Ground/TX Tileset Ground_155.asset
  artifactKey: Guid(5f38713cbf15d2544be2a75f15432fed) Importer(2089858483,b0f066a214c2f5e87bad3c948f4d605d)
Start importing Assets/Sprites/Cainos/Pixel Art Platformer - Village Props/Tileset Palette/TP Ground/TX Tileset Ground_155.asset using Guid(5f38713cbf15d2544be2a75f15432fed) Importer(2089858483,b0f066a214c2f5e87bad3c948f4d605d) (ScriptedImporter) -> (artifact id: '28150afa025858095666976837eb70ec') in 0.0364426 seconds
Number of updated asset objects reloaded before import = 0Number of asset objects unloaded after import = 2

========================================================================
Received Import Request.
  Time since last request: 0.000031 seconds.
  path: Assets/Projects/GravityDash/kenney_ui-pack/Vector/Red/slide_hangle.svg
  artifactKey: Guid(f3762b30bdc5244628d2383ad8b268da) Importer(2089858483,b0f066a214c2f5e87bad3c948f4d605d)
Start importing Assets/Projects/GravityDash/kenney_ui-pack/Vector/Red/slide_hangle.svg using Guid(f3762b30bdc5244628d2383ad8b268da) Importer(2089858483,b0f066a214c2f5e87bad3c948f4d605d) (ScriptedImporter) -> (artifact id: '6eee215eda6b6b9d484d6d6ec7131391') in 0.0301036 seconds
Number of updated asset objects reloaded before import = 0Number of asset objects unloaded after import = 1

========================================================================
Received Import Request.
  Time since last request: 0.000110 seconds.
  path: Assets/Projects/GravityDash/kenney_ui-pack/Vector/Red/arrow_decorative_w.svg
  artifactKey: Guid(91929297713ec4dcf9ce78e9322154df) Importer(2089858483,b0f066a214c2f5e87bad3c948f4d605d)
Start importing Assets/Projects/GravityDash/kenney_ui-pack/Vector/Red/arrow_decorative_w.svg using Guid(91929297713ec4dcf9ce78e9322154df) Importer(2089858483,b0f066a214c2f5e87bad3c948f4d605d) (ScriptedImporter) -> (artifact id: 'ae816636f6fa36803f23a961fd5d5920') in 0.0315292 seconds
Number of updated asset objects reloaded before import = 0Number of asset objects unloaded after import = 1

========================================================================
Received Import Request.
  Time since last request: 0.000129 seconds.
  path: Assets/Projects/GravityDash/kenney_ui-pack/Vector/Yellow/arrow_basic_w.svg
  artifactKey: Guid(50d45bb373f0a400f98ed84dcdf7886f) Importer(2089858483,b0f066a214c2f5e87bad3c948f4d605d)
Start importing Assets/Projects/GravityDash/kenney_ui-pack/Vector/Yellow/arrow_basic_w.svg using Guid(50d45bb373f0a400f98ed84dcdf7886f) Importer(2089858483,b0f066a214c2f5e87bad3c948f4d605d) (ScriptedImporter) -> (artifact id: 'c433de9543862b14bf04334b0a348e38') in 0.0249498 seconds
Number of updated asset objects reloaded before import = 0Number of asset objects unloaded after import = 1

========================================================================
Received Import Request.
  Time since last request: 0.000053 seconds.
  path: Assets/Sprites/Cainos/Pixel Art Platformer - Village Props/Animation/Chest Silver/AM Chest Silver - Close.anim
  artifactKey: Guid(abf606119d148d8418d0735c44d03e8a) Importer(2089858483,b0f066a214c2f5e87bad3c948f4d605d)
Start importing Assets/Sprites/Cainos/Pixel Art Platformer - Village Props/Animation/Chest Silver/AM Chest Silver - Close.anim using Guid(abf606119d148d8418d0735c44d03e8a) Importer(2089858483,b0f066a214c2f5e87bad3c948f4d605d) (ScriptedImporter) -> (artifact id: 'ef3a21530a03aaae93bf1b22a26f3a2b') in 0.0245953 seconds
Number of updated asset objects reloaded before import = 0Number of asset objects unloaded after import = 1

========================================================================
Received Import Request.
  Time since last request: 0.000040 seconds.
  path: Assets/Sprites/Cainos/Pixel Art Platformer - Village Props/Animation/Chest Wooden/AM Chest Wooden - Open.anim
  artifactKey: Guid(17ca85aa26cdd244dbc0c45a96b03336) Importer(2089858483,b0f066a214c2f5e87bad3c948f4d605d)
Start importing Assets/Sprites/Cainos/Pixel Art Platformer - Village Props/Animation/Chest Wooden/AM Chest Wooden - Open.anim using Guid(17ca85aa26cdd244dbc0c45a96b03336) Importer(2089858483,b0f066a214c2f5e87bad3c948f4d605d) (ScriptedImporter) -> (artifact id: '82ac139c4094eb72d0bd699b9a1fde47') in 0.0214491 seconds
Number of updated asset objects reloaded before import = 0Number of asset objects unloaded after import = 1

========================================================================
Received Import Request.
  Time since last request: 0.000036 seconds.
  path: Assets/Projects/GravityDash/kenney_ui-pack/Vector/Yellow/star_outline.svg
  artifactKey: Guid(067e887cab6af4828bf6e959ba8351c7) Importer(2089858483,b0f066a214c2f5e87bad3c948f4d605d)
Start importing Assets/Projects/GravityDash/kenney_ui-pack/Vector/Yellow/star_outline.svg using Guid(067e887cab6af4828bf6e959ba8351c7) Importer(2089858483,b0f066a214c2f5e87bad3c948f4d605d) (ScriptedImporter) -> (artifact id: '034f7e4d780fdac0a35adcb491b3cd25') in 0.0214263 seconds
Number of updated asset objects reloaded before import = 0Number of asset objects unloaded after import = 1

========================================================================
Received Import Request.
  Time since last request: 0.000403 seconds.
  path: Assets/Sprites/Cainos/Pixel Art Platformer - Village Props/Tileset Palette/TP Ground/TX Tileset Ground_109.asset
  artifactKey: Guid(779848281c0def348a159e2d883c9fbd) Importer(2089858483,b0f066a214c2f5e87bad3c948f4d605d)
Start importing Assets/Sprites/Cainos/Pixel Art Platformer - Village Props/Tileset Palette/TP Ground/TX Tileset Ground_109.asset using Guid(779848281c0def348a159e2d883c9fbd) Importer(2089858483,b0f066a214c2f5e87bad3c948f4d605d) (ScriptedImporter) -> (artifact id: '362c3495bc6742d6799985666afeabcb') in 0.0200213 seconds
Number of updated asset objects reloaded before import = 0Number of asset objects unloaded after import = 2

========================================================================
Received Import Request.
  Time since last request: 0.000077 seconds.
  path: Assets/Sprites/Cainos/Pixel Art Platformer - Village Props/Tileset Palette/TP Ground/TX Tileset Ground_115.asset
  artifactKey: Guid(6e364f0b28336ea42813b955064b593d) Importer(2089858483,b0f066a214c2f5e87bad3c948f4d605d)
Start importing Assets/Sprites/Cainos/Pixel Art Platformer - Village Props/Tileset Palette/TP Ground/TX Tileset Ground_115.asset using Guid(6e364f0b28336ea42813b955064b593d) Importer(2089858483,b0f066a214c2f5e87bad3c948f4d605d) (ScriptedImporter) -> (artifact id: '8b20d69d35fcfe1c95e44425beff7ceb') in 0.0189826 seconds
Number of updated asset objects reloaded before import = 0Number of asset objects unloaded after import = 2

========================================================================
Received Import Request.
  Time since last request: 0.000037 seconds.
  path: Assets/Sprites/Cainos/Common/Texture/Utils/TX Utils Checker.png
  artifactKey: Guid(9f38ccca1cb4ef644b486a69e9cef663) Importer(2089858483,b0f066a214c2f5e87bad3c948f4d605d)
Start importing Assets/Sprites/Cainos/Common/Texture/Utils/TX Utils Checker.png using Guid(9f38ccca1cb4ef644b486a69e9cef663) Importer(2089858483,b0f066a214c2f5e87bad3c948f4d605d) (ScriptedImporter) -> (artifact id: '2b4ae93ecdd45f7c4a631cb7beed6394') in 0.0207215 seconds
Number of updated asset objects reloaded before import = 0Number of asset objects unloaded after import = 3

========================================================================
Received Import Request.
  Time since last request: 0.000033 seconds.
  path: Assets/Projects/GravityDash/kenney_ui-pack/Vector/Red/button_square_gradient.svg
  artifactKey: Guid(71aa8bedb2d3d44638d2dd334f323949) Importer(2089858483,b0f066a214c2f5e87bad3c948f4d605d)
Start importing Assets/Projects/GravityDash/kenney_ui-pack/Vector/Red/button_square_gradient.svg using Guid(71aa8bedb2d3d44638d2dd334f323949) Importer(2089858483,b0f066a214c2f5e87bad3c948f4d605d) (ScriptedImporter) -> (artifact id: '1126ad32d797c572a7c79e544a4955ec') in 0.0215831 seconds
Number of updated asset objects reloaded before import = 0Number of asset objects unloaded after import = 2

========================================================================
Received Import Request.
  Time since last request: 0.000039 seconds.
  path: Assets/Projects/GravityDash/kenney_ui-pack/Vector/Yellow/button_rectangle_depth_gradient.svg
  artifactKey: Guid(040299bca2e6d4bbf8538a64ff9e2a04) Importer(2089858483,b0f066a214c2f5e87bad3c948f4d605d)
Start importing Assets/Projects/GravityDash/kenney_ui-pack/Vector/Yellow/button_rectangle_depth_gradient.svg using Guid(040299bca2e6d4bbf8538a64ff9e2a04) Importer(2089858483,b0f066a214c2f5e87bad3c948f4d605d) (ScriptedImporter) -> (artifact id: '495840c5504e6e1c5e865e00aafac879') in 0.0206436 seconds
Number of updated asset objects reloaded before import = 0Number of asset objects unloaded after import = 2

========================================================================
Received Import Request.
  Time since last request: 0.000029 seconds.
  path: Assets/Projects/GravityDash/kenney_ui-pack/Vector/Red/icon_cross.svg
  artifactKey: Guid(8340c88788c5b42cbbda0570cf22f6ab) Importer(2089858483,b0f066a214c2f5e87bad3c948f4d605d)
Start importing Assets/Projects/GravityDash/kenney_ui-pack/Vector/Red/icon_cross.svg using Guid(8340c88788c5b42cbbda0570cf22f6ab) Importer(2089858483,b0f066a214c2f5e87bad3c948f4d605d) (ScriptedImporter) -> (artifact id: '7da1b48e289989e13977ae705b113e87') in 0.0157049 seconds
Number of updated asset objects reloaded before import = 0Number of asset objects unloaded after import = 1

========================================================================
Received Import Request.
  Time since last request: 0.000027 seconds.
  path: Assets/Projects/GravityDash/kenney_ui-pack/Vector/Yellow/icon_outline_checkmark.svg
  artifactKey: Guid(346cc1d553d87487b9525ce6d5d35d6b) Importer(2089858483,b0f066a214c2f5e87bad3c948f4d605d)
Start importing Assets/Projects/GravityDash/kenney_ui-pack/Vector/Yellow/icon_outline_checkmark.svg using Guid(346cc1d553d87487b9525ce6d5d35d6b) Importer(2089858483,b0f066a214c2f5e87bad3c948f4d605d) (ScriptedImporter) -> (artifact id: '08930e68ccead42daa85e2793b052c32') in 0.0166076 seconds
Number of updated asset objects reloaded before import = 0Number of asset objects unloaded after import = 1

========================================================================
Received Import Request.
  Time since last request: 0.000091 seconds.
  path: Assets/Sprites/Cainos/Pixel Art Platformer - Village Props/Tileset Palette/TP Ground/TX Tileset Ground_140.asset
  artifactKey: Guid(b1ebbae3d171fca4bada5fbf753b0afa) Importer(2089858483,b0f066a214c2f5e87bad3c948f4d605d)
Start importing Assets/Sprites/Cainos/Pixel Art Platformer - Village Props/Tileset Palette/TP Ground/TX Tileset Ground_140.asset using Guid(b1ebbae3d171fca4bada5fbf753b0afa) Importer(2089858483,b0f066a214c2f5e87bad3c948f4d605d) (ScriptedImporter) -> (artifact id: '2c40f53fae3b8e52132cc283ec05e0c5') in 0.0160224 seconds
Number of updated asset objects reloaded before import = 0Number of asset objects unloaded after import = 2

========================================================================
Received Import Request.
  Time since last request: 0.000037 seconds.
  path: Assets/Projects/GravityDash/kenney_ui-pack/Vector/Grey/icon_outline_square.svg
  artifactKey: Guid(9df543e97789647e08ed7deb57ad0b31) Importer(2089858483,b0f066a214c2f5e87bad3c948f4d605d)
Start importing Assets/Projects/GravityDash/kenney_ui-pack/Vector/Grey/icon_outline_square.svg using Guid(9df543e97789647e08ed7deb57ad0b31) Importer(2089858483,b0f066a214c2f5e87bad3c948f4d605d) (ScriptedImporter) -> (artifact id: '6c73ccb03856667367dcc90aa557cd4e') in 0.0186039 seconds
Number of updated asset objects reloaded before import = 0Number of asset objects unloaded after import = 1

========================================================================
Received Import Request.
  Time since last request: 0.000146 seconds.
  path: Assets/Projects/GravityDash/kenney_ui-pack/Vector/Yellow/slide_hangle.svg
  artifactKey: Guid(fa2c73d931e8e415fa766f2409da8676) Importer(2089858483,b0f066a214c2f5e87bad3c948f4d605d)
Start importing Assets/Projects/GravityDash/kenney_ui-pack/Vector/Yellow/slide_hangle.svg using Guid(fa2c73d931e8e415fa766f2409da8676) Importer(2089858483,b0f066a214c2f5e87bad3c948f4d605d) (ScriptedImporter) -> (artifact id: 'dd5196a4b35bb67db2e7cfd221859400') in 0.0155628 seconds
Number of updated asset objects reloaded before import = 0Number of asset objects unloaded after import = 1

========================================================================
Received Import Request.
  Time since last request: 0.000026 seconds.
  path: Assets/Projects/GravityDash/kenney_ui-pack/Vector/Red/slide_vertical_color_section_wide.svg
  artifactKey: Guid(bc24b1343c18244b5a5143491cbdd27c) Importer(2089858483,b0f066a214c2f5e87bad3c948f4d605d)
Start importing Assets/Projects/GravityDash/kenney_ui-pack/Vector/Red/slide_vertical_color_section_wide.svg using Guid(bc24b1343c18244b5a5143491cbdd27c) Importer(2089858483,b0f066a214c2f5e87bad3c948f4d605d) (ScriptedImporter) -> (artifact id: '93982966c67e8c9ed24327967c837733') in 0.0161547 seconds
Number of updated asset objects reloaded before import = 0Number of asset objects unloaded after import = 1

========================================================================
Received Import Request.
  Time since last request: 0.000116 seconds.
  path: Assets/Sprites/Cainos/Pixel Art Platformer - Village Props/Tileset Palette/TP Ground/TX Tileset Ground_153.asset
  artifactKey: Guid(8c40a90138a81ed44b1c14dbfcf662ad) Importer(2089858483,b0f066a214c2f5e87bad3c948f4d605d)
Start importing Assets/Sprites/Cainos/Pixel Art Platformer - Village Props/Tileset Palette/TP Ground/TX Tileset Ground_153.asset using Guid(8c40a90138a81ed44b1c14dbfcf662ad) Importer(2089858483,b0f066a214c2f5e87bad3c948f4d605d) (ScriptedImporter) -> (artifact id: 'e4c3535d902b2f333d37a5ece6726785') in 0.0145137 seconds
Number of updated asset objects reloaded before import = 0Number of asset objects unloaded after import = 2

========================================================================
Received Import Request.
  Time since last request: 0.000068 seconds.
  path: Assets/Projects/GravityDash/kenney_ui-pack/Vector/Grey/icon_cross.svg
  artifactKey: Guid(6c6118b0d9c914500b199f56ee7fb021) Importer(2089858483,b0f066a214c2f5e87bad3c948f4d605d)
Start importing Assets/Projects/GravityDash/kenney_ui-pack/Vector/Grey/icon_cross.svg using Guid(6c6118b0d9c914500b199f56ee7fb021) Importer(2089858483,b0f066a214c2f5e87bad3c948f4d605d) (ScriptedImporter) -> (artifact id: '671476a00f53c83fa5f67e1ceb8ec8b4') in 0.0154207 seconds
Number of updated asset objects reloaded before import = 0Number of asset objects unloaded after import = 1

========================================================================
Received Import Request.
  Time since last request: 0.000195 seconds.
  path: Assets/Projects/GravityDash/kenney_ui-pack/Vector/Grey/icon_square.svg
  artifactKey: Guid(217345fd89aff40aa986982c2d61a8bc) Importer(2089858483,b0f066a214c2f5e87bad3c948f4d605d)
Start importing Assets/Projects/GravityDash/kenney_ui-pack/Vector/Grey/icon_square.svg using Guid(217345fd89aff40aa986982c2d61a8bc) Importer(2089858483,b0f066a214c2f5e87bad3c948f4d605d) (ScriptedImporter) -> (artifact id: 'c01c9f7ebe8a8b65dc453b1f442247ab') in 0.0162193 seconds
Number of updated asset objects reloaded before import = 0Number of asset objects unloaded after import = 1

========================================================================
Received Import Request.
  Time since last request: 0.000114 seconds.
  path: Assets/Sprites/Cainos/Pixel Art Platformer - Village Props/Tileset Palette/TP Ground/TX Tileset Ground_124.asset
  artifactKey: Guid(4d078929644baef49866a25156dbc4de) Importer(2089858483,b0f066a214c2f5e87bad3c948f4d605d)
Start importing Assets/Sprites/Cainos/Pixel Art Platformer - Village Props/Tileset Palette/TP Ground/TX Tileset Ground_124.asset using Guid(4d078929644baef49866a25156dbc4de) Importer(2089858483,b0f066a214c2f5e87bad3c948f4d605d) (ScriptedImporter) -> (artifact id: '8a383ea64a03d8c4ccc2eceee3f8e50a') in 0.0185222 seconds
Number of updated asset objects reloaded before import = 0Number of asset objects unloaded after import = 2

========================================================================
Received Import Request.
  Time since last request: 0.000040 seconds.
  path: Assets/Sprites/Cainos/Pixel Art Platformer - Village Props/Tileset Palette/TP Ground/TX Tileset Ground_16.asset
  artifactKey: Guid(219c56611456eb4439f93a31a07abe72) Importer(2089858483,b0f066a214c2f5e87bad3c948f4d605d)
Start importing Assets/Sprites/Cainos/Pixel Art Platformer - Village Props/Tileset Palette/TP Ground/TX Tileset Ground_16.asset using Guid(219c56611456eb4439f93a31a07abe72) Importer(2089858483,b0f066a214c2f5e87bad3c948f4d605d) (ScriptedImporter) -> (artifact id: 'd6ffac62b874f010b85142f6268259a1') in 0.0197785 seconds
Number of updated asset objects reloaded before import = 0Number of asset objects unloaded after import = 2

========================================================================
Received Import Request.
  Time since last request: 0.000067 seconds.
  path: Assets/Projects/GravityDash/kenney_ui-pack/Vector/Grey/slide_vertical_grey.svg
  artifactKey: Guid(c8e78bd1d935c42f2b651e82186abfb9) Importer(2089858483,b0f066a214c2f5e87bad3c948f4d605d)
Start importing Assets/Projects/GravityDash/kenney_ui-pack/Vector/Grey/slide_vertical_grey.svg using Guid(c8e78bd1d935c42f2b651e82186abfb9) Importer(2089858483,b0f066a214c2f5e87bad3c948f4d605d) (ScriptedImporter) -> (artifact id: 'ca9057d0b4a2ace07b2ea2010153f0e9') in 0.0191154 seconds
Number of updated asset objects reloaded before import = 0Number of asset objects unloaded after import = 1

========================================================================
Received Import Request.
  Time since last request: 0.000029 seconds.
  path: Assets/Sprites/Cainos/Pixel Art Platformer - Village Props/Tileset Palette/TP Ground/TX Tileset Ground_145.asset
  artifactKey: Guid(9ef3eff934c5d09409320d8cc2474f2f) Importer(2089858483,b0f066a214c2f5e87bad3c948f4d605d)
Start importing Assets/Sprites/Cainos/Pixel Art Platformer - Village Props/Tileset Palette/TP Ground/TX Tileset Ground_145.asset using Guid(9ef3eff934c5d09409320d8cc2474f2f) Importer(2089858483,b0f066a214c2f5e87bad3c948f4d605d) (ScriptedImporter) -> (artifact id: '6efdbb90afc929343d85c49b5ccb62ec') in 0.0201798 seconds
Number of updated asset objects reloaded before import = 0Number of asset objects unloaded after import = 2

========================================================================
Received Import Request.
  Time since last request: 0.000027 seconds.
  path: Assets/Sprites/Cainos/Pixel Art Platformer - Village Props/Script/Editor/ChestEditor.cs
  artifactKey: Guid(40a6ca1c7e69cdc43aa3530067d930e5) Importer(2089858483,b0f066a214c2f5e87bad3c948f4d605d)
Start importing Assets/Sprites/Cainos/Pixel Art Platformer - Village Props/Script/Editor/ChestEditor.cs using Guid(40a6ca1c7e69cdc43aa3530067d930e5) Importer(2089858483,b0f066a214c2f5e87bad3c948f4d605d) (ScriptedImporter) -> (artifact id: '6270667bd90ac6e0ed10a26e768104f5') in 0.020808 seconds
Number of updated asset objects reloaded before import = 0Number of asset objects unloaded after import = 0

========================================================================
Received Import Request.
  Time since last request: 0.000050 seconds.
  path: Assets/Projects/GravityDash/kenney_ui-pack/Vector/Grey/icon_outline_circle.svg
  artifactKey: Guid(41b2c94b926fc4b71b14d00f70112dbe) Importer(2089858483,b0f066a214c2f5e87bad3c948f4d605d)
Start importing Assets/Projects/GravityDash/kenney_ui-pack/Vector/Grey/icon_outline_circle.svg using Guid(41b2c94b926fc4b71b14d00f70112dbe) Importer(2089858483,b0f066a214c2f5e87bad3c948f4d605d) (ScriptedImporter) -> (artifact id: '90703a7faec25f921042e6cd83e4bca3') in 0.0238871 seconds
Number of updated asset objects reloaded before import = 0Number of asset objects unloaded after import = 1

========================================================================
Received Import Request.
  Time since last request: 0.000134 seconds.
  path: Assets/Projects/GravityDash/kenney_ui-pack/Vector/Yellow/icon_square.svg
  artifactKey: Guid(f75d58621b09b4a94aa65562de8c3a14) Importer(2089858483,b0f066a214c2f5e87bad3c948f4d605d)
Start importing Assets/Projects/GravityDash/kenney_ui-pack/Vector/Yellow/icon_square.svg using Guid(f75d58621b09b4a94aa65562de8c3a14) Importer(2089858483,b0f066a214c2f5e87bad3c948f4d605d) (ScriptedImporter) -> (artifact id: 'adea321db234d28d38b161c1c07df783') in 0.0255799 seconds
Number of updated asset objects reloaded before import = 0Number of asset objects unloaded after import = 1

========================================================================
Received Import Request.
  Time since last request: 0.000409 seconds.
  path: Assets/Projects/GravityDash/kenney_ui-pack/Vector/Red/arrow_decorative_n.svg
  artifactKey: Guid(a2081237b888a48f89238368ad1a253e) Importer(2089858483,b0f066a214c2f5e87bad3c948f4d605d)
Start importing Assets/Projects/GravityDash/kenney_ui-pack/Vector/Red/arrow_decorative_n.svg using Guid(a2081237b888a48f89238368ad1a253e) Importer(2089858483,b0f066a214c2f5e87bad3c948f4d605d) (ScriptedImporter) -> (artifact id: '60a66d7dce4ac83e6f9f9dbce80167e4') in 0.0279389 seconds
Number of updated asset objects reloaded before import = 0Number of asset objects unloaded after import = 1

========================================================================
Received Import Request.
  Time since last request: 0.000285 seconds.
  path: Assets/Projects/GravityDash/kenney_ui-pack/Vector/Red/arrow_basic_n_small.svg
  artifactKey: Guid(daf383186794740c18bcfdee7172f654) Importer(2089858483,b0f066a214c2f5e87bad3c948f4d605d)
Start importing Assets/Projects/GravityDash/kenney_ui-pack/Vector/Red/arrow_basic_n_small.svg using Guid(daf383186794740c18bcfdee7172f654) Importer(2089858483,b0f066a214c2f5e87bad3c948f4d605d) (ScriptedImporter) -> (artifact id: '98deb7382320049fda6e4eccd94322c3') in 0.0230964 seconds
Number of updated asset objects reloaded before import = 0Number of asset objects unloaded after import = 1

========================================================================
Received Import Request.
  Time since last request: 0.000021 seconds.
  path: Assets/Projects/GravityDash/kenney_ui-pack/Vector/Yellow/slide_vertical_color_section.svg
  artifactKey: Guid(4ca42fe6c0db44ac18e8cb7a946afd3e) Importer(2089858483,b0f066a214c2f5e87bad3c948f4d605d)
Start importing Assets/Projects/GravityDash/kenney_ui-pack/Vector/Yellow/slide_vertical_color_section.svg using Guid(4ca42fe6c0db44ac18e8cb7a946afd3e) Importer(2089858483,b0f066a214c2f5e87bad3c948f4d605d) (ScriptedImporter) -> (artifact id: '587432a62927d903203f5a64bb7bba50') in 0.0250502 seconds
Number of updated asset objects reloaded before import = 0Number of asset objects unloaded after import = 1

========================================================================
Received Import Request.
  Time since last request: 0.000143 seconds.
  path: Assets/Projects/GravityDash/kenney_ui-pack/Vector/Red/slide_horizontal_color.svg
  artifactKey: Guid(f04813a124dcd4aa2901b6ede8170b62) Importer(2089858483,b0f066a214c2f5e87bad3c948f4d605d)
Start importing Assets/Projects/GravityDash/kenney_ui-pack/Vector/Red/slide_horizontal_color.svg using Guid(f04813a124dcd4aa2901b6ede8170b62) Importer(2089858483,b0f066a214c2f5e87bad3c948f4d605d) (ScriptedImporter) -> (artifact id: '8919672b9a5c65f59280f4a4c2769587') in 0.0235022 seconds
Number of updated asset objects reloaded before import = 0Number of asset objects unloaded after import = 1

========================================================================
Received Import Request.
  Time since last request: 0.000075 seconds.
  path: Assets/Projects/GravityDash/kenney_ui-pack/Vector/Grey/icon_outline_cross.svg
  artifactKey: Guid(cd336c46690c548ba91dd1fa09393bf6) Importer(2089858483,b0f066a214c2f5e87bad3c948f4d605d)
Start importing Assets/Projects/GravityDash/kenney_ui-pack/Vector/Grey/icon_outline_cross.svg using Guid(cd336c46690c548ba91dd1fa09393bf6) Importer(2089858483,b0f066a214c2f5e87bad3c948f4d605d) (ScriptedImporter) -> (artifact id: '10d2c86f4e7e9e775c7a5646bd252291') in 0.0285143 seconds
Number of updated asset objects reloaded before import = 0Number of asset objects unloaded after import = 1

========================================================================
Received Import Request.
  Time since last request: 0.000066 seconds.
  path: Assets/Projects/GravityDash/kenney_ui-pack/Vector/Red/icon_outline_cross.svg
  artifactKey: Guid(e4bcaeffd947f4817a8c5dffea4d066b) Importer(2089858483,b0f066a214c2f5e87bad3c948f4d605d)
Start importing Assets/Projects/GravityDash/kenney_ui-pack/Vector/Red/icon_outline_cross.svg using Guid(e4bcaeffd947f4817a8c5dffea4d066b) Importer(2089858483,b0f066a214c2f5e87bad3c948f4d605d) (ScriptedImporter) -> (artifact id: '285882921fe96cd276a7b1a443220bc7') in 0.0226883 seconds
Number of updated asset objects reloaded before import = 0Number of asset objects unloaded after import = 1

========================================================================
Received Import Request.
  Time since last request: 0.000148 seconds.
  path: Assets/Projects/GravityDash/kenney_ui-pack/Vector/Red/icon_circle.svg
  artifactKey: Guid(b58e9e23c961e478ab127ee6ab8351c7) Importer(2089858483,b0f066a214c2f5e87bad3c948f4d605d)
Start importing Assets/Projects/GravityDash/kenney_ui-pack/Vector/Red/icon_circle.svg using Guid(b58e9e23c961e478ab127ee6ab8351c7) Importer(2089858483,b0f066a214c2f5e87bad3c948f4d605d) (ScriptedImporter) -> (artifact id: 'c03ec3426197eeee623e3e96aae0a69f') in 0.0200965 seconds
Number of updated asset objects reloaded before import = 0Number of asset objects unloaded after import = 1

========================================================================
Received Import Request.
  Time since last request: 0.000105 seconds.
  path: Assets/Projects/GravityDash/kenney_ui-pack/Vector/Yellow/icon_circle.svg
  artifactKey: Guid(0788228e427bb42aa89651fa7fc992b4) Importer(2089858483,b0f066a214c2f5e87bad3c948f4d605d)
Start importing Assets/Projects/GravityDash/kenney_ui-pack/Vector/Yellow/icon_circle.svg using Guid(0788228e427bb42aa89651fa7fc992b4) Importer(2089858483,b0f066a214c2f5e87bad3c948f4d605d) (ScriptedImporter) -> (artifact id: 'be6fc70a032b4ae800864d96cfad45eb') in 0.0200093 seconds
Number of updated asset objects reloaded before import = 0Number of asset objects unloaded after import = 1

========================================================================
Received Import Request.
  Time since last request: 0.000063 seconds.
  path: Assets/Sprites/Cainos/Pixel Art Platformer - Village Props/Tileset Palette/TP Ground/TX Tileset Ground_108.asset
  artifactKey: Guid(8d6c156458ca55242a50f6228c162d0a) Importer(2089858483,b0f066a214c2f5e87bad3c948f4d605d)
Start importing Assets/Sprites/Cainos/Pixel Art Platformer - Village Props/Tileset Palette/TP Ground/TX Tileset Ground_108.asset using Guid(8d6c156458ca55242a50f6228c162d0a) Importer(2089858483,b0f066a214c2f5e87bad3c948f4d605d) (ScriptedImporter) -> (artifact id: '948022e207d3e8e74f5849e2eab79df3') in 0.0171661 seconds
Number of updated asset objects reloaded before import = 0Number of asset objects unloaded after import = 2

========================================================================
Received Import Request.
  Time since last request: 0.000038 seconds.
  path: Assets/Sprites/Cainos/Pixel Art Platformer - Village Props/Tileset Palette/TP Ground/TX Tileset Ground_104.asset
  artifactKey: Guid(dac5139ad2edb954bb628ed049e8df7b) Importer(2089858483,b0f066a214c2f5e87bad3c948f4d605d)
Start importing Assets/Sprites/Cainos/Pixel Art Platformer - Village Props/Tileset Palette/TP Ground/TX Tileset Ground_104.asset using Guid(dac5139ad2edb954bb628ed049e8df7b) Importer(2089858483,b0f066a214c2f5e87bad3c948f4d605d) (ScriptedImporter) -> (artifact id: 'a8342b227263af480a0396c83f9dad73') in 0.0190251 seconds
Number of updated asset objects reloaded before import = 0Number of asset objects unloaded after import = 2

========================================================================
Received Import Request.
  Time since last request: 0.000028 seconds.
  path: Assets/Projects/GravityDash/kenney_ui-pack/Vector/Yellow/check_round_grey_circle.svg
  artifactKey: Guid(1589e30e88db84820a8bdb3964d6f67c) Importer(2089858483,b0f066a214c2f5e87bad3c948f4d605d)
Start importing Assets/Projects/GravityDash/kenney_ui-pack/Vector/Yellow/check_round_grey_circle.svg using Guid(1589e30e88db84820a8bdb3964d6f67c) Importer(2089858483,b0f066a214c2f5e87bad3c948f4d605d) (ScriptedImporter) -> (artifact id: '18f5b18a2453a19dd0bc0336b240226e') in 0.0198079 seconds
Number of updated asset objects reloaded before import = 0Number of asset objects unloaded after import = 1

========================================================================
Received Import Request.
  Time since last request: 0.000056 seconds.
  path: Assets/Projects/GravityDash/kenney_ui-pack/Vector/Yellow/button_round_gradient.svg
  artifactKey: Guid(852b57636bfb34c888a0b97b1eb40075) Importer(2089858483,b0f066a214c2f5e87bad3c948f4d605d)
Start importing Assets/Projects/GravityDash/kenney_ui-pack/Vector/Yellow/button_round_gradient.svg using Guid(852b57636bfb34c888a0b97b1eb40075) Importer(2089858483,b0f066a214c2f5e87bad3c948f4d605d) (ScriptedImporter) -> (artifact id: '77acd49524446ba6140ad195f87d3c11') in 0.0291218 seconds
Number of updated asset objects reloaded before import = 0Number of asset objects unloaded after import = 2

========================================================================
Received Import Request.
  Time since last request: 0.000038 seconds.
  path: Assets/Sprites/Cainos/Pixel Art Platformer - Village Props/Script/Editor/ElevatorEditor.cs
  artifactKey: Guid(f6254e17ada0781438d398a8bcda55f3) Importer(2089858483,b0f066a214c2f5e87bad3c948f4d605d)
Start importing Assets/Sprites/Cainos/Pixel Art Platformer - Village Props/Script/Editor/ElevatorEditor.cs using Guid(f6254e17ada0781438d398a8bcda55f3) Importer(2089858483,b0f066a214c2f5e87bad3c948f4d605d) (ScriptedImporter) -> (artifact id: '74b9bc528ce209e7a2947143e3fd42f3') in 0.017245 seconds
Number of updated asset objects reloaded before import = 0Number of asset objects unloaded after import = 0

========================================================================
Received Import Request.
  Time since last request: 0.000173 seconds.
  path: Assets/Projects/GravityDash/kenney_ui-pack/Vector/Yellow/slide_horizontal_grey.svg
  artifactKey: Guid(3294c1c6e3c144b058009c6bbcfe4cf5) Importer(2089858483,b0f066a214c2f5e87bad3c948f4d605d)
Start importing Assets/Projects/GravityDash/kenney_ui-pack/Vector/Yellow/slide_horizontal_grey.svg using Guid(3294c1c6e3c144b058009c6bbcfe4cf5) Importer(2089858483,b0f066a214c2f5e87bad3c948f4d605d) (ScriptedImporter) -> (artifact id: '7210bd31579b911c069c5fd64617c575') in 0.0196352 seconds
Number of updated asset objects reloaded before import = 0Number of asset objects unloaded after import = 1

========================================================================
Received Import Request.
  Time since last request: 0.000024 seconds.
  path: Assets/Sprites/Cainos/Pixel Art Platformer - Village Props/Tileset Palette/TP Ground/TX Tileset Ground_17.asset
  artifactKey: Guid(3a98eb28e20145b468ef3e57b8a6d56a) Importer(2089858483,b0f066a214c2f5e87bad3c948f4d605d)
Start importing Assets/Sprites/Cainos/Pixel Art Platformer - Village Props/Tileset Palette/TP Ground/TX Tileset Ground_17.asset using Guid(3a98eb28e20145b468ef3e57b8a6d56a) Importer(2089858483,b0f066a214c2f5e87bad3c948f4d605d) (ScriptedImporter) -> (artifact id: '3f2207744eb9758453e52c458d73c8d7') in 0.0186553 seconds
Number of updated asset objects reloaded before import = 0Number of asset objects unloaded after import = 2

========================================================================
Received Import Request.
  Time since last request: 0.000032 seconds.
  path: Assets/Sprites/Cainos/Pixel Art Platformer - Village Props/Tileset Palette/TP Ground/TX Tileset Ground_157.asset
  artifactKey: Guid(bf01fe4370e249a4cb0e32acd7919282) Importer(2089858483,b0f066a214c2f5e87bad3c948f4d605d)
Start importing Assets/Sprites/Cainos/Pixel Art Platformer - Village Props/Tileset Palette/TP Ground/TX Tileset Ground_157.asset using Guid(bf01fe4370e249a4cb0e32acd7919282) Importer(2089858483,b0f066a214c2f5e87bad3c948f4d605d) (ScriptedImporter) -> (artifact id: '237110bd5117e526ed1901963a305d1f') in 0.0172297 seconds
Number of updated asset objects reloaded before import = 0Number of asset objects unloaded after import = 2

========================================================================
Received Import Request.
  Time since last request: 0.000036 seconds.
  path: Assets/Projects/GravityDash/kenney_ui-pack/Vector/Red/arrow_decorative_s.svg
  artifactKey: Guid(6307d2196ac104f27bfd60596ef0df41) Importer(2089858483,b0f066a214c2f5e87bad3c948f4d605d)
Start importing Assets/Projects/GravityDash/kenney_ui-pack/Vector/Red/arrow_decorative_s.svg using Guid(6307d2196ac104f27bfd60596ef0df41) Importer(2089858483,b0f066a214c2f5e87bad3c948f4d605d) (ScriptedImporter) -> (artifact id: 'a34258e5a425004ed43e0dfffa383fba') in 0.0213081 seconds
Number of updated asset objects reloaded before import = 0Number of asset objects unloaded after import = 1

========================================================================
Received Import Request.
  Time since last request: 0.000099 seconds.
  path: Assets/Projects/GravityDash/kenney_ui-pack/Vector/Grey/button_round_depth_gradient.svg
  artifactKey: Guid(e1d6dfa6b525547cbbf4b8b08b0f0a9a) Importer(2089858483,b0f066a214c2f5e87bad3c948f4d605d)
Start importing Assets/Projects/GravityDash/kenney_ui-pack/Vector/Grey/button_round_depth_gradient.svg using Guid(e1d6dfa6b525547cbbf4b8b08b0f0a9a) Importer(2089858483,b0f066a214c2f5e87bad3c948f4d605d) (ScriptedImporter) -> (artifact id: 'fe8959531a42f55cd14a13a5c4d8ada3') in 0.0246235 seconds
Number of updated asset objects reloaded before import = 0Number of asset objects unloaded after import = 2

========================================================================
Received Import Request.
  Time since last request: 0.000025 seconds.
  path: Assets/Sprites/Cainos/Pixel Art Platformer - Village Props/Animation/Chest Golden/AM Chest Golden - Closed.anim
  artifactKey: Guid(eb2a5b8d9dcd5cf4cae7b03bec92c0f9) Importer(2089858483,b0f066a214c2f5e87bad3c948f4d605d)
Start importing Assets/Sprites/Cainos/Pixel Art Platformer - Village Props/Animation/Chest Golden/AM Chest Golden - Closed.anim using Guid(eb2a5b8d9dcd5cf4cae7b03bec92c0f9) Importer(2089858483,b0f066a214c2f5e87bad3c948f4d605d) (ScriptedImporter) -> (artifact id: '33f87bd6c1c7f82420845a7abd65f27b') in 0.0206727 seconds
Number of updated asset objects reloaded before import = 0Number of asset objects unloaded after import = 1

========================================================================
Received Import Request.
  Time since last request: 0.000140 seconds.
  path: Assets/Projects/GravityDash/kenney_ui-pack/Vector/Green/slide_horizontal_grey_section.svg
  artifactKey: Guid(1a6c383f8f2824f408469e4723e0060d) Importer(2089858483,b0f066a214c2f5e87bad3c948f4d605d)
Start importing Assets/Projects/GravityDash/kenney_ui-pack/Vector/Green/slide_horizontal_grey_section.svg using Guid(1a6c383f8f2824f408469e4723e0060d) Importer(2089858483,b0f066a214c2f5e87bad3c948f4d605d) (ScriptedImporter) -> (artifact id: 'bb9420124ba7120c332f646963e0b548') in 0.0207717 seconds
Number of updated asset objects reloaded before import = 0Number of asset objects unloaded after import = 1

========================================================================
Received Import Request.
  Time since last request: 0.000143 seconds.
  path: Assets/Sprites/Cainos/Pixel Art Platformer - Village Props/Tileset Palette/TP Ground/TX Tileset Ground_152.asset
  artifactKey: Guid(176824998c8f1ac4b9bcb40a6b3daaed) Importer(2089858483,b0f066a214c2f5e87bad3c948f4d605d)
Start importing Assets/Sprites/Cainos/Pixel Art Platformer - Village Props/Tileset Palette/TP Ground/TX Tileset Ground_152.asset using Guid(176824998c8f1ac4b9bcb40a6b3daaed) Importer(2089858483,b0f066a214c2f5e87bad3c948f4d605d) (ScriptedImporter) -> (artifact id: '38a239f9045c395ddf079a23f9a63095') in 0.0170305 seconds
Number of updated asset objects reloaded before import = 0Number of asset objects unloaded after import = 2

========================================================================
Received Import Request.
  Time since last request: 0.000029 seconds.
  path: Assets/Projects/GravityDash/kenney_ui-pack/Vector/Green/icon_circle.svg
  artifactKey: Guid(d18743ffe5d1b4204bf888c154c1916e) Importer(2089858483,b0f066a214c2f5e87bad3c948f4d605d)
Start importing Assets/Projects/GravityDash/kenney_ui-pack/Vector/Green/icon_circle.svg using Guid(d18743ffe5d1b4204bf888c154c1916e) Importer(2089858483,b0f066a214c2f5e87bad3c948f4d605d) (ScriptedImporter) -> (artifact id: 'e8c89605a072d5479f67d719f149cba8') in 0.0209628 seconds
Number of updated asset objects reloaded before import = 0Number of asset objects unloaded after import = 1

========================================================================
Received Import Request.
  Time since last request: 0.000027 seconds.
  path: Assets/Projects/GravityDash/kenney_ui-pack/Vector/Red/arrow_decorative_w_small.svg
  artifactKey: Guid(81efd15eddc764e0894ec4e80fd8a1c3) Importer(2089858483,b0f066a214c2f5e87bad3c948f4d605d)
Start importing Assets/Projects/GravityDash/kenney_ui-pack/Vector/Red/arrow_decorative_w_small.svg using Guid(81efd15eddc764e0894ec4e80fd8a1c3) Importer(2089858483,b0f066a214c2f5e87bad3c948f4d605d) (ScriptedImporter) -> (artifact id: '70686f754b5ec6b760bd4a2fec805134') in 0.0208376 seconds
Number of updated asset objects reloaded before import = 0Number of asset objects unloaded after import = 1

========================================================================
Received Import Request.
  Time since last request: 0.000114 seconds.
  path: Assets/Projects/GravityDash/kenney_new-platformer-pack-1.1/Vector/Tiles/terrain_stone_horizontal_overhang_right.svg
  artifactKey: Guid(b6025a832497a4819b33a766356c2cc7) Importer(2089858483,b0f066a214c2f5e87bad3c948f4d605d)
Start importing Assets/Projects/GravityDash/kenney_new-platformer-pack-1.1/Vector/Tiles/terrain_stone_horizontal_overhang_right.svg using Guid(b6025a832497a4819b33a766356c2cc7) Importer(2089858483,b0f066a214c2f5e87bad3c948f4d605d) (ScriptedImporter) -> (artifact id: '18ad2bde2871ef72db4d32016804a188') in 0.0252078 seconds
Number of updated asset objects reloaded before import = 0Number of asset objects unloaded after import = 1

========================================================================
Received Import Request.
  Time since last request: 0.000043 seconds.
  path: Assets/Projects/GravityDash/kenney_ui-pack/Vector/Green/arrow_decorative_n_small.svg
  artifactKey: Guid(01d572463f2b9433ab1248e2f39e3119) Importer(2089858483,b0f066a214c2f5e87bad3c948f4d605d)
Start importing Assets/Projects/GravityDash/kenney_ui-pack/Vector/Green/arrow_decorative_n_small.svg using Guid(01d572463f2b9433ab1248e2f39e3119) Importer(2089858483,b0f066a214c2f5e87bad3c948f4d605d) (ScriptedImporter) -> (artifact id: '117ff33a3be1c5cadf448acdf7f9fe1d') in 0.0206717 seconds
Number of updated asset objects reloaded before import = 0Number of asset objects unloaded after import = 1

========================================================================
Received Import Request.
  Time since last request: 0.000074 seconds.
  path: Assets/Projects/GravityDash/kenney_ui-pack/Vector/Red/arrow_decorative_e.svg
  artifactKey: Guid(1a6fd11232f2b4ddf8d0bd98f08355cb) Importer(2089858483,b0f066a214c2f5e87bad3c948f4d605d)
Start importing Assets/Projects/GravityDash/kenney_ui-pack/Vector/Red/arrow_decorative_e.svg using Guid(1a6fd11232f2b4ddf8d0bd98f08355cb) Importer(2089858483,b0f066a214c2f5e87bad3c948f4d605d) (ScriptedImporter) -> (artifact id: '496a81ff2c07ab77c0ab29a1bc010134') in 0.0196863 seconds
Number of updated asset objects reloaded before import = 0Number of asset objects unloaded after import = 1

========================================================================
Received Import Request.
  Time since last request: 0.000126 seconds.
  path: Assets/Projects/GravityDash/kenney_ui-pack/Vector/Green/button_round_gradient.svg
  artifactKey: Guid(ece20935c2bcb41e098d2e6e3ead70fb) Importer(2089858483,b0f066a214c2f5e87bad3c948f4d605d)
Start importing Assets/Projects/GravityDash/kenney_ui-pack/Vector/Green/button_round_gradient.svg using Guid(ece20935c2bcb41e098d2e6e3ead70fb) Importer(2089858483,b0f066a214c2f5e87bad3c948f4d605d) (ScriptedImporter) -> (artifact id: '37d66601f102afd99896fb1f6b3629e8') in 0.0215993 seconds
Number of updated asset objects reloaded before import = 0Number of asset objects unloaded after import = 2

========================================================================
Received Import Request.
  Time since last request: 0.000034 seconds.
  path: Assets/Projects/GravityDash/kenney_ui-pack/Vector/Yellow/slide_horizontal_color_section.svg
  artifactKey: Guid(1fcbbcc76d9834a649a09216f1386255) Importer(2089858483,b0f066a214c2f5e87bad3c948f4d605d)
Start importing Assets/Projects/GravityDash/kenney_ui-pack/Vector/Yellow/slide_horizontal_color_section.svg using Guid(1fcbbcc76d9834a649a09216f1386255) Importer(2089858483,b0f066a214c2f5e87bad3c948f4d605d) (ScriptedImporter) -> (artifact id: '69dbf453e80a119eecf30531628d71f9') in 0.02041 seconds
Number of updated asset objects reloaded before import = 0Number of asset objects unloaded after import = 1

========================================================================
Received Import Request.
  Time since last request: 0.000058 seconds.
  path: Assets/Projects/GravityDash/kenney_new-platformer-pack-1.1/Vector/Tiles/terrain_snow_block_top_right.svg
  artifactKey: Guid(b5be27dc665dc4a7795826269bd5ff84) Importer(2089858483,b0f066a214c2f5e87bad3c948f4d605d)
Start importing Assets/Projects/GravityDash/kenney_new-platformer-pack-1.1/Vector/Tiles/terrain_snow_block_top_right.svg using Guid(b5be27dc665dc4a7795826269bd5ff84) Importer(2089858483,b0f066a214c2f5e87bad3c948f4d605d) (ScriptedImporter) -> (artifact id: '9b8f203c0a9207124dae0109c1a32df6') in 0.0184807 seconds
Number of updated asset objects reloaded before import = 0Number of asset objects unloaded after import = 1

========================================================================
Received Import Request.
  Time since last request: 0.000150 seconds.
  path: Assets/Projects/GravityDash/kenney_ui-pack/Vector/Grey/check_square_grey_checkmark.svg
  artifactKey: Guid(df105dbde3d0c43b9a57a8b36d18f4c6) Importer(2089858483,b0f066a214c2f5e87bad3c948f4d605d)
Start importing Assets/Projects/GravityDash/kenney_ui-pack/Vector/Grey/check_square_grey_checkmark.svg using Guid(df105dbde3d0c43b9a57a8b36d18f4c6) Importer(2089858483,b0f066a214c2f5e87bad3c948f4d605d) (ScriptedImporter) -> (artifact id: '35e0c9108a4b9ecc0d00296ed689d4bf') in 0.0180465 seconds
Number of updated asset objects reloaded before import = 0Number of asset objects unloaded after import = 1

========================================================================
Received Import Request.
  Time since last request: 0.000030 seconds.
  path: Assets/Projects/GravityDash/kenney_ui-pack/Vector/Red/button_round_line.svg
  artifactKey: Guid(e78021e186288450ebe5d6f292e515e3) Importer(2089858483,b0f066a214c2f5e87bad3c948f4d605d)
Start importing Assets/Projects/GravityDash/kenney_ui-pack/Vector/Red/button_round_line.svg using Guid(e78021e186288450ebe5d6f292e515e3) Importer(2089858483,b0f066a214c2f5e87bad3c948f4d605d) (ScriptedImporter) -> (artifact id: '6954d49096fe363d5171cc214ec96640') in 0.020477 seconds
Number of updated asset objects reloaded before import = 0Number of asset objects unloaded after import = 1

========================================================================
Received Import Request.
  Time since last request: 0.000060 seconds.
  path: Assets/Projects/GravityDash/kenney_new-platformer-pack-1.1/Sprites/Enemies/Default/slime_fire_rest.png
  artifactKey: Guid(d3db660048cde407a8e9eb404dc176ad) Importer(2089858483,b0f066a214c2f5e87bad3c948f4d605d)
Start importing Assets/Projects/GravityDash/kenney_new-platformer-pack-1.1/Sprites/Enemies/Default/slime_fire_rest.png using Guid(d3db660048cde407a8e9eb404dc176ad) Importer(2089858483,b0f066a214c2f5e87bad3c948f4d605d) (ScriptedImporter) -> (artifact id: 'c08b5e51d37d97c9d005ea67a4aaee69') in 0.025757 seconds
Number of updated asset objects reloaded before import = 0Number of asset objects unloaded after import = 3

========================================================================
Received Import Request.
  Time since last request: 0.000031 seconds.
  path: Assets/Sprites/Cainos/Pixel Art Platformer - Village Props/Tileset Palette/TP Ground/TX Tileset Ground_26.asset
  artifactKey: Guid(aa2d87783e6e6b24b84c72a31592c6de) Importer(2089858483,b0f066a214c2f5e87bad3c948f4d605d)
Start importing Assets/Sprites/Cainos/Pixel Art Platformer - Village Props/Tileset Palette/TP Ground/TX Tileset Ground_26.asset using Guid(aa2d87783e6e6b24b84c72a31592c6de) Importer(2089858483,b0f066a214c2f5e87bad3c948f4d605d) (ScriptedImporter) -> (artifact id: 'b3803dd8c38a188a8d07a1bf737e17aa') in 0.0188076 seconds
Number of updated asset objects reloaded before import = 0Number of asset objects unloaded after import = 2

========================================================================
Received Import Request.
  Time since last request: 0.000023 seconds.
  path: Assets/Projects/GravityDash/kenney_new-platformer-pack-1.1/Sprites/Characters/Default/character_yellow_hit.png
  artifactKey: Guid(aa28f0a59473d408ebbba41de9b87b0d) Importer(2089858483,b0f066a214c2f5e87bad3c948f4d605d)
Start importing Assets/Projects/GravityDash/kenney_new-platformer-pack-1.1/Sprites/Characters/Default/character_yellow_hit.png using Guid(aa28f0a59473d408ebbba41de9b87b0d) Importer(2089858483,b0f066a214c2f5e87bad3c948f4d605d) (ScriptedImporter) -> (artifact id: 'd39f10f09680bc019c65d7213541657f') in 0.0247404 seconds
Number of updated asset objects reloaded before import = 0Number of asset objects unloaded after import = 3

========================================================================
Received Import Request.
  Time since last request: 0.000032 seconds.
  path: Assets/Projects/GravityDash/kenney_new-platformer-pack-1.1/Sprites/Characters/Default/character_pink_jump.png
  artifactKey: Guid(c5bb2110bdcbd405c8dbbf28ffb4384a) Importer(2089858483,b0f066a214c2f5e87bad3c948f4d605d)
Start importing Assets/Projects/GravityDash/kenney_new-platformer-pack-1.1/Sprites/Characters/Default/character_pink_jump.png using Guid(c5bb2110bdcbd405c8dbbf28ffb4384a) Importer(2089858483,b0f066a214c2f5e87bad3c948f4d605d) (ScriptedImporter) -> (artifact id: 'e4793035b6b675c8844eeb03696a995c') in 0.0221218 seconds
Number of updated asset objects reloaded before import = 0Number of asset objects unloaded after import = 3

========================================================================
Received Import Request.
  Time since last request: 0.000059 seconds.
  path: Assets/Projects/GravityDash/kenney_new-platformer-pack-1.1/Sprites/Enemies/Default/worm_normal_move_b.png
  artifactKey: Guid(bbe289e8dde8d4edaa1cdf89a3e1c5b3) Importer(2089858483,b0f066a214c2f5e87bad3c948f4d605d)
Start importing Assets/Projects/GravityDash/kenney_new-platformer-pack-1.1/Sprites/Enemies/Default/worm_normal_move_b.png using Guid(bbe289e8dde8d4edaa1cdf89a3e1c5b3) Importer(2089858483,b0f066a214c2f5e87bad3c948f4d605d) (ScriptedImporter) -> (artifact id: '90d5bc70b79347094d1a5da2fadcdd09') in 0.0175681 seconds
Number of updated asset objects reloaded before import = 0Number of asset objects unloaded after import = 3

========================================================================
Received Import Request.
  Time since last request: 0.000047 seconds.
  path: Assets/Sprites/Cainos/Pixel Art Platformer - Village Props/Tileset Palette/TP Ground/TX Tileset Ground_21.asset
  artifactKey: Guid(26f6567865bdaf0438cb400adef5888d) Importer(2089858483,b0f066a214c2f5e87bad3c948f4d605d)
Start importing Assets/Sprites/Cainos/Pixel Art Platformer - Village Props/Tileset Palette/TP Ground/TX Tileset Ground_21.asset using Guid(26f6567865bdaf0438cb400adef5888d) Importer(2089858483,b0f066a214c2f5e87bad3c948f4d605d) (ScriptedImporter) -> (artifact id: '95cc727bb4fd9aae76a34ca12f982c2c') in 0.0153202 seconds
Number of updated asset objects reloaded before import = 0Number of asset objects unloaded after import = 2

========================================================================
Received Import Request.
  Time since last request: 0.000027 seconds.
  path: Assets/Sprites/Cainos/Pixel Art Platformer - Village Props/Tileset Palette/TP Ground/TX Tileset Ground_90.asset
  artifactKey: Guid(da7ab159069365f438533801271ce97f) Importer(2089858483,b0f066a214c2f5e87bad3c948f4d605d)
Start importing Assets/Sprites/Cainos/Pixel Art Platformer - Village Props/Tileset Palette/TP Ground/TX Tileset Ground_90.asset using Guid(da7ab159069365f438533801271ce97f) Importer(2089858483,b0f066a214c2f5e87bad3c948f4d605d) (ScriptedImporter) -> (artifact id: 'd1ac153e2aaa6eba9b31fae32f67cbe9') in 0.0240525 seconds
Number of updated asset objects reloaded before import = 0Number of asset objects unloaded after import = 2

========================================================================
Received Import Request.
  Time since last request: 0.000027 seconds.
  path: Assets/Projects/GravityDash/kenney_new-platformer-pack-1.1/Sprites/Backgrounds/Default/background_fade_mushrooms.png
  artifactKey: Guid(17fb9a8817df4430793c1f9d4d816581) Importer(2089858483,b0f066a214c2f5e87bad3c948f4d605d)
Start importing Assets/Projects/GravityDash/kenney_new-platformer-pack-1.1/Sprites/Backgrounds/Default/background_fade_mushrooms.png using Guid(17fb9a8817df4430793c1f9d4d816581) Importer(2089858483,b0f066a214c2f5e87bad3c948f4d605d) (ScriptedImporter) -> (artifact id: '8af74fa4438d7a34fbdd6e5c206bf448') in 0.0246861 seconds
Number of updated asset objects reloaded before import = 0Number of asset objects unloaded after import = 3

========================================================================
Received Import Request.
  Time since last request: 0.000024 seconds.
  path: Assets/Projects/GravityDash/kenney_new-platformer-pack-1.1/Sprites/Enemies/Double/slime_block_rest.png
  artifactKey: Guid(89970915bd1814d099437ee698a150c0) Importer(2089858483,b0f066a214c2f5e87bad3c948f4d605d)
Start importing Assets/Projects/GravityDash/kenney_new-platformer-pack-1.1/Sprites/Enemies/Double/slime_block_rest.png using Guid(89970915bd1814d099437ee698a150c0) Importer(2089858483,b0f066a214c2f5e87bad3c948f4d605d) (ScriptedImporter) -> (artifact id: 'c5463e35d625030892b7b3390c3e9a6e') in 0.0199316 seconds
Number of updated asset objects reloaded before import = 0Number of asset objects unloaded after import = 3

========================================================================
Received Import Request.
  Time since last request: 0.000024 seconds.
  path: Assets/Projects/GravityDash/kenney_new-platformer-pack-1.1/Sprites/Characters/Default/character_beige_walk_b.png
  artifactKey: Guid(0bdcbe244842743068327062ccbc6127) Importer(2089858483,b0f066a214c2f5e87bad3c948f4d605d)
Start importing Assets/Projects/GravityDash/kenney_new-platformer-pack-1.1/Sprites/Characters/Default/character_beige_walk_b.png using Guid(0bdcbe244842743068327062ccbc6127) Importer(2089858483,b0f066a214c2f5e87bad3c948f4d605d) (ScriptedImporter) -> (artifact id: 'bc0b15d990b1237409265bf77b3231c1') in 0.0302836 seconds
Number of updated asset objects reloaded before import = 0Number of asset objects unloaded after import = 3

========================================================================
Received Import Request.
  Time since last request: 0.000027 seconds.
  path: Assets/Projects/GravityDash/kenney_new-platformer-pack-1.1/Sprites/Enemies/Default/fish_blue_swim_b.png
  artifactKey: Guid(361a66ea5adaf4641979b75fd7281456) Importer(2089858483,b0f066a214c2f5e87bad3c948f4d605d)
Start importing Assets/Projects/GravityDash/kenney_new-platformer-pack-1.1/Sprites/Enemies/Default/fish_blue_swim_b.png using Guid(361a66ea5adaf4641979b75fd7281456) Importer(2089858483,b0f066a214c2f5e87bad3c948f4d605d) (ScriptedImporter) -> (artifact id: 'fcd6de30ffaebe03ab5907382be5a6c7') in 0.0255019 seconds
Number of updated asset objects reloaded before import = 0Number of asset objects unloaded after import = 3

========================================================================
Received Import Request.
  Time since last request: 0.000023 seconds.
  path: Assets/Projects/GravityDash/kenney_new-platformer-pack-1.1/Sprites/Enemies/Double/slime_fire_walk_b.png
  artifactKey: Guid(98bafd571362b4bb7ab4556988696bce) Importer(2089858483,b0f066a214c2f5e87bad3c948f4d605d)
Start importing Assets/Projects/GravityDash/kenney_new-platformer-pack-1.1/Sprites/Enemies/Double/slime_fire_walk_b.png using Guid(98bafd571362b4bb7ab4556988696bce) Importer(2089858483,b0f066a214c2f5e87bad3c948f4d605d) (ScriptedImporter) -> (artifact id: 'de7d90d9e158c7996541b911bf55d21f') in 0.0296024 seconds
Number of updated asset objects reloaded before import = 0Number of asset objects unloaded after import = 3

========================================================================
Received Import Request.
  Time since last request: 0.000024 seconds.
  path: Assets/Projects/GravityDash/kenney_new-platformer-pack-1.1/Sprites/Enemies/Default/block_idle.png
  artifactKey: Guid(9c333a8839542496e9f015e990475de1) Importer(2089858483,b0f066a214c2f5e87bad3c948f4d605d)
Start importing Assets/Projects/GravityDash/kenney_new-platformer-pack-1.1/Sprites/Enemies/Default/block_idle.png using Guid(9c333a8839542496e9f015e990475de1) Importer(2089858483,b0f066a214c2f5e87bad3c948f4d605d) (ScriptedImporter) -> (artifact id: 'c8b18c1c12435916000a6035a3c37835') in 0.0193506 seconds
Number of updated asset objects reloaded before import = 0Number of asset objects unloaded after import = 3

========================================================================
Received Import Request.
  Time since last request: 0.000050 seconds.
  path: Assets/Projects/GravityDash/kenney_new-platformer-pack-1.1/Sprites/Characters/Double/character_green_jump.png
  artifactKey: Guid(fb2956e7d5e634a24b6a331b14194d4e) Importer(2089858483,b0f066a214c2f5e87bad3c948f4d605d)
Start importing Assets/Projects/GravityDash/kenney_new-platformer-pack-1.1/Sprites/Characters/Double/character_green_jump.png using Guid(fb2956e7d5e634a24b6a331b14194d4e) Importer(2089858483,b0f066a214c2f5e87bad3c948f4d605d) (ScriptedImporter) -> (artifact id: '62656affcfcde2dede48c60b8e2fa202') in 0.0154788 seconds
Number of updated asset objects reloaded before import = 0Number of asset objects unloaded after import = 3

========================================================================
Received Import Request.
  Time since last request: 0.000020 seconds.
  path: Assets/Sprites/Cainos/Pixel Art Platformer - Village Props/Tileset Palette/TP Ground/TX Tileset Ground_49.asset
  artifactKey: Guid(9018b88ca7c5848419d8b7321c7bc734) Importer(2089858483,b0f066a214c2f5e87bad3c948f4d605d)
Start importing Assets/Sprites/Cainos/Pixel Art Platformer - Village Props/Tileset Palette/TP Ground/TX Tileset Ground_49.asset using Guid(9018b88ca7c5848419d8b7321c7bc734) Importer(2089858483,b0f066a214c2f5e87bad3c948f4d605d) (ScriptedImporter) -> (artifact id: 'f9b7d6b6de43feef28345265adc01d95') in 0.0143898 seconds
Number of updated asset objects reloaded before import = 0Number of asset objects unloaded after import = 2

========================================================================
Received Import Request.
  Time since last request: 0.000026 seconds.
  path: Assets/Sprites/Cainos/Pixel Art Platformer - Village Props/Tileset Palette/TP Ground/TX Tileset Ground_50.asset
  artifactKey: Guid(79b409ead76923446bf835edb1fc03f5) Importer(2089858483,b0f066a214c2f5e87bad3c948f4d605d)
Start importing Assets/Sprites/Cainos/Pixel Art Platformer - Village Props/Tileset Palette/TP Ground/TX Tileset Ground_50.asset using Guid(79b409ead76923446bf835edb1fc03f5) Importer(2089858483,b0f066a214c2f5e87bad3c948f4d605d) (ScriptedImporter) -> (artifact id: 'ba8f0d48656f284651b3ddb5cc0dfca5') in 0.015966 seconds
Number of updated asset objects reloaded before import = 0Number of asset objects unloaded after import = 2

========================================================================
Received Import Request.
  Time since last request: 0.000032 seconds.
  path: Assets/Projects/GravityDash/kenney_new-platformer-pack-1.1/Sprites/Enemies/Default/bee_a.png
  artifactKey: Guid(0ab60f4f1abea48dfacc34d9dc3e02d2) Importer(2089858483,b0f066a214c2f5e87bad3c948f4d605d)
Start importing Assets/Projects/GravityDash/kenney_new-platformer-pack-1.1/Sprites/Enemies/Default/bee_a.png using Guid(0ab60f4f1abea48dfacc34d9dc3e02d2) Importer(2089858483,b0f066a214c2f5e87bad3c948f4d605d) (ScriptedImporter) -> (artifact id: '51050656e6ba51e128dd15135ede399f') in 0.0170881 seconds
Number of updated asset objects reloaded before import = 0Number of asset objects unloaded after import = 3

========================================================================
Received Import Request.
  Time since last request: 0.000021 seconds.
  path: Assets/Projects/GravityDash/kenney_new-platformer-pack-1.1/Sprites/Characters/Default/character_purple_idle.png
  artifactKey: Guid(4ec25009f60dd4dcca76123ab087d575) Importer(2089858483,b0f066a214c2f5e87bad3c948f4d605d)
Start importing Assets/Projects/GravityDash/kenney_new-platformer-pack-1.1/Sprites/Characters/Default/character_purple_idle.png using Guid(4ec25009f60dd4dcca76123ab087d575) Importer(2089858483,b0f066a214c2f5e87bad3c948f4d605d) (ScriptedImporter) -> (artifact id: '6d51928a8297425013f05213a0d9b4ef') in 0.0175716 seconds
Number of updated asset objects reloaded before import = 0Number of asset objects unloaded after import = 3

========================================================================
Received Import Request.
  Time since last request: 0.000021 seconds.
  path: Assets/Projects/GravityDash/kenney_new-platformer-pack-1.1/Sprites/Characters/Default/character_purple_walk_a.png
  artifactKey: Guid(9abd39aeed1bc4cb5ae22b4c7ee8db3c) Importer(2089858483,b0f066a214c2f5e87bad3c948f4d605d)
Start importing Assets/Projects/GravityDash/kenney_new-platformer-pack-1.1/Sprites/Characters/Default/character_purple_walk_a.png using Guid(9abd39aeed1bc4cb5ae22b4c7ee8db3c) Importer(2089858483,b0f066a214c2f5e87bad3c948f4d605d) (ScriptedImporter) -> (artifact id: '87904b470df706bd18648bda3f87c2f3') in 0.022085 seconds
Number of updated asset objects reloaded before import = 0Number of asset objects unloaded after import = 3

========================================================================
Received Import Request.
  Time since last request: 0.000027 seconds.
  path: Assets/Sprites/Cainos/Pixel Art Platformer - Village Props/Tileset Palette/TP Ground/TX Tileset Ground_5.asset
  artifactKey: Guid(e73be8d24f17223439bf92f55178abe8) Importer(2089858483,b0f066a214c2f5e87bad3c948f4d605d)
Start importing Assets/Sprites/Cainos/Pixel Art Platformer - Village Props/Tileset Palette/TP Ground/TX Tileset Ground_5.asset using Guid(e73be8d24f17223439bf92f55178abe8) Importer(2089858483,b0f066a214c2f5e87bad3c948f4d605d) (ScriptedImporter) -> (artifact id: 'd4b06a21ab8202dc75ffb8d5e672d6a4') in 0.0156826 seconds
Number of updated asset objects reloaded before import = 0Number of asset objects unloaded after import = 2

========================================================================
Received Import Request.
  Time since last request: 0.000023 seconds.
  path: Assets/Projects/GravityDash/kenney_new-platformer-pack-1.1/Sprites/Enemies/Default/fish_blue_swim_a.png
  artifactKey: Guid(452ac1a0e7d3142ab8894073b369fe38) Importer(2089858483,b0f066a214c2f5e87bad3c948f4d605d)
Start importing Assets/Projects/GravityDash/kenney_new-platformer-pack-1.1/Sprites/Enemies/Default/fish_blue_swim_a.png using Guid(452ac1a0e7d3142ab8894073b369fe38) Importer(2089858483,b0f066a214c2f5e87bad3c948f4d605d) (ScriptedImporter) -> (artifact id: '78fdf97444d52752f2113430fa3e0469') in 0.0175067 seconds
Number of updated asset objects reloaded before import = 0Number of asset objects unloaded after import = 3

========================================================================
Received Import Request.
  Time since last request: 0.000022 seconds.
  path: Assets/Projects/GravityDash/kenney_new-platformer-pack-1.1/Sprites/Characters/Double/character_yellow_walk_b.png
  artifactKey: Guid(0c7196aa30c0a48db8a3d539580ccbf5) Importer(2089858483,b0f066a214c2f5e87bad3c948f4d605d)
Start importing Assets/Projects/GravityDash/kenney_new-platformer-pack-1.1/Sprites/Characters/Double/character_yellow_walk_b.png using Guid(0c7196aa30c0a48db8a3d539580ccbf5) Importer(2089858483,b0f066a214c2f5e87bad3c948f4d605d) (ScriptedImporter) -> (artifact id: 'fd34273e72ab58567816b3e636519614') in 0.0181843 seconds
Number of updated asset objects reloaded before import = 0Number of asset objects unloaded after import = 3

========================================================================
Received Import Request.
  Time since last request: 0.000025 seconds.
  path: Assets/Projects/GravityDash/kenney_new-platformer-pack-1.1/Sprites/Backgrounds/Double/background_fade_desert.png
  artifactKey: Guid(6374a9d396df64e829511f885a5c371e) Importer(2089858483,b0f066a214c2f5e87bad3c948f4d605d)
Start importing Assets/Projects/GravityDash/kenney_new-platformer-pack-1.1/Sprites/Backgrounds/Double/background_fade_desert.png using Guid(6374a9d396df64e829511f885a5c371e) Importer(2089858483,b0f066a214c2f5e87bad3c948f4d605d) (ScriptedImporter) -> (artifact id: 'c147ff832c7330858a50fb86e585358e') in 0.0179545 seconds
Number of updated asset objects reloaded before import = 0Number of asset objects unloaded after import = 3

========================================================================
Received Import Request.
  Time since last request: 0.000044 seconds.
  path: Assets/Projects/GravityDash/kenney_new-platformer-pack-1.1/Sprites/Characters/Default/character_green_hit.png
  artifactKey: Guid(6b2868f45fdfd47b0971ea6f364dae05) Importer(2089858483,b0f066a214c2f5e87bad3c948f4d605d)
Start importing Assets/Projects/GravityDash/kenney_new-platformer-pack-1.1/Sprites/Characters/Default/character_green_hit.png using Guid(6b2868f45fdfd47b0971ea6f364dae05) Importer(2089858483,b0f066a214c2f5e87bad3c948f4d605d) (ScriptedImporter) -> (artifact id: '59144953ab2ed0eaf80494993b12e9f6') in 0.01779 seconds
Number of updated asset objects reloaded before import = 0Number of asset objects unloaded after import = 3

========================================================================
Received Import Request.
  Time since last request: 0.000033 seconds.
  path: Assets/Projects/GravityDash/kenney_new-platformer-pack-1.1/Sprites/Characters/Default/character_yellow_jump.png
  artifactKey: Guid(1c5fed46658b5434f941f0391f4d1650) Importer(2089858483,b0f066a214c2f5e87bad3c948f4d605d)
Start importing Assets/Projects/GravityDash/kenney_new-platformer-pack-1.1/Sprites/Characters/Default/character_yellow_jump.png using Guid(1c5fed46658b5434f941f0391f4d1650) Importer(2089858483,b0f066a214c2f5e87bad3c948f4d605d) (ScriptedImporter) -> (artifact id: '64ddc5d7137da15023be0f0d1629754d') in 0.017914 seconds
Number of updated asset objects reloaded before import = 0Number of asset objects unloaded after import = 3

========================================================================
Received Import Request.
  Time since last request: 0.000030 seconds.
  path: Assets/Sprites/Cainos/Pixel Art Platformer - Village Props/Tileset Palette/TP Ground/TX Tileset Ground_57.asset
  artifactKey: Guid(040322f3a0b27d545b9ec465d4fc2d66) Importer(2089858483,b0f066a214c2f5e87bad3c948f4d605d)
Start importing Assets/Sprites/Cainos/Pixel Art Platformer - Village Props/Tileset Palette/TP Ground/TX Tileset Ground_57.asset using Guid(040322f3a0b27d545b9ec465d4fc2d66) Importer(2089858483,b0f066a214c2f5e87bad3c948f4d605d) (ScriptedImporter) -> (artifact id: '87bef5316ef4acc2a87f9a09346cd967') in 0.0152413 seconds
Number of updated asset objects reloaded before import = 0Number of asset objects unloaded after import = 2

========================================================================
Received Import Request.
  Time since last request: 0.000029 seconds.
  path: Assets/Projects/GravityDash/kenney_new-platformer-pack-1.1/Sprites/Enemies/Double/slime_block_walk_a.png
  artifactKey: Guid(de16a00aa2d1a46dea6c662833dba42c) Importer(2089858483,b0f066a214c2f5e87bad3c948f4d605d)
Start importing Assets/Projects/GravityDash/kenney_new-platformer-pack-1.1/Sprites/Enemies/Double/slime_block_walk_a.png using Guid(de16a00aa2d1a46dea6c662833dba42c) Importer(2089858483,b0f066a214c2f5e87bad3c948f4d605d) (ScriptedImporter) -> (artifact id: '028e9d72ceef7f294aaebd7ba6fc7a33') in 0.0153304 seconds
Number of updated asset objects reloaded before import = 0Number of asset objects unloaded after import = 3

========================================================================
Received Import Request.
  Time since last request: 0.000018 seconds.
  path: Assets/Projects/GravityDash/kenney_new-platformer-pack-1.1/Sprites/Backgrounds/Double/background_color_mushrooms.png
  artifactKey: Guid(b263b90bf74fa4e47bc640ae0ecbd213) Importer(2089858483,b0f066a214c2f5e87bad3c948f4d605d)
Start importing Assets/Projects/GravityDash/kenney_new-platformer-pack-1.1/Sprites/Backgrounds/Double/background_color_mushrooms.png using Guid(b263b90bf74fa4e47bc640ae0ecbd213) Importer(2089858483,b0f066a214c2f5e87bad3c948f4d605d) (ScriptedImporter) -> (artifact id: '24b8887d1f8b774e1deb2679e8a8788a') in 0.0156674 seconds
Number of updated asset objects reloaded before import = 0Number of asset objects unloaded after import = 3

========================================================================
Received Import Request.
  Time since last request: 0.000019 seconds.
  path: Assets/Projects/GravityDash/kenney_new-platformer-pack-1.1/Sprites/Characters/Default/character_pink_idle.png
  artifactKey: Guid(72c21ade1bdc246618c4451cc6316c84) Importer(2089858483,b0f066a214c2f5e87bad3c948f4d605d)
Start importing Assets/Projects/GravityDash/kenney_new-platformer-pack-1.1/Sprites/Characters/Default/character_pink_idle.png using Guid(72c21ade1bdc246618c4451cc6316c84) Importer(2089858483,b0f066a214c2f5e87bad3c948f4d605d) (ScriptedImporter) -> (artifact id: '28c6f73ac10d9dbff6a933ff75964924') in 0.0161029 seconds
Number of updated asset objects reloaded before import = 0Number of asset objects unloaded after import = 3

========================================================================
Received Import Request.
  Time since last request: 0.000020 seconds.
  path: Assets/Projects/GravityDash/kenney_new-platformer-pack-1.1/Sprites/Enemies/Double/fish_blue_swim_a.png
  artifactKey: Guid(718d39bc581de47378cd599b7245e60f) Importer(2089858483,b0f066a214c2f5e87bad3c948f4d605d)
Start importing Assets/Projects/GravityDash/kenney_new-platformer-pack-1.1/Sprites/Enemies/Double/fish_blue_swim_a.png using Guid(718d39bc581de47378cd599b7245e60f) Importer(2089858483,b0f066a214c2f5e87bad3c948f4d605d) (ScriptedImporter) -> (artifact id: '3d5ab7c3b54b7f9ffbe9d9aa9e10971c') in 0.0173543 seconds
Number of updated asset objects reloaded before import = 0Number of asset objects unloaded after import = 3

========================================================================
Received Import Request.
  Time since last request: 0.000021 seconds.
  path: Assets/Sprites/Cainos/Pixel Art Platformer - Village Props/Tileset Palette/TP Ground/TX Tileset Ground_54.asset
  artifactKey: Guid(d814db34bbccf9441b64c8a9c05b6534) Importer(2089858483,b0f066a214c2f5e87bad3c948f4d605d)
Start importing Assets/Sprites/Cainos/Pixel Art Platformer - Village Props/Tileset Palette/TP Ground/TX Tileset Ground_54.asset using Guid(d814db34bbccf9441b64c8a9c05b6534) Importer(2089858483,b0f066a214c2f5e87bad3c948f4d605d) (ScriptedImporter) -> (artifact id: '94427456154562c7ed38f35d323e5dde') in 0.0157766 seconds
Number of updated asset objects reloaded before import = 0Number of asset objects unloaded after import = 2

========================================================================
Received Import Request.
  Time since last request: 0.000026 seconds.
  path: Assets/Projects/GravityDash/kenney_new-platformer-pack-1.1/Sprites/Enemies/Double/mouse_walk_a.png
  artifactKey: Guid(8bfd67af6b2334da8b93a12d6aec33ad) Importer(2089858483,b0f066a214c2f5e87bad3c948f4d605d)
Start importing Assets/Projects/GravityDash/kenney_new-platformer-pack-1.1/Sprites/Enemies/Double/mouse_walk_a.png using Guid(8bfd67af6b2334da8b93a12d6aec33ad) Importer(2089858483,b0f066a214c2f5e87bad3c948f4d605d) (ScriptedImporter) -> (artifact id: 'ed51dcd86858a9856d5001e354e5b960') in 0.0182076 seconds
Number of updated asset objects reloaded before import = 0Number of asset objects unloaded after import = 3

========================================================================
Received Import Request.
  Time since last request: 0.000030 seconds.
  path: Assets/Projects/GravityDash/kenney_new-platformer-pack-1.1/Sprites/Characters/Double/character_beige_walk_a.png
  artifactKey: Guid(4c1cb0277c6094159b1d4ef1eafcc1d1) Importer(2089858483,b0f066a214c2f5e87bad3c948f4d605d)
Start importing Assets/Projects/GravityDash/kenney_new-platformer-pack-1.1/Sprites/Characters/Double/character_beige_walk_a.png using Guid(4c1cb0277c6094159b1d4ef1eafcc1d1) Importer(2089858483,b0f066a214c2f5e87bad3c948f4d605d) (ScriptedImporter) -> (artifact id: '8eba0768e5f387ec21ebedf80b076841') in 0.0233435 seconds
Number of updated asset objects reloaded before import = 0Number of asset objects unloaded after import = 3

========================================================================
Received Import Request.
  Time since last request: 0.000041 seconds.
  path: Assets/Sprites/Cainos/Third Party/Lucid Editor/Editor/PropertyProcessor.cs
  artifactKey: Guid(061615b3be8c1451989253905362b0a1) Importer(2089858483,b0f066a214c2f5e87bad3c948f4d605d)
Start importing Assets/Sprites/Cainos/Third Party/Lucid Editor/Editor/PropertyProcessor.cs using Guid(061615b3be8c1451989253905362b0a1) Importer(2089858483,b0f066a214c2f5e87bad3c948f4d605d) (ScriptedImporter) -> (artifact id: '7fd52909ecc57d34e36ac9a80e523cef') in 0.016985 seconds
Number of updated asset objects reloaded before import = 0Number of asset objects unloaded after import = 0

========================================================================
Received Import Request.
  Time since last request: 0.000140 seconds.
  path: Assets/Projects/GravityDash/kenney_new-platformer-pack-1.1/Sprites/Characters/Default/character_green_climb_b.png
  artifactKey: Guid(54586cc418943473189e21ba1e4ec4b8) Importer(2089858483,b0f066a214c2f5e87bad3c948f4d605d)
Start importing Assets/Projects/GravityDash/kenney_new-platformer-pack-1.1/Sprites/Characters/Default/character_green_climb_b.png using Guid(54586cc418943473189e21ba1e4ec4b8) Importer(2089858483,b0f066a214c2f5e87bad3c948f4d605d) (ScriptedImporter) -> (artifact id: '9edc22627e9389e3d883ec626f431fab') in 0.0207247 seconds
Number of updated asset objects reloaded before import = 0Number of asset objects unloaded after import = 3

========================================================================
Received Import Request.
  Time since last request: 0.000034 seconds.
  path: Assets/Sprites/Cainos/Third Party/Lucid Editor/Editor/LucidEditorGUILayout.cs
  artifactKey: Guid(0dcb07f0fee5c40559cc8236d5e6e3c7) Importer(2089858483,b0f066a214c2f5e87bad3c948f4d605d)
Start importing Assets/Sprites/Cainos/Third Party/Lucid Editor/Editor/LucidEditorGUILayout.cs using Guid(0dcb07f0fee5c40559cc8236d5e6e3c7) Importer(2089858483,b0f066a214c2f5e87bad3c948f4d605d) (ScriptedImporter) -> (artifact id: '480124c35872fe808500e7a288264bf6') in 0.0150861 seconds
Number of updated asset objects reloaded before import = 0Number of asset objects unloaded after import = 0

========================================================================
Received Import Request.
  Time since last request: 0.000082 seconds.
  path: Assets/Projects/GravityDash/kenney_new-platformer-pack-1.1/Sprites/Enemies/Double/block_idle.png
  artifactKey: Guid(1bdbb51729baf42e48a1b6f2b71e3aa1) Importer(2089858483,b0f066a214c2f5e87bad3c948f4d605d)
Start importing Assets/Projects/GravityDash/kenney_new-platformer-pack-1.1/Sprites/Enemies/Double/block_idle.png using Guid(1bdbb51729baf42e48a1b6f2b71e3aa1) Importer(2089858483,b0f066a214c2f5e87bad3c948f4d605d) (ScriptedImporter) -> (artifact id: '76077447d48abe90f1bab9e58ae585b7') in 0.0179994 seconds
Number of updated asset objects reloaded before import = 0Number of asset objects unloaded after import = 3

========================================================================
Received Import Request.
  Time since last request: 0.000030 seconds.
  path: Assets/Sprites/Cainos/Pixel Art Platformer - Village Props/Tileset Palette/TP Ground/TX Tileset Ground_67.asset
  artifactKey: Guid(23de78d8473898c48ae935fc211f70a3) Importer(2089858483,b0f066a214c2f5e87bad3c948f4d605d)
Start importing Assets/Sprites/Cainos/Pixel Art Platformer - Village Props/Tileset Palette/TP Ground/TX Tileset Ground_67.asset using Guid(23de78d8473898c48ae935fc211f70a3) Importer(2089858483,b0f066a214c2f5e87bad3c948f4d605d) (ScriptedImporter) -> (artifact id: '89c85c4af3b7d005d72f47325a04dd41') in 0.013337 seconds
Number of updated asset objects reloaded before import = 0Number of asset objects unloaded after import = 2

========================================================================
Received Import Request.
  Time since last request: 0.000039 seconds.
  path: Assets/Sprites/Cainos/Pixel Art Platformer - Village Props/Tileset Palette/TP Ground/TX Tileset Ground_97.asset
  artifactKey: Guid(9816bb40723c3f841bdabcacc439eecf) Importer(2089858483,b0f066a214c2f5e87bad3c948f4d605d)
Start importing Assets/Sprites/Cainos/Pixel Art Platformer - Village Props/Tileset Palette/TP Ground/TX Tileset Ground_97.asset using Guid(9816bb40723c3f841bdabcacc439eecf) Importer(2089858483,b0f066a214c2f5e87bad3c948f4d605d) (ScriptedImporter) -> (artifact id: 'b961f00eba83e4cee09625fc9f6d84d3') in 0.0149853 seconds
Number of updated asset objects reloaded before import = 0Number of asset objects unloaded after import = 2

========================================================================
Received Import Request.
  Time since last request: 0.000024 seconds.
  path: Assets/Sprites/Cainos/Pixel Art Platformer - Village Props/Tileset Palette/TP Ground/TX Tileset Ground_36.asset
  artifactKey: Guid(c03d45905315e534092151f3dee26356) Importer(2089858483,b0f066a214c2f5e87bad3c948f4d605d)
Start importing Assets/Sprites/Cainos/Pixel Art Platformer - Village Props/Tileset Palette/TP Ground/TX Tileset Ground_36.asset using Guid(c03d45905315e534092151f3dee26356) Importer(2089858483,b0f066a214c2f5e87bad3c948f4d605d) (ScriptedImporter) -> (artifact id: '01b11002558c9a6b0ff89f764b28eaed') in 0.0162153 seconds
Number of updated asset objects reloaded before import = 0Number of asset objects unloaded after import = 2

========================================================================
Received Import Request.
  Time since last request: 0.000021 seconds.
  path: Assets/Projects/GravityDash/kenney_new-platformer-pack-1.1/Sprites/Enemies/Default/ladybug_walk_a.png
  artifactKey: Guid(7dd9f7a1820c8457b95b6fde00f05abc) Importer(2089858483,b0f066a214c2f5e87bad3c948f4d605d)
Start importing Assets/Projects/GravityDash/kenney_new-platformer-pack-1.1/Sprites/Enemies/Default/ladybug_walk_a.png using Guid(7dd9f7a1820c8457b95b6fde00f05abc) Importer(2089858483,b0f066a214c2f5e87bad3c948f4d605d) (ScriptedImporter) -> (artifact id: 'd139935f3942d442fc74994c2a4f3aca') in 0.0195475 seconds
Number of updated asset objects reloaded before import = 0Number of asset objects unloaded after import = 3

========================================================================
Received Import Request.
  Time since last request: 0.000023 seconds.
  path: Assets/Projects/GravityDash/kenney_new-platformer-pack-1.1/Sprites/Characters/Double/character_pink_jump.png
  artifactKey: Guid(d75f4764a4d774aac8e0a1be54e82953) Importer(2089858483,b0f066a214c2f5e87bad3c948f4d605d)
Start importing Assets/Projects/GravityDash/kenney_new-platformer-pack-1.1/Sprites/Characters/Double/character_pink_jump.png using Guid(d75f4764a4d774aac8e0a1be54e82953) Importer(2089858483,b0f066a214c2f5e87bad3c948f4d605d) (ScriptedImporter) -> (artifact id: 'b36b82de85f3bcdbb9c34a9ca38b9ade') in 0.0160047 seconds
Number of updated asset objects reloaded before import = 0Number of asset objects unloaded after import = 3

========================================================================
Received Import Request.
  Time since last request: 0.000053 seconds.
  path: Assets/Sprites/Cainos/Pixel Art Platformer - Village Props/Tileset Palette/TP Ground/TX Tileset Ground_9.asset
  artifactKey: Guid(62f433aa5b534d948847e6cc1409e14b) Importer(2089858483,b0f066a214c2f5e87bad3c948f4d605d)
Start importing Assets/Sprites/Cainos/Pixel Art Platformer - Village Props/Tileset Palette/TP Ground/TX Tileset Ground_9.asset using Guid(62f433aa5b534d948847e6cc1409e14b) Importer(2089858483,b0f066a214c2f5e87bad3c948f4d605d) (ScriptedImporter) -> (artifact id: 'bca74f9b400477591c9d94027de3b481') in 0.016561 seconds
Number of updated asset objects reloaded before import = 0Number of asset objects unloaded after import = 2

========================================================================
Received Import Request.
  Time since last request: 0.000027 seconds.
  path: Assets/Projects/GravityDash/kenney_new-platformer-pack-1.1/Sprites/Enemies/Double/fish_yellow_swim_a.png
  artifactKey: Guid(347a1a761ceed4f3981dd95d916892bb) Importer(2089858483,b0f066a214c2f5e87bad3c948f4d605d)
Start importing Assets/Projects/GravityDash/kenney_new-platformer-pack-1.1/Sprites/Enemies/Double/fish_yellow_swim_a.png using Guid(347a1a761ceed4f3981dd95d916892bb) Importer(2089858483,b0f066a214c2f5e87bad3c948f4d605d) (ScriptedImporter) -> (artifact id: '4693ebeeb086af01129bbf67a736c36d') in 0.0178469 seconds
Number of updated asset objects reloaded before import = 0Number of asset objects unloaded after import = 3

========================================================================
Received Import Request.
  Time since last request: 0.000036 seconds.
  path: Assets/Sprites/Cainos/Pixel Art Platformer - Village Props/Tileset Palette/TP Ground/TX Tileset Ground_87.asset
  artifactKey: Guid(1b618c5d45d3b00418d45e0c3745ec6b) Importer(2089858483,b0f066a214c2f5e87bad3c948f4d605d)
Start importing Assets/Sprites/Cainos/Pixel Art Platformer - Village Props/Tileset Palette/TP Ground/TX Tileset Ground_87.asset using Guid(1b618c5d45d3b00418d45e0c3745ec6b) Importer(2089858483,b0f066a214c2f5e87bad3c948f4d605d) (ScriptedImporter) -> (artifact id: '3cdcec2085f7d0059e8287e61487bc69') in 0.0203433 seconds
Number of updated asset objects reloaded before import = 0Number of asset objects unloaded after import = 2

========================================================================
Received Import Request.
  Time since last request: 0.000033 seconds.
  path: Assets/Sprites/Cainos/Pixel Art Platformer - Village Props/Tileset Palette/TP Ground/TX Tileset Ground_33.asset
  artifactKey: Guid(55330d3b032fd364f8b1de66d358ec99) Importer(2089858483,b0f066a214c2f5e87bad3c948f4d605d)
Start importing Assets/Sprites/Cainos/Pixel Art Platformer - Village Props/Tileset Palette/TP Ground/TX Tileset Ground_33.asset using Guid(55330d3b032fd364f8b1de66d358ec99) Importer(2089858483,b0f066a214c2f5e87bad3c948f4d605d) (ScriptedImporter) -> (artifact id: 'c8ad6931e27cf291de5c21bcef99aeaa') in 0.0130099 seconds
Number of updated asset objects reloaded before import = 0Number of asset objects unloaded after import = 2

========================================================================
Received Import Request.
  Time since last request: 0.000035 seconds.
  path: Assets/Sprites/Cainos/Pixel Art Platformer - Village Props/Tileset Palette/TP Ground/TX Tileset Ground_48.asset
  artifactKey: Guid(648b81db682e5ca4d994d7ec64ca3cb4) Importer(2089858483,b0f066a214c2f5e87bad3c948f4d605d)
Start importing Assets/Sprites/Cainos/Pixel Art Platformer - Village Props/Tileset Palette/TP Ground/TX Tileset Ground_48.asset using Guid(648b81db682e5ca4d994d7ec64ca3cb4) Importer(2089858483,b0f066a214c2f5e87bad3c948f4d605d) (ScriptedImporter) -> (artifact id: 'f35a58ab708875b88f16dafbd6b19563') in 0.0141368 seconds
Number of updated asset objects reloaded before import = 0Number of asset objects unloaded after import = 2

========================================================================
Received Import Request.
  Time since last request: 0.000023 seconds.
  path: Assets/Projects/GravityDash/kenney_new-platformer-pack-1.1/Sprites/Backgrounds/Double/background_fade_mushrooms.png
  artifactKey: Guid(4a70a8f32090845918535a0a2e7abf6d) Importer(2089858483,b0f066a214c2f5e87bad3c948f4d605d)
Start importing Assets/Projects/GravityDash/kenney_new-platformer-pack-1.1/Sprites/Backgrounds/Double/background_fade_mushrooms.png using Guid(4a70a8f32090845918535a0a2e7abf6d) Importer(2089858483,b0f066a214c2f5e87bad3c948f4d605d) (ScriptedImporter) -> (artifact id: '5de308a43bea9735ac54b65e90c35338') in 0.0166738 seconds
Number of updated asset objects reloaded before import = 0Number of asset objects unloaded after import = 3

========================================================================
Received Import Request.
  Time since last request: 0.000020 seconds.
  path: Assets/Projects/GravityDash/kenney_new-platformer-pack-1.1/Sprites/Characters/Double/character_purple_idle.png
  artifactKey: Guid(73f596436d7cb4e969eda3a92cd5bfc4) Importer(2089858483,b0f066a214c2f5e87bad3c948f4d605d)
Start importing Assets/Projects/GravityDash/kenney_new-platformer-pack-1.1/Sprites/Characters/Double/character_purple_idle.png using Guid(73f596436d7cb4e969eda3a92cd5bfc4) Importer(2089858483,b0f066a214c2f5e87bad3c948f4d605d) (ScriptedImporter) -> (artifact id: '5f310144f6fd6559e3d5a98687bcb129') in 0.0166729 seconds
Number of updated asset objects reloaded before import = 0Number of asset objects unloaded after import = 3

========================================================================
Received Import Request.
  Time since last request: 0.000020 seconds.
  path: Assets/Projects/GravityDash/kenney_new-platformer-pack-1.1/Sprites/Enemies/Default/fish_purple_down.png
  artifactKey: Guid(31475a0c9a4e049e78c635822a1b7163) Importer(2089858483,b0f066a214c2f5e87bad3c948f4d605d)
Start importing Assets/Projects/GravityDash/kenney_new-platformer-pack-1.1/Sprites/Enemies/Default/fish_purple_down.png using Guid(31475a0c9a4e049e78c635822a1b7163) Importer(2089858483,b0f066a214c2f5e87bad3c948f4d605d) (ScriptedImporter) -> (artifact id: '35a21e502998da4c4cb1825fd26089a0') in 0.0177704 seconds
Number of updated asset objects reloaded before import = 0Number of asset objects unloaded after import = 3

========================================================================
Received Import Request.
  Time since last request: 0.000021 seconds.
  path: Assets/Sprites/Cainos/Pixel Art Platformer - Village Props/Tileset Palette/TP Ground/TX Tileset Ground_23.asset
  artifactKey: Guid(d0b94a9a749b7cd4d8cae8603effadd6) Importer(2089858483,b0f066a214c2f5e87bad3c948f4d605d)
Start importing Assets/Sprites/Cainos/Pixel Art Platformer - Village Props/Tileset Palette/TP Ground/TX Tileset Ground_23.asset using Guid(d0b94a9a749b7cd4d8cae8603effadd6) Importer(2089858483,b0f066a214c2f5e87bad3c948f4d605d) (ScriptedImporter) -> (artifact id: '605e1037457b985618aa0c53dd4061e6') in 0.0107215 seconds
Number of updated asset objects reloaded before import = 0Number of asset objects unloaded after import = 2

========================================================================
Received Import Request.
  Time since last request: 0.000027 seconds.
  path: Assets/Projects/GravityDash/kenney_new-platformer-pack-1.1/Sprites/Enemies/Double/fly_rest.png
  artifactKey: Guid(fce58142a52f249a49c99baee0fa4713) Importer(2089858483,b0f066a214c2f5e87bad3c948f4d605d)
Start importing Assets/Projects/GravityDash/kenney_new-platformer-pack-1.1/Sprites/Enemies/Double/fly_rest.png using Guid(fce58142a52f249a49c99baee0fa4713) Importer(2089858483,b0f066a214c2f5e87bad3c948f4d605d) (ScriptedImporter) -> (artifact id: '6d8bec55c3939c9d7c74007f342f5ef0') in 0.0291093 seconds
Number of updated asset objects reloaded before import = 0Number of asset objects unloaded after import = 3

========================================================================
Received Import Request.
  Time since last request: 0.000034 seconds.
  path: Assets/Projects/GravityDash/kenney_new-platformer-pack-1.1/Sprites/Backgrounds/Double/background_clouds.png
  artifactKey: Guid(16c1226bf1d934940a7684e7b3bf60b9) Importer(2089858483,b0f066a214c2f5e87bad3c948f4d605d)
Start importing Assets/Projects/GravityDash/kenney_new-platformer-pack-1.1/Sprites/Backgrounds/Double/background_clouds.png using Guid(16c1226bf1d934940a7684e7b3bf60b9) Importer(2089858483,b0f066a214c2f5e87bad3c948f4d605d) (ScriptedImporter) -> (artifact id: 'dcb6dcc69dbede40abed7fd6c3a7d250') in 0.0193385 seconds
Number of updated asset objects reloaded before import = 0Number of asset objects unloaded after import = 3

========================================================================
Received Import Request.
  Time since last request: 0.000022 seconds.
  path: Assets/Projects/GravityDash/kenney_new-platformer-pack-1.1/Sprites/Enemies/Default/fish_yellow_swim_a.png
  artifactKey: Guid(437c88847f0df4058a2095e1e3ff7820) Importer(2089858483,b0f066a214c2f5e87bad3c948f4d605d)
Start importing Assets/Projects/GravityDash/kenney_new-platformer-pack-1.1/Sprites/Enemies/Default/fish_yellow_swim_a.png using Guid(437c88847f0df4058a2095e1e3ff7820) Importer(2089858483,b0f066a214c2f5e87bad3c948f4d605d) (ScriptedImporter) -> (artifact id: 'b16202da1be1b4f79259139071c396f7') in 0.0251631 seconds
Number of updated asset objects reloaded before import = 0Number of asset objects unloaded after import = 3

========================================================================
Received Import Request.
  Time since last request: 0.000038 seconds.
  path: Assets/Projects/GravityDash/kenney_new-platformer-pack-1.1/Sprites/Characters/Double/character_green_walk_b.png
  artifactKey: Guid(99780a1600709408396468b75ce9ecbc) Importer(2089858483,b0f066a214c2f5e87bad3c948f4d605d)
Start importing Assets/Projects/GravityDash/kenney_new-platformer-pack-1.1/Sprites/Characters/Double/character_green_walk_b.png using Guid(99780a1600709408396468b75ce9ecbc) Importer(2089858483,b0f066a214c2f5e87bad3c948f4d605d) (ScriptedImporter) -> (artifact id: 'e6518816e51936b0d8910494e6d32f23') in 0.0252723 seconds
Number of updated asset objects reloaded before import = 0Number of asset objects unloaded after import = 3

========================================================================
Received Import Request.
  Time since last request: 0.000022 seconds.
  path: Assets/Projects/GravityDash/kenney_new-platformer-pack-1.1/Sprites/Characters/Default/character_purple_climb_b.png
  artifactKey: Guid(67b137d213c0a47c7a67ba9febca7cdc) Importer(2089858483,b0f066a214c2f5e87bad3c948f4d605d)
Start importing Assets/Projects/GravityDash/kenney_new-platformer-pack-1.1/Sprites/Characters/Default/character_purple_climb_b.png using Guid(67b137d213c0a47c7a67ba9febca7cdc) Importer(2089858483,b0f066a214c2f5e87bad3c948f4d605d) (ScriptedImporter) -> (artifact id: '0731b08a0163eead495da050b28b1ffe') in 0.0326976 seconds
Number of updated asset objects reloaded before import = 0Number of asset objects unloaded after import = 3

========================================================================
Received Import Request.
  Time since last request: 0.000022 seconds.
  path: Assets/Sprites/Cainos/Pixel Art Platformer - Village Props/Tileset Palette/TP Ground/TX Tileset Ground_59.asset
  artifactKey: Guid(b5967cc5ba41ae84ab3f2cea7634339a) Importer(2089858483,b0f066a214c2f5e87bad3c948f4d605d)
Start importing Assets/Sprites/Cainos/Pixel Art Platformer - Village Props/Tileset Palette/TP Ground/TX Tileset Ground_59.asset using Guid(b5967cc5ba41ae84ab3f2cea7634339a) Importer(2089858483,b0f066a214c2f5e87bad3c948f4d605d) (ScriptedImporter) -> (artifact id: 'dba7e09c64edf17b8bbf848fef11ab6c') in 0.0155808 seconds
Number of updated asset objects reloaded before import = 0Number of asset objects unloaded after import = 2

========================================================================
Received Import Request.
  Time since last request: 0.000022 seconds.
  path: Assets/Projects/GravityDash/kenney_new-platformer-pack-1.1/Sprites/Characters/Default/character_beige_hit.png
  artifactKey: Guid(ccda0c69110e24c22b8753f26f902447) Importer(2089858483,b0f066a214c2f5e87bad3c948f4d605d)
Start importing Assets/Projects/GravityDash/kenney_new-platformer-pack-1.1/Sprites/Characters/Default/character_beige_hit.png using Guid(ccda0c69110e24c22b8753f26f902447) Importer(2089858483,b0f066a214c2f5e87bad3c948f4d605d) (ScriptedImporter) -> (artifact id: '8851e0d9aa70d83f3100c94c050ebdf3') in 0.0210837 seconds
Number of updated asset objects reloaded before import = 0Number of asset objects unloaded after import = 3

========================================================================
Received Import Request.
  Time since last request: 0.000021 seconds.
  path: Assets/Sprites/Cainos/Pixel Art Platformer - Village Props/Tileset Palette/TP Ground/TX Tileset Ground_73.asset
  artifactKey: Guid(8cc67f36f2d95b846bc76f23b754ffc3) Importer(2089858483,b0f066a214c2f5e87bad3c948f4d605d)
Start importing Assets/Sprites/Cainos/Pixel Art Platformer - Village Props/Tileset Palette/TP Ground/TX Tileset Ground_73.asset using Guid(8cc67f36f2d95b846bc76f23b754ffc3) Importer(2089858483,b0f066a214c2f5e87bad3c948f4d605d) (ScriptedImporter) -> (artifact id: '72aab46d9334c4043cd0cb4bee2088fd') in 0.015137 seconds
Number of updated asset objects reloaded before import = 0Number of asset objects unloaded after import = 2

========================================================================
Received Import Request.
  Time since last request: 0.000036 seconds.
  path: Assets/Sprites/Cainos/Pixel Art Platformer - Village Props/Tileset Palette/TP Ground/TX Tileset Ground_93.asset
  artifactKey: Guid(d6d6bdeb1e396844ebf6701a32598f4a) Importer(2089858483,b0f066a214c2f5e87bad3c948f4d605d)
Start importing Assets/Sprites/Cainos/Pixel Art Platformer - Village Props/Tileset Palette/TP Ground/TX Tileset Ground_93.asset using Guid(d6d6bdeb1e396844ebf6701a32598f4a) Importer(2089858483,b0f066a214c2f5e87bad3c948f4d605d) (ScriptedImporter) -> (artifact id: '9b0653ab69bb25de45ed3f5c109fa5e2') in 0.0143325 seconds
Number of updated asset objects reloaded before import = 0Number of asset objects unloaded after import = 2

========================================================================
Received Import Request.
  Time since last request: 0.000036 seconds.
  path: Assets/Projects/GravityDash/kenney_new-platformer-pack-1.1/Sprites/Characters/Default/character_green_walk_b.png
  artifactKey: Guid(d99ce79dcc9614b3184565903608916d) Importer(2089858483,b0f066a214c2f5e87bad3c948f4d605d)
Start importing Assets/Projects/GravityDash/kenney_new-platformer-pack-1.1/Sprites/Characters/Default/character_green_walk_b.png using Guid(d99ce79dcc9614b3184565903608916d) Importer(2089858483,b0f066a214c2f5e87bad3c948f4d605d) (ScriptedImporter) -> (artifact id: '18d658430da403b95a00c6f7319c2b6a') in 0.0169167 seconds
Number of updated asset objects reloaded before import = 0Number of asset objects unloaded after import = 3

========================================================================
Received Import Request.
  Time since last request: 0.000023 seconds.
  path: Assets/Projects/GravityDash/kenney_new-platformer-pack-1.1/Sprites/Characters/Double/character_purple_front.png
  artifactKey: Guid(351b1073f4f434b86a5067febb1b86c3) Importer(2089858483,b0f066a214c2f5e87bad3c948f4d605d)
Start importing Assets/Projects/GravityDash/kenney_new-platformer-pack-1.1/Sprites/Characters/Double/character_purple_front.png using Guid(351b1073f4f434b86a5067febb1b86c3) Importer(2089858483,b0f066a214c2f5e87bad3c948f4d605d) (ScriptedImporter) -> (artifact id: 'edc834c6711960004b954bb4546721e2') in 0.0172339 seconds
Number of updated asset objects reloaded before import = 0Number of asset objects unloaded after import = 3

========================================================================
Received Import Request.
  Time since last request: 0.000052 seconds.
  path: Assets/Projects/GravityDash/kenney_new-platformer-pack-1.1/Sprites/Backgrounds/Default/background_solid_dirt.png
  artifactKey: Guid(4dfaa5757f3d24df4ac69c34aa67f0f5) Importer(2089858483,b0f066a214c2f5e87bad3c948f4d605d)
Start importing Assets/Projects/GravityDash/kenney_new-platformer-pack-1.1/Sprites/Backgrounds/Default/background_solid_dirt.png using Guid(4dfaa5757f3d24df4ac69c34aa67f0f5) Importer(2089858483,b0f066a214c2f5e87bad3c948f4d605d) (ScriptedImporter) -> (artifact id: '00b5f69b5d8f94b231c4fc16cca4fefb') in 0.022966 seconds
Number of updated asset objects reloaded before import = 0Number of asset objects unloaded after import = 3

========================================================================
Received Import Request.
  Time since last request: 0.000032 seconds.
  path: Assets/Projects/GravityDash/kenney_new-platformer-pack-1.1/Sprites/Backgrounds/Default/background_solid_sand.png
  artifactKey: Guid(6c4d3b60ba7e74432af925bb83e4aeaa) Importer(2089858483,b0f066a214c2f5e87bad3c948f4d605d)
Start importing Assets/Projects/GravityDash/kenney_new-platformer-pack-1.1/Sprites/Backgrounds/Default/background_solid_sand.png using Guid(6c4d3b60ba7e74432af925bb83e4aeaa) Importer(2089858483,b0f066a214c2f5e87bad3c948f4d605d) (ScriptedImporter) -> (artifact id: 'fbfdea6585227e883d38709bb08ec1e1') in 0.0188626 seconds
Number of updated asset objects reloaded before import = 0Number of asset objects unloaded after import = 3

========================================================================
Received Import Request.
  Time since last request: 0.000037 seconds.
  path: Assets/Projects/GravityDash/kenney_new-platformer-pack-1.1/Sprites/Characters/Double/character_green_walk_a.png
  artifactKey: Guid(72560d06043a8467fbdb53580893bf3f) Importer(2089858483,b0f066a214c2f5e87bad3c948f4d605d)
Start importing Assets/Projects/GravityDash/kenney_new-platformer-pack-1.1/Sprites/Characters/Double/character_green_walk_a.png using Guid(72560d06043a8467fbdb53580893bf3f) Importer(2089858483,b0f066a214c2f5e87bad3c948f4d605d) (ScriptedImporter) -> (artifact id: '22994f33200cb553f7a0ba389f928db1') in 0.0157374 seconds
Number of updated asset objects reloaded before import = 0Number of asset objects unloaded after import = 3

========================================================================
Received Import Request.
  Time since last request: 0.000029 seconds.
  path: Assets/Projects/GravityDash/kenney_new-platformer-pack-1.1/Sprites/Enemies/Double/bee_a.png
  artifactKey: Guid(25c53a2ca860b4d779de74924120bfba) Importer(2089858483,b0f066a214c2f5e87bad3c948f4d605d)
Start importing Assets/Projects/GravityDash/kenney_new-platformer-pack-1.1/Sprites/Enemies/Double/bee_a.png using Guid(25c53a2ca860b4d779de74924120bfba) Importer(2089858483,b0f066a214c2f5e87bad3c948f4d605d) (ScriptedImporter) -> (artifact id: 'a7bfb840bbb7a1def8fd4c38d156a637') in 0.0160265 seconds
Number of updated asset objects reloaded before import = 0Number of asset objects unloaded after import = 3

========================================================================
Received Import Request.
  Time since last request: 0.287100 seconds.
  path: Assets/Projects/GravityDash/kenney_new-platformer-pack-1.1/Sprites/Enemies/Double/snail_walk_a.png
  artifactKey: Guid(354a01dbd69ca49028e1e94e153d0e8e) Importer(2089858483,b0f066a214c2f5e87bad3c948f4d605d)
Start importing Assets/Projects/GravityDash/kenney_new-platformer-pack-1.1/Sprites/Enemies/Double/snail_walk_a.png using Guid(354a01dbd69ca49028e1e94e153d0e8e) Importer(2089858483,b0f066a214c2f5e87bad3c948f4d605d) (ScriptedImporter) -> (artifact id: 'a10b22ee2e301652ea25c01c5a1084d9') in 0.015961 seconds
Number of updated asset objects reloaded before import = 0Number of asset objects unloaded after import = 3

========================================================================
Received Import Request.
  Time since last request: 0.000020 seconds.
  path: Assets/Projects/GravityDash/kenney_new-platformer-pack-1.1/Sprites/Tiles/Default/flag_green_b.png
  artifactKey: Guid(3c35b4383985240ffa7a768ec2ce6413) Importer(2089858483,b0f066a214c2f5e87bad3c948f4d605d)
Start importing Assets/Projects/GravityDash/kenney_new-platformer-pack-1.1/Sprites/Tiles/Default/flag_green_b.png using Guid(3c35b4383985240ffa7a768ec2ce6413) Importer(2089858483,b0f066a214c2f5e87bad3c948f4d605d) (ScriptedImporter) -> (artifact id: 'd037340b9188f254f706cc7a35866adc') in 0.0167913 seconds
Number of updated asset objects reloaded before import = 0Number of asset objects unloaded after import = 3

========================================================================
Received Import Request.
  Time since last request: 0.000023 seconds.
  path: Assets/Projects/GravityDash/kenney_new-platformer-pack-1.1/Sprites/Tiles/Default/terrain_purple_ramp_short_a.png
  artifactKey: Guid(ce01175ef4adf4491901d7abd07d7a4f) Importer(2089858483,b0f066a214c2f5e87bad3c948f4d605d)
Start importing Assets/Projects/GravityDash/kenney_new-platformer-pack-1.1/Sprites/Tiles/Default/terrain_purple_ramp_short_a.png using Guid(ce01175ef4adf4491901d7abd07d7a4f) Importer(2089858483,b0f066a214c2f5e87bad3c948f4d605d) (ScriptedImporter) -> (artifact id: 'a44720c9544407e570ca6870778914f1') in 0.0197201 seconds
Number of updated asset objects reloaded before import = 0Number of asset objects unloaded after import = 3

========================================================================
Received Import Request.
  Time since last request: 0.000018 seconds.
  path: Assets/Projects/GravityDash/kenney_new-platformer-pack-1.1/Sprites/Tiles/Default/block_strong_empty_active.png
  artifactKey: Guid(489f1f0e26633415c9808d8d3474de51) Importer(2089858483,b0f066a214c2f5e87bad3c948f4d605d)
Start importing Assets/Projects/GravityDash/kenney_new-platformer-pack-1.1/Sprites/Tiles/Default/block_strong_empty_active.png using Guid(489f1f0e26633415c9808d8d3474de51) Importer(2089858483,b0f066a214c2f5e87bad3c948f4d605d) (ScriptedImporter) -> (artifact id: '828230cf8b5a231d36b48be9927d31b8') in 0.0164208 seconds
Number of updated asset objects reloaded before import = 0Number of asset objects unloaded after import = 3

========================================================================
Received Import Request.
  Time since last request: 0.000039 seconds.
  path: Assets/Projects/GravityDash/kenney_new-platformer-pack-1.1/Sprites/Tiles/Default/block_exclamation.png
  artifactKey: Guid(aeca323c76000473fa162fc485f27e11) Importer(2089858483,b0f066a214c2f5e87bad3c948f4d605d)
Start importing Assets/Projects/GravityDash/kenney_new-platformer-pack-1.1/Sprites/Tiles/Default/block_exclamation.png using Guid(aeca323c76000473fa162fc485f27e11) Importer(2089858483,b0f066a214c2f5e87bad3c948f4d605d) (ScriptedImporter) -> (artifact id: '4b57bb2dbcf8963e259c5c93b60c4a04') in 0.0174611 seconds
Number of updated asset objects reloaded before import = 0Number of asset objects unloaded after import = 3

========================================================================
Received Import Request.
  Time since last request: 0.000031 seconds.
  path: Assets/Projects/GravityDash/kenney_new-platformer-pack-1.1/Sprites/Tiles/Default/cactus.png
  artifactKey: Guid(723623cb235ed49348bfa8c7fb973e2c) Importer(2089858483,b0f066a214c2f5e87bad3c948f4d605d)
Start importing Assets/Projects/GravityDash/kenney_new-platformer-pack-1.1/Sprites/Tiles/Default/cactus.png using Guid(723623cb235ed49348bfa8c7fb973e2c) Importer(2089858483,b0f066a214c2f5e87bad3c948f4d605d) (ScriptedImporter) -> (artifact id: '122985ab6093fc22ce44d53b38877773') in 0.0157019 seconds
Number of updated asset objects reloaded before import = 0Number of asset objects unloaded after import = 3

========================================================================
Received Import Request.
  Time since last request: 0.000020 seconds.
  path: Assets/Projects/GravityDash/kenney_new-platformer-pack-1.1/Sprites/Tiles/Default/terrain_dirt_ramp_long_a.png
  artifactKey: Guid(3bd030e20ee934bd7b80680380cc4bd5) Importer(2089858483,b0f066a214c2f5e87bad3c948f4d605d)
Start importing Assets/Projects/GravityDash/kenney_new-platformer-pack-1.1/Sprites/Tiles/Default/terrain_dirt_ramp_long_a.png using Guid(3bd030e20ee934bd7b80680380cc4bd5) Importer(2089858483,b0f066a214c2f5e87bad3c948f4d605d) (ScriptedImporter) -> (artifact id: '8c112a30d974ae9b00b38b33131200b0') in 0.0198984 seconds
Number of updated asset objects reloaded before import = 0Number of asset objects unloaded after import = 3

========================================================================
Received Import Request.
  Time since last request: 0.000023 seconds.
  path: Assets/Projects/GravityDash/kenney_new-platformer-pack-1.1/Sprites/Tiles/Default/block_strong_empty.png
  artifactKey: Guid(0c64df08db8404b08a6e746283fc0d81) Importer(2089858483,b0f066a214c2f5e87bad3c948f4d605d)
Start importing Assets/Projects/GravityDash/kenney_new-platformer-pack-1.1/Sprites/Tiles/Default/block_strong_empty.png using Guid(0c64df08db8404b08a6e746283fc0d81) Importer(2089858483,b0f066a214c2f5e87bad3c948f4d605d) (ScriptedImporter) -> (artifact id: 'f3c3dc861e24235f4758cbea2e2c5aaf') in 0.0180176 seconds
Number of updated asset objects reloaded before import = 0Number of asset objects unloaded after import = 3

========================================================================
Received Import Request.
  Time since last request: 0.000044 seconds.
  path: Assets/Projects/GravityDash/kenney_new-platformer-pack-1.1/Sprites/Tiles/Default/terrain_purple_horizontal_overhang_right.png
  artifactKey: Guid(cf1e0e1fdb35449eab9cd0940c3c7edb) Importer(2089858483,b0f066a214c2f5e87bad3c948f4d605d)
Start importing Assets/Projects/GravityDash/kenney_new-platformer-pack-1.1/Sprites/Tiles/Default/terrain_purple_horizontal_overhang_right.png using Guid(cf1e0e1fdb35449eab9cd0940c3c7edb) Importer(2089858483,b0f066a214c2f5e87bad3c948f4d605d) (ScriptedImporter) -> (artifact id: 'd6796ba551174984b113abd20e6ba062') in 0.0182099 seconds
Number of updated asset objects reloaded before import = 0Number of asset objects unloaded after import = 3

========================================================================
Received Import Request.
  Time since last request: 0.000020 seconds.
  path: Assets/Projects/GravityDash/kenney_new-platformer-pack-1.1/Sprites/Tiles/Default/terrain_sand_cloud_right.png
  artifactKey: Guid(79f5a1bdccbdc426699ee150636348d9) Importer(2089858483,b0f066a214c2f5e87bad3c948f4d605d)
Start importing Assets/Projects/GravityDash/kenney_new-platformer-pack-1.1/Sprites/Tiles/Default/terrain_sand_cloud_right.png using Guid(79f5a1bdccbdc426699ee150636348d9) Importer(2089858483,b0f066a214c2f5e87bad3c948f4d605d) (ScriptedImporter) -> (artifact id: '6832b55c3e04f09f695714fdbda625b1') in 0.016673 seconds
Number of updated asset objects reloaded before import = 0Number of asset objects unloaded after import = 3

========================================================================
Received Import Request.
  Time since last request: 0.000020 seconds.
  path: Assets/Projects/GravityDash/kenney_new-platformer-pack-1.1/Sprites/Tiles/Default/terrain_sand_vertical_top.png
  artifactKey: Guid(99485aee0e61e46c5b50804bfd77ae28) Importer(2089858483,b0f066a214c2f5e87bad3c948f4d605d)
Start importing Assets/Projects/GravityDash/kenney_new-platformer-pack-1.1/Sprites/Tiles/Default/terrain_sand_vertical_top.png using Guid(99485aee0e61e46c5b50804bfd77ae28) Importer(2089858483,b0f066a214c2f5e87bad3c948f4d605d) (ScriptedImporter) -> (artifact id: 'c632345f02f69168b2c861db08a25a0e') in 0.0190178 seconds
Number of updated asset objects reloaded before import = 0Number of asset objects unloaded after import = 3

========================================================================
Received Import Request.
  Time since last request: 0.000024 seconds.
  path: Assets/Projects/GravityDash/kenney_new-platformer-pack-1.1/Sprites/Tiles/Default/terrain_grass_vertical_top.png
  artifactKey: Guid(165c42c0fb768453fbba0c0ab05fd934) Importer(2089858483,b0f066a214c2f5e87bad3c948f4d605d)
Start importing Assets/Projects/GravityDash/kenney_new-platformer-pack-1.1/Sprites/Tiles/Default/terrain_grass_vertical_top.png using Guid(165c42c0fb768453fbba0c0ab05fd934) Importer(2089858483,b0f066a214c2f5e87bad3c948f4d605d) (ScriptedImporter) -> (artifact id: '1c47676e6771e7d41f75d43f63d442a7') in 0.0177706 seconds
Number of updated asset objects reloaded before import = 0Number of asset objects unloaded after import = 3

========================================================================
Received Import Request.
  Time since last request: 0.000020 seconds.
  path: Assets/Projects/GravityDash/kenney_new-platformer-pack-1.1/Sprites/Tiles/Default/terrain_stone_ramp_short_b.png
  artifactKey: Guid(dea8ee1fba004409a93dd73e283d61c1) Importer(2089858483,b0f066a214c2f5e87bad3c948f4d605d)
Start importing Assets/Projects/GravityDash/kenney_new-platformer-pack-1.1/Sprites/Tiles/Default/terrain_stone_ramp_short_b.png using Guid(dea8ee1fba004409a93dd73e283d61c1) Importer(2089858483,b0f066a214c2f5e87bad3c948f4d605d) (ScriptedImporter) -> (artifact id: 'f7e5b51835716a91e658b95c9624059e') in 0.0181616 seconds
Number of updated asset objects reloaded before import = 0Number of asset objects unloaded after import = 3

========================================================================
Received Import Request.
  Time since last request: 0.000037 seconds.
  path: Assets/Projects/GravityDash/kenney_new-platformer-pack-1.1/Sprites/Tiles/Default/hud_character_8.png
  artifactKey: Guid(48db78e28dfc3403bb86e23eed57876d) Importer(2089858483,b0f066a214c2f5e87bad3c948f4d605d)
Start importing Assets/Projects/GravityDash/kenney_new-platformer-pack-1.1/Sprites/Tiles/Default/hud_character_8.png using Guid(48db78e28dfc3403bb86e23eed57876d) Importer(2089858483,b0f066a214c2f5e87bad3c948f4d605d) (ScriptedImporter) -> (artifact id: 'ab755337df052eafe21f127890ac3d99') in 0.0157852 seconds
Number of updated asset objects reloaded before import = 0Number of asset objects unloaded after import = 3

========================================================================
Received Import Request.
  Time since last request: 0.000032 seconds.
  path: Assets/Projects/GravityDash/kenney_new-platformer-pack-1.1/Sprites/Tiles/Default/terrain_grass_block_right.png
  artifactKey: Guid(31066247c2f7c40d58e8d5b3d8412781) Importer(2089858483,b0f066a214c2f5e87bad3c948f4d605d)
Start importing Assets/Projects/GravityDash/kenney_new-platformer-pack-1.1/Sprites/Tiles/Default/terrain_grass_block_right.png using Guid(31066247c2f7c40d58e8d5b3d8412781) Importer(2089858483,b0f066a214c2f5e87bad3c948f4d605d) (ScriptedImporter) -> (artifact id: '5644988f371a28a2bfa7b215ab7c2221') in 0.0173921 seconds
Number of updated asset objects reloaded before import = 0Number of asset objects unloaded after import = 3

========================================================================
Received Import Request.
  Time since last request: 0.000018 seconds.
  path: Assets/Projects/GravityDash/kenney_new-platformer-pack-1.1/Sprites/Tiles/Default/switch_blue_pressed.png
  artifactKey: Guid(2a729059ac8204b72a1ad7cef83afa7a) Importer(2089858483,b0f066a214c2f5e87bad3c948f4d605d)
Start importing Assets/Projects/GravityDash/kenney_new-platformer-pack-1.1/Sprites/Tiles/Default/switch_blue_pressed.png using Guid(2a729059ac8204b72a1ad7cef83afa7a) Importer(2089858483,b0f066a214c2f5e87bad3c948f4d605d) (ScriptedImporter) -> (artifact id: 'b43b66709ce9e0a4bc57e7b86eb24123') in 0.0202821 seconds
Number of updated asset objects reloaded before import = 0Number of asset objects unloaded after import = 3

========================================================================
Received Import Request.
  Time since last request: 0.000019 seconds.
  path: Assets/Projects/GravityDash/kenney_new-platformer-pack-1.1/Sprites/Enemies/Double/worm_ring_rest.png
  artifactKey: Guid(a3947bd73a04e428b9116bfa3fd61cde) Importer(2089858483,b0f066a214c2f5e87bad3c948f4d605d)
Start importing Assets/Projects/GravityDash/kenney_new-platformer-pack-1.1/Sprites/Enemies/Double/worm_ring_rest.png using Guid(a3947bd73a04e428b9116bfa3fd61cde) Importer(2089858483,b0f066a214c2f5e87bad3c948f4d605d) (ScriptedImporter) -> (artifact id: '2d3ed95017ce58c37eaf4a6704294a3b') in 0.0162761 seconds
Number of updated asset objects reloaded before import = 0Number of asset objects unloaded after import = 3

========================================================================
Received Import Request.
  Time since last request: 0.000031 seconds.
  path: Assets/Projects/GravityDash/kenney_new-platformer-pack-1.1/Sprites/Tiles/Default/terrain_snow_horizontal_left.png
  artifactKey: Guid(f9f080dc6ab624de3878648fd8030201) Importer(2089858483,b0f066a214c2f5e87bad3c948f4d605d)
Start importing Assets/Projects/GravityDash/kenney_new-platformer-pack-1.1/Sprites/Tiles/Default/terrain_snow_horizontal_left.png using Guid(f9f080dc6ab624de3878648fd8030201) Importer(2089858483,b0f066a214c2f5e87bad3c948f4d605d) (ScriptedImporter) -> (artifact id: 'f974926c94915dbc0fa4bd23268f7600') in 0.0168852 seconds
Number of updated asset objects reloaded before import = 0Number of asset objects unloaded after import = 3

========================================================================
Received Import Request.
  Time since last request: 0.000049 seconds.
  path: Assets/Projects/GravityDash/kenney_new-platformer-pack-1.1/Sprites/Tiles/Default/block_empty.png
  artifactKey: Guid(0196fddda7f6545f2b52f903609d99be) Importer(2089858483,b0f066a214c2f5e87bad3c948f4d605d)
Start importing Assets/Projects/GravityDash/kenney_new-platformer-pack-1.1/Sprites/Tiles/Default/block_empty.png using Guid(0196fddda7f6545f2b52f903609d99be) Importer(2089858483,b0f066a214c2f5e87bad3c948f4d605d) (ScriptedImporter) -> (artifact id: 'd0b66cda15494c0fc310ad3b6e8ef3bf') in 0.0165466 seconds
Number of updated asset objects reloaded before import = 0Number of asset objects unloaded after import = 3

========================================================================
Received Import Request.
  Time since last request: 0.000018 seconds.
  path: Assets/Projects/GravityDash/kenney_new-platformer-pack-1.1/Sprites/Tiles/Default/terrain_stone_cloud_background.png
  artifactKey: Guid(3cad95518f9ce4b3cb8aa5b6d338b590) Importer(2089858483,b0f066a214c2f5e87bad3c948f4d605d)
Start importing Assets/Projects/GravityDash/kenney_new-platformer-pack-1.1/Sprites/Tiles/Default/terrain_stone_cloud_background.png using Guid(3cad95518f9ce4b3cb8aa5b6d338b590) Importer(2089858483,b0f066a214c2f5e87bad3c948f4d605d) (ScriptedImporter) -> (artifact id: '2cc709e7d82783b00c9274243839a1d9') in 0.0168391 seconds
Number of updated asset objects reloaded before import = 0Number of asset objects unloaded after import = 3

========================================================================
Received Import Request.
  Time since last request: 0.000052 seconds.
  path: Assets/Projects/GravityDash/kenney_new-platformer-pack-1.1/Sprites/Tiles/Default/terrain_snow_block_top_left.png
  artifactKey: Guid(5472e0f74b5724dd6898badd3838e09e) Importer(2089858483,b0f066a214c2f5e87bad3c948f4d605d)
Start importing Assets/Projects/GravityDash/kenney_new-platformer-pack-1.1/Sprites/Tiles/Default/terrain_snow_block_top_left.png using Guid(5472e0f74b5724dd6898badd3838e09e) Importer(2089858483,b0f066a214c2f5e87bad3c948f4d605d) (ScriptedImporter) -> (artifact id: '8b2c9900bc5337bf81fba89ed4590ee3') in 0.0182815 seconds
Number of updated asset objects reloaded before import = 0Number of asset objects unloaded after import = 3

========================================================================
Received Import Request.
  Time since last request: 0.000022 seconds.
  path: Assets/Projects/GravityDash/kenney_new-platformer-pack-1.1/Sprites/Tiles/Default/terrain_purple_cloud_right.png
  artifactKey: Guid(87621954d07d7483da5f922bc55518c3) Importer(2089858483,b0f066a214c2f5e87bad3c948f4d605d)
Start importing Assets/Projects/GravityDash/kenney_new-platformer-pack-1.1/Sprites/Tiles/Default/terrain_purple_cloud_right.png using Guid(87621954d07d7483da5f922bc55518c3) Importer(2089858483,b0f066a214c2f5e87bad3c948f4d605d) (ScriptedImporter) -> (artifact id: '3c6b34693d515606ab823ab93bc182a4') in 0.0182924 seconds
Number of updated asset objects reloaded before import = 0Number of asset objects unloaded after import = 3

========================================================================
Received Import Request.
  Time since last request: 0.000018 seconds.
  path: Assets/Projects/GravityDash/kenney_new-platformer-pack-1.1/Sprites/Tiles/Default/coin_gold.png
  artifactKey: Guid(ce0db2b444d604c4eb1d3945b75fcf26) Importer(2089858483,b0f066a214c2f5e87bad3c948f4d605d)
Start importing Assets/Projects/GravityDash/kenney_new-platformer-pack-1.1/Sprites/Tiles/Default/coin_gold.png using Guid(ce0db2b444d604c4eb1d3945b75fcf26) Importer(2089858483,b0f066a214c2f5e87bad3c948f4d605d) (ScriptedImporter) -> (artifact id: '9e6883903a5604935d8ee70d34c21e21') in 0.0185298 seconds
Number of updated asset objects reloaded before import = 0Number of asset objects unloaded after import = 3

========================================================================
Received Import Request.
  Time since last request: 0.000023 seconds.
  path: Assets/Projects/GravityDash/kenney_new-platformer-pack-1.1/Sprites/Tiles/Default/hud_key_green.png
  artifactKey: Guid(ead34a3313f3f4d9e836bbb10ef26ff1) Importer(2089858483,b0f066a214c2f5e87bad3c948f4d605d)
Start importing Assets/Projects/GravityDash/kenney_new-platformer-pack-1.1/Sprites/Tiles/Default/hud_key_green.png using Guid(ead34a3313f3f4d9e836bbb10ef26ff1) Importer(2089858483,b0f066a214c2f5e87bad3c948f4d605d) (ScriptedImporter) -> (artifact id: 'eb0c8f0ffcc66e146065d75c3f97de55') in 0.0165562 seconds
Number of updated asset objects reloaded before import = 0Number of asset objects unloaded after import = 3

========================================================================
Received Import Request.
  Time since last request: 0.000023 seconds.
  path: Assets/Projects/GravityDash/kenney_new-platformer-pack-1.1/Sprites/Tiles/Default/terrain_stone_block_bottom_left.png
  artifactKey: Guid(115b32733c8354cff91377d5c30c572d) Importer(2089858483,b0f066a214c2f5e87bad3c948f4d605d)
Start importing Assets/Projects/GravityDash/kenney_new-platformer-pack-1.1/Sprites/Tiles/Default/terrain_stone_block_bottom_left.png using Guid(115b32733c8354cff91377d5c30c572d) Importer(2089858483,b0f066a214c2f5e87bad3c948f4d605d) (ScriptedImporter) -> (artifact id: '702df0a0d88ac4d48a87e203142e2d09') in 0.0165992 seconds
Number of updated asset objects reloaded before import = 0Number of asset objects unloaded after import = 3

========================================================================
Received Import Request.
  Time since last request: 0.000018 seconds.
  path: Assets/Projects/GravityDash/kenney_new-platformer-pack-1.1/Sprites/Tiles/Default/water_top.png
  artifactKey: Guid(517fffac33ee845a890c7151543784dc) Importer(2089858483,b0f066a214c2f5e87bad3c948f4d605d)
Start importing Assets/Projects/GravityDash/kenney_new-platformer-pack-1.1/Sprites/Tiles/Default/water_top.png using Guid(517fffac33ee845a890c7151543784dc) Importer(2089858483,b0f066a214c2f5e87bad3c948f4d605d) (ScriptedImporter) -> (artifact id: 'bcf23ded3a981d136b44d604b14aea88') in 0.016322 seconds
Number of updated asset objects reloaded before import = 0Number of asset objects unloaded after import = 3

========================================================================
Received Import Request.
  Time since last request: 0.000020 seconds.
  path: Assets/Projects/GravityDash/kenney_new-platformer-pack-1.1/Sprites/Tiles/Default/terrain_purple_block.png
  artifactKey: Guid(6acb77cb35f5d4e1289036300ad8da30) Importer(2089858483,b0f066a214c2f5e87bad3c948f4d605d)
Start importing Assets/Projects/GravityDash/kenney_new-platformer-pack-1.1/Sprites/Tiles/Default/terrain_purple_block.png using Guid(6acb77cb35f5d4e1289036300ad8da30) Importer(2089858483,b0f066a214c2f5e87bad3c948f4d605d) (ScriptedImporter) -> (artifact id: '2bdc1fc13f7e394a20d9b459f9eb2665') in 0.0168512 seconds
Number of updated asset objects reloaded before import = 0Number of asset objects unloaded after import = 3

========================================================================
Received Import Request.
  Time since last request: 0.000033 seconds.
  path: Assets/Projects/GravityDash/kenney_new-platformer-pack-1.1/Sprites/Tiles/Default/block_spikes.png
  artifactKey: Guid(0cd0f4bc17e9b4877bbae41978fd4efe) Importer(2089858483,b0f066a214c2f5e87bad3c948f4d605d)
Start importing Assets/Projects/GravityDash/kenney_new-platformer-pack-1.1/Sprites/Tiles/Default/block_spikes.png using Guid(0cd0f4bc17e9b4877bbae41978fd4efe) Importer(2089858483,b0f066a214c2f5e87bad3c948f4d605d) (ScriptedImporter) -> (artifact id: '3c7c5e9602d40845c946a2c2e0a08ac6') in 0.0172272 seconds
Number of updated asset objects reloaded before import = 0Number of asset objects unloaded after import = 3

========================================================================
Received Import Request.
  Time since last request: 0.000033 seconds.
  path: Assets/Projects/GravityDash/kenney_new-platformer-pack-1.1/Sprites/Tiles/Default/flag_yellow_b.png
  artifactKey: Guid(2163d771b210a469fab1228694ebc4b9) Importer(2089858483,b0f066a214c2f5e87bad3c948f4d605d)
Start importing Assets/Projects/GravityDash/kenney_new-platformer-pack-1.1/Sprites/Tiles/Default/flag_yellow_b.png using Guid(2163d771b210a469fab1228694ebc4b9) Importer(2089858483,b0f066a214c2f5e87bad3c948f4d605d) (ScriptedImporter) -> (artifact id: '8bf2ac36922c9a8f841a64b497786211') in 0.0189624 seconds
Number of updated asset objects reloaded before import = 0Number of asset objects unloaded after import = 3

========================================================================
Received Import Request.
  Time since last request: 0.000022 seconds.
  path: Assets/Projects/GravityDash/kenney_new-platformer-pack-1.1/Sprites/Tiles/Default/terrain_purple_ramp_short_b.png
  artifactKey: Guid(4d65aee5039c64bcc9b6ef96909c338f) Importer(2089858483,b0f066a214c2f5e87bad3c948f4d605d)
Start importing Assets/Projects/GravityDash/kenney_new-platformer-pack-1.1/Sprites/Tiles/Default/terrain_purple_ramp_short_b.png using Guid(4d65aee5039c64bcc9b6ef96909c338f) Importer(2089858483,b0f066a214c2f5e87bad3c948f4d605d) (ScriptedImporter) -> (artifact id: 'ff2c76e774e35a3da66eabb5a0f99067') in 0.0167252 seconds
Number of updated asset objects reloaded before import = 0Number of asset objects unloaded after import = 3

========================================================================
Received Import Request.
  Time since last request: 0.000021 seconds.
  path: Assets/Projects/GravityDash/kenney_new-platformer-pack-1.1/Sprites/Tiles/Default/fence.png
  artifactKey: Guid(ce15fc7cc906b4fcb94e9d2b443f9507) Importer(2089858483,b0f066a214c2f5e87bad3c948f4d605d)
Start importing Assets/Projects/GravityDash/kenney_new-platformer-pack-1.1/Sprites/Tiles/Default/fence.png using Guid(ce15fc7cc906b4fcb94e9d2b443f9507) Importer(2089858483,b0f066a214c2f5e87bad3c948f4d605d) (ScriptedImporter) -> (artifact id: 'c1b05d4a0a04a42537da27b55bd2fdea') in 0.0180527 seconds
Number of updated asset objects reloaded before import = 0Number of asset objects unloaded after import = 3

========================================================================
Received Import Request.
  Time since last request: 0.000025 seconds.
  path: Assets/Projects/GravityDash/kenney_new-platformer-pack-1.1/Sprites/Tiles/Default/hud_character_percent.png
  artifactKey: Guid(a0b949123664b4ba99e5b0ba14444e30) Importer(2089858483,b0f066a214c2f5e87bad3c948f4d605d)
Start importing Assets/Projects/GravityDash/kenney_new-platformer-pack-1.1/Sprites/Tiles/Default/hud_character_percent.png using Guid(a0b949123664b4ba99e5b0ba14444e30) Importer(2089858483,b0f066a214c2f5e87bad3c948f4d605d) (ScriptedImporter) -> (artifact id: '4fadcda5d417cfc100ce5c8be6119aa8') in 0.0186744 seconds
Number of updated asset objects reloaded before import = 0Number of asset objects unloaded after import = 3

========================================================================
Received Import Request.
  Time since last request: 0.000029 seconds.
  path: Assets/Projects/GravityDash/kenney_new-platformer-pack-1.1/Sprites/Tiles/Default/terrain_purple_ramp_long_b.png
  artifactKey: Guid(ffa50a37084764fd2addb3f65789848e) Importer(2089858483,b0f066a214c2f5e87bad3c948f4d605d)
Start importing Assets/Projects/GravityDash/kenney_new-platformer-pack-1.1/Sprites/Tiles/Default/terrain_purple_ramp_long_b.png using Guid(ffa50a37084764fd2addb3f65789848e) Importer(2089858483,b0f066a214c2f5e87bad3c948f4d605d) (ScriptedImporter) -> (artifact id: 'd4a9f90f53b03798ce59e4fab9f63ef0') in 0.0167983 seconds
Number of updated asset objects reloaded before import = 0Number of asset objects unloaded after import = 3

========================================================================
Received Import Request.
  Time since last request: 0.000022 seconds.
  path: Assets/Projects/GravityDash/kenney_new-platformer-pack-1.1/Sprites/Tiles/Default/terrain_dirt_block_top_right.png
  artifactKey: Guid(15b06541c07d04eb1a135d5aeb70f06b) Importer(2089858483,b0f066a214c2f5e87bad3c948f4d605d)
Start importing Assets/Projects/GravityDash/kenney_new-platformer-pack-1.1/Sprites/Tiles/Default/terrain_dirt_block_top_right.png using Guid(15b06541c07d04eb1a135d5aeb70f06b) Importer(2089858483,b0f066a214c2f5e87bad3c948f4d605d) (ScriptedImporter) -> (artifact id: '6dfc2330ef0a93cbf9781fd1c11d3434') in 0.0179999 seconds
Number of updated asset objects reloaded before import = 0Number of asset objects unloaded after import = 3

========================================================================
Received Import Request.
  Time since last request: 0.000019 seconds.
  path: Assets/Projects/GravityDash/kenney_new-platformer-pack-1.1/Sprites/Tiles/Default/terrain_purple_cloud_middle.png
  artifactKey: Guid(e46fbfdfa11d148d2a54b1944919e2fb) Importer(2089858483,b0f066a214c2f5e87bad3c948f4d605d)
Start importing Assets/Projects/GravityDash/kenney_new-platformer-pack-1.1/Sprites/Tiles/Default/terrain_purple_cloud_middle.png using Guid(e46fbfdfa11d148d2a54b1944919e2fb) Importer(2089858483,b0f066a214c2f5e87bad3c948f4d605d) (ScriptedImporter) -> (artifact id: 'be4d283c0787f781020cddbf85081f5b') in 0.0154632 seconds
Number of updated asset objects reloaded before import = 0Number of asset objects unloaded after import = 3

========================================================================
Received Import Request.
  Time since last request: 0.000023 seconds.
  path: Assets/Projects/GravityDash/kenney_new-platformer-pack-1.1/Sprites/Tiles/Default/hud_character_7.png
  artifactKey: Guid(21648f80b7b7843248daf177ad19dc93) Importer(2089858483,b0f066a214c2f5e87bad3c948f4d605d)
Start importing Assets/Projects/GravityDash/kenney_new-platformer-pack-1.1/Sprites/Tiles/Default/hud_character_7.png using Guid(21648f80b7b7843248daf177ad19dc93) Importer(2089858483,b0f066a214c2f5e87bad3c948f4d605d) (ScriptedImporter) -> (artifact id: '4380839b64a1c2abc65746715cd97779') in 0.0187885 seconds
Number of updated asset objects reloaded before import = 0Number of asset objects unloaded after import = 3

========================================================================
Received Import Request.
  Time since last request: 0.000020 seconds.
  path: Assets/Projects/GravityDash/kenney_new-platformer-pack-1.1/Sprites/Tiles/Default/grass.png
  artifactKey: Guid(f7287633c5fcb486d9b95d1702b8618a) Importer(2089858483,b0f066a214c2f5e87bad3c948f4d605d)
Start importing Assets/Projects/GravityDash/kenney_new-platformer-pack-1.1/Sprites/Tiles/Default/grass.png using Guid(f7287633c5fcb486d9b95d1702b8618a) Importer(2089858483,b0f066a214c2f5e87bad3c948f4d605d) (ScriptedImporter) -> (artifact id: '0c3e1289e9e6f45ec3fb3114cac8f288') in 0.0180759 seconds
Number of updated asset objects reloaded before import = 0Number of asset objects unloaded after import = 3

========================================================================
Received Import Request.
  Time since last request: 0.000068 seconds.
  path: Assets/Projects/GravityDash/kenney_new-platformer-pack-1.1/Sprites/Tiles/Default/coin_bronze.png
  artifactKey: Guid(52b217d041bbf4da9970ffb9e3e15c19) Importer(2089858483,b0f066a214c2f5e87bad3c948f4d605d)
Start importing Assets/Projects/GravityDash/kenney_new-platformer-pack-1.1/Sprites/Tiles/Default/coin_bronze.png using Guid(52b217d041bbf4da9970ffb9e3e15c19) Importer(2089858483,b0f066a214c2f5e87bad3c948f4d605d) (ScriptedImporter) -> (artifact id: 'e60a2d381f3906161ddb7230725e8327') in 0.0184705 seconds
Number of updated asset objects reloaded before import = 0Number of asset objects unloaded after import = 3

========================================================================
Received Import Request.
  Time since last request: 0.000032 seconds.
  path: Assets/Projects/GravityDash/kenney_new-platformer-pack-1.1/Sprites/Tiles/Default/terrain_grass_block_center.png
  artifactKey: Guid(7ee27106d0f64418f931d16f1df551d0) Importer(2089858483,b0f066a214c2f5e87bad3c948f4d605d)
Start importing Assets/Projects/GravityDash/kenney_new-platformer-pack-1.1/Sprites/Tiles/Default/terrain_grass_block_center.png using Guid(7ee27106d0f64418f931d16f1df551d0) Importer(2089858483,b0f066a214c2f5e87bad3c948f4d605d) (ScriptedImporter) -> (artifact id: '82bd84fac6f8925e96d766c280376fae') in 0.0166553 seconds
Number of updated asset objects reloaded before import = 0Number of asset objects unloaded after import = 3

========================================================================
Received Import Request.
  Time since last request: 0.000025 seconds.
  path: Assets/Projects/GravityDash/kenney_new-platformer-pack-1.1/Sprites/Tiles/Default/gem_blue.png
  artifactKey: Guid(53f1fbb2251a94418bdf73df9fbc765e) Importer(2089858483,b0f066a214c2f5e87bad3c948f4d605d)
Start importing Assets/Projects/GravityDash/kenney_new-platformer-pack-1.1/Sprites/Tiles/Default/gem_blue.png using Guid(53f1fbb2251a94418bdf73df9fbc765e) Importer(2089858483,b0f066a214c2f5e87bad3c948f4d605d) (ScriptedImporter) -> (artifact id: 'd5c35984b460c07f37ca385171e5ba55') in 0.0157685 seconds
Number of updated asset objects reloaded before import = 0Number of asset objects unloaded after import = 3

========================================================================
Received Import Request.
  Time since last request: 0.000019 seconds.
  path: Assets/Projects/GravityDash/kenney_new-platformer-pack-1.1/Sprites/Tiles/Default/terrain_sand_block_center.png
  artifactKey: Guid(742029709a1514c7997c0aae5293b064) Importer(2089858483,b0f066a214c2f5e87bad3c948f4d605d)
Start importing Assets/Projects/GravityDash/kenney_new-platformer-pack-1.1/Sprites/Tiles/Default/terrain_sand_block_center.png using Guid(742029709a1514c7997c0aae5293b064) Importer(2089858483,b0f066a214c2f5e87bad3c948f4d605d) (ScriptedImporter) -> (artifact id: 'eddc5e290d7580c643c871a1ecfb6c1e') in 0.0156872 seconds
Number of updated asset objects reloaded before import = 0Number of asset objects unloaded after import = 3

========================================================================
Received Import Request.
  Time since last request: 0.000033 seconds.
  path: Assets/Projects/GravityDash/kenney_new-platformer-pack-1.1/Sprites/Tiles/Default/terrain_grass_horizontal_overhang_right.png
  artifactKey: Guid(ba60d12f5f35d40608f6ce6f1afec980) Importer(2089858483,b0f066a214c2f5e87bad3c948f4d605d)
Start importing Assets/Projects/GravityDash/kenney_new-platformer-pack-1.1/Sprites/Tiles/Default/terrain_grass_horizontal_overhang_right.png using Guid(ba60d12f5f35d40608f6ce6f1afec980) Importer(2089858483,b0f066a214c2f5e87bad3c948f4d605d) (ScriptedImporter) -> (artifact id: 'cad4ffbeed7a59af63b709bb64219164') in 0.0207927 seconds
Number of updated asset objects reloaded before import = 0Number of asset objects unloaded after import = 3

========================================================================
Received Import Request.
  Time since last request: 0.000019 seconds.
  path: Assets/Projects/GravityDash/kenney_new-platformer-pack-1.1/Sprites/Tiles/Default/sign_left.png
  artifactKey: Guid(d83bcbf59fbe0477186b3b17a02f88ab) Importer(2089858483,b0f066a214c2f5e87bad3c948f4d605d)
Start importing Assets/Projects/GravityDash/kenney_new-platformer-pack-1.1/Sprites/Tiles/Default/sign_left.png using Guid(d83bcbf59fbe0477186b3b17a02f88ab) Importer(2089858483,b0f066a214c2f5e87bad3c948f4d605d) (ScriptedImporter) -> (artifact id: 'af703e75ebfcbc1a10c46f8160440f3f') in 0.0167445 seconds
Number of updated asset objects reloaded before import = 0Number of asset objects unloaded after import = 3

========================================================================
Received Import Request.
  Time since last request: 0.000030 seconds.
  path: Assets/Projects/GravityDash/kenney_new-platformer-pack-1.1/Sprites/Tiles/Default/terrain_grass_block_bottom.png
  artifactKey: Guid(cab84f904db6349f38a11c985a115e9a) Importer(2089858483,b0f066a214c2f5e87bad3c948f4d605d)
Start importing Assets/Projects/GravityDash/kenney_new-platformer-pack-1.1/Sprites/Tiles/Default/terrain_grass_block_bottom.png using Guid(cab84f904db6349f38a11c985a115e9a) Importer(2089858483,b0f066a214c2f5e87bad3c948f4d605d) (ScriptedImporter) -> (artifact id: 'f33d946a67b4b55fc40ddcdef0ad70d3') in 0.0176432 seconds
Number of updated asset objects reloaded before import = 0Number of asset objects unloaded after import = 3

========================================================================
Received Import Request.
  Time since last request: 0.000062 seconds.
  path: Assets/Projects/GravityDash/kenney_new-platformer-pack-1.1/Sprites/Tiles/Default/terrain_snow_ramp_short_b.png
  artifactKey: Guid(745ebaf372cd449c4be08cebef3b73e1) Importer(2089858483,b0f066a214c2f5e87bad3c948f4d605d)
Start importing Assets/Projects/GravityDash/kenney_new-platformer-pack-1.1/Sprites/Tiles/Default/terrain_snow_ramp_short_b.png using Guid(745ebaf372cd449c4be08cebef3b73e1) Importer(2089858483,b0f066a214c2f5e87bad3c948f4d605d) (ScriptedImporter) -> (artifact id: '3f56f4a5b9cb6cc84dbee1e9c1bf7eaa') in 0.016512 seconds
Number of updated asset objects reloaded before import = 0Number of asset objects unloaded after import = 3

========================================================================
Received Import Request.
  Time since last request: 0.000019 seconds.
  path: Assets/Projects/GravityDash/kenney_new-platformer-pack-1.1/Sprites/Tiles/Default/terrain_snow_horizontal_middle.png
  artifactKey: Guid(1279f93a42b82460fb75d2e416d85ceb) Importer(2089858483,b0f066a214c2f5e87bad3c948f4d605d)
Start importing Assets/Projects/GravityDash/kenney_new-platformer-pack-1.1/Sprites/Tiles/Default/terrain_snow_horizontal_middle.png using Guid(1279f93a42b82460fb75d2e416d85ceb) Importer(2089858483,b0f066a214c2f5e87bad3c948f4d605d) (ScriptedImporter) -> (artifact id: '131cfed8fbb15524e40b5e8059d1012d') in 0.0160064 seconds
Number of updated asset objects reloaded before import = 0Number of asset objects unloaded after import = 3

========================================================================
Received Import Request.
  Time since last request: 0.000021 seconds.
  path: Assets/Projects/GravityDash/kenney_new-platformer-pack-1.1/Sprites/Tiles/Default/lock_red.png
  artifactKey: Guid(c3e86bc6eb9df4332b54e22c3f0737ff) Importer(2089858483,b0f066a214c2f5e87bad3c948f4d605d)
Start importing Assets/Projects/GravityDash/kenney_new-platformer-pack-1.1/Sprites/Tiles/Default/lock_red.png using Guid(c3e86bc6eb9df4332b54e22c3f0737ff) Importer(2089858483,b0f066a214c2f5e87bad3c948f4d605d) (ScriptedImporter) -> (artifact id: '1a034af4fa00a40ddc82d02c9ecc06d3') in 0.0158133 seconds
Number of updated asset objects reloaded before import = 0Number of asset objects unloaded after import = 3

========================================================================
Received Import Request.
  Time since last request: 0.000025 seconds.
  path: Assets/Projects/GravityDash/kenney_new-platformer-pack-1.1/Sprites/Tiles/Default/terrain_sand_ramp_short_a.png
  artifactKey: Guid(4d28049a1d05847e99f44e265efd5ac4) Importer(2089858483,b0f066a214c2f5e87bad3c948f4d605d)
Start importing Assets/Projects/GravityDash/kenney_new-platformer-pack-1.1/Sprites/Tiles/Default/terrain_sand_ramp_short_a.png using Guid(4d28049a1d05847e99f44e265efd5ac4) Importer(2089858483,b0f066a214c2f5e87bad3c948f4d605d) (ScriptedImporter) -> (artifact id: '5835ea3474895c578705abe2e2418bb3') in 0.0182711 seconds
Number of updated asset objects reloaded before import = 0Number of asset objects unloaded after import = 3

========================================================================
Received Import Request.
  Time since last request: 0.000058 seconds.
  path: Assets/Projects/GravityDash/kenney_new-platformer-pack-1.1/Sprites/Tiles/Default/terrain_stone_block_bottom_right.png
  artifactKey: Guid(b48baad8e7ef64f4ca9eccae07c6d8d4) Importer(2089858483,b0f066a214c2f5e87bad3c948f4d605d)
Start importing Assets/Projects/GravityDash/kenney_new-platformer-pack-1.1/Sprites/Tiles/Default/terrain_stone_block_bottom_right.png using Guid(b48baad8e7ef64f4ca9eccae07c6d8d4) Importer(2089858483,b0f066a214c2f5e87bad3c948f4d605d) (ScriptedImporter) -> (artifact id: '100b2e029aae72c4018e358ad50a5d3a') in 0.0183365 seconds
Number of updated asset objects reloaded before import = 0Number of asset objects unloaded after import = 3

========================================================================
Received Import Request.
  Time since last request: 0.000030 seconds.
  path: Assets/Projects/GravityDash/kenney_new-platformer-pack-1.1/Sprites/Tiles/Default/terrain_grass_ramp_short_a.png
  artifactKey: Guid(223136fb05a2e470789a12b4abc3f674) Importer(2089858483,b0f066a214c2f5e87bad3c948f4d605d)
Start importing Assets/Projects/GravityDash/kenney_new-platformer-pack-1.1/Sprites/Tiles/Default/terrain_grass_ramp_short_a.png using Guid(223136fb05a2e470789a12b4abc3f674) Importer(2089858483,b0f066a214c2f5e87bad3c948f4d605d) (ScriptedImporter) -> (artifact id: '35a83d60a281c3c2fcc0ea783a9a8232') in 0.0185822 seconds
Number of updated asset objects reloaded before import = 0Number of asset objects unloaded after import = 3

========================================================================
Received Import Request.
  Time since last request: 0.000034 seconds.
  path: Assets/Projects/GravityDash/kenney_new-platformer-pack-1.1/Sprites/Tiles/Double/block_exclamation_active.png
  artifactKey: Guid(1d3babf711e554b999244cad93d6ba33) Importer(2089858483,b0f066a214c2f5e87bad3c948f4d605d)
Start importing Assets/Projects/GravityDash/kenney_new-platformer-pack-1.1/Sprites/Tiles/Double/block_exclamation_active.png using Guid(1d3babf711e554b999244cad93d6ba33) Importer(2089858483,b0f066a214c2f5e87bad3c948f4d605d) (ScriptedImporter) -> (artifact id: '802a19c0d4aa406ee160da455751bd8d') in 0.0153941 seconds
Number of updated asset objects reloaded before import = 0Number of asset objects unloaded after import = 3

========================================================================
Received Import Request.
  Time since last request: 0.000020 seconds.
  path: Assets/Projects/GravityDash/kenney_new-platformer-pack-1.1/Sprites/Tiles/Default/block_green.png
  artifactKey: Guid(16529bc27290c4da1b5410e6ba01f9d7) Importer(2089858483,b0f066a214c2f5e87bad3c948f4d605d)
Start importing Assets/Projects/GravityDash/kenney_new-platformer-pack-1.1/Sprites/Tiles/Default/block_green.png using Guid(16529bc27290c4da1b5410e6ba01f9d7) Importer(2089858483,b0f066a214c2f5e87bad3c948f4d605d) (ScriptedImporter) -> (artifact id: 'b4d59a986f9a9aa98628322527ba7978') in 0.0176074 seconds
Number of updated asset objects reloaded before import = 0Number of asset objects unloaded after import = 3

========================================================================
Received Import Request.
  Time since last request: 0.000019 seconds.
  path: Assets/Projects/GravityDash/kenney_new-platformer-pack-1.1/Sprites/Tiles/Default/terrain_purple_block_top_left.png
  artifactKey: Guid(ae6e3f8b92cbb41f8abcb725ae73ac4e) Importer(2089858483,b0f066a214c2f5e87bad3c948f4d605d)
Start importing Assets/Projects/GravityDash/kenney_new-platformer-pack-1.1/Sprites/Tiles/Default/terrain_purple_block_top_left.png using Guid(ae6e3f8b92cbb41f8abcb725ae73ac4e) Importer(2089858483,b0f066a214c2f5e87bad3c948f4d605d) (ScriptedImporter) -> (artifact id: '01fa4e2cf09615bff626dda5cfecd73e') in 0.0167932 seconds
Number of updated asset objects reloaded before import = 0Number of asset objects unloaded after import = 3

========================================================================
Received Import Request.
  Time since last request: 0.000023 seconds.
  path: Assets/Projects/GravityDash/kenney_new-platformer-pack-1.1/Sprites/Tiles/Default/terrain_grass_ramp_short_b.png
  artifactKey: Guid(f47e34434e8194f7fa671b80343afa71) Importer(2089858483,b0f066a214c2f5e87bad3c948f4d605d)
Start importing Assets/Projects/GravityDash/kenney_new-platformer-pack-1.1/Sprites/Tiles/Default/terrain_grass_ramp_short_b.png using Guid(f47e34434e8194f7fa671b80343afa71) Importer(2089858483,b0f066a214c2f5e87bad3c948f4d605d) (ScriptedImporter) -> (artifact id: '9476b11788a452eb2a82958ff5f55bca') in 0.0173658 seconds
Number of updated asset objects reloaded before import = 0Number of asset objects unloaded after import = 3

========================================================================
Received Import Request.
  Time since last request: 0.000029 seconds.
  path: Assets/Projects/GravityDash/kenney_new-platformer-pack-1.1/Sprites/Tiles/Default/lava.png
  artifactKey: Guid(407d1ff1af74c40d6a278d587d546c53) Importer(2089858483,b0f066a214c2f5e87bad3c948f4d605d)
Start importing Assets/Projects/GravityDash/kenney_new-platformer-pack-1.1/Sprites/Tiles/Default/lava.png using Guid(407d1ff1af74c40d6a278d587d546c53) Importer(2089858483,b0f066a214c2f5e87bad3c948f4d605d) (ScriptedImporter) -> (artifact id: '04b5d540119b5cedb47d15a9d0692e37') in 0.0186452 seconds
Number of updated asset objects reloaded before import = 0Number of asset objects unloaded after import = 3

========================================================================
Received Import Request.
  Time since last request: 0.000019 seconds.
  path: Assets/Projects/GravityDash/kenney_new-platformer-pack-1.1/Sprites/Tiles/Default/fireball.png
  artifactKey: Guid(f4367befcaf1f41a7b3029b25bdf32a1) Importer(2089858483,b0f066a214c2f5e87bad3c948f4d605d)
Start importing Assets/Projects/GravityDash/kenney_new-platformer-pack-1.1/Sprites/Tiles/Default/fireball.png using Guid(f4367befcaf1f41a7b3029b25bdf32a1) Importer(2089858483,b0f066a214c2f5e87bad3c948f4d605d) (ScriptedImporter) -> (artifact id: 'c5bd47a3baa14319aa78695ff12ebecf') in 0.0183847 seconds
Number of updated asset objects reloaded before import = 0Number of asset objects unloaded after import = 3

========================================================================
Received Import Request.
  Time since last request: 0.000020 seconds.
  path: Assets/Projects/GravityDash/kenney_new-platformer-pack-1.1/Sprites/Tiles/Default/terrain_stone_cloud_right.png
  artifactKey: Guid(9be772bc912db4b598c8a79e0fd7e2d7) Importer(2089858483,b0f066a214c2f5e87bad3c948f4d605d)
Start importing Assets/Projects/GravityDash/kenney_new-platformer-pack-1.1/Sprites/Tiles/Default/terrain_stone_cloud_right.png using Guid(9be772bc912db4b598c8a79e0fd7e2d7) Importer(2089858483,b0f066a214c2f5e87bad3c948f4d605d) (ScriptedImporter) -> (artifact id: '650375cccba354200e94148243378f8b') in 0.0175871 seconds
Number of updated asset objects reloaded before import = 0Number of asset objects unloaded after import = 3

========================================================================
Received Import Request.
  Time since last request: 0.000020 seconds.
  path: Assets/Projects/GravityDash/kenney_new-platformer-pack-1.1/Sprites/Tiles/Default/block_blue.png
  artifactKey: Guid(6cad2174ef1254494b8fd17865d3db9a) Importer(2089858483,b0f066a214c2f5e87bad3c948f4d605d)
Start importing Assets/Projects/GravityDash/kenney_new-platformer-pack-1.1/Sprites/Tiles/Default/block_blue.png using Guid(6cad2174ef1254494b8fd17865d3db9a) Importer(2089858483,b0f066a214c2f5e87bad3c948f4d605d) (ScriptedImporter) -> (artifact id: 'ea2c1892cb1dcd34d1020f316a94f916') in 0.0181187 seconds
Number of updated asset objects reloaded before import = 0Number of asset objects unloaded after import = 3

========================================================================
Received Import Request.
  Time since last request: 0.000039 seconds.
  path: Assets/Projects/GravityDash/kenney_new-platformer-pack-1.1/Sprites/Tiles/Default/terrain_purple_vertical_top.png
  artifactKey: Guid(6d8a330e99b6740778f92d3a05b3ca14) Importer(2089858483,b0f066a214c2f5e87bad3c948f4d605d)
Start importing Assets/Projects/GravityDash/kenney_new-platformer-pack-1.1/Sprites/Tiles/Default/terrain_purple_vertical_top.png using Guid(6d8a330e99b6740778f92d3a05b3ca14) Importer(2089858483,b0f066a214c2f5e87bad3c948f4d605d) (ScriptedImporter) -> (artifact id: '42b63ef210dc84980b5b1333518828c7') in 0.0175377 seconds
Number of updated asset objects reloaded before import = 0Number of asset objects unloaded after import = 3

========================================================================
Received Import Request.
  Time since last request: 0.000031 seconds.
  path: Assets/Projects/GravityDash/kenney_new-platformer-pack-1.1/Sprites/Tiles/Default/block_empty_warning.png
  artifactKey: Guid(7e39d0d9099d04c55811ce92a000dee6) Importer(2089858483,b0f066a214c2f5e87bad3c948f4d605d)
Start importing Assets/Projects/GravityDash/kenney_new-platformer-pack-1.1/Sprites/Tiles/Default/block_empty_warning.png using Guid(7e39d0d9099d04c55811ce92a000dee6) Importer(2089858483,b0f066a214c2f5e87bad3c948f4d605d) (ScriptedImporter) -> (artifact id: '88655702820274a435a6451ee115220d') in 0.0166445 seconds
Number of updated asset objects reloaded before import = 0Number of asset objects unloaded after import = 3

========================================================================
Received Import Request.
  Time since last request: 0.000018 seconds.
  path: Assets/Projects/GravityDash/kenney_new-platformer-pack-1.1/Sprites/Tiles/Default/terrain_dirt_horizontal_right.png
  artifactKey: Guid(6bb218912a1a74d99b21c6b7284e806d) Importer(2089858483,b0f066a214c2f5e87bad3c948f4d605d)
Start importing Assets/Projects/GravityDash/kenney_new-platformer-pack-1.1/Sprites/Tiles/Default/terrain_dirt_horizontal_right.png using Guid(6bb218912a1a74d99b21c6b7284e806d) Importer(2089858483,b0f066a214c2f5e87bad3c948f4d605d) (ScriptedImporter) -> (artifact id: 'a7e970a492f679bdd5c153d203be3cb6') in 0.0172869 seconds
Number of updated asset objects reloaded before import = 0Number of asset objects unloaded after import = 3

========================================================================
Received Import Request.
  Time since last request: 0.000017 seconds.
  path: Assets/Projects/GravityDash/kenney_new-platformer-pack-1.1/Sprites/Tiles/Default/terrain_snow_cloud_left.png
  artifactKey: Guid(e3d056770dc5049c682fd7f4f492e040) Importer(2089858483,b0f066a214c2f5e87bad3c948f4d605d)
Start importing Assets/Projects/GravityDash/kenney_new-platformer-pack-1.1/Sprites/Tiles/Default/terrain_snow_cloud_left.png using Guid(e3d056770dc5049c682fd7f4f492e040) Importer(2089858483,b0f066a214c2f5e87bad3c948f4d605d) (ScriptedImporter) -> (artifact id: 'e5709c0a991a39c4445e3c48c3caa476') in 0.0169948 seconds
Number of updated asset objects reloaded before import = 0Number of asset objects unloaded after import = 3

========================================================================
Received Import Request.
  Time since last request: 0.000035 seconds.
  path: Assets/Projects/GravityDash/kenney_new-platformer-pack-1.1/Sprites/Tiles/Default/block_strong_coin.png
  artifactKey: Guid(6bb0275f5b9ad4a6cac8a9c30452dff1) Importer(2089858483,b0f066a214c2f5e87bad3c948f4d605d)
Start importing Assets/Projects/GravityDash/kenney_new-platformer-pack-1.1/Sprites/Tiles/Default/block_strong_coin.png using Guid(6bb0275f5b9ad4a6cac8a9c30452dff1) Importer(2089858483,b0f066a214c2f5e87bad3c948f4d605d) (ScriptedImporter) -> (artifact id: 'c533f32cfbd99135971a9455ac02495a') in 0.0184365 seconds
Number of updated asset objects reloaded before import = 0Number of asset objects unloaded after import = 3

========================================================================
Received Import Request.
  Time since last request: 0.000019 seconds.
  path: Assets/Projects/GravityDash/kenney_new-platformer-pack-1.1/Sprites/Tiles/Default/torch_on_a.png
  artifactKey: Guid(b2ec47bb1f0c0442ebc8a859fa3c2a02) Importer(2089858483,b0f066a214c2f5e87bad3c948f4d605d)
Start importing Assets/Projects/GravityDash/kenney_new-platformer-pack-1.1/Sprites/Tiles/Default/torch_on_a.png using Guid(b2ec47bb1f0c0442ebc8a859fa3c2a02) Importer(2089858483,b0f066a214c2f5e87bad3c948f4d605d) (ScriptedImporter) -> (artifact id: '23cdf6e79f853b8e9715e30e05c61350') in 0.0175106 seconds
Number of updated asset objects reloaded before import = 0Number of asset objects unloaded after import = 3

========================================================================
Received Import Request.
  Time since last request: 0.000037 seconds.
  path: Assets/Projects/GravityDash/kenney_new-platformer-pack-1.1/Sprites/Tiles/Default/terrain_purple_ramp_long_a.png
  artifactKey: Guid(b31fabc199acb4b4c803514b10b34d1b) Importer(2089858483,b0f066a214c2f5e87bad3c948f4d605d)
Start importing Assets/Projects/GravityDash/kenney_new-platformer-pack-1.1/Sprites/Tiles/Default/terrain_purple_ramp_long_a.png using Guid(b31fabc199acb4b4c803514b10b34d1b) Importer(2089858483,b0f066a214c2f5e87bad3c948f4d605d) (ScriptedImporter) -> (artifact id: 'a7de1367e897e1089dc33fcf43b0757c') in 0.0161536 seconds
Number of updated asset objects reloaded before import = 0Number of asset objects unloaded after import = 3

========================================================================
Received Import Request.
  Time since last request: 0.000028 seconds.
  path: Assets/Projects/GravityDash/kenney_new-platformer-pack-1.1/Sprites/Tiles/Default/hud_character_5.png
  artifactKey: Guid(0df6d39cb963f4750bd07d271812c7a5) Importer(2089858483,b0f066a214c2f5e87bad3c948f4d605d)
Start importing Assets/Projects/GravityDash/kenney_new-platformer-pack-1.1/Sprites/Tiles/Default/hud_character_5.png using Guid(0df6d39cb963f4750bd07d271812c7a5) Importer(2089858483,b0f066a214c2f5e87bad3c948f4d605d) (ScriptedImporter) -> (artifact id: 'b87ca4f8aee7a49e95cdf13d62a9fa9b') in 0.0150708 seconds
Number of updated asset objects reloaded before import = 0Number of asset objects unloaded after import = 3

========================================================================
Received Import Request.
  Time since last request: 0.000021 seconds.
  path: Assets/Projects/GravityDash/kenney_new-platformer-pack-1.1/Sprites/Tiles/Default/terrain_grass_cloud.png
  artifactKey: Guid(dc182ef33e1e34dd3bf80e5754c0cf89) Importer(2089858483,b0f066a214c2f5e87bad3c948f4d605d)
Start importing Assets/Projects/GravityDash/kenney_new-platformer-pack-1.1/Sprites/Tiles/Default/terrain_grass_cloud.png using Guid(dc182ef33e1e34dd3bf80e5754c0cf89) Importer(2089858483,b0f066a214c2f5e87bad3c948f4d605d) (ScriptedImporter) -> (artifact id: '01db0dbc08707665b461756059a02284') in 0.0164688 seconds
Number of updated asset objects reloaded before import = 0Number of asset objects unloaded after import = 3

========================================================================
Received Import Request.
  Time since last request: 0.000025 seconds.
  path: Assets/Projects/GravityDash/kenney_new-platformer-pack-1.1/Sprites/Tiles/Default/terrain_snow_horizontal_right.png
  artifactKey: Guid(6b8280f5597314c0bbb5b4883ae8cabf) Importer(2089858483,b0f066a214c2f5e87bad3c948f4d605d)
Start importing Assets/Projects/GravityDash/kenney_new-platformer-pack-1.1/Sprites/Tiles/Default/terrain_snow_horizontal_right.png using Guid(6b8280f5597314c0bbb5b4883ae8cabf) Importer(2089858483,b0f066a214c2f5e87bad3c948f4d605d) (ScriptedImporter) -> (artifact id: '3a80075055f3f58721b788babf872fb6') in 0.0174968 seconds
Number of updated asset objects reloaded before import = 0Number of asset objects unloaded after import = 3

========================================================================
Received Import Request.
  Time since last request: 0.117394 seconds.
  path: Assets/Projects/GravityDash/kenney_new-platformer-pack-1.1/Sprites/Tiles/Double/block_strong_coin.png
  artifactKey: Guid(8f561d08cb3e647f1b168dd585119e75) Importer(2089858483,b0f066a214c2f5e87bad3c948f4d605d)
Start importing Assets/Projects/GravityDash/kenney_new-platformer-pack-1.1/Sprites/Tiles/Double/block_strong_coin.png using Guid(8f561d08cb3e647f1b168dd585119e75) Importer(2089858483,b0f066a214c2f5e87bad3c948f4d605d) (ScriptedImporter) -> (artifact id: '3ab95a0a23b4a05be03e6b3fe41f2851') in 0.0178532 seconds
Number of updated asset objects reloaded before import = 0Number of asset objects unloaded after import = 3

========================================================================
Received Import Request.
  Time since last request: 0.000017 seconds.
  path: Assets/Projects/GravityDash/kenney_ui-pack/PNG/Blue/Default/slide_horizontal_grey.png
  artifactKey: Guid(640059624d1024122ab5aa948e1b3a1b) Importer(2089858483,b0f066a214c2f5e87bad3c948f4d605d)
Start importing Assets/Projects/GravityDash/kenney_ui-pack/PNG/Blue/Default/slide_horizontal_grey.png using Guid(640059624d1024122ab5aa948e1b3a1b) Importer(2089858483,b0f066a214c2f5e87bad3c948f4d605d) (ScriptedImporter) -> (artifact id: 'adc069619d0770d4e1235bc61c314624') in 0.0218278 seconds
Number of updated asset objects reloaded before import = 0Number of asset objects unloaded after import = 3

========================================================================
Received Import Request.
  Time since last request: 0.000029 seconds.
  path: Assets/Projects/GravityDash/kenney_ui-pack/PNG/Blue/Double/check_round_color.png
  artifactKey: Guid(afe63ccac556345c3b3fb7a1e34cdd59) Importer(2089858483,b0f066a214c2f5e87bad3c948f4d605d)
Start importing Assets/Projects/GravityDash/kenney_ui-pack/PNG/Blue/Double/check_round_color.png using Guid(afe63ccac556345c3b3fb7a1e34cdd59) Importer(2089858483,b0f066a214c2f5e87bad3c948f4d605d) (ScriptedImporter) -> (artifact id: 'e2405a3bf85effe0876f8f2a6e25bbbd') in 0.0167848 seconds
Number of updated asset objects reloaded before import = 0Number of asset objects unloaded after import = 3

========================================================================
Received Import Request.
  Time since last request: 0.000023 seconds.
  path: Assets/Projects/GravityDash/kenney_ui-pack/PNG/Blue/Default/arrow_basic_n_small.png
  artifactKey: Guid(6bb97b1a48c864ea6b81faf545c68248) Importer(2089858483,b0f066a214c2f5e87bad3c948f4d605d)
Start importing Assets/Projects/GravityDash/kenney_ui-pack/PNG/Blue/Default/arrow_basic_n_small.png using Guid(6bb97b1a48c864ea6b81faf545c68248) Importer(2089858483,b0f066a214c2f5e87bad3c948f4d605d) (ScriptedImporter) -> (artifact id: '997f2c43c87d74401c646b5e57737c07') in 0.0182023 seconds
Number of updated asset objects reloaded before import = 0Number of asset objects unloaded after import = 3

========================================================================
Received Import Request.
  Time since last request: 0.000036 seconds.
  path: Assets/Projects/GravityDash/kenney_ui-pack/PNG/Blue/Default/check_square_grey_cross.png
  artifactKey: Guid(9b6714342e167498eab6c12a93f08c8d) Importer(2089858483,b0f066a214c2f5e87bad3c948f4d605d)
Start importing Assets/Projects/GravityDash/kenney_ui-pack/PNG/Blue/Default/check_square_grey_cross.png using Guid(9b6714342e167498eab6c12a93f08c8d) Importer(2089858483,b0f066a214c2f5e87bad3c948f4d605d) (ScriptedImporter) -> (artifact id: '0446581c9e2230fce66a178f4955f68e') in 0.0172725 seconds
Number of updated asset objects reloaded before import = 0Number of asset objects unloaded after import = 3

========================================================================
Received Import Request.
  Time since last request: 0.000046 seconds.
  path: Assets/Projects/GravityDash/kenney_new-platformer-pack-1.1/Sprites/Tiles/Double/terrain_grass_ramp_long_c.png
  artifactKey: Guid(a33cd760e5b3f43b39dad8ccaaa7d343) Importer(2089858483,b0f066a214c2f5e87bad3c948f4d605d)
Start importing Assets/Projects/GravityDash/kenney_new-platformer-pack-1.1/Sprites/Tiles/Double/terrain_grass_ramp_long_c.png using Guid(a33cd760e5b3f43b39dad8ccaaa7d343) Importer(2089858483,b0f066a214c2f5e87bad3c948f4d605d) (ScriptedImporter) -> (artifact id: '8f3b7cfd7bf2103db0556c8922cafc78') in 0.016464 seconds
Number of updated asset objects reloaded before import = 0Number of asset objects unloaded after import = 3

========================================================================
Received Import Request.
  Time since last request: 0.000020 seconds.
  path: Assets/Projects/GravityDash/kenney_ui-pack/PNG/Blue/Double/button_rectangle_depth_gloss.png
  artifactKey: Guid(0de4d5000ff5645728d40b10c74a5bc5) Importer(2089858483,b0f066a214c2f5e87bad3c948f4d605d)
Start importing Assets/Projects/GravityDash/kenney_ui-pack/PNG/Blue/Double/button_rectangle_depth_gloss.png using Guid(0de4d5000ff5645728d40b10c74a5bc5) Importer(2089858483,b0f066a214c2f5e87bad3c948f4d605d) (ScriptedImporter) -> (artifact id: 'f0b6e698ec81b2f24872a4ac87ffb628') in 0.0188071 seconds
Number of updated asset objects reloaded before import = 0Number of asset objects unloaded after import = 3

========================================================================
Received Import Request.
  Time since last request: 0.000020 seconds.
  path: Assets/Projects/GravityDash/kenney_new-platformer-pack-1.1/Sprites/Tiles/Double/coin_silver_side.png
  artifactKey: Guid(b724673f8c5d8417d85b3e655cb3c0a7) Importer(2089858483,b0f066a214c2f5e87bad3c948f4d605d)
Start importing Assets/Projects/GravityDash/kenney_new-platformer-pack-1.1/Sprites/Tiles/Double/coin_silver_side.png using Guid(b724673f8c5d8417d85b3e655cb3c0a7) Importer(2089858483,b0f066a214c2f5e87bad3c948f4d605d) (ScriptedImporter) -> (artifact id: 'a2f1695f6da25db1777b5dfee2574d17') in 0.0170002 seconds
Number of updated asset objects reloaded before import = 0Number of asset objects unloaded after import = 3

========================================================================
Received Import Request.
  Time since last request: 0.000031 seconds.
  path: Assets/Projects/GravityDash/kenney_ui-pack/PNG/Blue/Double/slide_hangle.png
  artifactKey: Guid(715aac25bf26e41feb02d87439fe8af1) Importer(2089858483,b0f066a214c2f5e87bad3c948f4d605d)
Start importing Assets/Projects/GravityDash/kenney_ui-pack/PNG/Blue/Double/slide_hangle.png using Guid(715aac25bf26e41feb02d87439fe8af1) Importer(2089858483,b0f066a214c2f5e87bad3c948f4d605d) (ScriptedImporter) -> (artifact id: '529cfc3de601159c7be9a98943a8c2d5') in 0.0152759 seconds
Number of updated asset objects reloaded before import = 0Number of asset objects unloaded after import = 3

========================================================================
Received Import Request.
  Time since last request: 0.000020 seconds.
  path: Assets/Projects/GravityDash/kenney_ui-pack/PNG/Blue/Default/slide_vertical_grey_section_wide.png
  artifactKey: Guid(71364b99ee5084ba3b564a7c5790998f) Importer(2089858483,b0f066a214c2f5e87bad3c948f4d605d)
Start importing Assets/Projects/GravityDash/kenney_ui-pack/PNG/Blue/Default/slide_vertical_grey_section_wide.png using Guid(71364b99ee5084ba3b564a7c5790998f) Importer(2089858483,b0f066a214c2f5e87bad3c948f4d605d) (ScriptedImporter) -> (artifact id: '16d9509df6a8a97056d8d9091263f08a') in 0.017288 seconds
Number of updated asset objects reloaded before import = 0Number of asset objects unloaded after import = 3

========================================================================
Received Import Request.
  Time since last request: 0.000023 seconds.
  path: Assets/Projects/GravityDash/kenney_new-platformer-pack-1.1/Sprites/Tiles/Double/switch_blue.png
  artifactKey: Guid(11fb4e7f82e684545b2f1d014feb55ca) Importer(2089858483,b0f066a214c2f5e87bad3c948f4d605d)
Start importing Assets/Projects/GravityDash/kenney_new-platformer-pack-1.1/Sprites/Tiles/Double/switch_blue.png using Guid(11fb4e7f82e684545b2f1d014feb55ca) Importer(2089858483,b0f066a214c2f5e87bad3c948f4d605d) (ScriptedImporter) -> (artifact id: '3aa792a50a8ca2e6c690fcbebc9ef640') in 0.0155907 seconds
Number of updated asset objects reloaded before import = 0Number of asset objects unloaded after import = 3

========================================================================
Received Import Request.
  Time since last request: 0.000019 seconds.
  path: Assets/Projects/GravityDash/kenney_new-platformer-pack-1.1/Sprites/Tiles/Double/terrain_dirt_cloud.png
  artifactKey: Guid(786b967206abb4d7699dd1faef2b19cc) Importer(2089858483,b0f066a214c2f5e87bad3c948f4d605d)
Start importing Assets/Projects/GravityDash/kenney_new-platformer-pack-1.1/Sprites/Tiles/Double/terrain_dirt_cloud.png using Guid(786b967206abb4d7699dd1faef2b19cc) Importer(2089858483,b0f066a214c2f5e87bad3c948f4d605d) (ScriptedImporter) -> (artifact id: 'e2f6d978a88abdb31d2413a42f7dcc8b') in 0.0154952 seconds
Number of updated asset objects reloaded before import = 0Number of asset objects unloaded after import = 3

========================================================================
Received Import Request.
  Time since last request: 0.000039 seconds.
  path: Assets/Projects/GravityDash/kenney_new-platformer-pack-1.1/Sprites/Tiles/Double/lava_top.png
  artifactKey: Guid(813fd0d73374945c4b6b132217367c5c) Importer(2089858483,b0f066a214c2f5e87bad3c948f4d605d)
Start importing Assets/Projects/GravityDash/kenney_new-platformer-pack-1.1/Sprites/Tiles/Double/lava_top.png using Guid(813fd0d73374945c4b6b132217367c5c) Importer(2089858483,b0f066a214c2f5e87bad3c948f4d605d) (ScriptedImporter) -> (artifact id: '2c0510171848902132ad6ef047aedf56') in 0.0160607 seconds
Number of updated asset objects reloaded before import = 0Number of asset objects unloaded after import = 3

========================================================================
Received Import Request.
  Time since last request: 0.000026 seconds.
  path: Assets/Projects/GravityDash/kenney_ui-pack/PNG/Blue/Default/arrow_basic_s_small.png
  artifactKey: Guid(fb92df2902b844138b5ae54b5e290ddd) Importer(2089858483,b0f066a214c2f5e87bad3c948f4d605d)
Start importing Assets/Projects/GravityDash/kenney_ui-pack/PNG/Blue/Default/arrow_basic_s_small.png using Guid(fb92df2902b844138b5ae54b5e290ddd) Importer(2089858483,b0f066a214c2f5e87bad3c948f4d605d) (ScriptedImporter) -> (artifact id: '35348b012344bd08bfe126b6de091ef1') in 0.0173757 seconds
Number of updated asset objects reloaded before import = 0Number of asset objects unloaded after import = 3

========================================================================
Received Import Request.
  Time since last request: 0.000034 seconds.
  path: Assets/Projects/GravityDash/kenney_new-platformer-pack-1.1/Sprites/Tiles/Double/lock_green.png
  artifactKey: Guid(439520c8240624293bbe2d684ff33726) Importer(2089858483,b0f066a214c2f5e87bad3c948f4d605d)
Start importing Assets/Projects/GravityDash/kenney_new-platformer-pack-1.1/Sprites/Tiles/Double/lock_green.png using Guid(439520c8240624293bbe2d684ff33726) Importer(2089858483,b0f066a214c2f5e87bad3c948f4d605d) (ScriptedImporter) -> (artifact id: '52707031b37981a8495785fcc3325420') in 0.019911 seconds
Number of updated asset objects reloaded before import = 0Number of asset objects unloaded after import = 3

========================================================================
Received Import Request.
  Time since last request: 0.000029 seconds.
  path: Assets/Projects/GravityDash/kenney_new-platformer-pack-1.1/Sprites/Tiles/Double/terrain_snow_horizontal_overhang_right.png
  artifactKey: Guid(e8c226aa963c84bb38fddf3d2fcd26fa) Importer(2089858483,b0f066a214c2f5e87bad3c948f4d605d)
Start importing Assets/Projects/GravityDash/kenney_new-platformer-pack-1.1/Sprites/Tiles/Double/terrain_snow_horizontal_overhang_right.png using Guid(e8c226aa963c84bb38fddf3d2fcd26fa) Importer(2089858483,b0f066a214c2f5e87bad3c948f4d605d) (ScriptedImporter) -> (artifact id: 'ec9926f6fa488ecfd2636b885331a7da') in 0.0166408 seconds
Number of updated asset objects reloaded before import = 0Number of asset objects unloaded after import = 3

========================================================================
Received Import Request.
  Time since last request: 0.000023 seconds.
  path: Assets/Projects/GravityDash/kenney_ui-pack/PNG/Blue/Double/arrow_decorative_w_small.png
  artifactKey: Guid(329f681556d274b8684dd5fbd098c57f) Importer(2089858483,b0f066a214c2f5e87bad3c948f4d605d)
Start importing Assets/Projects/GravityDash/kenney_ui-pack/PNG/Blue/Double/arrow_decorative_w_small.png using Guid(329f681556d274b8684dd5fbd098c57f) Importer(2089858483,b0f066a214c2f5e87bad3c948f4d605d) (ScriptedImporter) -> (artifact id: '4ba553a3995ef314dae8a462aa598e1c') in 0.018961 seconds
Number of updated asset objects reloaded before import = 0Number of asset objects unloaded after import = 3

========================================================================
Received Import Request.
  Time since last request: 0.000028 seconds.
  path: Assets/Projects/GravityDash/kenney_ui-pack/PNG/Blue/Default/arrow_basic_e_small.png
  artifactKey: Guid(48ef5df4d981f4a71b2028c80c68061c) Importer(2089858483,b0f066a214c2f5e87bad3c948f4d605d)
Start importing Assets/Projects/GravityDash/kenney_ui-pack/PNG/Blue/Default/arrow_basic_e_small.png using Guid(48ef5df4d981f4a71b2028c80c68061c) Importer(2089858483,b0f066a214c2f5e87bad3c948f4d605d) (ScriptedImporter) -> (artifact id: '168dde6c9aace9f8d0cf46138db4e0c8') in 0.0160268 seconds
Number of updated asset objects reloaded before import = 0Number of asset objects unloaded after import = 3

========================================================================
Received Import Request.
  Time since last request: 0.000029 seconds.
  path: Assets/Projects/GravityDash/kenney_ui-pack/PNG/Blue/Default/icon_outline_square.png
  artifactKey: Guid(5101f0bad60e346f98e9c0754dadba85) Importer(2089858483,b0f066a214c2f5e87bad3c948f4d605d)
Start importing Assets/Projects/GravityDash/kenney_ui-pack/PNG/Blue/Default/icon_outline_square.png using Guid(5101f0bad60e346f98e9c0754dadba85) Importer(2089858483,b0f066a214c2f5e87bad3c948f4d605d) (ScriptedImporter) -> (artifact id: 'f16126bb3e9276d2fbe7bc4299060b1b') in 0.0172615 seconds
Number of updated asset objects reloaded before import = 0Number of asset objects unloaded after import = 3

========================================================================
Received Import Request.
  Time since last request: 0.000020 seconds.
  path: Assets/Projects/GravityDash/kenney_new-platformer-pack-1.1/Sprites/Tiles/Double/terrain_purple_horizontal_middle.png
  artifactKey: Guid(441d0e555b5984ba7806acb157716a73) Importer(2089858483,b0f066a214c2f5e87bad3c948f4d605d)
Start importing Assets/Projects/GravityDash/kenney_new-platformer-pack-1.1/Sprites/Tiles/Double/terrain_purple_horizontal_middle.png using Guid(441d0e555b5984ba7806acb157716a73) Importer(2089858483,b0f066a214c2f5e87bad3c948f4d605d) (ScriptedImporter) -> (artifact id: '2dd7ddcda5ce458a1ffc1374acd1d61b') in 0.0163872 seconds
Number of updated asset objects reloaded before import = 0Number of asset objects unloaded after import = 3

========================================================================
Received Import Request.
  Time since last request: 0.000026 seconds.
  path: Assets/Projects/GravityDash/kenney_ui-pack/PNG/Blue/Default/slide_horizontal_grey_section_wide.png
  artifactKey: Guid(57dc2e3044ac2447196ac397c8489097) Importer(2089858483,b0f066a214c2f5e87bad3c948f4d605d)
Start importing Assets/Projects/GravityDash/kenney_ui-pack/PNG/Blue/Default/slide_horizontal_grey_section_wide.png using Guid(57dc2e3044ac2447196ac397c8489097) Importer(2089858483,b0f066a214c2f5e87bad3c948f4d605d) (ScriptedImporter) -> (artifact id: 'bb3e47c38c564e5c84c1e49e05c0fcb5') in 0.0174334 seconds
Number of updated asset objects reloaded before import = 0Number of asset objects unloaded after import = 3

========================================================================
Received Import Request.
  Time since last request: 0.000019 seconds.
  path: Assets/Projects/GravityDash/kenney_ui-pack/PNG/Blue/Default/check_square_grey_checkmark.png
  artifactKey: Guid(cf40c37bbaa0f4e0ba2e6d34763b1906) Importer(2089858483,b0f066a214c2f5e87bad3c948f4d605d)
Start importing Assets/Projects/GravityDash/kenney_ui-pack/PNG/Blue/Default/check_square_grey_checkmark.png using Guid(cf40c37bbaa0f4e0ba2e6d34763b1906) Importer(2089858483,b0f066a214c2f5e87bad3c948f4d605d) (ScriptedImporter) -> (artifact id: 'e11cc1ff3567ba5b7cac3f07c2b53942') in 0.020116 seconds
Number of updated asset objects reloaded before import = 0Number of asset objects unloaded after import = 3

========================================================================
Received Import Request.
  Time since last request: 0.000034 seconds.
  path: Assets/Projects/GravityDash/kenney_new-platformer-pack-1.1/Sprites/Tiles/Double/lever.png
  artifactKey: Guid(d77fd629987244e5ca7c4335c805c0db) Importer(2089858483,b0f066a214c2f5e87bad3c948f4d605d)
Start importing Assets/Projects/GravityDash/kenney_new-platformer-pack-1.1/Sprites/Tiles/Double/lever.png using Guid(d77fd629987244e5ca7c4335c805c0db) Importer(2089858483,b0f066a214c2f5e87bad3c948f4d605d) (ScriptedImporter) -> (artifact id: 'f2b31372b7f02dfe8faa2ff741e66dbe') in 0.0167153 seconds
Number of updated asset objects reloaded before import = 0Number of asset objects unloaded after import = 3

========================================================================
Received Import Request.
  Time since last request: 0.000027 seconds.
  path: Assets/Projects/GravityDash/kenney_ui-pack/PNG/Extra/Default/button_round_depth_line.png
  artifactKey: Guid(b4d60d90ef77640b1b45d7eb4eb1d3c2) Importer(2089858483,b0f066a214c2f5e87bad3c948f4d605d)
Start importing Assets/Projects/GravityDash/kenney_ui-pack/PNG/Extra/Default/button_round_depth_line.png using Guid(b4d60d90ef77640b1b45d7eb4eb1d3c2) Importer(2089858483,b0f066a214c2f5e87bad3c948f4d605d) (ScriptedImporter) -> (artifact id: '4ed6dc194bd6a5297b618bad8b440bdb') in 0.0194758 seconds
Number of updated asset objects reloaded before import = 0Number of asset objects unloaded after import = 3

========================================================================
Received Import Request.
  Time since last request: 0.000020 seconds.
  path: Assets/Projects/GravityDash/kenney_ui-pack/PNG/Blue/Default/arrow_decorative_w_small.png
  artifactKey: Guid(46e34a9b854b74e14a60d449313c461b) Importer(2089858483,b0f066a214c2f5e87bad3c948f4d605d)
Start importing Assets/Projects/GravityDash/kenney_ui-pack/PNG/Blue/Default/arrow_decorative_w_small.png using Guid(46e34a9b854b74e14a60d449313c461b) Importer(2089858483,b0f066a214c2f5e87bad3c948f4d605d) (ScriptedImporter) -> (artifact id: 'd22976e956bb5152c5d2f09bae5b2b60') in 0.0188566 seconds
Number of updated asset objects reloaded before import = 0Number of asset objects unloaded after import = 3

========================================================================
Received Import Request.
  Time since last request: 0.000030 seconds.
  path: Assets/Projects/GravityDash/kenney_ui-pack/PNG/Extra/Double/button_square_line.png
  artifactKey: Guid(705e1e97639c944e3b57cee8628b074a) Importer(2089858483,b0f066a214c2f5e87bad3c948f4d605d)
Start importing Assets/Projects/GravityDash/kenney_ui-pack/PNG/Extra/Double/button_square_line.png using Guid(705e1e97639c944e3b57cee8628b074a) Importer(2089858483,b0f066a214c2f5e87bad3c948f4d605d) (ScriptedImporter) -> (artifact id: 'fb192236aa63a0d64dec60ab3d3e1948') in 0.0168655 seconds
Number of updated asset objects reloaded before import = 0Number of asset objects unloaded after import = 3

========================================================================
Received Import Request.
  Time since last request: 0.000028 seconds.
  path: Assets/Projects/GravityDash/kenney_new-platformer-pack-1.1/Sprites/Tiles/Double/gem_green.png
  artifactKey: Guid(7ba5aa96500d9420499a4ee9fe2e073a) Importer(2089858483,b0f066a214c2f5e87bad3c948f4d605d)
Start importing Assets/Projects/GravityDash/kenney_new-platformer-pack-1.1/Sprites/Tiles/Double/gem_green.png using Guid(7ba5aa96500d9420499a4ee9fe2e073a) Importer(2089858483,b0f066a214c2f5e87bad3c948f4d605d) (ScriptedImporter) -> (artifact id: '64bc79713dd08efd910f3d7c2c2d5580') in 0.0148212 seconds
Number of updated asset objects reloaded before import = 0Number of asset objects unloaded after import = 3

========================================================================
Received Import Request.
  Time since last request: 0.000019 seconds.
  path: Assets/Projects/GravityDash/kenney_new-platformer-pack-1.1/Sprites/Tiles/Double/terrain_stone_block.png
  artifactKey: Guid(08410da03e541439d930dbf106437f46) Importer(2089858483,b0f066a214c2f5e87bad3c948f4d605d)
Start importing Assets/Projects/GravityDash/kenney_new-platformer-pack-1.1/Sprites/Tiles/Double/terrain_stone_block.png using Guid(08410da03e541439d930dbf106437f46) Importer(2089858483,b0f066a214c2f5e87bad3c948f4d605d) (ScriptedImporter) -> (artifact id: '64e77a09fe306eb7b9737c8b6feaf99d') in 0.0175663 seconds
Number of updated asset objects reloaded before import = 0Number of asset objects unloaded after import = 3

========================================================================
Received Import Request.
  Time since last request: 0.000020 seconds.
  path: Assets/Projects/GravityDash/kenney_ui-pack/PNG/Blue/Default/check_round_color.png
  artifactKey: Guid(acaaac4258021410ca827c8c7c6e0445) Importer(2089858483,b0f066a214c2f5e87bad3c948f4d605d)
Start importing Assets/Projects/GravityDash/kenney_ui-pack/PNG/Blue/Default/check_round_color.png using Guid(acaaac4258021410ca827c8c7c6e0445) Importer(2089858483,b0f066a214c2f5e87bad3c948f4d605d) (ScriptedImporter) -> (artifact id: '56fe33466cbcf0bb1bca9f2450d5dc82') in 0.0245425 seconds
Number of updated asset objects reloaded before import = 0Number of asset objects unloaded after import = 3

========================================================================
Received Import Request.
  Time since last request: 0.000025 seconds.
  path: Assets/Projects/GravityDash/kenney_new-platformer-pack-1.1/Sprites/Tiles/Double/terrain_grass_block_bottom_right.png
  artifactKey: Guid(2cd4a0a9172ed4052af639e1a450a091) Importer(2089858483,b0f066a214c2f5e87bad3c948f4d605d)
Start importing Assets/Projects/GravityDash/kenney_new-platformer-pack-1.1/Sprites/Tiles/Double/terrain_grass_block_bottom_right.png using Guid(2cd4a0a9172ed4052af639e1a450a091) Importer(2089858483,b0f066a214c2f5e87bad3c948f4d605d) (ScriptedImporter) -> (artifact id: '95bb65fe001f1d89348ba0cd37967276') in 0.0169304 seconds
Number of updated asset objects reloaded before import = 0Number of asset objects unloaded after import = 3

========================================================================
Received Import Request.
  Time since last request: 0.000020 seconds.
  path: Assets/Projects/GravityDash/kenney_new-platformer-pack-1.1/Sprites/Tiles/Double/ladder_middle.png
  artifactKey: Guid(656f28292f0114260813406ca89eb208) Importer(2089858483,b0f066a214c2f5e87bad3c948f4d605d)
Start importing Assets/Projects/GravityDash/kenney_new-platformer-pack-1.1/Sprites/Tiles/Double/ladder_middle.png using Guid(656f28292f0114260813406ca89eb208) Importer(2089858483,b0f066a214c2f5e87bad3c948f4d605d) (ScriptedImporter) -> (artifact id: '2901de73ff974e5dde574e87affc5cda') in 0.0158866 seconds
Number of updated asset objects reloaded before import = 0Number of asset objects unloaded after import = 3

========================================================================
Received Import Request.
  Time since last request: 0.000027 seconds.
  path: Assets/Projects/GravityDash/kenney_new-platformer-pack-1.1/Sprites/Tiles/Double/flag_off.png
  artifactKey: Guid(dbfc56e2a028a44bc89b65a53340b276) Importer(2089858483,b0f066a214c2f5e87bad3c948f4d605d)
Start importing Assets/Projects/GravityDash/kenney_new-platformer-pack-1.1/Sprites/Tiles/Double/flag_off.png using Guid(dbfc56e2a028a44bc89b65a53340b276) Importer(2089858483,b0f066a214c2f5e87bad3c948f4d605d) (ScriptedImporter) -> (artifact id: '5fc92350dce56166bb9016522b3abb4f') in 0.019097 seconds
Number of updated asset objects reloaded before import = 0Number of asset objects unloaded after import = 3

========================================================================
Received Import Request.
  Time since last request: 0.000019 seconds.
  path: Assets/Projects/GravityDash/kenney_ui-pack/PNG/Blue/Double/icon_cross.png
  artifactKey: Guid(ccff5f9dbf5f643eea54f0f019ba6e8f) Importer(2089858483,b0f066a214c2f5e87bad3c948f4d605d)
Start importing Assets/Projects/GravityDash/kenney_ui-pack/PNG/Blue/Double/icon_cross.png using Guid(ccff5f9dbf5f643eea54f0f019ba6e8f) Importer(2089858483,b0f066a214c2f5e87bad3c948f4d605d) (ScriptedImporter) -> (artifact id: 'eb242892bf2c292fab0ebdb9f1c9a02e') in 0.0166459 seconds
Number of updated asset objects reloaded before import = 0Number of asset objects unloaded after import = 3

========================================================================
Received Import Request.
  Time since last request: 0.000022 seconds.
  path: Assets/Projects/GravityDash/kenney_ui-pack/PNG/Extra/Default/input_outline_rectangle.png
  artifactKey: Guid(3a53cbd30bb0142f89cda16b3983f3da) Importer(2089858483,b0f066a214c2f5e87bad3c948f4d605d)
Start importing Assets/Projects/GravityDash/kenney_ui-pack/PNG/Extra/Default/input_outline_rectangle.png using Guid(3a53cbd30bb0142f89cda16b3983f3da) Importer(2089858483,b0f066a214c2f5e87bad3c948f4d605d) (ScriptedImporter) -> (artifact id: 'fca8ad98efaf7bced2288c6d58ab1aed') in 0.0169571 seconds
Number of updated asset objects reloaded before import = 0Number of asset objects unloaded after import = 3

========================================================================
Received Import Request.
  Time since last request: 0.000041 seconds.
  path: Assets/Projects/GravityDash/kenney_new-platformer-pack-1.1/Sprites/Tiles/Double/brick_brown.png
  artifactKey: Guid(223c26aa9f1304741a1ebbce4cb5ffea) Importer(2089858483,b0f066a214c2f5e87bad3c948f4d605d)
Start importing Assets/Projects/GravityDash/kenney_new-platformer-pack-1.1/Sprites/Tiles/Double/brick_brown.png using Guid(223c26aa9f1304741a1ebbce4cb5ffea) Importer(2089858483,b0f066a214c2f5e87bad3c948f4d605d) (ScriptedImporter) -> (artifact id: '2ce502c17ec120d225c8c99ab9fd47f0') in 0.0164626 seconds
Number of updated asset objects reloaded before import = 0Number of asset objects unloaded after import = 3

========================================================================
Received Import Request.
  Time since last request: 0.000048 seconds.
  path: Assets/Projects/GravityDash/kenney_new-platformer-pack-1.1/Sprites/Tiles/Double/water_top.png
  artifactKey: Guid(7cda42863601c4e89aca27e41991a3f2) Importer(2089858483,b0f066a214c2f5e87bad3c948f4d605d)
Start importing Assets/Projects/GravityDash/kenney_new-platformer-pack-1.1/Sprites/Tiles/Double/water_top.png using Guid(7cda42863601c4e89aca27e41991a3f2) Importer(2089858483,b0f066a214c2f5e87bad3c948f4d605d) (ScriptedImporter) -> (artifact id: '6596c0702c9498cb508edd686889a5e4') in 0.0155438 seconds
Number of updated asset objects reloaded before import = 0Number of asset objects unloaded after import = 3

========================================================================
Received Import Request.
  Time since last request: 0.000021 seconds.
  path: Assets/Projects/GravityDash/kenney_new-platformer-pack-1.1/Sprites/Tiles/Double/terrain_sand_horizontal_overhang_right.png
  artifactKey: Guid(1fa422383ea2c4b138fc35f671cdb406) Importer(2089858483,b0f066a214c2f5e87bad3c948f4d605d)
Start importing Assets/Projects/GravityDash/kenney_new-platformer-pack-1.1/Sprites/Tiles/Double/terrain_sand_horizontal_overhang_right.png using Guid(1fa422383ea2c4b138fc35f671cdb406) Importer(2089858483,b0f066a214c2f5e87bad3c948f4d605d) (ScriptedImporter) -> (artifact id: '534c56dd5f0d5ede6b707d7a3aec01ae') in 0.02139 seconds
Number of updated asset objects reloaded before import = 0Number of asset objects unloaded after import = 3

========================================================================
Received Import Request.
  Time since last request: 0.000022 seconds.
  path: Assets/Projects/GravityDash/kenney_new-platformer-pack-1.1/Sprites/Tiles/Double/terrain_purple_ramp_long_a.png
  artifactKey: Guid(a9c0e8a67d16f4cac8e3acb36a12a391) Importer(2089858483,b0f066a214c2f5e87bad3c948f4d605d)
Start importing Assets/Projects/GravityDash/kenney_new-platformer-pack-1.1/Sprites/Tiles/Double/terrain_purple_ramp_long_a.png using Guid(a9c0e8a67d16f4cac8e3acb36a12a391) Importer(2089858483,b0f066a214c2f5e87bad3c948f4d605d) (ScriptedImporter) -> (artifact id: 'ff39878c2c996cbfb1cabd82a11bc518') in 0.0178026 seconds
Number of updated asset objects reloaded before import = 0Number of asset objects unloaded after import = 3

========================================================================
Received Import Request.
  Time since last request: 0.000023 seconds.
  path: Assets/Projects/GravityDash/kenney_new-platformer-pack-1.1/Sprites/Tiles/Double/block_yellow.png
  artifactKey: Guid(7822a2080898240e7add1fa9463ea2db) Importer(2089858483,b0f066a214c2f5e87bad3c948f4d605d)
Start importing Assets/Projects/GravityDash/kenney_new-platformer-pack-1.1/Sprites/Tiles/Double/block_yellow.png using Guid(7822a2080898240e7add1fa9463ea2db) Importer(2089858483,b0f066a214c2f5e87bad3c948f4d605d) (ScriptedImporter) -> (artifact id: 'cc0c5876b415077fc5b58a6960e22e1e') in 0.0183663 seconds
Number of updated asset objects reloaded before import = 0Number of asset objects unloaded after import = 3

========================================================================
Received Import Request.
  Time since last request: 0.000031 seconds.
  path: Assets/Projects/GravityDash/kenney_ui-pack/PNG/Extra/Double/divider.png
  artifactKey: Guid(38a35dc5130294a289d9f1726fb91695) Importer(2089858483,b0f066a214c2f5e87bad3c948f4d605d)
Start importing Assets/Projects/GravityDash/kenney_ui-pack/PNG/Extra/Double/divider.png using Guid(38a35dc5130294a289d9f1726fb91695) Importer(2089858483,b0f066a214c2f5e87bad3c948f4d605d) (ScriptedImporter) -> (artifact id: 'fc7225e43e9f11c097aef49b86fcb0d8') in 0.0190366 seconds
Number of updated asset objects reloaded before import = 0Number of asset objects unloaded after import = 3

========================================================================
Received Import Request.
  Time since last request: 0.000022 seconds.
  path: Assets/Projects/GravityDash/kenney_new-platformer-pack-1.1/Sprites/Tiles/Double/terrain_sand_block_bottom.png
  artifactKey: Guid(5018078eee40143d88cf2455e40979a6) Importer(2089858483,b0f066a214c2f5e87bad3c948f4d605d)
Start importing Assets/Projects/GravityDash/kenney_new-platformer-pack-1.1/Sprites/Tiles/Double/terrain_sand_block_bottom.png using Guid(5018078eee40143d88cf2455e40979a6) Importer(2089858483,b0f066a214c2f5e87bad3c948f4d605d) (ScriptedImporter) -> (artifact id: '572afbff86f76786f2a2027d770954ff') in 0.0174694 seconds
Number of updated asset objects reloaded before import = 0Number of asset objects unloaded after import = 3

========================================================================
Received Import Request.
  Time since last request: 0.000023 seconds.
  path: Assets/Projects/GravityDash/kenney_ui-pack/PNG/Blue/Double/star_outline.png
  artifactKey: Guid(e24026ac5b3924e3e80e41df52a31b0c) Importer(2089858483,b0f066a214c2f5e87bad3c948f4d605d)
Start importing Assets/Projects/GravityDash/kenney_ui-pack/PNG/Blue/Double/star_outline.png using Guid(e24026ac5b3924e3e80e41df52a31b0c) Importer(2089858483,b0f066a214c2f5e87bad3c948f4d605d) (ScriptedImporter) -> (artifact id: '9efa3a4228cd66a32d2a257e749ace59') in 0.0155926 seconds
Number of updated asset objects reloaded before import = 0Number of asset objects unloaded after import = 3

========================================================================
Received Import Request.
  Time since last request: 0.000024 seconds.
  path: Assets/Projects/GravityDash/kenney_new-platformer-pack-1.1/Sprites/Tiles/Double/bridge_logs.png
  artifactKey: Guid(ba63f41b73dd54c82b180d5541cefb4c) Importer(2089858483,b0f066a214c2f5e87bad3c948f4d605d)
Start importing Assets/Projects/GravityDash/kenney_new-platformer-pack-1.1/Sprites/Tiles/Double/bridge_logs.png using Guid(ba63f41b73dd54c82b180d5541cefb4c) Importer(2089858483,b0f066a214c2f5e87bad3c948f4d605d) (ScriptedImporter) -> (artifact id: '8694b14e29552e9ce47a73f79f16c421') in 0.014145 seconds
Number of updated asset objects reloaded before import = 0Number of asset objects unloaded after import = 3

========================================================================
Received Import Request.
  Time since last request: 0.000021 seconds.
  path: Assets/Projects/GravityDash/kenney_new-platformer-pack-1.1/Sprites/Tiles/Double/terrain_sand_ramp_long_b.png
  artifactKey: Guid(4aa92ff0b0e8a4da99f4226208846674) Importer(2089858483,b0f066a214c2f5e87bad3c948f4d605d)
Start importing Assets/Projects/GravityDash/kenney_new-platformer-pack-1.1/Sprites/Tiles/Double/terrain_sand_ramp_long_b.png using Guid(4aa92ff0b0e8a4da99f4226208846674) Importer(2089858483,b0f066a214c2f5e87bad3c948f4d605d) (ScriptedImporter) -> (artifact id: 'c96198f57494300ee1bde5fddeabfa03') in 0.0164011 seconds
Number of updated asset objects reloaded before import = 0Number of asset objects unloaded after import = 3

========================================================================
Received Import Request.
  Time since last request: 0.000023 seconds.
  path: Assets/Projects/GravityDash/kenney_ui-pack/PNG/Blue/Double/slide_vertical_grey_section_wide.png
  artifactKey: Guid(82c06d9bcf8e9416187ef00890172b89) Importer(2089858483,b0f066a214c2f5e87bad3c948f4d605d)
Start importing Assets/Projects/GravityDash/kenney_ui-pack/PNG/Blue/Double/slide_vertical_grey_section_wide.png using Guid(82c06d9bcf8e9416187ef00890172b89) Importer(2089858483,b0f066a214c2f5e87bad3c948f4d605d) (ScriptedImporter) -> (artifact id: '4088ca7278e6dbfd9c53ac523c3b18b9') in 0.0299815 seconds
Number of updated asset objects reloaded before import = 0Number of asset objects unloaded after import = 3

========================================================================
Received Import Request.
  Time since last request: 0.000034 seconds.
  path: Assets/Projects/GravityDash/kenney_new-platformer-pack-1.1/Sprites/Tiles/Double/terrain_snow_block_top.png
  artifactKey: Guid(7e8e47a782a8c4d1e99253c095a662e5) Importer(2089858483,b0f066a214c2f5e87bad3c948f4d605d)
Start importing Assets/Projects/GravityDash/kenney_new-platformer-pack-1.1/Sprites/Tiles/Double/terrain_snow_block_top.png using Guid(7e8e47a782a8c4d1e99253c095a662e5) Importer(2089858483,b0f066a214c2f5e87bad3c948f4d605d) (ScriptedImporter) -> (artifact id: 'f5492fb05c3a2137082f525b83c7f47d') in 0.0199932 seconds
Number of updated asset objects reloaded before import = 0Number of asset objects unloaded after import = 3

========================================================================
Received Import Request.
  Time since last request: 0.000032 seconds.
  path: Assets/Projects/GravityDash/kenney_new-platformer-pack-1.1/Sprites/Tiles/Double/terrain_dirt_block.png
  artifactKey: Guid(f7637b12fdd124d8092523f7c7a55126) Importer(2089858483,b0f066a214c2f5e87bad3c948f4d605d)
Start importing Assets/Projects/GravityDash/kenney_new-platformer-pack-1.1/Sprites/Tiles/Double/terrain_dirt_block.png using Guid(f7637b12fdd124d8092523f7c7a55126) Importer(2089858483,b0f066a214c2f5e87bad3c948f4d605d) (ScriptedImporter) -> (artifact id: '6a07e00b029fbfa580a81de75bae0520') in 0.0201305 seconds
Number of updated asset objects reloaded before import = 0Number of asset objects unloaded after import = 3

========================================================================
Received Import Request.
  Time since last request: 0.000028 seconds.
  path: Assets/Projects/GravityDash/kenney_new-platformer-pack-1.1/Sprites/Tiles/Double/terrain_dirt_horizontal_overhang_left.png
  artifactKey: Guid(2cef7b161934e4e7b860811875b66874) Importer(2089858483,b0f066a214c2f5e87bad3c948f4d605d)
Start importing Assets/Projects/GravityDash/kenney_new-platformer-pack-1.1/Sprites/Tiles/Double/terrain_dirt_horizontal_overhang_left.png using Guid(2cef7b161934e4e7b860811875b66874) Importer(2089858483,b0f066a214c2f5e87bad3c948f4d605d) (ScriptedImporter) -> (artifact id: '43b3fad82ac7874bf1d81fa23e18daea') in 0.0180193 seconds
Number of updated asset objects reloaded before import = 0Number of asset objects unloaded after import = 3

========================================================================
Received Import Request.
  Time since last request: 0.000021 seconds.
  path: Assets/Projects/GravityDash/kenney_new-platformer-pack-1.1/Sprites/Tiles/Double/door_closed.png
  artifactKey: Guid(1f5d9024efc8c4e88875246e2f527306) Importer(2089858483,b0f066a214c2f5e87bad3c948f4d605d)
Start importing Assets/Projects/GravityDash/kenney_new-platformer-pack-1.1/Sprites/Tiles/Double/door_closed.png using Guid(1f5d9024efc8c4e88875246e2f527306) Importer(2089858483,b0f066a214c2f5e87bad3c948f4d605d) (ScriptedImporter) -> (artifact id: '8cf8d1256dd55bbfe3b9a431fcec5485') in 0.0175811 seconds
Number of updated asset objects reloaded before import = 0Number of asset objects unloaded after import = 3

========================================================================
Received Import Request.
  Time since last request: 0.000023 seconds.
  path: Assets/Projects/GravityDash/kenney_ui-pack/PNG/Blue/Default/arrow_decorative_n_small.png
  artifactKey: Guid(88e192e8bb0ac43e6a357252ffbdca19) Importer(2089858483,b0f066a214c2f5e87bad3c948f4d605d)
Start importing Assets/Projects/GravityDash/kenney_ui-pack/PNG/Blue/Default/arrow_decorative_n_small.png using Guid(88e192e8bb0ac43e6a357252ffbdca19) Importer(2089858483,b0f066a214c2f5e87bad3c948f4d605d) (ScriptedImporter) -> (artifact id: 'e707f802ae647cc244c669f09ee7d1c0') in 0.0184215 seconds
Number of updated asset objects reloaded before import = 0Number of asset objects unloaded after import = 3

========================================================================
Received Import Request.
  Time since last request: 0.000019 seconds.
  path: Assets/Projects/GravityDash/kenney_ui-pack/PNG/Blue/Double/arrow_decorative_s.png
  artifactKey: Guid(770d4bbfbb2c0488281c57045e4306f5) Importer(2089858483,b0f066a214c2f5e87bad3c948f4d605d)
Start importing Assets/Projects/GravityDash/kenney_ui-pack/PNG/Blue/Double/arrow_decorative_s.png using Guid(770d4bbfbb2c0488281c57045e4306f5) Importer(2089858483,b0f066a214c2f5e87bad3c948f4d605d) (ScriptedImporter) -> (artifact id: 'eaba8fc43f19ae3e6ca89a427c937d04') in 0.0194065 seconds
Number of updated asset objects reloaded before import = 0Number of asset objects unloaded after import = 3

========================================================================
Received Import Request.
  Time since last request: 0.000019 seconds.
  path: Assets/Projects/GravityDash/kenney_new-platformer-pack-1.1/Sprites/Tiles/Double/terrain_snow_vertical_middle.png
  artifactKey: Guid(5d7e585e49c5e417ab6d1e82a02b8c73) Importer(2089858483,b0f066a214c2f5e87bad3c948f4d605d)
Start importing Assets/Projects/GravityDash/kenney_new-platformer-pack-1.1/Sprites/Tiles/Double/terrain_snow_vertical_middle.png using Guid(5d7e585e49c5e417ab6d1e82a02b8c73) Importer(2089858483,b0f066a214c2f5e87bad3c948f4d605d) (ScriptedImporter) -> (artifact id: '9b233c7f129746722e7136b977eb70c8') in 0.0178142 seconds
Number of updated asset objects reloaded before import = 0Number of asset objects unloaded after import = 3

========================================================================
Received Import Request.
  Time since last request: 0.000020 seconds.
  path: Assets/Projects/GravityDash/kenney_new-platformer-pack-1.1/Sprites/Tiles/Double/flag_green_b.png
  artifactKey: Guid(48e52d2e748e746a4adca7ff92b11e58) Importer(2089858483,b0f066a214c2f5e87bad3c948f4d605d)
Start importing Assets/Projects/GravityDash/kenney_new-platformer-pack-1.1/Sprites/Tiles/Double/flag_green_b.png using Guid(48e52d2e748e746a4adca7ff92b11e58) Importer(2089858483,b0f066a214c2f5e87bad3c948f4d605d) (ScriptedImporter) -> (artifact id: '8fa893feaa7abf65b2c8742bf0adc9d1') in 0.0175013 seconds
Number of updated asset objects reloaded before import = 0Number of asset objects unloaded after import = 3

========================================================================
Received Import Request.
  Time since last request: 0.000025 seconds.
  path: Assets/Projects/GravityDash/kenney_ui-pack/PNG/Blue/Double/button_rectangle_depth_border.png
  artifactKey: Guid(32657d3214e44435cb96508af17ae017) Importer(2089858483,b0f066a214c2f5e87bad3c948f4d605d)
Start importing Assets/Projects/GravityDash/kenney_ui-pack/PNG/Blue/Double/button_rectangle_depth_border.png using Guid(32657d3214e44435cb96508af17ae017) Importer(2089858483,b0f066a214c2f5e87bad3c948f4d605d) (ScriptedImporter) -> (artifact id: 'ecc116a17ed5efe6ddd19bee6ef077fb') in 0.0190957 seconds
Number of updated asset objects reloaded before import = 0Number of asset objects unloaded after import = 3

========================================================================
Received Import Request.
  Time since last request: 0.000032 seconds.
  path: Assets/Projects/GravityDash/kenney_ui-pack/PNG/Blue/Default/icon_cross.png
  artifactKey: Guid(b3108546149864054bfbc7824f9f86d4) Importer(2089858483,b0f066a214c2f5e87bad3c948f4d605d)
Start importing Assets/Projects/GravityDash/kenney_ui-pack/PNG/Blue/Default/icon_cross.png using Guid(b3108546149864054bfbc7824f9f86d4) Importer(2089858483,b0f066a214c2f5e87bad3c948f4d605d) (ScriptedImporter) -> (artifact id: '20c0df412c499bfa489608025b9bc64a') in 0.0198411 seconds
Number of updated asset objects reloaded before import = 0Number of asset objects unloaded after import = 3

========================================================================
Received Import Request.
  Time since last request: 0.000023 seconds.
  path: Assets/Projects/GravityDash/kenney_new-platformer-pack-1.1/Sprites/Tiles/Double/terrain_snow_block.png
  artifactKey: Guid(2b20a98666b9044179dbe0cc768d58ab) Importer(2089858483,b0f066a214c2f5e87bad3c948f4d605d)
Start importing Assets/Projects/GravityDash/kenney_new-platformer-pack-1.1/Sprites/Tiles/Double/terrain_snow_block.png using Guid(2b20a98666b9044179dbe0cc768d58ab) Importer(2089858483,b0f066a214c2f5e87bad3c948f4d605d) (ScriptedImporter) -> (artifact id: '80b9044904ea85a39baf2072a5706712') in 0.0163239 seconds
Number of updated asset objects reloaded before import = 0Number of asset objects unloaded after import = 3

========================================================================
Received Import Request.
  Time since last request: 0.000065 seconds.
  path: Assets/Projects/GravityDash/kenney_new-platformer-pack-1.1/Sprites/Tiles/Double/terrain_stone_ramp_long_b.png
  artifactKey: Guid(47471b270ec0a4cf7aa9081fbd5e82eb) Importer(2089858483,b0f066a214c2f5e87bad3c948f4d605d)
Start importing Assets/Projects/GravityDash/kenney_new-platformer-pack-1.1/Sprites/Tiles/Double/terrain_stone_ramp_long_b.png using Guid(47471b270ec0a4cf7aa9081fbd5e82eb) Importer(2089858483,b0f066a214c2f5e87bad3c948f4d605d) (ScriptedImporter) -> (artifact id: 'f29741a5adfc6d032fe1a9278a6b3ee4') in 0.0160701 seconds
Number of updated asset objects reloaded before import = 0Number of asset objects unloaded after import = 3

========================================================================
Received Import Request.
  Time since last request: 0.000024 seconds.
  path: Assets/Projects/GravityDash/kenney_ui-pack/PNG/Blue/Default/star.png
  artifactKey: Guid(be5e578201c8f40359e26651bc8d8859) Importer(2089858483,b0f066a214c2f5e87bad3c948f4d605d)
Start importing Assets/Projects/GravityDash/kenney_ui-pack/PNG/Blue/Default/star.png using Guid(be5e578201c8f40359e26651bc8d8859) Importer(2089858483,b0f066a214c2f5e87bad3c948f4d605d) (ScriptedImporter) -> (artifact id: '28f62c51f33f89e5589a2ca868e4033f') in 0.0173951 seconds
Number of updated asset objects reloaded before import = 0Number of asset objects unloaded after import = 3

========================================================================
Received Import Request.
  Time since last request: 0.000020 seconds.
  path: Assets/Projects/GravityDash/kenney_ui-pack/PNG/Extra/Double/input_outline_rectangle.png
  artifactKey: Guid(223fb4409d3054c88a296af0d36b1e7e) Importer(2089858483,b0f066a214c2f5e87bad3c948f4d605d)
Start importing Assets/Projects/GravityDash/kenney_ui-pack/PNG/Extra/Double/input_outline_rectangle.png using Guid(223fb4409d3054c88a296af0d36b1e7e) Importer(2089858483,b0f066a214c2f5e87bad3c948f4d605d) (ScriptedImporter) -> (artifact id: 'd490026dd271ab73dc7abc8bc1decc82') in 0.0145601 seconds
Number of updated asset objects reloaded before import = 0Number of asset objects unloaded after import = 3

========================================================================
Received Import Request.
  Time since last request: 0.000023 seconds.
  path: Assets/Projects/GravityDash/kenney_ui-pack/PNG/Grey/Default/button_square_border.png
  artifactKey: Guid(07b1ca0f49fd546489c50ad3dcc0e314) Importer(2089858483,b0f066a214c2f5e87bad3c948f4d605d)
Start importing Assets/Projects/GravityDash/kenney_ui-pack/PNG/Grey/Default/button_square_border.png using Guid(07b1ca0f49fd546489c50ad3dcc0e314) Importer(2089858483,b0f066a214c2f5e87bad3c948f4d605d) (ScriptedImporter) -> (artifact id: '5fc039d8a9aff1115bc2e31a6399e3e7') in 0.0167651 seconds
Number of updated asset objects reloaded before import = 0Number of asset objects unloaded after import = 3

========================================================================
Received Import Request.
  Time since last request: 0.000021 seconds.
  path: Assets/Projects/GravityDash/kenney_ui-pack/PNG/Green/Double/icon_cross.png
  artifactKey: Guid(dfc1df89ee9064bb2a9eb4906271dc66) Importer(2089858483,b0f066a214c2f5e87bad3c948f4d605d)
Start importing Assets/Projects/GravityDash/kenney_ui-pack/PNG/Green/Double/icon_cross.png using Guid(dfc1df89ee9064bb2a9eb4906271dc66) Importer(2089858483,b0f066a214c2f5e87bad3c948f4d605d) (ScriptedImporter) -> (artifact id: '1508e5d7acc0748def462f6ac1543aea') in 0.0194295 seconds
Number of updated asset objects reloaded before import = 0Number of asset objects unloaded after import = 3

========================================================================
Received Import Request.
  Time since last request: 0.000022 seconds.
  path: Assets/Projects/GravityDash/kenney_ui-pack/PNG/Grey/Default/icon_outline_square.png
  artifactKey: Guid(0cbf338b8cb2143b2a2082616800eaac) Importer(2089858483,b0f066a214c2f5e87bad3c948f4d605d)
Start importing Assets/Projects/GravityDash/kenney_ui-pack/PNG/Grey/Default/icon_outline_square.png using Guid(0cbf338b8cb2143b2a2082616800eaac) Importer(2089858483,b0f066a214c2f5e87bad3c948f4d605d) (ScriptedImporter) -> (artifact id: 'ebb58d4b841ba64c3d06d0ff117c9a28') in 0.0179956 seconds
Number of updated asset objects reloaded before import = 0Number of asset objects unloaded after import = 3

========================================================================
Received Import Request.
  Time since last request: 0.000021 seconds.
  path: Assets/Projects/GravityDash/kenney_ui-pack/PNG/Green/Double/arrow_decorative_w_small.png
  artifactKey: Guid(75d410e33572441b4b24d05fd7304c9f) Importer(2089858483,b0f066a214c2f5e87bad3c948f4d605d)
Start importing Assets/Projects/GravityDash/kenney_ui-pack/PNG/Green/Double/arrow_decorative_w_small.png using Guid(75d410e33572441b4b24d05fd7304c9f) Importer(2089858483,b0f066a214c2f5e87bad3c948f4d605d) (ScriptedImporter) -> (artifact id: 'f091cc8bd0758f6eabbfa43fc27671b6') in 0.0194281 seconds
Number of updated asset objects reloaded before import = 0Number of asset objects unloaded after import = 3

========================================================================
Received Import Request.
  Time since last request: 0.000022 seconds.
  path: Assets/Projects/GravityDash/kenney_ui-pack/PNG/Extra/Double/icon_repeat_dark.png
  artifactKey: Guid(bbd78f7252ac94dc491e69070d5d7496) Importer(2089858483,b0f066a214c2f5e87bad3c948f4d605d)
Start importing Assets/Projects/GravityDash/kenney_ui-pack/PNG/Extra/Double/icon_repeat_dark.png using Guid(bbd78f7252ac94dc491e69070d5d7496) Importer(2089858483,b0f066a214c2f5e87bad3c948f4d605d) (ScriptedImporter) -> (artifact id: '08ad29f01a9a0cd29ee0ef66a3544d88') in 0.0176579 seconds
Number of updated asset objects reloaded before import = 0Number of asset objects unloaded after import = 3

========================================================================
Received Import Request.
  Time since last request: 0.000041 seconds.
  path: Assets/Projects/GravityDash/kenney_ui-pack/PNG/Grey/Double/button_rectangle_depth_gradient.png
  artifactKey: Guid(e26583e1b26354c09ac9cc6004c88297) Importer(2089858483,b0f066a214c2f5e87bad3c948f4d605d)
Start importing Assets/Projects/GravityDash/kenney_ui-pack/PNG/Grey/Double/button_rectangle_depth_gradient.png using Guid(e26583e1b26354c09ac9cc6004c88297) Importer(2089858483,b0f066a214c2f5e87bad3c948f4d605d) (ScriptedImporter) -> (artifact id: '76724365ea6187c786d4fcaabd91cb92') in 0.0164673 seconds
Number of updated asset objects reloaded before import = 0Number of asset objects unloaded after import = 3

========================================================================
Received Import Request.
  Time since last request: 0.000023 seconds.
  path: Assets/Projects/GravityDash/kenney_ui-pack/PNG/Green/Default/button_square_depth_flat.png
  artifactKey: Guid(881230b1154aa45368dcb51f5b23a1c4) Importer(2089858483,b0f066a214c2f5e87bad3c948f4d605d)
Start importing Assets/Projects/GravityDash/kenney_ui-pack/PNG/Green/Default/button_square_depth_flat.png using Guid(881230b1154aa45368dcb51f5b23a1c4) Importer(2089858483,b0f066a214c2f5e87bad3c948f4d605d) (ScriptedImporter) -> (artifact id: 'd1f260a1ed34264284ce433b14474fcc') in 0.0175929 seconds
Number of updated asset objects reloaded before import = 0Number of asset objects unloaded after import = 3

========================================================================
Received Import Request.
  Time since last request: 0.000022 seconds.
  path: Assets/Projects/GravityDash/kenney_ui-pack/PNG/Green/Double/button_round_depth_line.png
  artifactKey: Guid(97456fab18fa345acbf35c280a29ae88) Importer(2089858483,b0f066a214c2f5e87bad3c948f4d605d)
Start importing Assets/Projects/GravityDash/kenney_ui-pack/PNG/Green/Double/button_round_depth_line.png using Guid(97456fab18fa345acbf35c280a29ae88) Importer(2089858483,b0f066a214c2f5e87bad3c948f4d605d) (ScriptedImporter) -> (artifact id: '78e68e3ad9e264a1225ca5b25a3a472e') in 0.0186667 seconds
Number of updated asset objects reloaded before import = 0Number of asset objects unloaded after import = 3

========================================================================
Received Import Request.
  Time since last request: 0.000025 seconds.
  path: Assets/Projects/GravityDash/kenney_ui-pack/PNG/Grey/Default/slide_horizontal_grey.png
  artifactKey: Guid(856121059e45b4b8c89f6e7055bfdf21) Importer(2089858483,b0f066a214c2f5e87bad3c948f4d605d)
Start importing Assets/Projects/GravityDash/kenney_ui-pack/PNG/Grey/Default/slide_horizontal_grey.png using Guid(856121059e45b4b8c89f6e7055bfdf21) Importer(2089858483,b0f066a214c2f5e87bad3c948f4d605d) (ScriptedImporter) -> (artifact id: 'd926cb7dc2b92621b5638047768a0b59') in 0.01534 seconds
Number of updated asset objects reloaded before import = 0Number of asset objects unloaded after import = 3

========================================================================
Received Import Request.
  Time since last request: 0.000019 seconds.
  path: Assets/Projects/GravityDash/kenney_ui-pack/PNG/Grey/Default/button_rectangle_depth_flat.png
  artifactKey: Guid(1da5cc21205b04582a3ece3551f91a17) Importer(2089858483,b0f066a214c2f5e87bad3c948f4d605d)
Start importing Assets/Projects/GravityDash/kenney_ui-pack/PNG/Grey/Default/button_rectangle_depth_flat.png using Guid(1da5cc21205b04582a3ece3551f91a17) Importer(2089858483,b0f066a214c2f5e87bad3c948f4d605d) (ScriptedImporter) -> (artifact id: '958822d7afdfb495e3a14b2d47d6421d') in 0.015536 seconds
Number of updated asset objects reloaded before import = 0Number of asset objects unloaded after import = 3

========================================================================
Received Import Request.
  Time since last request: 0.000022 seconds.
  path: Assets/Projects/GravityDash/kenney_ui-pack/PNG/Grey/Default/button_rectangle_flat.png
  artifactKey: Guid(d6db0cdc8360649158667c944d6a5737) Importer(2089858483,b0f066a214c2f5e87bad3c948f4d605d)
Start importing Assets/Projects/GravityDash/kenney_ui-pack/PNG/Grey/Default/button_rectangle_flat.png using Guid(d6db0cdc8360649158667c944d6a5737) Importer(2089858483,b0f066a214c2f5e87bad3c948f4d605d) (ScriptedImporter) -> (artifact id: 'ead9e86fad819ce69822158a52fb4459') in 0.0175926 seconds
Number of updated asset objects reloaded before import = 0Number of asset objects unloaded after import = 3

========================================================================
Received Import Request.
  Time since last request: 0.000023 seconds.
  path: Assets/Projects/GravityDash/kenney_ui-pack/PNG/Grey/Default/button_round_depth_gloss.png
  artifactKey: Guid(9040f2f8af79c419ebfb1c28654d995a) Importer(2089858483,b0f066a214c2f5e87bad3c948f4d605d)
Start importing Assets/Projects/GravityDash/kenney_ui-pack/PNG/Grey/Default/button_round_depth_gloss.png using Guid(9040f2f8af79c419ebfb1c28654d995a) Importer(2089858483,b0f066a214c2f5e87bad3c948f4d605d) (ScriptedImporter) -> (artifact id: '4d8a60aa5e887a72c577aa4bc5c3f448') in 0.0174568 seconds
Number of updated asset objects reloaded before import = 0Number of asset objects unloaded after import = 3

========================================================================
Received Import Request.
  Time since last request: 0.000019 seconds.
  path: Assets/Projects/GravityDash/kenney_ui-pack/PNG/Green/Double/icon_outline_cross.png
  artifactKey: Guid(f2e9cd3fc117f426ead8835d88284051) Importer(2089858483,b0f066a214c2f5e87bad3c948f4d605d)
Start importing Assets/Projects/GravityDash/kenney_ui-pack/PNG/Green/Double/icon_outline_cross.png using Guid(f2e9cd3fc117f426ead8835d88284051) Importer(2089858483,b0f066a214c2f5e87bad3c948f4d605d) (ScriptedImporter) -> (artifact id: '4abdb9bec09fe70f45a5ea9185524124') in 0.0174129 seconds
Number of updated asset objects reloaded before import = 0Number of asset objects unloaded after import = 3

========================================================================
Received Import Request.
  Time since last request: 0.000056 seconds.
  path: Assets/Projects/GravityDash/kenney_ui-pack/PNG/Grey/Default/button_rectangle_gloss.png
  artifactKey: Guid(c7315bf49621b4141be7ace7a65b9f17) Importer(2089858483,b0f066a214c2f5e87bad3c948f4d605d)
Start importing Assets/Projects/GravityDash/kenney_ui-pack/PNG/Grey/Default/button_rectangle_gloss.png using Guid(c7315bf49621b4141be7ace7a65b9f17) Importer(2089858483,b0f066a214c2f5e87bad3c948f4d605d) (ScriptedImporter) -> (artifact id: 'b8c1acb41f5597b677486d6fae84b250') in 0.0170077 seconds
Number of updated asset objects reloaded before import = 0Number of asset objects unloaded after import = 3

========================================================================
Received Import Request.
  Time since last request: 0.000035 seconds.
  path: Assets/Projects/GravityDash/kenney_ui-pack/PNG/Extra/Double/input_outline_square.png
  artifactKey: Guid(c0206c950cd424b9f8c1598ef0a3d12a) Importer(2089858483,b0f066a214c2f5e87bad3c948f4d605d)
Start importing Assets/Projects/GravityDash/kenney_ui-pack/PNG/Extra/Double/input_outline_square.png using Guid(c0206c950cd424b9f8c1598ef0a3d12a) Importer(2089858483,b0f066a214c2f5e87bad3c948f4d605d) (ScriptedImporter) -> (artifact id: 'a1b7e2a61fcdca8a58f602f5e3e77c6c') in 0.0166378 seconds
Number of updated asset objects reloaded before import = 0Number of asset objects unloaded after import = 3

========================================================================
Received Import Request.
  Time since last request: 0.000036 seconds.
  path: Assets/Projects/GravityDash/kenney_new-platformer-pack-1.1/Sprites/Tiles/Double/terrain_snow_horizontal_middle.png
  artifactKey: Guid(5255aedba272b4fe484da40700895341) Importer(2089858483,b0f066a214c2f5e87bad3c948f4d605d)
Start importing Assets/Projects/GravityDash/kenney_new-platformer-pack-1.1/Sprites/Tiles/Double/terrain_snow_horizontal_middle.png using Guid(5255aedba272b4fe484da40700895341) Importer(2089858483,b0f066a214c2f5e87bad3c948f4d605d) (ScriptedImporter) -> (artifact id: '88c3ef176d5e18cb067e83a151169e0c') in 0.0179214 seconds
Number of updated asset objects reloaded before import = 0Number of asset objects unloaded after import = 3

========================================================================
Received Import Request.
  Time since last request: 0.000021 seconds.
  path: Assets/Projects/GravityDash/kenney_ui-pack/PNG/Green/Default/button_square_depth_border.png
  artifactKey: Guid(b9724bb7c2520434cafaf0b2832efe26) Importer(2089858483,b0f066a214c2f5e87bad3c948f4d605d)
Start importing Assets/Projects/GravityDash/kenney_ui-pack/PNG/Green/Default/button_square_depth_border.png using Guid(b9724bb7c2520434cafaf0b2832efe26) Importer(2089858483,b0f066a214c2f5e87bad3c948f4d605d) (ScriptedImporter) -> (artifact id: '3f6acd9a54e635355f9c62d61c8f7152') in 0.0181878 seconds
Number of updated asset objects reloaded before import = 0Number of asset objects unloaded after import = 3

========================================================================
Received Import Request.
  Time since last request: 0.000020 seconds.
  path: Assets/Projects/GravityDash/kenney_ui-pack/PNG/Green/Double/check_square_color_square.png
  artifactKey: Guid(c4d98136030c244a68c23c3a7a5c4136) Importer(2089858483,b0f066a214c2f5e87bad3c948f4d605d)
Start importing Assets/Projects/GravityDash/kenney_ui-pack/PNG/Green/Double/check_square_color_square.png using Guid(c4d98136030c244a68c23c3a7a5c4136) Importer(2089858483,b0f066a214c2f5e87bad3c948f4d605d) (ScriptedImporter) -> (artifact id: '5268acc338584dd07b84791596ef1ea3') in 0.0184175 seconds
Number of updated asset objects reloaded before import = 0Number of asset objects unloaded after import = 3

========================================================================
Received Import Request.
  Time since last request: 0.000034 seconds.
  path: Assets/Projects/GravityDash/kenney_new-platformer-pack-1.1/Sprites/Tiles/Double/terrain_stone_cloud_background.png
  artifactKey: Guid(1bff716dc2f224e35b62c91442ffdacf) Importer(2089858483,b0f066a214c2f5e87bad3c948f4d605d)
Start importing Assets/Projects/GravityDash/kenney_new-platformer-pack-1.1/Sprites/Tiles/Double/terrain_stone_cloud_background.png using Guid(1bff716dc2f224e35b62c91442ffdacf) Importer(2089858483,b0f066a214c2f5e87bad3c948f4d605d) (ScriptedImporter) -> (artifact id: '61c2e32aae8c9c0b9361a44c1105b9e3') in 0.0184509 seconds
Number of updated asset objects reloaded before import = 0Number of asset objects unloaded after import = 3

========================================================================
Received Import Request.
  Time since last request: 0.000027 seconds.
  path: Assets/Projects/GravityDash/kenney_new-platformer-pack-1.1/Sprites/Tiles/Double/terrain_purple_block_center.png
  artifactKey: Guid(873bfcdc352fb4caba372c7bd88c9089) Importer(2089858483,b0f066a214c2f5e87bad3c948f4d605d)
Start importing Assets/Projects/GravityDash/kenney_new-platformer-pack-1.1/Sprites/Tiles/Double/terrain_purple_block_center.png using Guid(873bfcdc352fb4caba372c7bd88c9089) Importer(2089858483,b0f066a214c2f5e87bad3c948f4d605d) (ScriptedImporter) -> (artifact id: 'f17734348ad4b1e337da941af800a77e') in 0.0161697 seconds
Number of updated asset objects reloaded before import = 0Number of asset objects unloaded after import = 3

========================================================================
Received Import Request.
  Time since last request: 0.000023 seconds.
  path: Assets/Projects/GravityDash/kenney_new-platformer-pack-1.1/Sprites/Tiles/Double/hud_character_3.png
  artifactKey: Guid(183f373ab04ce49f084ee5b008fec0c0) Importer(2089858483,b0f066a214c2f5e87bad3c948f4d605d)
Start importing Assets/Projects/GravityDash/kenney_new-platformer-pack-1.1/Sprites/Tiles/Double/hud_character_3.png using Guid(183f373ab04ce49f084ee5b008fec0c0) Importer(2089858483,b0f066a214c2f5e87bad3c948f4d605d) (ScriptedImporter) -> (artifact id: 'df7ea815c013c403d6900c3a081dc309') in 0.0177182 seconds
Number of updated asset objects reloaded before import = 0Number of asset objects unloaded after import = 3

========================================================================
Received Import Request.
  Time since last request: 0.000030 seconds.
  path: Assets/Projects/GravityDash/kenney_ui-pack/PNG/Blue/Default/slide_vertical_color_section_wide.png
  artifactKey: Guid(6a28e69dad05142ca83a6d812ffdf6b3) Importer(2089858483,b0f066a214c2f5e87bad3c948f4d605d)
Start importing Assets/Projects/GravityDash/kenney_ui-pack/PNG/Blue/Default/slide_vertical_color_section_wide.png using Guid(6a28e69dad05142ca83a6d812ffdf6b3) Importer(2089858483,b0f066a214c2f5e87bad3c948f4d605d) (ScriptedImporter) -> (artifact id: '475f44a094697cd669109a3e2b9d2124') in 0.0183953 seconds
Number of updated asset objects reloaded before import = 0Number of asset objects unloaded after import = 3

========================================================================
Received Import Request.
  Time since last request: 0.000022 seconds.
  path: Assets/Projects/GravityDash/kenney_new-platformer-pack-1.1/Sprites/Tiles/Double/flag_blue_b.png
  artifactKey: Guid(5e15c3613576747b9b09b3bd4bc0884b) Importer(2089858483,b0f066a214c2f5e87bad3c948f4d605d)
Start importing Assets/Projects/GravityDash/kenney_new-platformer-pack-1.1/Sprites/Tiles/Double/flag_blue_b.png using Guid(5e15c3613576747b9b09b3bd4bc0884b) Importer(2089858483,b0f066a214c2f5e87bad3c948f4d605d) (ScriptedImporter) -> (artifact id: '6ba87a5716edac4d9c5dc967e1a51f3b') in 0.019664 seconds
Number of updated asset objects reloaded before import = 0Number of asset objects unloaded after import = 3

========================================================================
Received Import Request.
  Time since last request: 0.000043 seconds.
  path: Assets/Projects/GravityDash/kenney_ui-pack/PNG/Blue/Double/check_square_color.png
  artifactKey: Guid(9a2a8939166184eb79eb6ba43b4ab42b) Importer(2089858483,b0f066a214c2f5e87bad3c948f4d605d)
Start importing Assets/Projects/GravityDash/kenney_ui-pack/PNG/Blue/Double/check_square_color.png using Guid(9a2a8939166184eb79eb6ba43b4ab42b) Importer(2089858483,b0f066a214c2f5e87bad3c948f4d605d) (ScriptedImporter) -> (artifact id: 'd9e999317de7df73968a26114de97075') in 0.0184651 seconds
Number of updated asset objects reloaded before import = 0Number of asset objects unloaded after import = 3

========================================================================
Received Import Request.
  Time since last request: 0.000038 seconds.
  path: Assets/Projects/GravityDash/kenney_new-platformer-pack-1.1/Sprites/Tiles/Double/switch_red_pressed.png
  artifactKey: Guid(c51c339170a034163a57abafadacc204) Importer(2089858483,b0f066a214c2f5e87bad3c948f4d605d)
Start importing Assets/Projects/GravityDash/kenney_new-platformer-pack-1.1/Sprites/Tiles/Double/switch_red_pressed.png using Guid(c51c339170a034163a57abafadacc204) Importer(2089858483,b0f066a214c2f5e87bad3c948f4d605d) (ScriptedImporter) -> (artifact id: '318b92a39e6b6abc0fee9cd988bac67b') in 0.0170924 seconds
Number of updated asset objects reloaded before import = 0Number of asset objects unloaded after import = 3

========================================================================
Received Import Request.
  Time since last request: 0.000025 seconds.
  path: Assets/Projects/GravityDash/kenney_ui-pack/PNG/Green/Default/button_square_flat.png
  artifactKey: Guid(98eac434acee645ceaf52d6e743bd69f) Importer(2089858483,b0f066a214c2f5e87bad3c948f4d605d)
Start importing Assets/Projects/GravityDash/kenney_ui-pack/PNG/Green/Default/button_square_flat.png using Guid(98eac434acee645ceaf52d6e743bd69f) Importer(2089858483,b0f066a214c2f5e87bad3c948f4d605d) (ScriptedImporter) -> (artifact id: 'ad33a4ff82db2928ccbf3b6054443b1c') in 0.0213643 seconds
Number of updated asset objects reloaded before import = 0Number of asset objects unloaded after import = 3

========================================================================
Received Import Request.
  Time since last request: 0.000035 seconds.
  path: Assets/Projects/GravityDash/kenney_ui-pack/PNG/Green/Double/check_square_grey.png
  artifactKey: Guid(c9a33aa347f5141798d786ddc31c8321) Importer(2089858483,b0f066a214c2f5e87bad3c948f4d605d)
Start importing Assets/Projects/GravityDash/kenney_ui-pack/PNG/Green/Double/check_square_grey.png using Guid(c9a33aa347f5141798d786ddc31c8321) Importer(2089858483,b0f066a214c2f5e87bad3c948f4d605d) (ScriptedImporter) -> (artifact id: '89b58447aa3052d4bf75ac5c2ca24f67') in 0.0180012 seconds
Number of updated asset objects reloaded before import = 0Number of asset objects unloaded after import = 3

========================================================================
Received Import Request.
  Time since last request: 0.000021 seconds.
  path: Assets/Projects/GravityDash/kenney_new-platformer-pack-1.1/Sprites/Tiles/Double/hud_character_1.png
  artifactKey: Guid(ce73df2e2e24d434e8c905ee49590147) Importer(2089858483,b0f066a214c2f5e87bad3c948f4d605d)
Start importing Assets/Projects/GravityDash/kenney_new-platformer-pack-1.1/Sprites/Tiles/Double/hud_character_1.png using Guid(ce73df2e2e24d434e8c905ee49590147) Importer(2089858483,b0f066a214c2f5e87bad3c948f4d605d) (ScriptedImporter) -> (artifact id: 'e81d35f7ab5b789bb6bf8cf2c2324e2f') in 0.0176684 seconds
Number of updated asset objects reloaded before import = 0Number of asset objects unloaded after import = 3

========================================================================
Received Import Request.
  Time since last request: 0.000025 seconds.
  path: Assets/Projects/GravityDash/kenney_ui-pack/PNG/Green/Double/slide_horizontal_grey.png
  artifactKey: Guid(3766df77e47a84953b80b40e7ab589bf) Importer(2089858483,b0f066a214c2f5e87bad3c948f4d605d)
Start importing Assets/Projects/GravityDash/kenney_ui-pack/PNG/Green/Double/slide_horizontal_grey.png using Guid(3766df77e47a84953b80b40e7ab589bf) Importer(2089858483,b0f066a214c2f5e87bad3c948f4d605d) (ScriptedImporter) -> (artifact id: '51e43400fde7819bd96a2eb11a4c0743') in 0.0176611 seconds
Number of updated asset objects reloaded before import = 0Number of asset objects unloaded after import = 3

========================================================================
Received Import Request.
  Time since last request: 0.000020 seconds.
  path: Assets/Projects/GravityDash/kenney_new-platformer-pack-1.1/Sprites/Tiles/Double/terrain_snow_ramp_long_b.png
  artifactKey: Guid(d8da7daffb3c14fa193b13f595a2a8a6) Importer(2089858483,b0f066a214c2f5e87bad3c948f4d605d)
Start importing Assets/Projects/GravityDash/kenney_new-platformer-pack-1.1/Sprites/Tiles/Double/terrain_snow_ramp_long_b.png using Guid(d8da7daffb3c14fa193b13f595a2a8a6) Importer(2089858483,b0f066a214c2f5e87bad3c948f4d605d) (ScriptedImporter) -> (artifact id: 'f3c8557841c69ae88a18256f5578eb1a') in 0.0294238 seconds
Number of updated asset objects reloaded before import = 0Number of asset objects unloaded after import = 3

========================================================================
Received Import Request.
  Time since last request: 0.000033 seconds.
  path: Assets/Projects/GravityDash/kenney_ui-pack/PNG/Grey/Default/slide_vertical_color.png
  artifactKey: Guid(5ccfa3fb3283245298d91c01db8680d8) Importer(2089858483,b0f066a214c2f5e87bad3c948f4d605d)
Start importing Assets/Projects/GravityDash/kenney_ui-pack/PNG/Grey/Default/slide_vertical_color.png using Guid(5ccfa3fb3283245298d91c01db8680d8) Importer(2089858483,b0f066a214c2f5e87bad3c948f4d605d) (ScriptedImporter) -> (artifact id: '241c01da4df0b0b79a2e93f2756a6d4e') in 0.0410941 seconds
Number of updated asset objects reloaded before import = 0Number of asset objects unloaded after import = 3

========================================================================
Received Import Request.
  Time since last request: 0.000043 seconds.
  path: Assets/Projects/GravityDash/kenney_ui-pack/PNG/Green/Default/button_rectangle_border.png
  artifactKey: Guid(85e2afa131d2648d39eca7fd3f3c6b31) Importer(2089858483,b0f066a214c2f5e87bad3c948f4d605d)
Start importing Assets/Projects/GravityDash/kenney_ui-pack/PNG/Green/Default/button_rectangle_border.png using Guid(85e2afa131d2648d39eca7fd3f3c6b31) Importer(2089858483,b0f066a214c2f5e87bad3c948f4d605d) (ScriptedImporter) -> (artifact id: '01db6adfbccd0ae725a9681274902192') in 0.0334822 seconds
Number of updated asset objects reloaded before import = 0Number of asset objects unloaded after import = 3

========================================================================
Received Import Request.
  Time since last request: 0.000102 seconds.
  path: Assets/Projects/GravityDash/kenney_new-platformer-pack-1.1/Sprites/Tiles/Double/terrain_grass_cloud_middle.png
  artifactKey: Guid(f5c69a0c5a94441128060e79e569de53) Importer(2089858483,b0f066a214c2f5e87bad3c948f4d605d)
Start importing Assets/Projects/GravityDash/kenney_new-platformer-pack-1.1/Sprites/Tiles/Double/terrain_grass_cloud_middle.png using Guid(f5c69a0c5a94441128060e79e569de53) Importer(2089858483,b0f066a214c2f5e87bad3c948f4d605d) (ScriptedImporter) -> (artifact id: '8ce447c922bca7f838715f79d5e07c77') in 0.031955 seconds
Number of updated asset objects reloaded before import = 0Number of asset objects unloaded after import = 3

========================================================================
Received Import Request.
  Time since last request: 0.000052 seconds.
  path: Assets/Projects/GravityDash/kenney_ui-pack/PNG/Grey/Default/slide_horizontal_grey_section.png
  artifactKey: Guid(2914d883a70de47dc85da287f8e6515d) Importer(2089858483,b0f066a214c2f5e87bad3c948f4d605d)
Start importing Assets/Projects/GravityDash/kenney_ui-pack/PNG/Grey/Default/slide_horizontal_grey_section.png using Guid(2914d883a70de47dc85da287f8e6515d) Importer(2089858483,b0f066a214c2f5e87bad3c948f4d605d) (ScriptedImporter) -> (artifact id: '8cd71939f6cd3b7566aed1f483376275') in 0.0337266 seconds
Number of updated asset objects reloaded before import = 0Number of asset objects unloaded after import = 3

========================================================================
Received Import Request.
  Time since last request: 0.000033 seconds.
  path: Assets/Projects/GravityDash/kenney_ui-pack/PNG/Green/Default/button_round_depth_gloss.png
  artifactKey: Guid(723acdc89450e4a56b2e28649d16e075) Importer(2089858483,b0f066a214c2f5e87bad3c948f4d605d)
Start importing Assets/Projects/GravityDash/kenney_ui-pack/PNG/Green/Default/button_round_depth_gloss.png using Guid(723acdc89450e4a56b2e28649d16e075) Importer(2089858483,b0f066a214c2f5e87bad3c948f4d605d) (ScriptedImporter) -> (artifact id: '9e361ffd4a6d1f37872eb9169139976f') in 0.0346778 seconds
Number of updated asset objects reloaded before import = 0Number of asset objects unloaded after import = 3

========================================================================
Received Import Request.
  Time since last request: 0.000046 seconds.
  path: Assets/Projects/GravityDash/kenney_new-platformer-pack-1.1/Sprites/Tiles/Double/terrain_grass_block_top_right.png
  artifactKey: Guid(1279df5ce647144a989913be90742d3c) Importer(2089858483,b0f066a214c2f5e87bad3c948f4d605d)
Start importing Assets/Projects/GravityDash/kenney_new-platformer-pack-1.1/Sprites/Tiles/Double/terrain_grass_block_top_right.png using Guid(1279df5ce647144a989913be90742d3c) Importer(2089858483,b0f066a214c2f5e87bad3c948f4d605d) (ScriptedImporter) -> (artifact id: 'cc82560bd6707a4b6903ad5d703252ed') in 0.0357741 seconds
Number of updated asset objects reloaded before import = 0Number of asset objects unloaded after import = 3

========================================================================
Received Import Request.
  Time since last request: 0.000029 seconds.
  path: Assets/Projects/GravityDash/kenney_new-platformer-pack-1.1/Sprites/Tiles/Double/hud_player_helmet_green.png
  artifactKey: Guid(49e6ab67879844c4089bfb7d881eb403) Importer(2089858483,b0f066a214c2f5e87bad3c948f4d605d)
Start importing Assets/Projects/GravityDash/kenney_new-platformer-pack-1.1/Sprites/Tiles/Double/hud_player_helmet_green.png using Guid(49e6ab67879844c4089bfb7d881eb403) Importer(2089858483,b0f066a214c2f5e87bad3c948f4d605d) (ScriptedImporter) -> (artifact id: '9ba2d354b1e3c9cc6fac7bba936650cb') in 0.0302279 seconds
Number of updated asset objects reloaded before import = 0Number of asset objects unloaded after import = 3

========================================================================
Received Import Request.
  Time since last request: 0.000051 seconds.
  path: Assets/Projects/GravityDash/kenney_ui-pack/PNG/Extra/Default/divider.png
  artifactKey: Guid(7e966b143ef1f44a5b5238168dd92434) Importer(2089858483,b0f066a214c2f5e87bad3c948f4d605d)
Start importing Assets/Projects/GravityDash/kenney_ui-pack/PNG/Extra/Default/divider.png using Guid(7e966b143ef1f44a5b5238168dd92434) Importer(2089858483,b0f066a214c2f5e87bad3c948f4d605d) (ScriptedImporter) -> (artifact id: '6e31f294ab142908778e3a7c1ffd7ed9') in 0.029519 seconds
Number of updated asset objects reloaded before import = 0Number of asset objects unloaded after import = 3

========================================================================
Received Import Request.
  Time since last request: 0.000045 seconds.
  path: Assets/Projects/GravityDash/kenney_new-platformer-pack-1.1/Sprites/Tiles/Double/terrain_purple_ramp_short_b.png
  artifactKey: Guid(96e72ee72c023478ea0da6c1bc90cf3b) Importer(2089858483,b0f066a214c2f5e87bad3c948f4d605d)
Start importing Assets/Projects/GravityDash/kenney_new-platformer-pack-1.1/Sprites/Tiles/Double/terrain_purple_ramp_short_b.png using Guid(96e72ee72c023478ea0da6c1bc90cf3b) Importer(2089858483,b0f066a214c2f5e87bad3c948f4d605d) (ScriptedImporter) -> (artifact id: '3e983990cd5c6c78dfa605398c9f71f9') in 0.030828 seconds
Number of updated asset objects reloaded before import = 0Number of asset objects unloaded after import = 3

========================================================================
Received Import Request.
  Time since last request: 0.000038 seconds.
  path: Assets/Projects/GravityDash/kenney_ui-pack/PNG/Grey/Double/icon_outline_circle.png
  artifactKey: Guid(06cb9d8749462455dad0841337089bca) Importer(2089858483,b0f066a214c2f5e87bad3c948f4d605d)
Start importing Assets/Projects/GravityDash/kenney_ui-pack/PNG/Grey/Double/icon_outline_circle.png using Guid(06cb9d8749462455dad0841337089bca) Importer(2089858483,b0f066a214c2f5e87bad3c948f4d605d) (ScriptedImporter) -> (artifact id: 'bed92d50c8809ef15103173cdf4b954b') in 0.0314755 seconds
Number of updated asset objects reloaded before import = 0Number of asset objects unloaded after import = 3

========================================================================
Received Import Request.
  Time since last request: 0.000030 seconds.
  path: Assets/Projects/GravityDash/kenney_ui-pack/PNG/Grey/Double/star.png
  artifactKey: Guid(a5ce37e2111e94e1c9685d0e1e43e0ea) Importer(2089858483,b0f066a214c2f5e87bad3c948f4d605d)
Start importing Assets/Projects/GravityDash/kenney_ui-pack/PNG/Grey/Double/star.png using Guid(a5ce37e2111e94e1c9685d0e1e43e0ea) Importer(2089858483,b0f066a214c2f5e87bad3c948f4d605d) (ScriptedImporter) -> (artifact id: '58032894b2cb8ebeb7635be9e977f6e6') in 0.0291575 seconds
Number of updated asset objects reloaded before import = 0Number of asset objects unloaded after import = 3

========================================================================
Received Import Request.
  Time since last request: 0.000030 seconds.
  path: Assets/Projects/GravityDash/kenney_ui-pack/PNG/Red/Default/button_square_gloss.png
  artifactKey: Guid(37ac6c15dc70c4667b7e1083fe8a3fc9) Importer(2089858483,b0f066a214c2f5e87bad3c948f4d605d)
Start importing Assets/Projects/GravityDash/kenney_ui-pack/PNG/Red/Default/button_square_gloss.png using Guid(37ac6c15dc70c4667b7e1083fe8a3fc9) Importer(2089858483,b0f066a214c2f5e87bad3c948f4d605d) (ScriptedImporter) -> (artifact id: '47f40ca57b9b90b6a313d8f72ad11388') in 0.0269749 seconds
Number of updated asset objects reloaded before import = 0Number of asset objects unloaded after import = 3

========================================================================
Received Import Request.
  Time since last request: 0.000054 seconds.
  path: Assets/Projects/GravityDash/kenney_ui-pack/PNG/Red/Double/button_rectangle_flat.png
  artifactKey: Guid(2faeb954c571f40af8aac49295df1a14) Importer(2089858483,b0f066a214c2f5e87bad3c948f4d605d)
Start importing Assets/Projects/GravityDash/kenney_ui-pack/PNG/Red/Double/button_rectangle_flat.png using Guid(2faeb954c571f40af8aac49295df1a14) Importer(2089858483,b0f066a214c2f5e87bad3c948f4d605d) (ScriptedImporter) -> (artifact id: '4fa6b84e26156bcb398da12f02d01bf7') in 0.0289186 seconds
Number of updated asset objects reloaded before import = 0Number of asset objects unloaded after import = 3

========================================================================
Received Import Request.
  Time since last request: 0.000035 seconds.
  path: Assets/Projects/GravityDash/kenney_ui-pack/PNG/Red/Double/button_square_gradient.png
  artifactKey: Guid(5471daa949ff340eab7a8a5e2c4974cf) Importer(2089858483,b0f066a214c2f5e87bad3c948f4d605d)
Start importing Assets/Projects/GravityDash/kenney_ui-pack/PNG/Red/Double/button_square_gradient.png using Guid(5471daa949ff340eab7a8a5e2c4974cf) Importer(2089858483,b0f066a214c2f5e87bad3c948f4d605d) (ScriptedImporter) -> (artifact id: 'f5c493bb2036fd3ae4e9a5ab94e6ecf2') in 0.0305973 seconds
Number of updated asset objects reloaded before import = 0Number of asset objects unloaded after import = 3

========================================================================
Received Import Request.
  Time since last request: 0.000050 seconds.
  path: Assets/Projects/GravityDash/kenney_ui-pack/PNG/Grey/Double/star_outline.png
  artifactKey: Guid(3a0c128ce09424a2d85dd097da98e1a6) Importer(2089858483,b0f066a214c2f5e87bad3c948f4d605d)
Start importing Assets/Projects/GravityDash/kenney_ui-pack/PNG/Grey/Double/star_outline.png using Guid(3a0c128ce09424a2d85dd097da98e1a6) Importer(2089858483,b0f066a214c2f5e87bad3c948f4d605d) (ScriptedImporter) -> (artifact id: '3c6b4c7fa18e7dbf41f143abe73017ae') in 0.0265114 seconds
Number of updated asset objects reloaded before import = 0Number of asset objects unloaded after import = 3

========================================================================
Received Import Request.
  Time since last request: 0.000036 seconds.
  path: Assets/Projects/GravityDash/kenney_ui-pack/PNG/Grey/Double/icon_outline_cross.png
  artifactKey: Guid(8b1db59076162437883bbc086aeb7008) Importer(2089858483,b0f066a214c2f5e87bad3c948f4d605d)
Start importing Assets/Projects/GravityDash/kenney_ui-pack/PNG/Grey/Double/icon_outline_cross.png using Guid(8b1db59076162437883bbc086aeb7008) Importer(2089858483,b0f066a214c2f5e87bad3c948f4d605d) (ScriptedImporter) -> (artifact id: 'b6cad23222d756afab9b8d9503a25fcd') in 0.02782 seconds
Number of updated asset objects reloaded before import = 0Number of asset objects unloaded after import = 3

========================================================================
Received Import Request.
  Time since last request: 0.000024 seconds.
  path: Assets/Projects/GravityDash/kenney_ui-pack/PNG/Red/Double/arrow_decorative_e_small.png
  artifactKey: Guid(9a7d6e1eabfd04c4faa2022a03a0633c) Importer(2089858483,b0f066a214c2f5e87bad3c948f4d605d)
Start importing Assets/Projects/GravityDash/kenney_ui-pack/PNG/Red/Double/arrow_decorative_e_small.png using Guid(9a7d6e1eabfd04c4faa2022a03a0633c) Importer(2089858483,b0f066a214c2f5e87bad3c948f4d605d) (ScriptedImporter) -> (artifact id: '5e8db7bf8b3a5d6bc9a26627e1f765ee') in 0.0238871 seconds
Number of updated asset objects reloaded before import = 0Number of asset objects unloaded after import = 3

========================================================================
Received Import Request.
  Time since last request: 0.000037 seconds.
  path: Assets/Projects/GravityDash/kenney_ui-pack/PNG/Grey/Double/check_round_grey_circle.png
  artifactKey: Guid(0a78fcaf57ec949649903426e1b80401) Importer(2089858483,b0f066a214c2f5e87bad3c948f4d605d)
Start importing Assets/Projects/GravityDash/kenney_ui-pack/PNG/Grey/Double/check_round_grey_circle.png using Guid(0a78fcaf57ec949649903426e1b80401) Importer(2089858483,b0f066a214c2f5e87bad3c948f4d605d) (ScriptedImporter) -> (artifact id: 'b9a16bc3cc99b7967fa4c43223a7052b') in 0.0235158 seconds
Number of updated asset objects reloaded before import = 0Number of asset objects unloaded after import = 3

========================================================================
Received Import Request.
  Time since last request: 0.000033 seconds.
  path: Assets/Projects/GravityDash/kenney_ui-pack/PNG/Red/Double/arrow_decorative_n_small.png
  artifactKey: Guid(77146954b091c4a6b8e6de2f512164cc) Importer(2089858483,b0f066a214c2f5e87bad3c948f4d605d)
Start importing Assets/Projects/GravityDash/kenney_ui-pack/PNG/Red/Double/arrow_decorative_n_small.png using Guid(77146954b091c4a6b8e6de2f512164cc) Importer(2089858483,b0f066a214c2f5e87bad3c948f4d605d) (ScriptedImporter) -> (artifact id: '38aa8ffcfe0d1156c792d01392656e59') in 0.0188193 seconds
Number of updated asset objects reloaded before import = 0Number of asset objects unloaded after import = 3

========================================================================
Received Import Request.
  Time since last request: 0.000045 seconds.
  path: Assets/Projects/GravityDash/kenney_ui-pack/PNG/Red/Default/slide_vertical_grey_section.png
  artifactKey: Guid(b85bfccf804dc4eaebe86e63635cf532) Importer(2089858483,b0f066a214c2f5e87bad3c948f4d605d)
Start importing Assets/Projects/GravityDash/kenney_ui-pack/PNG/Red/Default/slide_vertical_grey_section.png using Guid(b85bfccf804dc4eaebe86e63635cf532) Importer(2089858483,b0f066a214c2f5e87bad3c948f4d605d) (ScriptedImporter) -> (artifact id: '0551d6dec5667c7a933696eab6e30985') in 0.0258329 seconds
Number of updated asset objects reloaded before import = 0Number of asset objects unloaded after import = 3

========================================================================
Received Import Request.
  Time since last request: 0.000020 seconds.
  path: Assets/Projects/GravityDash/kenney_ui-pack/PNG/Red/Double/button_rectangle_depth_line.png
  artifactKey: Guid(401e1041b8fde40ee850cc9fa44166ac) Importer(2089858483,b0f066a214c2f5e87bad3c948f4d605d)
Start importing Assets/Projects/GravityDash/kenney_ui-pack/PNG/Red/Double/button_rectangle_depth_line.png using Guid(401e1041b8fde40ee850cc9fa44166ac) Importer(2089858483,b0f066a214c2f5e87bad3c948f4d605d) (ScriptedImporter) -> (artifact id: '77c88461bb50aeb31178de45f0a8d23d') in 0.0222727 seconds
Number of updated asset objects reloaded before import = 0Number of asset objects unloaded after import = 3

========================================================================
Received Import Request.
  Time since last request: 0.000055 seconds.
  path: Assets/Projects/GravityDash/kenney_ui-pack/PNG/Red/Double/arrow_decorative_w_small.png
  artifactKey: Guid(db1f86087eb9648d589a72259d6b90d8) Importer(2089858483,b0f066a214c2f5e87bad3c948f4d605d)
Start importing Assets/Projects/GravityDash/kenney_ui-pack/PNG/Red/Double/arrow_decorative_w_small.png using Guid(db1f86087eb9648d589a72259d6b90d8) Importer(2089858483,b0f066a214c2f5e87bad3c948f4d605d) (ScriptedImporter) -> (artifact id: 'f3d77a024ebbdb6edd12229503a66d52') in 0.0260567 seconds
Number of updated asset objects reloaded before import = 0Number of asset objects unloaded after import = 3

========================================================================
Received Import Request.
  Time since last request: 0.000028 seconds.
  path: Assets/Projects/GravityDash/kenney_ui-pack/PNG/Red/Default/arrow_decorative_w_small.png
  artifactKey: Guid(b63d5a9d23ccd4b7882313435e796c7e) Importer(2089858483,b0f066a214c2f5e87bad3c948f4d605d)
Start importing Assets/Projects/GravityDash/kenney_ui-pack/PNG/Red/Default/arrow_decorative_w_small.png using Guid(b63d5a9d23ccd4b7882313435e796c7e) Importer(2089858483,b0f066a214c2f5e87bad3c948f4d605d) (ScriptedImporter) -> (artifact id: '9c52d9ca81a235603fe9411fd7262405') in 0.0259669 seconds
Number of updated asset objects reloaded before import = 0Number of asset objects unloaded after import = 3

========================================================================
Received Import Request.
  Time since last request: 0.000029 seconds.
  path: Assets/Projects/GravityDash/kenney_ui-pack/PNG/Red/Default/star_outline.png
  artifactKey: Guid(a914c30809d814f4bb118e5056773719) Importer(2089858483,b0f066a214c2f5e87bad3c948f4d605d)
Start importing Assets/Projects/GravityDash/kenney_ui-pack/PNG/Red/Default/star_outline.png using Guid(a914c30809d814f4bb118e5056773719) Importer(2089858483,b0f066a214c2f5e87bad3c948f4d605d) (ScriptedImporter) -> (artifact id: '7eddaa824f15330044d61129fdfe6a84') in 0.0235199 seconds
Number of updated asset objects reloaded before import = 0Number of asset objects unloaded after import = 3

========================================================================
Received Import Request.
  Time since last request: 0.000021 seconds.
  path: Assets/Projects/GravityDash/kenney_ui-pack/PNG/Red/Default/slide_horizontal_grey_section.png
  artifactKey: Guid(3753eebe3eef048a88178335a2abf1e0) Importer(2089858483,b0f066a214c2f5e87bad3c948f4d605d)
Start importing Assets/Projects/GravityDash/kenney_ui-pack/PNG/Red/Default/slide_horizontal_grey_section.png using Guid(3753eebe3eef048a88178335a2abf1e0) Importer(2089858483,b0f066a214c2f5e87bad3c948f4d605d) (ScriptedImporter) -> (artifact id: '9dc96f2e0257fb85bd20c92959b1fb9f') in 0.0188871 seconds
Number of updated asset objects reloaded before import = 0Number of asset objects unloaded after import = 3

========================================================================
Received Import Request.
  Time since last request: 0.000024 seconds.
  path: Assets/Projects/GravityDash/kenney_ui-pack/PNG/Red/Default/button_round_border.png
  artifactKey: Guid(b074aabcc2dc44a74881d8b6feba7e0c) Importer(2089858483,b0f066a214c2f5e87bad3c948f4d605d)
Start importing Assets/Projects/GravityDash/kenney_ui-pack/PNG/Red/Default/button_round_border.png using Guid(b074aabcc2dc44a74881d8b6feba7e0c) Importer(2089858483,b0f066a214c2f5e87bad3c948f4d605d) (ScriptedImporter) -> (artifact id: '54bcdfb1b162f069805a59ad7aba766f') in 0.0272645 seconds
Number of updated asset objects reloaded before import = 0Number of asset objects unloaded after import = 3

========================================================================
Received Import Request.
  Time since last request: 0.000037 seconds.
  path: Assets/Projects/GravityDash/kenney_ui-pack/PNG/Red/Double/button_round_line.png
  artifactKey: Guid(a973f7c6fc6614f25b86bf2526f4bbf0) Importer(2089858483,b0f066a214c2f5e87bad3c948f4d605d)
Start importing Assets/Projects/GravityDash/kenney_ui-pack/PNG/Red/Double/button_round_line.png using Guid(a973f7c6fc6614f25b86bf2526f4bbf0) Importer(2089858483,b0f066a214c2f5e87bad3c948f4d605d) (ScriptedImporter) -> (artifact id: '7f13b6aab5919ab91df4314b6b282669') in 0.0229885 seconds
Number of updated asset objects reloaded before import = 0Number of asset objects unloaded after import = 3

========================================================================
Received Import Request.
  Time since last request: 0.000037 seconds.
  path: Assets/Projects/GravityDash/kenney_ui-pack/PNG/Grey/Double/check_square_grey_checkmark.png
  artifactKey: Guid(428e862e58efc43e280cacd274abf6af) Importer(2089858483,b0f066a214c2f5e87bad3c948f4d605d)
Start importing Assets/Projects/GravityDash/kenney_ui-pack/PNG/Grey/Double/check_square_grey_checkmark.png using Guid(428e862e58efc43e280cacd274abf6af) Importer(2089858483,b0f066a214c2f5e87bad3c948f4d605d) (ScriptedImporter) -> (artifact id: 'fea82983c7fc59cfb212bc461f9c9823') in 0.0251892 seconds
Number of updated asset objects reloaded before import = 0Number of asset objects unloaded after import = 3

========================================================================
Received Import Request.
  Time since last request: 0.000040 seconds.
  path: Assets/Projects/GravityDash/kenney_ui-pack/PNG/Red/Default/button_square_depth_gloss.png
  artifactKey: Guid(90095d52d97bc4e27bd15c57cf7d1ea6) Importer(2089858483,b0f066a214c2f5e87bad3c948f4d605d)
Start importing Assets/Projects/GravityDash/kenney_ui-pack/PNG/Red/Default/button_square_depth_gloss.png using Guid(90095d52d97bc4e27bd15c57cf7d1ea6) Importer(2089858483,b0f066a214c2f5e87bad3c948f4d605d) (ScriptedImporter) -> (artifact id: '555906a3cd0ad32c6745f668feacee54') in 0.0210108 seconds
Number of updated asset objects reloaded before import = 0Number of asset objects unloaded after import = 3

========================================================================
Received Import Request.
  Time since last request: 0.000023 seconds.
  path: Assets/Projects/GravityDash/kenney_ui-pack/PNG/Grey/Double/arrow_basic_w.png
  artifactKey: Guid(162d99d4ec99241789283a1ffbbc5320) Importer(2089858483,b0f066a214c2f5e87bad3c948f4d605d)
Start importing Assets/Projects/GravityDash/kenney_ui-pack/PNG/Grey/Double/arrow_basic_w.png using Guid(162d99d4ec99241789283a1ffbbc5320) Importer(2089858483,b0f066a214c2f5e87bad3c948f4d605d) (ScriptedImporter) -> (artifact id: 'b39699d890b68628ab0ef2936fcd2c97') in 0.0277503 seconds
Number of updated asset objects reloaded before import = 0Number of asset objects unloaded after import = 3

========================================================================
Received Import Request.
  Time since last request: 0.000020 seconds.
  path: Assets/Projects/GravityDash/kenney_ui-pack/PNG/Green/Double/icon_outline_square.png
  artifactKey: Guid(3e897bb1f557043279e4faa43b7863a5) Importer(2089858483,b0f066a214c2f5e87bad3c948f4d605d)
Start importing Assets/Projects/GravityDash/kenney_ui-pack/PNG/Green/Double/icon_outline_square.png using Guid(3e897bb1f557043279e4faa43b7863a5) Importer(2089858483,b0f066a214c2f5e87bad3c948f4d605d) (ScriptedImporter) -> (artifact id: 'eb869bbbae6da9bf7090327a49f69a6b') in 0.0293109 seconds
Number of updated asset objects reloaded before import = 0Number of asset objects unloaded after import = 3

========================================================================
Received Import Request.
  Time since last request: 0.000036 seconds.
  path: Assets/Projects/GravityDash/kenney_ui-pack/PNG/Extra/Double/icon_arrow_up_dark.png
  artifactKey: Guid(b4d462caa6a944159965305531fbfb08) Importer(2089858483,b0f066a214c2f5e87bad3c948f4d605d)
Start importing Assets/Projects/GravityDash/kenney_ui-pack/PNG/Extra/Double/icon_arrow_up_dark.png using Guid(b4d462caa6a944159965305531fbfb08) Importer(2089858483,b0f066a214c2f5e87bad3c948f4d605d) (ScriptedImporter) -> (artifact id: '967d12adbe68f6d86b4f799acf9be229') in 0.0262171 seconds
Number of updated asset objects reloaded before import = 0Number of asset objects unloaded after import = 3

========================================================================
Received Import Request.
  Time since last request: 0.000030 seconds.
  path: Assets/Projects/GravityDash/kenney_ui-pack/PNG/Grey/Default/slide_vertical_grey_section.png
  artifactKey: Guid(25e516e80692648d5ae53ee8827b5501) Importer(2089858483,b0f066a214c2f5e87bad3c948f4d605d)
Start importing Assets/Projects/GravityDash/kenney_ui-pack/PNG/Grey/Default/slide_vertical_grey_section.png using Guid(25e516e80692648d5ae53ee8827b5501) Importer(2089858483,b0f066a214c2f5e87bad3c948f4d605d) (ScriptedImporter) -> (artifact id: 'db629835227a4365e80c01bc046b65d7') in 0.025466 seconds
Number of updated asset objects reloaded before import = 0Number of asset objects unloaded after import = 3

========================================================================
Received Import Request.
  Time since last request: 0.000027 seconds.
  path: Assets/Projects/GravityDash/kenney_ui-pack/PNG/Grey/Double/button_square_depth_line.png
  artifactKey: Guid(4a39ae72ee1cd4b23ad324bb08f8208d) Importer(2089858483,b0f066a214c2f5e87bad3c948f4d605d)
Start importing Assets/Projects/GravityDash/kenney_ui-pack/PNG/Grey/Double/button_square_depth_line.png using Guid(4a39ae72ee1cd4b23ad324bb08f8208d) Importer(2089858483,b0f066a214c2f5e87bad3c948f4d605d) (ScriptedImporter) -> (artifact id: '74085a83240320444ed89d7ada9a7399') in 0.0193689 seconds
Number of updated asset objects reloaded before import = 0Number of asset objects unloaded after import = 3

========================================================================
Received Import Request.
  Time since last request: 0.000038 seconds.
  path: Assets/Projects/GravityDash/kenney_ui-pack/PNG/Blue/Double/button_rectangle_gloss.png
  artifactKey: Guid(f35ecf76b6e8e46d495e6c8c37f012b6) Importer(2089858483,b0f066a214c2f5e87bad3c948f4d605d)
Start importing Assets/Projects/GravityDash/kenney_ui-pack/PNG/Blue/Double/button_rectangle_gloss.png using Guid(f35ecf76b6e8e46d495e6c8c37f012b6) Importer(2089858483,b0f066a214c2f5e87bad3c948f4d605d) (ScriptedImporter) -> (artifact id: 'aece2ecebab26ad28d00ca4baf7455e3') in 0.0200679 seconds
Number of updated asset objects reloaded before import = 0Number of asset objects unloaded after import = 3

========================================================================
Received Import Request.
  Time since last request: 0.000063 seconds.
  path: Assets/Projects/GravityDash/kenney_ui-pack/PNG/Red/Double/button_rectangle_border.png
  artifactKey: Guid(2ca3c3580e6ea4747b62613b626eebae) Importer(2089858483,b0f066a214c2f5e87bad3c948f4d605d)
Start importing Assets/Projects/GravityDash/kenney_ui-pack/PNG/Red/Double/button_rectangle_border.png using Guid(2ca3c3580e6ea4747b62613b626eebae) Importer(2089858483,b0f066a214c2f5e87bad3c948f4d605d) (ScriptedImporter) -> (artifact id: '23682c8d64c8cd1a64e761941f5adb89') in 0.0218942 seconds
Number of updated asset objects reloaded before import = 0Number of asset objects unloaded after import = 3

========================================================================
Received Import Request.
  Time since last request: 0.000019 seconds.
  path: Assets/Projects/GravityDash/kenney_ui-pack/PNG/Yellow/Double/arrow_basic_e.png
  artifactKey: Guid(3280025efb9e84f79b5b23e25e302c8e) Importer(2089858483,b0f066a214c2f5e87bad3c948f4d605d)
Start importing Assets/Projects/GravityDash/kenney_ui-pack/PNG/Yellow/Double/arrow_basic_e.png using Guid(3280025efb9e84f79b5b23e25e302c8e) Importer(2089858483,b0f066a214c2f5e87bad3c948f4d605d) (ScriptedImporter) -> (artifact id: '97ecebb96477802c5822870d24ab017f') in 0.0187538 seconds
Number of updated asset objects reloaded before import = 0Number of asset objects unloaded after import = 3

========================================================================
Received Import Request.
  Time since last request: 0.000032 seconds.
  path: Assets/Projects/GravityDash/kenney_ui-pack/PNG/Red/Double/slide_horizontal_grey_section.png
  artifactKey: Guid(c5048bdbf84154f12993404e5d5f6610) Importer(2089858483,b0f066a214c2f5e87bad3c948f4d605d)
Start importing Assets/Projects/GravityDash/kenney_ui-pack/PNG/Red/Double/slide_horizontal_grey_section.png using Guid(c5048bdbf84154f12993404e5d5f6610) Importer(2089858483,b0f066a214c2f5e87bad3c948f4d605d) (ScriptedImporter) -> (artifact id: 'ddd6f4aaa8417e8716e8b9596e32f757') in 0.0221619 seconds
Number of updated asset objects reloaded before import = 0Number of asset objects unloaded after import = 3

========================================================================
Received Import Request.
  Time since last request: 0.000033 seconds.
  path: Assets/Projects/GravityDash/kenney_ui-pack/PNG/Yellow/Default/arrow_decorative_s_small.png
  artifactKey: Guid(a409debd5a3cf4c6587b10a298fc97b0) Importer(2089858483,b0f066a214c2f5e87bad3c948f4d605d)
Start importing Assets/Projects/GravityDash/kenney_ui-pack/PNG/Yellow/Default/arrow_decorative_s_small.png using Guid(a409debd5a3cf4c6587b10a298fc97b0) Importer(2089858483,b0f066a214c2f5e87bad3c948f4d605d) (ScriptedImporter) -> (artifact id: '1afa8220a029398f9f6d29475b79cb7d') in 0.0277941 seconds
Number of updated asset objects reloaded before import = 0Number of asset objects unloaded after import = 3

========================================================================
Received Import Request.
  Time since last request: 0.000030 seconds.
  path: Assets/Projects/GravityDash/kenney_ui-pack/PNG/Yellow/Default/button_square_depth_line.png
  artifactKey: Guid(26d0f9c30a8ca418089a44305015c9da) Importer(2089858483,b0f066a214c2f5e87bad3c948f4d605d)
Start importing Assets/Projects/GravityDash/kenney_ui-pack/PNG/Yellow/Default/button_square_depth_line.png using Guid(26d0f9c30a8ca418089a44305015c9da) Importer(2089858483,b0f066a214c2f5e87bad3c948f4d605d) (ScriptedImporter) -> (artifact id: 'd183a9a38df9cd118c9fa17395b0aa8a') in 0.0339134 seconds
Number of updated asset objects reloaded before import = 0Number of asset objects unloaded after import = 3

========================================================================
Received Import Request.
  Time since last request: 0.000034 seconds.
  path: Assets/Projects/GravityDash/kenney_ui-pack/PNG/Red/Double/check_square_grey_cross.png
  artifactKey: Guid(e1410c5487202458d84c98b7b44090a9) Importer(2089858483,b0f066a214c2f5e87bad3c948f4d605d)
Start importing Assets/Projects/GravityDash/kenney_ui-pack/PNG/Red/Double/check_square_grey_cross.png using Guid(e1410c5487202458d84c98b7b44090a9) Importer(2089858483,b0f066a214c2f5e87bad3c948f4d605d) (ScriptedImporter) -> (artifact id: '8f52c2e4055fe4b509d6c05b6a1dd628') in 0.0252113 seconds
Number of updated asset objects reloaded before import = 0Number of asset objects unloaded after import = 3

========================================================================
Received Import Request.
  Time since last request: 0.000024 seconds.
  path: Assets/Projects/GravityDash/kenney_ui-pack/PNG/Yellow/Default/check_square_grey_square.png
  artifactKey: Guid(3752f3c1a7efa44e2bf6372f29c61f03) Importer(2089858483,b0f066a214c2f5e87bad3c948f4d605d)
Start importing Assets/Projects/GravityDash/kenney_ui-pack/PNG/Yellow/Default/check_square_grey_square.png using Guid(3752f3c1a7efa44e2bf6372f29c61f03) Importer(2089858483,b0f066a214c2f5e87bad3c948f4d605d) (ScriptedImporter) -> (artifact id: '153d5c8b0b8e89a942987cce87dad389') in 0.0230801 seconds
Number of updated asset objects reloaded before import = 0Number of asset objects unloaded after import = 3

========================================================================
Received Import Request.
  Time since last request: 0.000030 seconds.
  path: Assets/Projects/GravityDash/kenney_ui-pack/PNG/Red/Double/slide_hangle.png
  artifactKey: Guid(0e5dadde9719d49b186a1e6f087ca77b) Importer(2089858483,b0f066a214c2f5e87bad3c948f4d605d)
Start importing Assets/Projects/GravityDash/kenney_ui-pack/PNG/Red/Double/slide_hangle.png using Guid(0e5dadde9719d49b186a1e6f087ca77b) Importer(2089858483,b0f066a214c2f5e87bad3c948f4d605d) (ScriptedImporter) -> (artifact id: 'e136d3872d4bd3903c10c532f0cdd734') in 0.0266091 seconds
Number of updated asset objects reloaded before import = 0Number of asset objects unloaded after import = 3

========================================================================
Received Import Request.
  Time since last request: 0.000032 seconds.
  path: Assets/Projects/GravityDash/kenney_ui-pack/PNG/Red/Double/slide_vertical_color_section.png
  artifactKey: Guid(4a7b3574733d14c10992a6c03dbe0974) Importer(2089858483,b0f066a214c2f5e87bad3c948f4d605d)
Start importing Assets/Projects/GravityDash/kenney_ui-pack/PNG/Red/Double/slide_vertical_color_section.png using Guid(4a7b3574733d14c10992a6c03dbe0974) Importer(2089858483,b0f066a214c2f5e87bad3c948f4d605d) (ScriptedImporter) -> (artifact id: 'ef00b1f1672cc60cac0cd61533890450') in 0.0191489 seconds
Number of updated asset objects reloaded before import = 0Number of asset objects unloaded after import = 3

========================================================================
Received Import Request.
  Time since last request: 0.000031 seconds.
  path: Assets/Projects/GravityDash/kenney_ui-pack/PNG/Yellow/Default/slide_vertical_grey.png
  artifactKey: Guid(143a274ef7e9547cf93d4584fe848a13) Importer(2089858483,b0f066a214c2f5e87bad3c948f4d605d)
Start importing Assets/Projects/GravityDash/kenney_ui-pack/PNG/Yellow/Default/slide_vertical_grey.png using Guid(143a274ef7e9547cf93d4584fe848a13) Importer(2089858483,b0f066a214c2f5e87bad3c948f4d605d) (ScriptedImporter) -> (artifact id: 'cca2585a0cd1d55ce22c900b8b3d87ea') in 0.0225028 seconds
Number of updated asset objects reloaded before import = 0Number of asset objects unloaded after import = 3

========================================================================
Received Import Request.
  Time since last request: 0.000028 seconds.
  path: Assets/Projects/GravityDash/kenney_ui-pack/PNG/Red/Double/icon_outline_square.png
  artifactKey: Guid(45b2d1f6fa13c4b9bae779474eb0b8e9) Importer(2089858483,b0f066a214c2f5e87bad3c948f4d605d)
Start importing Assets/Projects/GravityDash/kenney_ui-pack/PNG/Red/Double/icon_outline_square.png using Guid(45b2d1f6fa13c4b9bae779474eb0b8e9) Importer(2089858483,b0f066a214c2f5e87bad3c948f4d605d) (ScriptedImporter) -> (artifact id: 'a8d72b1bbe8f87a7c5cf37b698e988e0') in 0.0227199 seconds
Number of updated asset objects reloaded before import = 0Number of asset objects unloaded after import = 3

========================================================================
Received Import Request.
  Time since last request: 0.000029 seconds.
  path: Assets/Projects/GravityDash/kenney_ui-pack/PNG/Yellow/Default/button_rectangle_depth_flat.png
  artifactKey: Guid(55614b8b954a54192a662f1d5d1c1222) Importer(2089858483,b0f066a214c2f5e87bad3c948f4d605d)
Start importing Assets/Projects/GravityDash/kenney_ui-pack/PNG/Yellow/Default/button_rectangle_depth_flat.png using Guid(55614b8b954a54192a662f1d5d1c1222) Importer(2089858483,b0f066a214c2f5e87bad3c948f4d605d) (ScriptedImporter) -> (artifact id: 'fd30a2ba713ffc03c0e39e12fcfff259') in 0.0204585 seconds
Number of updated asset objects reloaded before import = 0Number of asset objects unloaded after import = 3

========================================================================
Received Import Request.
  Time since last request: 0.000019 seconds.
  path: Assets/Projects/GravityDash/kenney_ui-pack/PNG/Yellow/Default/arrow_decorative_w.png
  artifactKey: Guid(027e4b00d6f6a47ba9ed808f0442ef51) Importer(2089858483,b0f066a214c2f5e87bad3c948f4d605d)
Start importing Assets/Projects/GravityDash/kenney_ui-pack/PNG/Yellow/Default/arrow_decorative_w.png using Guid(027e4b00d6f6a47ba9ed808f0442ef51) Importer(2089858483,b0f066a214c2f5e87bad3c948f4d605d) (ScriptedImporter) -> (artifact id: 'dd4ddb0ed75664f2b256ee44431f6c5f') in 0.0243868 seconds
Number of updated asset objects reloaded before import = 0Number of asset objects unloaded after import = 3

========================================================================
Received Import Request.
  Time since last request: 0.000029 seconds.
  path: Assets/Projects/GravityDash/kenney_ui-pack/PNG/Yellow/Default/slide_horizontal_grey_section.png
  artifactKey: Guid(497b178d1385649f8afee0e8279b0dd2) Importer(2089858483,b0f066a214c2f5e87bad3c948f4d605d)
Start importing Assets/Projects/GravityDash/kenney_ui-pack/PNG/Yellow/Default/slide_horizontal_grey_section.png using Guid(497b178d1385649f8afee0e8279b0dd2) Importer(2089858483,b0f066a214c2f5e87bad3c948f4d605d) (ScriptedImporter) -> (artifact id: '8c28e8e383c4cc97d8538a853093805b') in 0.0222037 seconds
Number of updated asset objects reloaded before import = 0Number of asset objects unloaded after import = 3

========================================================================
Received Import Request.
  Time since last request: 0.000032 seconds.
  path: Assets/Projects/GravityDash/kenney_ui-pack/PNG/Grey/Default/arrow_decorative_n_small.png
  artifactKey: Guid(ae8d3e5cf358048c8bfc36aa0d953e3c) Importer(2089858483,b0f066a214c2f5e87bad3c948f4d605d)
Start importing Assets/Projects/GravityDash/kenney_ui-pack/PNG/Grey/Default/arrow_decorative_n_small.png using Guid(ae8d3e5cf358048c8bfc36aa0d953e3c) Importer(2089858483,b0f066a214c2f5e87bad3c948f4d605d) (ScriptedImporter) -> (artifact id: '138e04b9403b59372dd6ae827b47bd29') in 0.021509 seconds
Number of updated asset objects reloaded before import = 0Number of asset objects unloaded after import = 3

========================================================================
Received Import Request.
  Time since last request: 0.000043 seconds.
  path: Assets/Projects/GravityDash/kenney_ui-pack/PNG/Grey/Double/arrow_decorative_e.png
  artifactKey: Guid(9364957a6ae46476f8311db892eda802) Importer(2089858483,b0f066a214c2f5e87bad3c948f4d605d)
Start importing Assets/Projects/GravityDash/kenney_ui-pack/PNG/Grey/Double/arrow_decorative_e.png using Guid(9364957a6ae46476f8311db892eda802) Importer(2089858483,b0f066a214c2f5e87bad3c948f4d605d) (ScriptedImporter) -> (artifact id: 'c0e287ac87ffc0ad5fc2fd4532ca4267') in 0.0188797 seconds
Number of updated asset objects reloaded before import = 0Number of asset objects unloaded after import = 3

========================================================================
Received Import Request.
  Time since last request: 0.000036 seconds.
  path: Assets/Projects/GravityDash/kenney_ui-pack/PNG/Red/Default/button_rectangle_gloss.png
  artifactKey: Guid(51c39ce3bd56d4c8581e727e9b05bb3d) Importer(2089858483,b0f066a214c2f5e87bad3c948f4d605d)
Start importing Assets/Projects/GravityDash/kenney_ui-pack/PNG/Red/Default/button_rectangle_gloss.png using Guid(51c39ce3bd56d4c8581e727e9b05bb3d) Importer(2089858483,b0f066a214c2f5e87bad3c948f4d605d) (ScriptedImporter) -> (artifact id: '428bde3eff983eb064fef1bef4f0ac46') in 0.0195784 seconds
Number of updated asset objects reloaded before import = 0Number of asset objects unloaded after import = 3

========================================================================
Received Import Request.
  Time since last request: 0.000021 seconds.
  path: Assets/Projects/GravityDash/kenney_ui-pack/PNG/Red/Default/button_round_depth_line.png
  artifactKey: Guid(64768aff2e4cd47a39eb9bb05c5741b3) Importer(2089858483,b0f066a214c2f5e87bad3c948f4d605d)
Start importing Assets/Projects/GravityDash/kenney_ui-pack/PNG/Red/Default/button_round_depth_line.png using Guid(64768aff2e4cd47a39eb9bb05c5741b3) Importer(2089858483,b0f066a214c2f5e87bad3c948f4d605d) (ScriptedImporter) -> (artifact id: 'ee8504ee4fbf6d9ad5a420d2a716abdc') in 0.0211939 seconds
Number of updated asset objects reloaded before import = 0Number of asset objects unloaded after import = 3

========================================================================
Received Import Request.
  Time since last request: 0.000030 seconds.
  path: Assets/Projects/GravityDash/kenney_ui-pack/PNG/Blue/Double/button_round_depth_line.png
  artifactKey: Guid(f65086cffcd0d45128ca2d974136cdf1) Importer(2089858483,b0f066a214c2f5e87bad3c948f4d605d)
Start importing Assets/Projects/GravityDash/kenney_ui-pack/PNG/Blue/Double/button_round_depth_line.png using Guid(f65086cffcd0d45128ca2d974136cdf1) Importer(2089858483,b0f066a214c2f5e87bad3c948f4d605d) (ScriptedImporter) -> (artifact id: '871d0114747136517c166a02c21d73d8') in 0.0201028 seconds
Number of updated asset objects reloaded before import = 0Number of asset objects unloaded after import = 3

========================================================================
Received Import Request.
  Time since last request: 0.000041 seconds.
  path: Assets/Projects/GravityDash/kenney_ui-pack/PNG/Grey/Double/slide_horizontal_color.png
  artifactKey: Guid(2b4daca6333134e7d9b047009d6ba2a4) Importer(2089858483,b0f066a214c2f5e87bad3c948f4d605d)
Start importing Assets/Projects/GravityDash/kenney_ui-pack/PNG/Grey/Double/slide_horizontal_color.png using Guid(2b4daca6333134e7d9b047009d6ba2a4) Importer(2089858483,b0f066a214c2f5e87bad3c948f4d605d) (ScriptedImporter) -> (artifact id: '81f2d5c7fb05452883a669d030f10a72') in 0.0217465 seconds
Number of updated asset objects reloaded before import = 0Number of asset objects unloaded after import = 3

========================================================================
Received Import Request.
  Time since last request: 0.000017 seconds.
  path: Assets/Projects/GravityDash/kenney_ui-pack/PNG/Grey/Double/button_rectangle_border.png
  artifactKey: Guid(1562d17e8fc4345bf8bef389e821d847) Importer(2089858483,b0f066a214c2f5e87bad3c948f4d605d)
Start importing Assets/Projects/GravityDash/kenney_ui-pack/PNG/Grey/Double/button_rectangle_border.png using Guid(1562d17e8fc4345bf8bef389e821d847) Importer(2089858483,b0f066a214c2f5e87bad3c948f4d605d) (ScriptedImporter) -> (artifact id: '6548744e5f3a628ca94f1b2c449435e0') in 0.0189863 seconds
Number of updated asset objects reloaded before import = 0Number of asset objects unloaded after import = 3

========================================================================
Received Import Request.
  Time since last request: 0.000024 seconds.
  path: Assets/Projects/GravityDash/kenney_ui-pack/PNG/Grey/Default/slide_horizontal_grey_section_wide.png
  artifactKey: Guid(82843ebdec76e433387f6893f5a31002) Importer(2089858483,b0f066a214c2f5e87bad3c948f4d605d)
Start importing Assets/Projects/GravityDash/kenney_ui-pack/PNG/Grey/Default/slide_horizontal_grey_section_wide.png using Guid(82843ebdec76e433387f6893f5a31002) Importer(2089858483,b0f066a214c2f5e87bad3c948f4d605d) (ScriptedImporter) -> (artifact id: '01865b09ded16476a0d5decc433f00de') in 0.018283 seconds
Number of updated asset objects reloaded before import = 0Number of asset objects unloaded after import = 3

========================================================================
Received Import Request.
  Time since last request: 0.000020 seconds.
  path: Assets/Projects/GravityDash/kenney_ui-pack/PNG/Yellow/Default/button_rectangle_line.png
  artifactKey: Guid(ed65a2584bcde4ae5b31643d95757c6c) Importer(2089858483,b0f066a214c2f5e87bad3c948f4d605d)
Start importing Assets/Projects/GravityDash/kenney_ui-pack/PNG/Yellow/Default/button_rectangle_line.png using Guid(ed65a2584bcde4ae5b31643d95757c6c) Importer(2089858483,b0f066a214c2f5e87bad3c948f4d605d) (ScriptedImporter) -> (artifact id: 'cba04095b6830f04d73f96e4d5fdb299') in 0.0193 seconds
Number of updated asset objects reloaded before import = 0Number of asset objects unloaded after import = 3

========================================================================
Received Import Request.
  Time since last request: 0.000032 seconds.
  path: Assets/Projects/GravityDash/kenney_ui-pack/PNG/Red/Double/arrow_decorative_w.png
  artifactKey: Guid(ddd6570baef8a438e9799514d9139886) Importer(2089858483,b0f066a214c2f5e87bad3c948f4d605d)
Start importing Assets/Projects/GravityDash/kenney_ui-pack/PNG/Red/Double/arrow_decorative_w.png using Guid(ddd6570baef8a438e9799514d9139886) Importer(2089858483,b0f066a214c2f5e87bad3c948f4d605d) (ScriptedImporter) -> (artifact id: 'e0e865d6daad493dadc257fecc5fa46f') in 0.0119421 seconds
Number of updated asset objects reloaded before import = 0Number of asset objects unloaded after import = 3

========================================================================
Received Import Request.
  Time since last request: 0.000019 seconds.
  path: Assets/Projects/GravityDash/kenney_ui-pack/PNG/Yellow/Default/arrow_basic_n_small.png
  artifactKey: Guid(4bbb78a479ec84a9aaf40853db0bc168) Importer(2089858483,b0f066a214c2f5e87bad3c948f4d605d)
Start importing Assets/Projects/GravityDash/kenney_ui-pack/PNG/Yellow/Default/arrow_basic_n_small.png using Guid(4bbb78a479ec84a9aaf40853db0bc168) Importer(2089858483,b0f066a214c2f5e87bad3c948f4d605d) (ScriptedImporter) -> (artifact id: '17c932830ce7b385f2db3825f1c3e6e5') in 0.018805 seconds
Number of updated asset objects reloaded before import = 0Number of asset objects unloaded after import = 3

========================================================================
Received Import Request.
  Time since last request: 0.000032 seconds.
  path: Assets/Projects/GravityDash/kenney_ui-pack/PNG/Grey/Double/button_round_gloss.png
  artifactKey: Guid(9d53402eceabb459c970dafff6d8f02f) Importer(2089858483,b0f066a214c2f5e87bad3c948f4d605d)
Start importing Assets/Projects/GravityDash/kenney_ui-pack/PNG/Grey/Double/button_round_gloss.png using Guid(9d53402eceabb459c970dafff6d8f02f) Importer(2089858483,b0f066a214c2f5e87bad3c948f4d605d) (ScriptedImporter) -> (artifact id: 'e97b5042be8ed1e4d364c5d3dda002e5') in 0.0226902 seconds
Number of updated asset objects reloaded before import = 0Number of asset objects unloaded after import = 3

========================================================================
Received Import Request.
  Time since last request: 0.000019 seconds.
  path: Assets/Projects/GravityDash/kenney_ui-pack/PNG/Red/Default/icon_outline_cross.png
  artifactKey: Guid(6415e60b7c6694b708f94676d7037675) Importer(2089858483,b0f066a214c2f5e87bad3c948f4d605d)
Start importing Assets/Projects/GravityDash/kenney_ui-pack/PNG/Red/Default/icon_outline_cross.png using Guid(6415e60b7c6694b708f94676d7037675) Importer(2089858483,b0f066a214c2f5e87bad3c948f4d605d) (ScriptedImporter) -> (artifact id: '00862ee0d5b138d383c8ed7053aff65b') in 0.0202114 seconds
Number of updated asset objects reloaded before import = 0Number of asset objects unloaded after import = 3

========================================================================
Received Import Request.
  Time since last request: 0.000030 seconds.
  path: Assets/Projects/GravityDash/kenney_ui-pack/PNG/Yellow/Double/button_round_line.png
  artifactKey: Guid(3cda5ab43d1d844ceb79972e62c5a780) Importer(2089858483,b0f066a214c2f5e87bad3c948f4d605d)
Start importing Assets/Projects/GravityDash/kenney_ui-pack/PNG/Yellow/Double/button_round_line.png using Guid(3cda5ab43d1d844ceb79972e62c5a780) Importer(2089858483,b0f066a214c2f5e87bad3c948f4d605d) (ScriptedImporter) -> (artifact id: '6d1835640ac094e153b0247152a7f6ee') in 0.0169043 seconds
Number of updated asset objects reloaded before import = 0Number of asset objects unloaded after import = 3

========================================================================
Received Import Request.
  Time since last request: 0.000018 seconds.
  path: Assets/Projects/GravityDash/kenney_ui-pack/PNG/Yellow/Double/slide_horizontal_grey_section.png
  artifactKey: Guid(f077299bf2c8342e890c1d5f5d07131c) Importer(2089858483,b0f066a214c2f5e87bad3c948f4d605d)
Start importing Assets/Projects/GravityDash/kenney_ui-pack/PNG/Yellow/Double/slide_horizontal_grey_section.png using Guid(f077299bf2c8342e890c1d5f5d07131c) Importer(2089858483,b0f066a214c2f5e87bad3c948f4d605d) (ScriptedImporter) -> (artifact id: '710ed88380786d7081d25f9a354978ff') in 0.0169517 seconds
Number of updated asset objects reloaded before import = 0Number of asset objects unloaded after import = 3

========================================================================
Received Import Request.
  Time since last request: 0.000047 seconds.
  path: Assets/Projects/GravityDash/kenney_ui-pack/PNG/Yellow/Double/icon_square.png
  artifactKey: Guid(4fd806636983b4365881af05e108c565) Importer(2089858483,b0f066a214c2f5e87bad3c948f4d605d)
Start importing Assets/Projects/GravityDash/kenney_ui-pack/PNG/Yellow/Double/icon_square.png using Guid(4fd806636983b4365881af05e108c565) Importer(2089858483,b0f066a214c2f5e87bad3c948f4d605d) (ScriptedImporter) -> (artifact id: 'b07d0bba4c5bcd209b6d444c1dbb1608') in 0.0162724 seconds
Number of updated asset objects reloaded before import = 0Number of asset objects unloaded after import = 3

========================================================================
Received Import Request.
  Time since last request: 0.000017 seconds.
  path: Assets/Projects/MegaSuperChallengeShot/Graphics/Cute_Birds(4 in 1)Mini/B4/Sprites/B4_s5.png
  artifactKey: Guid(0e1da8e97b311114e8248106c08994e7) Importer(2089858483,b0f066a214c2f5e87bad3c948f4d605d)
Start importing Assets/Projects/MegaSuperChallengeShot/Graphics/Cute_Birds(4 in 1)Mini/B4/Sprites/B4_s5.png using Guid(0e1da8e97b311114e8248106c08994e7) Importer(2089858483,b0f066a214c2f5e87bad3c948f4d605d) (ScriptedImporter) -> (artifact id: '04f769d8769f1562c87d28d31b6a4fc7') in 0.0227146 seconds
Number of updated asset objects reloaded before import = 0Number of asset objects unloaded after import = 18

========================================================================
Received Import Request.
  Time since last request: 0.000022 seconds.
  path: Assets/Projects/MegaSuperChallengeShot/Graphics/Cute_Birds(4 in 1)Mini/B4/Scenes/Bird4_Demo.unity
  artifactKey: Guid(cb1ba4919e592ae46bdc769dd19dfa4c) Importer(2089858483,b0f066a214c2f5e87bad3c948f4d605d)
Start importing Assets/Projects/MegaSuperChallengeShot/Graphics/Cute_Birds(4 in 1)Mini/B4/Scenes/Bird4_Demo.unity using Guid(cb1ba4919e592ae46bdc769dd19dfa4c) Importer(2089858483,b0f066a214c2f5e87bad3c948f4d605d) (ScriptedImporter) -> (artifact id: 'd6e52612e3e35c53c84454058d4f39be') in 0.012959 seconds
Number of updated asset objects reloaded before import = 0Number of asset objects unloaded after import = 1

========================================================================
Received Import Request.
  Time since last request: 0.000058 seconds.
  path: Assets/Projects/GravityDash/kenney_ui-pack/PNG/Yellow/Double/button_round_depth_line.png
  artifactKey: Guid(171c1f001bb5d4da7a794b709746a60d) Importer(2089858483,b0f066a214c2f5e87bad3c948f4d605d)
Start importing Assets/Projects/GravityDash/kenney_ui-pack/PNG/Yellow/Double/button_round_depth_line.png using Guid(171c1f001bb5d4da7a794b709746a60d) Importer(2089858483,b0f066a214c2f5e87bad3c948f4d605d) (ScriptedImporter) -> (artifact id: '524804202da7633bd1dbe9ece6b905a2') in 0.0235932 seconds
Number of updated asset objects reloaded before import = 0Number of asset objects unloaded after import = 3

========================================================================
Received Import Request.
  Time since last request: 0.000026 seconds.
  path: Assets/Projects/GravityDash/kenney_ui-pack/PNG/Yellow/Double/slide_horizontal_color_section_wide.png
  artifactKey: Guid(c9c6ce2dae21e4904a6517edecb2a54e) Importer(2089858483,b0f066a214c2f5e87bad3c948f4d605d)
Start importing Assets/Projects/GravityDash/kenney_ui-pack/PNG/Yellow/Double/slide_horizontal_color_section_wide.png using Guid(c9c6ce2dae21e4904a6517edecb2a54e) Importer(2089858483,b0f066a214c2f5e87bad3c948f4d605d) (ScriptedImporter) -> (artifact id: 'e60def0f067849840750b7a1bfbc342d') in 0.0185234 seconds
Number of updated asset objects reloaded before import = 0Number of asset objects unloaded after import = 3

========================================================================
Received Import Request.
  Time since last request: 0.000025 seconds.
  path: Assets/Projects/GravityDash/kenney_ui-pack/PNG/Yellow/Double/check_round_round_circle.png
  artifactKey: Guid(242ff3139b487499c84739d56d12d5fd) Importer(2089858483,b0f066a214c2f5e87bad3c948f4d605d)
Start importing Assets/Projects/GravityDash/kenney_ui-pack/PNG/Yellow/Double/check_round_round_circle.png using Guid(242ff3139b487499c84739d56d12d5fd) Importer(2089858483,b0f066a214c2f5e87bad3c948f4d605d) (ScriptedImporter) -> (artifact id: 'ae8fc4f5dcd8c80b50795520fd23c618') in 0.0193254 seconds
Number of updated asset objects reloaded before import = 0Number of asset objects unloaded after import = 3

========================================================================
Received Import Request.
  Time since last request: 0.000018 seconds.
  path: Assets/Projects/MegaSuperChallengeShot/Graphics/Cute_Birds(4 in 1)Mini/B3_Egret/Scenes/Bird3_Demo.unity
  artifactKey: Guid(140f158810e49794687c91a06d9d4f72) Importer(2089858483,b0f066a214c2f5e87bad3c948f4d605d)
Start importing Assets/Projects/MegaSuperChallengeShot/Graphics/Cute_Birds(4 in 1)Mini/B3_Egret/Scenes/Bird3_Demo.unity using Guid(140f158810e49794687c91a06d9d4f72) Importer(2089858483,b0f066a214c2f5e87bad3c948f4d605d) (ScriptedImporter) -> (artifact id: '31ae4877ec7ab0f62a79e22bf0993187') in 0.0179723 seconds
Number of updated asset objects reloaded before import = 0Number of asset objects unloaded after import = 1

========================================================================
Received Import Request.
  Time since last request: 0.000028 seconds.
  path: Assets/Projects/GravityDash/kenney_ui-pack/PNG/Yellow/Double/button_square_depth_border.png
  artifactKey: Guid(8c8a9c091535a44fab94a26db425bb29) Importer(2089858483,b0f066a214c2f5e87bad3c948f4d605d)
Start importing Assets/Projects/GravityDash/kenney_ui-pack/PNG/Yellow/Double/button_square_depth_border.png using Guid(8c8a9c091535a44fab94a26db425bb29) Importer(2089858483,b0f066a214c2f5e87bad3c948f4d605d) (ScriptedImporter) -> (artifact id: 'd448119f9662d0fa9a086f6109fda8a5') in 0.0164938 seconds
Number of updated asset objects reloaded before import = 0Number of asset objects unloaded after import = 3

========================================================================
Received Import Request.
  Time since last request: 0.000029 seconds.
  path: Assets/Projects/MegaSuperChallengeShot/Graphics/Cute_Birds(4 in 1)Mini/B2_Duck/Prefabs/Bird2 Duck_1_0.prefab
  artifactKey: Guid(678bce44cee9ad341858d99e1cbbb3cb) Importer(2089858483,b0f066a214c2f5e87bad3c948f4d605d)
Start importing Assets/Projects/MegaSuperChallengeShot/Graphics/Cute_Birds(4 in 1)Mini/B2_Duck/Prefabs/Bird2 Duck_1_0.prefab using Guid(678bce44cee9ad341858d99e1cbbb3cb) Importer(2089858483,b0f066a214c2f5e87bad3c948f4d605d) (ScriptedImporter) -> (artifact id: '9a2d00fa641c805e77c8bfa0f9248c64') in 0.0266904 seconds
Number of updated asset objects reloaded before import = 0Number of asset objects unloaded after import = 14

========================================================================
Received Import Request.
  Time since last request: 0.000030 seconds.
  path: Assets/Projects/MegaSuperChallengeShot/Graphics/Cute_Birds(4 in 1)Mini/B1/Scenes/Bird1_Demo.unity
  artifactKey: Guid(2f505adab8c71c845a6df446cff8b2f4) Importer(2089858483,b0f066a214c2f5e87bad3c948f4d605d)
Start importing Assets/Projects/MegaSuperChallengeShot/Graphics/Cute_Birds(4 in 1)Mini/B1/Scenes/Bird1_Demo.unity using Guid(2f505adab8c71c845a6df446cff8b2f4) Importer(2089858483,b0f066a214c2f5e87bad3c948f4d605d) (ScriptedImporter) -> (artifact id: 'c122ae351eca7edf3c8ab8f763a81d1d') in 0.0131812 seconds
Number of updated asset objects reloaded before import = 0Number of asset objects unloaded after import = 1

========================================================================
Received Import Request.
  Time since last request: 0.000030 seconds.
  path: Assets/Projects/MegaSuperChallengeShot/Graphics/Cute_Birds(4 in 1)Mini/B2_Duck/Animations/Bird2_2.anim
  artifactKey: Guid(6fddab8a85e6462408d01cf458eeab18) Importer(2089858483,b0f066a214c2f5e87bad3c948f4d605d)
Start importing Assets/Projects/MegaSuperChallengeShot/Graphics/Cute_Birds(4 in 1)Mini/B2_Duck/Animations/Bird2_2.anim using Guid(6fddab8a85e6462408d01cf458eeab18) Importer(2089858483,b0f066a214c2f5e87bad3c948f4d605d) (ScriptedImporter) -> (artifact id: '009871971674a77498d51f6efbb7553f') in 0.0136706 seconds
Number of updated asset objects reloaded before import = 0Number of asset objects unloaded after import = 1

========================================================================
Received Import Request.
  Time since last request: 0.000032 seconds.
  path: Assets/Projects/MegaSuperChallengeShot/Graphics/Cute_Birds(4 in 1)Mini/B3_Egret/Sprites/Bird3_Egret4.png
  artifactKey: Guid(9739a8864ff08974997c33ae25109610) Importer(2089858483,b0f066a214c2f5e87bad3c948f4d605d)
Start importing Assets/Projects/MegaSuperChallengeShot/Graphics/Cute_Birds(4 in 1)Mini/B3_Egret/Sprites/Bird3_Egret4.png using Guid(9739a8864ff08974997c33ae25109610) Importer(2089858483,b0f066a214c2f5e87bad3c948f4d605d) (ScriptedImporter) -> (artifact id: '98537c50c19a4a0bedbbf7f0b297073c') in 0.0495677 seconds
Number of updated asset objects reloaded before import = 0Number of asset objects unloaded after import = 18

========================================================================
Received Import Request.
  Time since last request: 0.000033 seconds.
  path: Assets/Projects/MegaSuperChallengeShot/Graphics/Cute_Birds(4 in 1)Mini/B2_Duck/Animations/Bird2_3.anim
  artifactKey: Guid(5a5ab4f12675fa44aa993305f957d0c6) Importer(2089858483,b0f066a214c2f5e87bad3c948f4d605d)
Start importing Assets/Projects/MegaSuperChallengeShot/Graphics/Cute_Birds(4 in 1)Mini/B2_Duck/Animations/Bird2_3.anim using Guid(5a5ab4f12675fa44aa993305f957d0c6) Importer(2089858483,b0f066a214c2f5e87bad3c948f4d605d) (ScriptedImporter) -> (artifact id: '8048e44b40206725f4607324d802aa84') in 0.0097183 seconds
Number of updated asset objects reloaded before import = 0Number of asset objects unloaded after import = 1

========================================================================
Received Import Request.
  Time since last request: 0.000026 seconds.
  path: Assets/Projects/MegaSuperChallengeShot/Graphics/Cute_Birds(4 in 1)Mini/B4/Sprites/B4_s3.png
  artifactKey: Guid(26f4a7ed18b86714b9f6494601661fc3) Importer(2089858483,b0f066a214c2f5e87bad3c948f4d605d)
Start importing Assets/Projects/MegaSuperChallengeShot/Graphics/Cute_Birds(4 in 1)Mini/B4/Sprites/B4_s3.png using Guid(26f4a7ed18b86714b9f6494601661fc3) Importer(2089858483,b0f066a214c2f5e87bad3c948f4d605d) (ScriptedImporter) -> (artifact id: '62f65959a36442bd60cd631f304bb456') in 0.038104 seconds
Number of updated asset objects reloaded before import = 0Number of asset objects unloaded after import = 18

========================================================================
Received Import Request.
  Time since last request: 0.000030 seconds.
  path: Assets/Projects/GravityDash/kenney_ui-pack/PNG/Yellow/Double/button_round_depth_gradient.png
  artifactKey: Guid(57e835c14b7a74bf6b0fcd79dca2afed) Importer(2089858483,b0f066a214c2f5e87bad3c948f4d605d)
Start importing Assets/Projects/GravityDash/kenney_ui-pack/PNG/Yellow/Double/button_round_depth_gradient.png using Guid(57e835c14b7a74bf6b0fcd79dca2afed) Importer(2089858483,b0f066a214c2f5e87bad3c948f4d605d) (ScriptedImporter) -> (artifact id: 'b1645a329e460c911f5fabb31ea955c1') in 0.0161341 seconds
Number of updated asset objects reloaded before import = 0Number of asset objects unloaded after import = 3

========================================================================
Received Import Request.
  Time since last request: 0.000018 seconds.
  path: Assets/Projects/GravityDash/kenney_ui-pack/PNG/Green/Default/arrow_decorative_w_small.png
  artifactKey: Guid(a1c9ce308c79a471da3944920d08a5df) Importer(2089858483,b0f066a214c2f5e87bad3c948f4d605d)
Start importing Assets/Projects/GravityDash/kenney_ui-pack/PNG/Green/Default/arrow_decorative_w_small.png using Guid(a1c9ce308c79a471da3944920d08a5df) Importer(2089858483,b0f066a214c2f5e87bad3c948f4d605d) (ScriptedImporter) -> (artifact id: 'f2012dfce0ba7dd7510306363a838129') in 0.0228941 seconds
Number of updated asset objects reloaded before import = 0Number of asset objects unloaded after import = 3

========================================================================
Received Import Request.
  Time since last request: 0.000023 seconds.
  path: Assets/Projects/GravityDash/kenney_ui-pack/PNG/Grey/Double/button_round_gradient.png
  artifactKey: Guid(bd2a670bcf06947c0b7e054a18deefd3) Importer(2089858483,b0f066a214c2f5e87bad3c948f4d605d)
Start importing Assets/Projects/GravityDash/kenney_ui-pack/PNG/Grey/Double/button_round_gradient.png using Guid(bd2a670bcf06947c0b7e054a18deefd3) Importer(2089858483,b0f066a214c2f5e87bad3c948f4d605d) (ScriptedImporter) -> (artifact id: 'ffb228aaf1918e818eb95d00726fee3e') in 0.0183629 seconds
Number of updated asset objects reloaded before import = 0Number of asset objects unloaded after import = 3

========================================================================
Received Import Request.
  Time since last request: 0.000025 seconds.
  path: Assets/Projects/GravityDash/kenney_ui-pack/PNG/Green/Double/button_round_depth_border.png
  artifactKey: Guid(46b29cf28546c450eac5302a5a3b55aa) Importer(2089858483,b0f066a214c2f5e87bad3c948f4d605d)
Start importing Assets/Projects/GravityDash/kenney_ui-pack/PNG/Green/Double/button_round_depth_border.png using Guid(46b29cf28546c450eac5302a5a3b55aa) Importer(2089858483,b0f066a214c2f5e87bad3c948f4d605d) (ScriptedImporter) -> (artifact id: 'ac0b19284bc6c5f30c5bb23e23768c23') in 0.0209985 seconds
Number of updated asset objects reloaded before import = 0Number of asset objects unloaded after import = 3

========================================================================
Received Import Request.
  Time since last request: 0.000033 seconds.
  path: Assets/Projects/GravityDash/kenney_ui-pack/PNG/Red/Double/button_round_gloss.png
  artifactKey: Guid(cfe8c8c19fb0e464faf18a2f252f313f) Importer(2089858483,b0f066a214c2f5e87bad3c948f4d605d)
Start importing Assets/Projects/GravityDash/kenney_ui-pack/PNG/Red/Double/button_round_gloss.png using Guid(cfe8c8c19fb0e464faf18a2f252f313f) Importer(2089858483,b0f066a214c2f5e87bad3c948f4d605d) (ScriptedImporter) -> (artifact id: 'a2b85eb81b7b1a264a0782726e46f23c') in 0.0181615 seconds
Number of updated asset objects reloaded before import = 0Number of asset objects unloaded after import = 3

========================================================================
Received Import Request.
  Time since last request: 0.000023 seconds.
  path: Assets/Projects/GravityDash/kenney_ui-pack/PNG/Green/Double/check_square_color.png
  artifactKey: Guid(7549f4c0a69a74397bbe3aeab703a8f9) Importer(2089858483,b0f066a214c2f5e87bad3c948f4d605d)
Start importing Assets/Projects/GravityDash/kenney_ui-pack/PNG/Green/Double/check_square_color.png using Guid(7549f4c0a69a74397bbe3aeab703a8f9) Importer(2089858483,b0f066a214c2f5e87bad3c948f4d605d) (ScriptedImporter) -> (artifact id: 'c8697809f98b1e201692e53a0c3b83c2') in 0.0173192 seconds
Number of updated asset objects reloaded before import = 0Number of asset objects unloaded after import = 3

========================================================================
Received Import Request.
  Time since last request: 0.000041 seconds.
  path: Assets/Projects/GravityDash/kenney_ui-pack/PNG/Grey/Double/arrow_basic_n_small.png
  artifactKey: Guid(a5ca969a50b7c417d86c0fd52eef5b81) Importer(2089858483,b0f066a214c2f5e87bad3c948f4d605d)
Start importing Assets/Projects/GravityDash/kenney_ui-pack/PNG/Grey/Double/arrow_basic_n_small.png using Guid(a5ca969a50b7c417d86c0fd52eef5b81) Importer(2089858483,b0f066a214c2f5e87bad3c948f4d605d) (ScriptedImporter) -> (artifact id: '9b4f188c291b4c86ca8843af6ee5813f') in 0.0184853 seconds
Number of updated asset objects reloaded before import = 0Number of asset objects unloaded after import = 3

========================================================================
Received Import Request.
  Time since last request: 0.000041 seconds.
  path: Assets/Projects/GravityDash/kenney_ui-pack/PNG/Green/Double/arrow_decorative_w.png
  artifactKey: Guid(d19f2f8fc53674f87a081eb1bf9a413e) Importer(2089858483,b0f066a214c2f5e87bad3c948f4d605d)
Start importing Assets/Projects/GravityDash/kenney_ui-pack/PNG/Green/Double/arrow_decorative_w.png using Guid(d19f2f8fc53674f87a081eb1bf9a413e) Importer(2089858483,b0f066a214c2f5e87bad3c948f4d605d) (ScriptedImporter) -> (artifact id: 'e0745f5facf9e8e6c0fcdc03841600b9') in 0.0150048 seconds
Number of updated asset objects reloaded before import = 0Number of asset objects unloaded after import = 3

========================================================================
Received Import Request.
  Time since last request: 0.000020 seconds.
  path: Assets/Projects/GravityDash/kenney_ui-pack/PNG/Green/Default/icon_outline_square.png
  artifactKey: Guid(fdd2522bc51b041309e52a8c89508758) Importer(2089858483,b0f066a214c2f5e87bad3c948f4d605d)
Start importing Assets/Projects/GravityDash/kenney_ui-pack/PNG/Green/Default/icon_outline_square.png using Guid(fdd2522bc51b041309e52a8c89508758) Importer(2089858483,b0f066a214c2f5e87bad3c948f4d605d) (ScriptedImporter) -> (artifact id: 'aaa9f78a87c67e34872a774c92cea962') in 0.0166211 seconds
Number of updated asset objects reloaded before import = 0Number of asset objects unloaded after import = 3

========================================================================
Received Import Request.
  Time since last request: 0.000027 seconds.
  path: Assets/Sprites/Cainos/Third Party/Lucid Editor/Runtime/Attributes/TabGroupAttribute.cs
  artifactKey: Guid(bd24e90d1e8cd4890817d3b694309716) Importer(2089858483,b0f066a214c2f5e87bad3c948f4d605d)
Start importing Assets/Sprites/Cainos/Third Party/Lucid Editor/Runtime/Attributes/TabGroupAttribute.cs using Guid(bd24e90d1e8cd4890817d3b694309716) Importer(2089858483,b0f066a214c2f5e87bad3c948f4d605d) (ScriptedImporter) -> (artifact id: 'aa2c47afc59bc4d826c4abbf41ac743e') in 0.01267 seconds
Number of updated asset objects reloaded before import = 0Number of asset objects unloaded after import = 0

========================================================================
Received Import Request.
  Time since last request: 0.000068 seconds.
  path: Assets/Sprites/Cainos/Third Party/Lucid Editor/Runtime/Attributes/DisableIfAttribute.cs
  artifactKey: Guid(d8a22becf99e144d68d0660df7d5b557) Importer(2089858483,b0f066a214c2f5e87bad3c948f4d605d)
Start importing Assets/Sprites/Cainos/Third Party/Lucid Editor/Runtime/Attributes/DisableIfAttribute.cs using Guid(d8a22becf99e144d68d0660df7d5b557) Importer(2089858483,b0f066a214c2f5e87bad3c948f4d605d) (ScriptedImporter) -> (artifact id: 'fd7c7915693e3011baecd578da3d9647') in 0.0115424 seconds
Number of updated asset objects reloaded before import = 0Number of asset objects unloaded after import = 0

========================================================================
Received Import Request.
  Time since last request: 0.000042 seconds.
  path: Assets/Projects/MegaSuperChallengeShot/Graphics/Farland Skies/Low Poly/Demo/URP/DayNightCycleDemo.unity
  artifactKey: Guid(108e5e70e70e459593dd4974760c4093) Importer(2089858483,b0f066a214c2f5e87bad3c948f4d605d)
Start importing Assets/Projects/MegaSuperChallengeShot/Graphics/Farland Skies/Low Poly/Demo/URP/DayNightCycleDemo.unity using Guid(108e5e70e70e459593dd4974760c4093) Importer(2089858483,b0f066a214c2f5e87bad3c948f4d605d) (ScriptedImporter) -> (artifact id: '9b104a73a4c5c019acddcd0611650681') in 0.0127407 seconds
Number of updated asset objects reloaded before import = 0Number of asset objects unloaded after import = 1

========================================================================
Received Import Request.
  Time since last request: 0.000026 seconds.
  path: Assets/Projects/MegaSuperChallengeShot/Graphics/Farland Skies/!Core/Scripts/Demo/ObjectRotator.cs
  artifactKey: Guid(157bf597ee2e4f648aab266e25dbc387) Importer(2089858483,b0f066a214c2f5e87bad3c948f4d605d)
Start importing Assets/Projects/MegaSuperChallengeShot/Graphics/Farland Skies/!Core/Scripts/Demo/ObjectRotator.cs using Guid(157bf597ee2e4f648aab266e25dbc387) Importer(2089858483,b0f066a214c2f5e87bad3c948f4d605d) (ScriptedImporter) -> (artifact id: '4a9d453c78dde1df3c891bfa51374d13') in 0.0090437 seconds
Number of updated asset objects reloaded before import = 0Number of asset objects unloaded after import = 0

========================================================================
Received Import Request.
  Time since last request: 0.000085 seconds.
  path: Assets/Sprites/Cainos/Third Party/Lucid Editor/Runtime/Attributes/EnableIfAttribute.cs
  artifactKey: Guid(f7af4c5a709594cd3be2c25e1c6d45f8) Importer(2089858483,b0f066a214c2f5e87bad3c948f4d605d)
Start importing Assets/Sprites/Cainos/Third Party/Lucid Editor/Runtime/Attributes/EnableIfAttribute.cs using Guid(f7af4c5a709594cd3be2c25e1c6d45f8) Importer(2089858483,b0f066a214c2f5e87bad3c948f4d605d) (ScriptedImporter) -> (artifact id: 'cc38e5fedf9fea0e7d914bf6a20c7603') in 0.0095354 seconds
Number of updated asset objects reloaded before import = 0Number of asset objects unloaded after import = 0

========================================================================
Received Import Request.
  Time since last request: 0.000139 seconds.
  path: Assets/Sprites/Cainos/Third Party/Lucid Editor/Editor/Attributes/HideIfAttributeProcessor.cs
  artifactKey: Guid(869bf746267a8451984148ee2382bcee) Importer(2089858483,b0f066a214c2f5e87bad3c948f4d605d)
Start importing Assets/Sprites/Cainos/Third Party/Lucid Editor/Editor/Attributes/HideIfAttributeProcessor.cs using Guid(869bf746267a8451984148ee2382bcee) Importer(2089858483,b0f066a214c2f5e87bad3c948f4d605d) (ScriptedImporter) -> (artifact id: '80aeb6221b08af6ffd96eb2260ac1cf5') in 0.0130024 seconds
Number of updated asset objects reloaded before import = 0Number of asset objects unloaded after import = 0

========================================================================
Received Import Request.
  Time since last request: 0.000135 seconds.
  path: Assets/Projects/MegaSuperChallengeShot/Graphics/Farland Skies/Low Poly/Scripts/Controllers/SkyboxCycleManager.cs
  artifactKey: Guid(915ff6d12963e5a478979e419d3df2fd) Importer(2089858483,b0f066a214c2f5e87bad3c948f4d605d)
Start importing Assets/Projects/MegaSuperChallengeShot/Graphics/Farland Skies/Low Poly/Scripts/Controllers/SkyboxCycleManager.cs using Guid(915ff6d12963e5a478979e419d3df2fd) Importer(2089858483,b0f066a214c2f5e87bad3c948f4d605d) (ScriptedImporter) -> (artifact id: '645088e72d823ac4f7c46f6b05790d88') in 0.011041 seconds
Number of updated asset objects reloaded before import = 0Number of asset objects unloaded after import = 0

========================================================================
Received Import Request.
  Time since last request: 0.000019 seconds.
  path: Assets/Projects/MegaSuperChallengeShot/Graphics/Farland Skies/!Core/Icons/Personal/Cloud_16.png
  artifactKey: Guid(e90f5504ff917584c82bc1c09b03885a) Importer(2089858483,b0f066a214c2f5e87bad3c948f4d605d)
Start importing Assets/Projects/MegaSuperChallengeShot/Graphics/Farland Skies/!Core/Icons/Personal/Cloud_16.png using Guid(e90f5504ff917584c82bc1c09b03885a) Importer(2089858483,b0f066a214c2f5e87bad3c948f4d605d) (ScriptedImporter) -> (artifact id: '25acc33e86ab0953f4f55f9ee9dfa8d2') in 0.0170095 seconds
Number of updated asset objects reloaded before import = 0Number of asset objects unloaded after import = 1

========================================================================
Received Import Request.
  Time since last request: 0.000044 seconds.
  path: Assets/Projects/MegaSuperChallengeShot/Graphics/Farland Skies/Low Poly/Demo/URP/CustomizationDemo.unity
  artifactKey: Guid(c8bd0fce97c245cfa0e2f2ee6eae885c) Importer(2089858483,b0f066a214c2f5e87bad3c948f4d605d)
Start importing Assets/Projects/MegaSuperChallengeShot/Graphics/Farland Skies/Low Poly/Demo/URP/CustomizationDemo.unity using Guid(c8bd0fce97c245cfa0e2f2ee6eae885c) Importer(2089858483,b0f066a214c2f5e87bad3c948f4d605d) (ScriptedImporter) -> (artifact id: '216ecdf73bf3f037c875552f4c3defe5') in 0.0183118 seconds
Number of updated asset objects reloaded before import = 0Number of asset objects unloaded after import = 1

========================================================================
Received Import Request.
  Time since last request: 0.000030 seconds.
  path: Assets/Projects/MegaSuperChallengeShot/Graphics/Farland Skies/Low Poly/Shaders/Editor/LowPolyShaderGUI.cs
  artifactKey: Guid(b3cbbf2869b0d6a45b01e2377b8f80cf) Importer(2089858483,b0f066a214c2f5e87bad3c948f4d605d)
Start importing Assets/Projects/MegaSuperChallengeShot/Graphics/Farland Skies/Low Poly/Shaders/Editor/LowPolyShaderGUI.cs using Guid(b3cbbf2869b0d6a45b01e2377b8f80cf) Importer(2089858483,b0f066a214c2f5e87bad3c948f4d605d) (ScriptedImporter) -> (artifact id: '8860c80d8bc55cbe8a49a2270d4a7f38') in 0.0099118 seconds
Number of updated asset objects reloaded before import = 0Number of asset objects unloaded after import = 0

========================================================================
Received Import Request.
  Time since last request: 0.000049 seconds.
  path: Assets/Sprites/Cainos/Third Party/Lucid Editor/Editor/Attributes/TabGroupAttributeProcessor.cs
  artifactKey: Guid(d45600b0c539d4c6fa756bdd48e5d574) Importer(2089858483,b0f066a214c2f5e87bad3c948f4d605d)
Start importing Assets/Sprites/Cainos/Third Party/Lucid Editor/Editor/Attributes/TabGroupAttributeProcessor.cs using Guid(d45600b0c539d4c6fa756bdd48e5d574) Importer(2089858483,b0f066a214c2f5e87bad3c948f4d605d) (ScriptedImporter) -> (artifact id: 'fcd4bf418931c44af6a574a667c7be9a') in 0.0092563 seconds
Number of updated asset objects reloaded before import = 0Number of asset objects unloaded after import = 0

========================================================================
Received Import Request.
  Time since last request: 0.000116 seconds.
  path: Assets/Sprites/Cainos/Third Party/Lucid Editor/Editor/Attributes/LabelTextAttributeProcessor.cs
  artifactKey: Guid(e1de31754c47e417482f0a6c1785ff2a) Importer(2089858483,b0f066a214c2f5e87bad3c948f4d605d)
Start importing Assets/Sprites/Cainos/Third Party/Lucid Editor/Editor/Attributes/LabelTextAttributeProcessor.cs using Guid(e1de31754c47e417482f0a6c1785ff2a) Importer(2089858483,b0f066a214c2f5e87bad3c948f4d605d) (ScriptedImporter) -> (artifact id: 'fbe2198bf70a999ba677cfdae65e080a') in 0.0097119 seconds
Number of updated asset objects reloaded before import = 0Number of asset objects unloaded after import = 0

========================================================================
Received Import Request.
  Time since last request: 0.000089 seconds.
  path: Assets/Projects/MegaSuperChallengeShot/Graphics/Farland Skies/!Core/Scripts/DotParams/DotParamsList.cs
  artifactKey: Guid(aedb07688d8be1b44b49bbfdcc6d08a1) Importer(2089858483,b0f066a214c2f5e87bad3c948f4d605d)
Start importing Assets/Projects/MegaSuperChallengeShot/Graphics/Farland Skies/!Core/Scripts/DotParams/DotParamsList.cs using Guid(aedb07688d8be1b44b49bbfdcc6d08a1) Importer(2089858483,b0f066a214c2f5e87bad3c948f4d605d) (ScriptedImporter) -> (artifact id: '4186b44da3b6f745b5abcebae83e3613') in 0.0116173 seconds
Number of updated asset objects reloaded before import = 0Number of asset objects unloaded after import = 0

========================================================================
Received Import Request.
  Time since last request: 0.000119 seconds.
  path: Assets/Sprites/Cainos/Third Party/Lucid Editor/Editor/Experimental/Toolbar.cs
  artifactKey: Guid(d113573c2d819423b815b8fbc1c07a21) Importer(2089858483,b0f066a214c2f5e87bad3c948f4d605d)
Start importing Assets/Sprites/Cainos/Third Party/Lucid Editor/Editor/Experimental/Toolbar.cs using Guid(d113573c2d819423b815b8fbc1c07a21) Importer(2089858483,b0f066a214c2f5e87bad3c948f4d605d) (ScriptedImporter) -> (artifact id: 'c9b8c7c6536e8824b7aa58551d9fc310') in 0.009738 seconds
Number of updated asset objects reloaded before import = 0Number of asset objects unloaded after import = 0

========================================================================
Received Import Request.
  Time since last request: 0.000118 seconds.
  path: Assets/Projects/MegaSuperChallengeShot/Graphics/Farland Skies/!Core/Icons/Personal/Sky_16.png
  artifactKey: Guid(77416ac809d143e44bccc4ae8008e592) Importer(2089858483,b0f066a214c2f5e87bad3c948f4d605d)
Start importing Assets/Projects/MegaSuperChallengeShot/Graphics/Farland Skies/!Core/Icons/Personal/Sky_16.png using Guid(77416ac809d143e44bccc4ae8008e592) Importer(2089858483,b0f066a214c2f5e87bad3c948f4d605d) (ScriptedImporter) -> (artifact id: 'ae998157944116264afe09e1e2eeaa3a') in 0.0159715 seconds
Number of updated asset objects reloaded before import = 0Number of asset objects unloaded after import = 1

========================================================================
Received Import Request.
  Time since last request: 0.000029 seconds.
  path: Assets/Sprites/Cainos/Third Party/Lucid Editor/Runtime/Attributes/LabelWidthAttribute.cs
  artifactKey: Guid(7430b1710086a44739b7aadb5ec311dd) Importer(2089858483,b0f066a214c2f5e87bad3c948f4d605d)
Start importing Assets/Sprites/Cainos/Third Party/Lucid Editor/Runtime/Attributes/LabelWidthAttribute.cs using Guid(7430b1710086a44739b7aadb5ec311dd) Importer(2089858483,b0f066a214c2f5e87bad3c948f4d605d) (ScriptedImporter) -> (artifact id: 'd6b777f1eace386fc6cd328555df08dc') in 0.012398 seconds
Number of updated asset objects reloaded before import = 0Number of asset objects unloaded after import = 0

========================================================================
Received Import Request.
  Time since last request: 0.000031 seconds.
  path: Assets/Projects/MegaSuperChallengeShot/Graphics/Farland Skies/Low Poly/Textures/Clouds/Clouds_LP_03.png
  artifactKey: Guid(bf6e148d44189344992ac3145bde0764) Importer(2089858483,b0f066a214c2f5e87bad3c948f4d605d)
Start importing Assets/Projects/MegaSuperChallengeShot/Graphics/Farland Skies/Low Poly/Textures/Clouds/Clouds_LP_03.png using Guid(bf6e148d44189344992ac3145bde0764) Importer(2089858483,b0f066a214c2f5e87bad3c948f4d605d) (ScriptedImporter) -> (artifact id: '4efc84be0b56fda5f66958c672aca0ab') in 0.0278581 seconds
Number of updated asset objects reloaded before import = 0Number of asset objects unloaded after import = 1

========================================================================
Received Import Request.
  Time since last request: 0.000018 seconds.
  path: Assets/Sprites/Cainos/Third Party/Lucid Editor/Editor/Attributes/IndentAttributeProcessor.cs
  artifactKey: Guid(c5248ff57c43c4e6fa6108ce82ad2181) Importer(2089858483,b0f066a214c2f5e87bad3c948f4d605d)
Start importing Assets/Sprites/Cainos/Third Party/Lucid Editor/Editor/Attributes/IndentAttributeProcessor.cs using Guid(c5248ff57c43c4e6fa6108ce82ad2181) Importer(2089858483,b0f066a214c2f5e87bad3c948f4d605d) (ScriptedImporter) -> (artifact id: '8bd7c5cf8a903ec5c315b992c4bbc2f7') in 0.0121022 seconds
Number of updated asset objects reloaded before import = 0Number of asset objects unloaded after import = 0

========================================================================
Received Import Request.
  Time since last request: 0.000069 seconds.
  path: Assets/Projects/GravityDash/kenney_ui-pack/PNG/Green/Default/button_rectangle_depth_gloss.png
  artifactKey: Guid(1f03fadc60e97429e83ece1370dd89a5) Importer(2089858483,b0f066a214c2f5e87bad3c948f4d605d)
Start importing Assets/Projects/GravityDash/kenney_ui-pack/PNG/Green/Default/button_rectangle_depth_gloss.png using Guid(1f03fadc60e97429e83ece1370dd89a5) Importer(2089858483,b0f066a214c2f5e87bad3c948f4d605d) (ScriptedImporter) -> (artifact id: '5d47ab192058df90a078616831208bd7') in 0.0240475 seconds
Number of updated asset objects reloaded before import = 0Number of asset objects unloaded after import = 3

========================================================================
Received Import Request.
  Time since last request: 0.000023 seconds.
  path: Assets/Projects/GravityDash/kenney_ui-pack/PNG/Green/Default/slide_vertical_color.png
  artifactKey: Guid(8434a3570451f48659a6d3dc9ed9348f) Importer(2089858483,b0f066a214c2f5e87bad3c948f4d605d)
Start importing Assets/Projects/GravityDash/kenney_ui-pack/PNG/Green/Default/slide_vertical_color.png using Guid(8434a3570451f48659a6d3dc9ed9348f) Importer(2089858483,b0f066a214c2f5e87bad3c948f4d605d) (ScriptedImporter) -> (artifact id: 'aa9271f8d96a807193077ccfd6a8b3e0') in 0.0192108 seconds
Number of updated asset objects reloaded before import = 0Number of asset objects unloaded after import = 3

========================================================================
Received Import Request.
  Time since last request: 0.000040 seconds.
  path: Assets/Projects/GravityDash/kenney_ui-pack/PNG/Red/Default/button_round_depth_gloss.png
  artifactKey: Guid(b9cfe2477a8dc4d3e8828835d5730b56) Importer(2089858483,b0f066a214c2f5e87bad3c948f4d605d)
Start importing Assets/Projects/GravityDash/kenney_ui-pack/PNG/Red/Default/button_round_depth_gloss.png using Guid(b9cfe2477a8dc4d3e8828835d5730b56) Importer(2089858483,b0f066a214c2f5e87bad3c948f4d605d) (ScriptedImporter) -> (artifact id: '99ed67a6ab84c11745abf20495f79839') in 0.0141799 seconds
Number of updated asset objects reloaded before import = 0Number of asset objects unloaded after import = 3

========================================================================
Received Import Request.
  Time since last request: 0.000025 seconds.
  path: Assets/Projects/MegaSuperChallengeShot/Graphics/Farland Skies/Low Poly/Data/SkyboxControllerPresets.asset
  artifactKey: Guid(77ddc2cbdf9c7b449adc9c44296dff89) Importer(2089858483,b0f066a214c2f5e87bad3c948f4d605d)
Start importing Assets/Projects/MegaSuperChallengeShot/Graphics/Farland Skies/Low Poly/Data/SkyboxControllerPresets.asset using Guid(77ddc2cbdf9c7b449adc9c44296dff89) Importer(2089858483,b0f066a214c2f5e87bad3c948f4d605d) (ScriptedImporter) -> (artifact id: '19ce600004aacdb7dfe23e590d19b34b') in 0.0139279 seconds
Number of updated asset objects reloaded before import = 0Number of asset objects unloaded after import = 1

========================================================================
Received Import Request.
  Time since last request: 0.000098 seconds.
  path: Assets/Projects/GravityDash/kenney_ui-pack/PNG/Yellow/Default/button_round_depth_border.png
  artifactKey: Guid(f1c350e8235954c62b548d22ffa58739) Importer(2089858483,b0f066a214c2f5e87bad3c948f4d605d)
Start importing Assets/Projects/GravityDash/kenney_ui-pack/PNG/Yellow/Default/button_round_depth_border.png using Guid(f1c350e8235954c62b548d22ffa58739) Importer(2089858483,b0f066a214c2f5e87bad3c948f4d605d) (ScriptedImporter) -> (artifact id: '7d39dde8b7ee6889d44f7c737b537d49') in 0.0168753 seconds
Number of updated asset objects reloaded before import = 0Number of asset objects unloaded after import = 3

========================================================================
Received Import Request.
  Time since last request: 0.000027 seconds.
  path: Assets/Projects/GravityDash/kenney_ui-pack/PNG/Yellow/Default/button_round_flat.png
  artifactKey: Guid(cd32eef96f4804f1daa3435dad22ccc1) Importer(2089858483,b0f066a214c2f5e87bad3c948f4d605d)
Start importing Assets/Projects/GravityDash/kenney_ui-pack/PNG/Yellow/Default/button_round_flat.png using Guid(cd32eef96f4804f1daa3435dad22ccc1) Importer(2089858483,b0f066a214c2f5e87bad3c948f4d605d) (ScriptedImporter) -> (artifact id: '1c4a9fe32e82574bb9b4ada1be20e110') in 0.0191953 seconds
Number of updated asset objects reloaded before import = 0Number of asset objects unloaded after import = 3

========================================================================
Received Import Request.
  Time since last request: 0.000018 seconds.
  path: Assets/Projects/GravityDash/kenney_ui-pack/PNG/Grey/Double/check_square_grey_square.png
  artifactKey: Guid(701d87e52076c4cad9d62109d9b7f912) Importer(2089858483,b0f066a214c2f5e87bad3c948f4d605d)
Start importing Assets/Projects/GravityDash/kenney_ui-pack/PNG/Grey/Double/check_square_grey_square.png using Guid(701d87e52076c4cad9d62109d9b7f912) Importer(2089858483,b0f066a214c2f5e87bad3c948f4d605d) (ScriptedImporter) -> (artifact id: '203005b00669680baa4d815beec59ea8') in 0.0175954 seconds
Number of updated asset objects reloaded before import = 0Number of asset objects unloaded after import = 3

========================================================================
Received Import Request.
  Time since last request: 0.000031 seconds.
  path: Assets/Projects/MegaSuperChallengeShot/Graphics/Cute_Birds(4 in 1)Mini/B3_Egret/Animations/Bird3_Egret3_0.controller
  artifactKey: Guid(7baa0d89c9acd4347a7baf42fcb412ef) Importer(2089858483,b0f066a214c2f5e87bad3c948f4d605d)
Start importing Assets/Projects/MegaSuperChallengeShot/Graphics/Cute_Birds(4 in 1)Mini/B3_Egret/Animations/Bird3_Egret3_0.controller using Guid(7baa0d89c9acd4347a7baf42fcb412ef) Importer(2089858483,b0f066a214c2f5e87bad3c948f4d605d) (ScriptedImporter) -> (artifact id: '1240154e748e5c6b3e98bdfb5e54c72f') in 0.0160275 seconds
Number of updated asset objects reloaded before import = 0Number of asset objects unloaded after import = 4

========================================================================
Received Import Request.
  Time since last request: 0.000033 seconds.
  path: Assets/Projects/MegaSuperChallengeShot/Graphics/Farland Skies/Low Poly/Demo/URP/Materials/Plateau/StoneMat.mat
  artifactKey: Guid(5c7d626a6a4e4f52b443fbd94f07428b) Importer(2089858483,b0f066a214c2f5e87bad3c948f4d605d)
Start importing Assets/Projects/MegaSuperChallengeShot/Graphics/Farland Skies/Low Poly/Demo/URP/Materials/Plateau/StoneMat.mat using Guid(5c7d626a6a4e4f52b443fbd94f07428b) Importer(2089858483,b0f066a214c2f5e87bad3c948f4d605d) (ScriptedImporter) -> (artifact id: 'eecd0a1f37b42afd7819eac4cb762e15') in 0.0380679 seconds
Number of updated asset objects reloaded before import = 0Number of asset objects unloaded after import = 2

========================================================================
Received Import Request.
  Time since last request: 0.000056 seconds.
  path: Assets/Projects/MegaSuperChallengeShot/Graphics/Farland Skies/Low Poly/Demo/Standart/Scripts/UI/Buttons/ColorButton.cs
  artifactKey: Guid(4f3d6b86fea0d8d4aa006d6599909559) Importer(2089858483,b0f066a214c2f5e87bad3c948f4d605d)
Start importing Assets/Projects/MegaSuperChallengeShot/Graphics/Farland Skies/Low Poly/Demo/Standart/Scripts/UI/Buttons/ColorButton.cs using Guid(4f3d6b86fea0d8d4aa006d6599909559) Importer(2089858483,b0f066a214c2f5e87bad3c948f4d605d) (ScriptedImporter) -> (artifact id: 'e6942473393758e9e07268898a530b17') in 0.0122941 seconds
Number of updated asset objects reloaded before import = 0Number of asset objects unloaded after import = 0

========================================================================
Received Import Request.
  Time since last request: 0.000158 seconds.
  path: Assets/Projects/MegaSuperChallengeShot/Graphics/Farland Skies/Low Poly/Demo/Standart/Models/Boulders/Materials/BoulderMat.mat
  artifactKey: Guid(4117e9416b372d44db8aa6440126a0f4) Importer(2089858483,b0f066a214c2f5e87bad3c948f4d605d)
Start importing Assets/Projects/MegaSuperChallengeShot/Graphics/Farland Skies/Low Poly/Demo/Standart/Models/Boulders/Materials/BoulderMat.mat using Guid(4117e9416b372d44db8aa6440126a0f4) Importer(2089858483,b0f066a214c2f5e87bad3c948f4d605d) (ScriptedImporter) -> (artifact id: '38f47061ae3d4fee6c0cc2290cd2b22d') in 0.0161312 seconds
Number of updated asset objects reloaded before import = 0Number of asset objects unloaded after import = 1

========================================================================
Received Import Request.
  Time since last request: 0.000112 seconds.
  path: Assets/Projects/MegaSuperChallengeShot/Graphics/Farland Skies/!Core/Scripts/Demo/UI/PanelsDropdown.cs
  artifactKey: Guid(865f64c4e1487064384b933eee17dc1b) Importer(2089858483,b0f066a214c2f5e87bad3c948f4d605d)
Start importing Assets/Projects/MegaSuperChallengeShot/Graphics/Farland Skies/!Core/Scripts/Demo/UI/PanelsDropdown.cs using Guid(865f64c4e1487064384b933eee17dc1b) Importer(2089858483,b0f066a214c2f5e87bad3c948f4d605d) (ScriptedImporter) -> (artifact id: 'a75ee8b26ed487488fa0cec885f341d9') in 0.013643 seconds
Number of updated asset objects reloaded before import = 0Number of asset objects unloaded after import = 0

========================================================================
Received Import Request.
  Time since last request: 0.000123 seconds.
  path: Assets/Projects/MegaSuperChallengeShot/Graphics/OccaSoftware/Crosshairs/Art/Textures/Crosshair_17.png
  artifactKey: Guid(c186448c466fad9478c38ce9c2f7b71b) Importer(2089858483,b0f066a214c2f5e87bad3c948f4d605d)
Start importing Assets/Projects/MegaSuperChallengeShot/Graphics/OccaSoftware/Crosshairs/Art/Textures/Crosshair_17.png using Guid(c186448c466fad9478c38ce9c2f7b71b) Importer(2089858483,b0f066a214c2f5e87bad3c948f4d605d) (ScriptedImporter) -> (artifact id: '84650c335e293a92238f3808ea07a073') in 0.0197821 seconds
Number of updated asset objects reloaded before import = 0Number of asset objects unloaded after import = 3

========================================================================
Received Import Request.
  Time since last request: 0.000019 seconds.
  path: Assets/Projects/MegaSuperChallengeShot/Graphics/Farland Skies/Low Poly/Demo/Standart/Models/Trees/Materials/BranchesMat.mat
  artifactKey: Guid(6ebca2009b6c50c4986f9d3742b43237) Importer(2089858483,b0f066a214c2f5e87bad3c948f4d605d)
Start importing Assets/Projects/MegaSuperChallengeShot/Graphics/Farland Skies/Low Poly/Demo/Standart/Models/Trees/Materials/BranchesMat.mat using Guid(6ebca2009b6c50c4986f9d3742b43237) Importer(2089858483,b0f066a214c2f5e87bad3c948f4d605d) (ScriptedImporter) -> (artifact id: 'ef13eeaf4e066f439e590a990203dddb') in 0.0129612 seconds
Number of updated asset objects reloaded before import = 0Number of asset objects unloaded after import = 1

========================================================================
Received Import Request.
  Time since last request: 0.000059 seconds.
  path: Assets/Projects/MegaSuperChallengeShot/Graphics/Farland Skies/Low Poly/Demo/Standart/Models/Plateau/Materials/StoneMat.mat
  artifactKey: Guid(c2be959e1aebe0841b4c4b290d616d53) Importer(2089858483,b0f066a214c2f5e87bad3c948f4d605d)
Start importing Assets/Projects/MegaSuperChallengeShot/Graphics/Farland Skies/Low Poly/Demo/Standart/Models/Plateau/Materials/StoneMat.mat using Guid(c2be959e1aebe0841b4c4b290d616d53) Importer(2089858483,b0f066a214c2f5e87bad3c948f4d605d) (ScriptedImporter) -> (artifact id: '0547d8e8e0b9280fa58f3ca46299ada5') in 0.0141777 seconds
Number of updated asset objects reloaded before import = 0Number of asset objects unloaded after import = 1

========================================================================
Received Import Request.
  Time since last request: 0.000053 seconds.
  path: Assets/Projects/MegaSuperChallengeShot/Graphics/OccaSoftware/Crosshairs/Art/Textures/Crosshair_02.png
  artifactKey: Guid(9ee137293631b9e46b1a401b72b130a4) Importer(2089858483,b0f066a214c2f5e87bad3c948f4d605d)
Start importing Assets/Projects/MegaSuperChallengeShot/Graphics/OccaSoftware/Crosshairs/Art/Textures/Crosshair_02.png using Guid(9ee137293631b9e46b1a401b72b130a4) Importer(2089858483,b0f066a214c2f5e87bad3c948f4d605d) (ScriptedImporter) -> (artifact id: '43bd3e2438d3631cfee4d217452f1fce') in 0.0197384 seconds
Number of updated asset objects reloaded before import = 0Number of asset objects unloaded after import = 3

========================================================================
Received Import Request.
  Time since last request: 0.000027 seconds.
  path: Assets/Projects/MegaSuperChallengeShot/Graphics/OccaSoftware/Crosshairs/Art/Textures/Crosshair_20.png
  artifactKey: Guid(de29d3e0a2748cb4782a8255c391ff02) Importer(2089858483,b0f066a214c2f5e87bad3c948f4d605d)
Start importing Assets/Projects/MegaSuperChallengeShot/Graphics/OccaSoftware/Crosshairs/Art/Textures/Crosshair_20.png using Guid(de29d3e0a2748cb4782a8255c391ff02) Importer(2089858483,b0f066a214c2f5e87bad3c948f4d605d) (ScriptedImporter) -> (artifact id: '108426c89b54597a5ff78552ae152fac') in 0.0187125 seconds
Number of updated asset objects reloaded before import = 0Number of asset objects unloaded after import = 3

========================================================================
Received Import Request.
  Time since last request: 0.000027 seconds.
  path: Assets/Projects/MegaSuperChallengeShot/Graphics/Farland Skies/Low Poly/Demo/Standart/Models/Plateau/Materials/GrassMat.mat
  artifactKey: Guid(b449e84ee6ea8e647a3921178f435f32) Importer(2089858483,b0f066a214c2f5e87bad3c948f4d605d)
Start importing Assets/Projects/MegaSuperChallengeShot/Graphics/Farland Skies/Low Poly/Demo/Standart/Models/Plateau/Materials/GrassMat.mat using Guid(b449e84ee6ea8e647a3921178f435f32) Importer(2089858483,b0f066a214c2f5e87bad3c948f4d605d) (ScriptedImporter) -> (artifact id: '0298bfbad967cdaa383a6ef7019a3c8d') in 0.0123718 seconds
Number of updated asset objects reloaded before import = 0Number of asset objects unloaded after import = 1

========================================================================
Received Import Request.
  Time since last request: 0.000146 seconds.
  path: Assets/Projects/MegaSuperChallengeShot/Graphics/Farland Skies/!Core/Scripts/DotParams/Editor/BaseParamDrawer.cs
  artifactKey: Guid(67c531ac3534a45409ee585dec10b1fa) Importer(2089858483,b0f066a214c2f5e87bad3c948f4d605d)
Start importing Assets/Projects/MegaSuperChallengeShot/Graphics/Farland Skies/!Core/Scripts/DotParams/Editor/BaseParamDrawer.cs using Guid(67c531ac3534a45409ee585dec10b1fa) Importer(2089858483,b0f066a214c2f5e87bad3c948f4d605d) (ScriptedImporter) -> (artifact id: 'e271ab5969722d99fa916f20ee57c08d') in 0.0132901 seconds
Number of updated asset objects reloaded before import = 0Number of asset objects unloaded after import = 0

========================================================================
Received Import Request.
  Time since last request: 0.000110 seconds.
  path: Assets/Projects/MegaSuperChallengeShot/Graphics/Farland Skies/Low Poly/Demo/Standart/Scripts/UI/TimeText.cs
  artifactKey: Guid(fd69a04833e66b14997ac554bf005924) Importer(2089858483,b0f066a214c2f5e87bad3c948f4d605d)
Start importing Assets/Projects/MegaSuperChallengeShot/Graphics/Farland Skies/Low Poly/Demo/Standart/Scripts/UI/TimeText.cs using Guid(fd69a04833e66b14997ac554bf005924) Importer(2089858483,b0f066a214c2f5e87bad3c948f4d605d) (ScriptedImporter) -> (artifact id: '7f93ff35945531d94338903d837eba06') in 0.0139385 seconds
Number of updated asset objects reloaded before import = 0Number of asset objects unloaded after import = 0

========================================================================
Received Import Request.
  Time since last request: 0.000159 seconds.
  path: Assets/Projects/GravityDash/kenney_ui-pack/PNG/Red/Double/star_outline.png
  artifactKey: Guid(dddccd5391a114b63a009f049987a21e) Importer(2089858483,b0f066a214c2f5e87bad3c948f4d605d)
Start importing Assets/Projects/GravityDash/kenney_ui-pack/PNG/Red/Double/star_outline.png using Guid(dddccd5391a114b63a009f049987a21e) Importer(2089858483,b0f066a214c2f5e87bad3c948f4d605d) (ScriptedImporter) -> (artifact id: 'e4dfe866d80fb2c4fde82ea9141d9f05') in 0.0179521 seconds
Number of updated asset objects reloaded before import = 0Number of asset objects unloaded after import = 3

========================================================================
Received Import Request.
  Time since last request: 0.000032 seconds.
  path: Assets/Projects/MegaSuperChallengeShot/Graphics/Farland Skies/Low Poly/Prefabs/SkyboxDayNightCycle.prefab
  artifactKey: Guid(6152559bc63e74e40ad8d8940c6930c7) Importer(2089858483,b0f066a214c2f5e87bad3c948f4d605d)
Start importing Assets/Projects/MegaSuperChallengeShot/Graphics/Farland Skies/Low Poly/Prefabs/SkyboxDayNightCycle.prefab using Guid(6152559bc63e74e40ad8d8940c6930c7) Importer(2089858483,b0f066a214c2f5e87bad3c948f4d605d) (ScriptedImporter) -> (artifact id: '23a56682c8df29e30ed941a56d2dfe73') in 0.0158412 seconds
Number of updated asset objects reloaded before import = 0Number of asset objects unloaded after import = 5

========================================================================
Received Import Request.
  Time since last request: 0.000027 seconds.
  path: Assets/Projects/GravityDash/kenney_ui-pack/PNG/Yellow/Default/button_rectangle_depth_border.png
  artifactKey: Guid(809e314a250b84bebba21d45b42632fd) Importer(2089858483,b0f066a214c2f5e87bad3c948f4d605d)
Start importing Assets/Projects/GravityDash/kenney_ui-pack/PNG/Yellow/Default/button_rectangle_depth_border.png using Guid(809e314a250b84bebba21d45b42632fd) Importer(2089858483,b0f066a214c2f5e87bad3c948f4d605d) (ScriptedImporter) -> (artifact id: '3de713c80e7c72dd68c4baaaf20cc0c4') in 0.0216838 seconds
Number of updated asset objects reloaded before import = 0Number of asset objects unloaded after import = 3

========================================================================
Received Import Request.
  Time since last request: 0.000028 seconds.
  path: Assets/Projects/MegaSuperChallengeShot/Graphics/Cute_Birds(4 in 1)Mini/B3_Egret/Animations/BirdEgr_5.anim
  artifactKey: Guid(f283694bc3e8de741b3bd03286501e02) Importer(2089858483,b0f066a214c2f5e87bad3c948f4d605d)
Start importing Assets/Projects/MegaSuperChallengeShot/Graphics/Cute_Birds(4 in 1)Mini/B3_Egret/Animations/BirdEgr_5.anim using Guid(f283694bc3e8de741b3bd03286501e02) Importer(2089858483,b0f066a214c2f5e87bad3c948f4d605d) (ScriptedImporter) -> (artifact id: '90b6616ec7eff11a523489c2b7998143') in 0.0170338 seconds
Number of updated asset objects reloaded before import = 0Number of asset objects unloaded after import = 1

========================================================================
Received Import Request.
  Time since last request: 0.000131 seconds.
  path: Assets/Projects/GravityDash/kenney_ui-pack/PNG/Yellow/Default/arrow_basic_w_small.png
  artifactKey: Guid(274d294c4a32f4e6f9a5524273ffb6a6) Importer(2089858483,b0f066a214c2f5e87bad3c948f4d605d)
Start importing Assets/Projects/GravityDash/kenney_ui-pack/PNG/Yellow/Default/arrow_basic_w_small.png using Guid(274d294c4a32f4e6f9a5524273ffb6a6) Importer(2089858483,b0f066a214c2f5e87bad3c948f4d605d) (ScriptedImporter) -> (artifact id: 'd5e313a6b7d7a8f7b17b258cd9dfd209') in 0.0214875 seconds
Number of updated asset objects reloaded before import = 0Number of asset objects unloaded after import = 3

========================================================================
Received Import Request.
  Time since last request: 0.000024 seconds.
  path: Assets/Projects/GravityDash/kenney_ui-pack/PNG/Grey/Double/icon_circle.png
  artifactKey: Guid(e882452adccdf4b03a9f220e3be49abb) Importer(2089858483,b0f066a214c2f5e87bad3c948f4d605d)
Start importing Assets/Projects/GravityDash/kenney_ui-pack/PNG/Grey/Double/icon_circle.png using Guid(e882452adccdf4b03a9f220e3be49abb) Importer(2089858483,b0f066a214c2f5e87bad3c948f4d605d) (ScriptedImporter) -> (artifact id: '06674d51ef3025e0cedd85ac171e2627') in 0.0232575 seconds
Number of updated asset objects reloaded before import = 0Number of asset objects unloaded after import = 3

========================================================================
Received Import Request.
  Time since last request: 0.000035 seconds.
  path: Assets/Projects/GravityDash/kenney_ui-pack/PNG/Red/Default/slide_vertical_color.png
  artifactKey: Guid(686538821253f4252a4be30eef8f5766) Importer(2089858483,b0f066a214c2f5e87bad3c948f4d605d)
Start importing Assets/Projects/GravityDash/kenney_ui-pack/PNG/Red/Default/slide_vertical_color.png using Guid(686538821253f4252a4be30eef8f5766) Importer(2089858483,b0f066a214c2f5e87bad3c948f4d605d) (ScriptedImporter) -> (artifact id: 'c6ace88828e520a9f5a846c671be4798') in 0.0198889 seconds
Number of updated asset objects reloaded before import = 0Number of asset objects unloaded after import = 3

========================================================================
Received Import Request.
  Time since last request: 0.000130 seconds.
  path: Assets/Projects/GravityDash/kenney_ui-pack/PNG/Yellow/Double/icon_cross.png
  artifactKey: Guid(22f7222deed784b53b8aa8163e43efc5) Importer(2089858483,b0f066a214c2f5e87bad3c948f4d605d)
Start importing Assets/Projects/GravityDash/kenney_ui-pack/PNG/Yellow/Double/icon_cross.png using Guid(22f7222deed784b53b8aa8163e43efc5) Importer(2089858483,b0f066a214c2f5e87bad3c948f4d605d) (ScriptedImporter) -> (artifact id: '0036337cd9a5d4156676afd5691468de') in 0.0211021 seconds
Number of updated asset objects reloaded before import = 0Number of asset objects unloaded after import = 3

========================================================================
Received Import Request.
  Time since last request: 0.000033 seconds.
  path: Assets/Projects/GravityDash/kenney_ui-pack/PNG/Grey/Default/arrow_basic_n_small.png
  artifactKey: Guid(486f2a0ef29c34b07852cba543d7f973) Importer(2089858483,b0f066a214c2f5e87bad3c948f4d605d)
Start importing Assets/Projects/GravityDash/kenney_ui-pack/PNG/Grey/Default/arrow_basic_n_small.png using Guid(486f2a0ef29c34b07852cba543d7f973) Importer(2089858483,b0f066a214c2f5e87bad3c948f4d605d) (ScriptedImporter) -> (artifact id: '502afbdcddff22add672e4dc0d5f6b06') in 0.0251771 seconds
Number of updated asset objects reloaded before import = 0Number of asset objects unloaded after import = 3

========================================================================
Received Import Request.
  Time since last request: 0.000029 seconds.
  path: Assets/Projects/GravityDash/kenney_ui-pack/PNG/Grey/Double/slide_horizontal_grey_section.png
  artifactKey: Guid(85a83ae699c4249a892413ec4f4bca41) Importer(2089858483,b0f066a214c2f5e87bad3c948f4d605d)
Start importing Assets/Projects/GravityDash/kenney_ui-pack/PNG/Grey/Double/slide_horizontal_grey_section.png using Guid(85a83ae699c4249a892413ec4f4bca41) Importer(2089858483,b0f066a214c2f5e87bad3c948f4d605d) (ScriptedImporter) -> (artifact id: '84047cb04c397750c5d84d3c0c83cf00') in 0.0199781 seconds
Number of updated asset objects reloaded before import = 0Number of asset objects unloaded after import = 3

========================================================================
Received Import Request.
  Time since last request: 0.000042 seconds.
  path: Assets/Projects/GravityDash/kenney_ui-pack/PNG/Green/Default/button_square_line.png
  artifactKey: Guid(bd0a2bc93e714426e99cf40c2e034a52) Importer(2089858483,b0f066a214c2f5e87bad3c948f4d605d)
Start importing Assets/Projects/GravityDash/kenney_ui-pack/PNG/Green/Default/button_square_line.png using Guid(bd0a2bc93e714426e99cf40c2e034a52) Importer(2089858483,b0f066a214c2f5e87bad3c948f4d605d) (ScriptedImporter) -> (artifact id: 'c72843c933ead025d8584ba4af62a6fe') in 0.0210768 seconds
Number of updated asset objects reloaded before import = 0Number of asset objects unloaded after import = 3

========================================================================
Received Import Request.
  Time since last request: 0.000023 seconds.
  path: Assets/Projects/GravityDash/kenney_ui-pack/PNG/Red/Default/slide_vertical_color_section.png
  artifactKey: Guid(602434258525543128db8e572ef541f1) Importer(2089858483,b0f066a214c2f5e87bad3c948f4d605d)
Start importing Assets/Projects/GravityDash/kenney_ui-pack/PNG/Red/Default/slide_vertical_color_section.png using Guid(602434258525543128db8e572ef541f1) Importer(2089858483,b0f066a214c2f5e87bad3c948f4d605d) (ScriptedImporter) -> (artifact id: '2a640566a0bb1d0d486776c02a33d884') in 0.023066 seconds
Number of updated asset objects reloaded before import = 0Number of asset objects unloaded after import = 3

========================================================================
Received Import Request.
  Time since last request: 0.000032 seconds.
  path: Assets/Sprites/Cainos/Third Party/Lucid Editor/Editor/Attributes/ReadOnlyAttributeProcessor.cs
  artifactKey: Guid(c93f8adb1ea444432a967b800380c5ad) Importer(2089858483,b0f066a214c2f5e87bad3c948f4d605d)
Start importing Assets/Sprites/Cainos/Third Party/Lucid Editor/Editor/Attributes/ReadOnlyAttributeProcessor.cs using Guid(c93f8adb1ea444432a967b800380c5ad) Importer(2089858483,b0f066a214c2f5e87bad3c948f4d605d) (ScriptedImporter) -> (artifact id: '403a8630d29a134bd08087b55cfa88fd') in 0.0183521 seconds
Number of updated asset objects reloaded before import = 0Number of asset objects unloaded after import = 0

========================================================================
Received Import Request.
  Time since last request: 0.000166 seconds.
  path: Assets/Sprites/Cainos/Third Party/Lucid Editor/Runtime/Attributes/ValidateInputAttribute.cs
  artifactKey: Guid(63c421ef8437043589a631c5b71eb4fb) Importer(2089858483,b0f066a214c2f5e87bad3c948f4d605d)
Start importing Assets/Sprites/Cainos/Third Party/Lucid Editor/Runtime/Attributes/ValidateInputAttribute.cs using Guid(63c421ef8437043589a631c5b71eb4fb) Importer(2089858483,b0f066a214c2f5e87bad3c948f4d605d) (ScriptedImporter) -> (artifact id: '768d8984c7e7a6c112d2d27af72e274b') in 0.0177831 seconds
Number of updated asset objects reloaded before import = 0Number of asset objects unloaded after import = 0

========================================================================
Received Import Request.
  Time since last request: 0.000151 seconds.
  path: Assets/Projects/GravityDash/kenney_ui-pack/PNG/Green/Double/button_square_depth_gloss.png
  artifactKey: Guid(ff1d4f6d3821a467ab4b0f978e7c940f) Importer(2089858483,b0f066a214c2f5e87bad3c948f4d605d)
Start importing Assets/Projects/GravityDash/kenney_ui-pack/PNG/Green/Double/button_square_depth_gloss.png using Guid(ff1d4f6d3821a467ab4b0f978e7c940f) Importer(2089858483,b0f066a214c2f5e87bad3c948f4d605d) (ScriptedImporter) -> (artifact id: '53ad3753b31cc1e212f3e876274fd521') in 0.0228948 seconds
Number of updated asset objects reloaded before import = 0Number of asset objects unloaded after import = 3

========================================================================
Received Import Request.
  Time since last request: 0.000032 seconds.
  path: Assets/Projects/GravityDash/kenney_new-platformer-pack-1.1/Sprites/Tiles/Double/terrain_sand_horizontal_overhang_left.png
  artifactKey: Guid(b06068d8eb60d47f0a233097bff72a5b) Importer(2089858483,b0f066a214c2f5e87bad3c948f4d605d)
Start importing Assets/Projects/GravityDash/kenney_new-platformer-pack-1.1/Sprites/Tiles/Double/terrain_sand_horizontal_overhang_left.png using Guid(b06068d8eb60d47f0a233097bff72a5b) Importer(2089858483,b0f066a214c2f5e87bad3c948f4d605d) (ScriptedImporter) -> (artifact id: '6042c07189c29ddb6027b0d7ce28a2b3') in 0.0216544 seconds
Number of updated asset objects reloaded before import = 0Number of asset objects unloaded after import = 3

========================================================================
Received Import Request.
  Time since last request: 0.000039 seconds.
  path: Assets/Projects/GravityDash/kenney_ui-pack/PNG/Grey/Double/slide_vertical_color_section_wide.png
  artifactKey: Guid(116827d97f80d4ca08ca773611bdb3ed) Importer(2089858483,b0f066a214c2f5e87bad3c948f4d605d)
Start importing Assets/Projects/GravityDash/kenney_ui-pack/PNG/Grey/Double/slide_vertical_color_section_wide.png using Guid(116827d97f80d4ca08ca773611bdb3ed) Importer(2089858483,b0f066a214c2f5e87bad3c948f4d605d) (ScriptedImporter) -> (artifact id: '66240c5dc6f124fcc4a9c87bb56cc2ec') in 0.0207412 seconds
Number of updated asset objects reloaded before import = 0Number of asset objects unloaded after import = 3

========================================================================
Received Import Request.
  Time since last request: 0.000045 seconds.
  path: Assets/Projects/GravityDash/kenney_ui-pack/PNG/Yellow/Double/slide_vertical_color_section_wide.png
  artifactKey: Guid(84a2d6675101b44f7a4a32e6e49eacd4) Importer(2089858483,b0f066a214c2f5e87bad3c948f4d605d)
Start importing Assets/Projects/GravityDash/kenney_ui-pack/PNG/Yellow/Double/slide_vertical_color_section_wide.png using Guid(84a2d6675101b44f7a4a32e6e49eacd4) Importer(2089858483,b0f066a214c2f5e87bad3c948f4d605d) (ScriptedImporter) -> (artifact id: '5fd2d2e2e2773b74e5a3929a4ca137c1') in 0.0191971 seconds
Number of updated asset objects reloaded before import = 0Number of asset objects unloaded after import = 3

========================================================================
Received Import Request.
  Time since last request: 0.000022 seconds.
  path: Assets/Projects/GravityDash/kenney_new-platformer-pack-1.1/Sprites/Tiles/Double/terrain_snow_vertical_top.png
  artifactKey: Guid(713b36043734841a9b59a2be6a4fcf31) Importer(2089858483,b0f066a214c2f5e87bad3c948f4d605d)
Start importing Assets/Projects/GravityDash/kenney_new-platformer-pack-1.1/Sprites/Tiles/Double/terrain_snow_vertical_top.png using Guid(713b36043734841a9b59a2be6a4fcf31) Importer(2089858483,b0f066a214c2f5e87bad3c948f4d605d) (ScriptedImporter) -> (artifact id: '6a31ca4367f1ef854d8d022cd841f538') in 0.020866 seconds
Number of updated asset objects reloaded before import = 0Number of asset objects unloaded after import = 3

========================================================================
Received Import Request.
  Time since last request: 0.000055 seconds.
  path: Assets/Projects/GravityDash/kenney_new-platformer-pack-1.1/Sprites/Tiles/Double/terrain_purple_block_top_right.png
  artifactKey: Guid(21849ebfa3df64bffa5b16401b1b4e0f) Importer(2089858483,b0f066a214c2f5e87bad3c948f4d605d)
Start importing Assets/Projects/GravityDash/kenney_new-platformer-pack-1.1/Sprites/Tiles/Double/terrain_purple_block_top_right.png using Guid(21849ebfa3df64bffa5b16401b1b4e0f) Importer(2089858483,b0f066a214c2f5e87bad3c948f4d605d) (ScriptedImporter) -> (artifact id: '45d152b2229e74183299fb7ae361db87') in 0.0219561 seconds
Number of updated asset objects reloaded before import = 0Number of asset objects unloaded after import = 3

========================================================================
Received Import Request.
  Time since last request: 0.000024 seconds.
  path: Assets/Sprites/Cainos/Third Party/Lucid Editor/Runtime/Attributes/ReadOnlyAttribute.cs
  artifactKey: Guid(006b91e11152941e0a04e6f916453b63) Importer(2089858483,b0f066a214c2f5e87bad3c948f4d605d)
Start importing Assets/Sprites/Cainos/Third Party/Lucid Editor/Runtime/Attributes/ReadOnlyAttribute.cs using Guid(006b91e11152941e0a04e6f916453b63) Importer(2089858483,b0f066a214c2f5e87bad3c948f4d605d) (ScriptedImporter) -> (artifact id: 'bc8e6ba61e2ba0e61d2dbb0f93cfc5d8') in 0.0156933 seconds
Number of updated asset objects reloaded before import = 0Number of asset objects unloaded after import = 0

========================================================================
Received Import Request.
  Time since last request: 0.000151 seconds.
  path: Assets/Projects/MegaSuperChallengeShot/Graphics/Farland Skies/Low Poly/Scripts/DotParams/CloudsParam.cs
  artifactKey: Guid(bb3607a0338854040a52eff0fcf577f1) Importer(2089858483,b0f066a214c2f5e87bad3c948f4d605d)
Start importing Assets/Projects/MegaSuperChallengeShot/Graphics/Farland Skies/Low Poly/Scripts/DotParams/CloudsParam.cs using Guid(bb3607a0338854040a52eff0fcf577f1) Importer(2089858483,b0f066a214c2f5e87bad3c948f4d605d) (ScriptedImporter) -> (artifact id: 'c7e50da981f43e83839744069bb48f23') in 0.0165892 seconds
Number of updated asset objects reloaded before import = 0Number of asset objects unloaded after import = 0

========================================================================
Received Import Request.
  Time since last request: 0.000120 seconds.
  path: Assets/Projects/GravityDash/kenney_new-platformer-pack-1.1/Sprites/Tiles/Double/terrain_purple_block_bottom_left.png
  artifactKey: Guid(d8f7bfa42cf794e88b92cd1e6f105cfa) Importer(2089858483,b0f066a214c2f5e87bad3c948f4d605d)
Start importing Assets/Projects/GravityDash/kenney_new-platformer-pack-1.1/Sprites/Tiles/Double/terrain_purple_block_bottom_left.png using Guid(d8f7bfa42cf794e88b92cd1e6f105cfa) Importer(2089858483,b0f066a214c2f5e87bad3c948f4d605d) (ScriptedImporter) -> (artifact id: '5c9eaa613c9ac210579e1e35c9ee8197') in 0.0229031 seconds
Number of updated asset objects reloaded before import = 0Number of asset objects unloaded after import = 3

========================================================================
Received Import Request.
  Time since last request: 0.000025 seconds.
  path: Assets/Projects/GravityDash/kenney_ui-pack/PNG/Extra/Default/icon_repeat_outline.png
  artifactKey: Guid(2d09b0149c5424f91933c3991d1dee62) Importer(2089858483,b0f066a214c2f5e87bad3c948f4d605d)
Start importing Assets/Projects/GravityDash/kenney_ui-pack/PNG/Extra/Default/icon_repeat_outline.png using Guid(2d09b0149c5424f91933c3991d1dee62) Importer(2089858483,b0f066a214c2f5e87bad3c948f4d605d) (ScriptedImporter) -> (artifact id: '1cbdfd649c937cb654217819f326bdb3') in 0.0241529 seconds
Number of updated asset objects reloaded before import = 0Number of asset objects unloaded after import = 3

========================================================================
Received Import Request.
  Time since last request: 0.000034 seconds.
  path: Assets/Projects/GravityDash/kenney_new-platformer-pack-1.1/Sprites/Tiles/Double/saw.png
  artifactKey: Guid(ce6f371aa51bf42b9844d046e79a23f7) Importer(2089858483,b0f066a214c2f5e87bad3c948f4d605d)
Start importing Assets/Projects/GravityDash/kenney_new-platformer-pack-1.1/Sprites/Tiles/Double/saw.png using Guid(ce6f371aa51bf42b9844d046e79a23f7) Importer(2089858483,b0f066a214c2f5e87bad3c948f4d605d) (ScriptedImporter) -> (artifact id: '65c5c4f9bae63eb1c68c5f9d6681b844') in 0.0189189 seconds
Number of updated asset objects reloaded before import = 0Number of asset objects unloaded after import = 3

========================================================================
Received Import Request.
  Time since last request: 0.000075 seconds.
  path: Assets/Projects/GravityDash/kenney_ui-pack/PNG/Green/Double/arrow_basic_w.png
  artifactKey: Guid(5e01215c2666a4ce5ac6ba7135103ae9) Importer(2089858483,b0f066a214c2f5e87bad3c948f4d605d)
Start importing Assets/Projects/GravityDash/kenney_ui-pack/PNG/Green/Double/arrow_basic_w.png using Guid(5e01215c2666a4ce5ac6ba7135103ae9) Importer(2089858483,b0f066a214c2f5e87bad3c948f4d605d) (ScriptedImporter) -> (artifact id: '0cad2cfc4a5494f7f7feec92f3ddbaec') in 0.0240503 seconds
Number of updated asset objects reloaded before import = 0Number of asset objects unloaded after import = 3

========================================================================
Received Import Request.
  Time since last request: 0.000026 seconds.
  path: Assets/Projects/GravityDash/kenney_ui-pack/PNG/Green/Double/arrow_basic_s.png
  artifactKey: Guid(d8f46768018d4434ea390531a68f7609) Importer(2089858483,b0f066a214c2f5e87bad3c948f4d605d)
Start importing Assets/Projects/GravityDash/kenney_ui-pack/PNG/Green/Double/arrow_basic_s.png using Guid(d8f46768018d4434ea390531a68f7609) Importer(2089858483,b0f066a214c2f5e87bad3c948f4d605d) (ScriptedImporter) -> (artifact id: '918eb2b1c27555646c12274f5ff4a458') in 0.0254234 seconds
Number of updated asset objects reloaded before import = 0Number of asset objects unloaded after import = 3

========================================================================
Received Import Request.
  Time since last request: 0.000022 seconds.
  path: Assets/Projects/GravityDash/kenney_ui-pack/PNG/Blue/Double/button_square_depth_line.png
  artifactKey: Guid(a39a977f5d250436abf29646832e88eb) Importer(2089858483,b0f066a214c2f5e87bad3c948f4d605d)
Start importing Assets/Projects/GravityDash/kenney_ui-pack/PNG/Blue/Double/button_square_depth_line.png using Guid(a39a977f5d250436abf29646832e88eb) Importer(2089858483,b0f066a214c2f5e87bad3c948f4d605d) (ScriptedImporter) -> (artifact id: '4b56ddcaf06a3f9fee360c01c56d3512') in 0.0237039 seconds
Number of updated asset objects reloaded before import = 0Number of asset objects unloaded after import = 3

========================================================================
Received Import Request.
  Time since last request: 0.000033 seconds.
  path: Assets/Projects/MegaSuperChallengeShot/Graphics/Farland Skies/Low Poly/Demo/Standart/Models/Plateau/Plateau.fbx
  artifactKey: Guid(ee4fd8855c33d754199da34c392eac61) Importer(2089858483,b0f066a214c2f5e87bad3c948f4d605d)
Start importing Assets/Projects/MegaSuperChallengeShot/Graphics/Farland Skies/Low Poly/Demo/Standart/Models/Plateau/Plateau.fbx using Guid(ee4fd8855c33d754199da34c392eac61) Importer(2089858483,b0f066a214c2f5e87bad3c948f4d605d) (ScriptedImporter) -> (artifact id: '0de2659306fade2218c7df2449ba8ce5') in 0.0618371 seconds
Number of updated asset objects reloaded before import = 0Number of asset objects unloaded after import = 11

========================================================================
Received Import Request.
  Time since last request: 0.000055 seconds.
  path: Assets/Projects/GravityDash/kenney_ui-pack/PNG/Yellow/Double/check_square_color_checkmark.png
  artifactKey: Guid(f3cbe8f0a5fde44e7be47fdc54786d01) Importer(2089858483,b0f066a214c2f5e87bad3c948f4d605d)
Start importing Assets/Projects/GravityDash/kenney_ui-pack/PNG/Yellow/Double/check_square_color_checkmark.png using Guid(f3cbe8f0a5fde44e7be47fdc54786d01) Importer(2089858483,b0f066a214c2f5e87bad3c948f4d605d) (ScriptedImporter) -> (artifact id: '61e507abd750c91dbac8a60afd5fa484') in 0.025066 seconds
Number of updated asset objects reloaded before import = 0Number of asset objects unloaded after import = 3

========================================================================
Received Import Request.
  Time since last request: 0.000040 seconds.
  path: Assets/Projects/MegaSuperChallengeShot/Graphics/OccaSoftware/Crosshairs/Editor/Textures/logo.png
  artifactKey: Guid(071975048195e45478df8f4a898773cf) Importer(2089858483,b0f066a214c2f5e87bad3c948f4d605d)
Start importing Assets/Projects/MegaSuperChallengeShot/Graphics/OccaSoftware/Crosshairs/Editor/Textures/logo.png using Guid(071975048195e45478df8f4a898773cf) Importer(2089858483,b0f066a214c2f5e87bad3c948f4d605d) (ScriptedImporter) -> (artifact id: '7fa3732fb8656cdc236a6858b3045663') in 0.0223449 seconds
Number of updated asset objects reloaded before import = 0Number of asset objects unloaded after import = 1

========================================================================
Received Import Request.
  Time since last request: 0.000131 seconds.
  path: Assets/Projects/GravityDash/kenney_ui-pack/PNG/Grey/Double/button_round_depth_border.png
  artifactKey: Guid(f294bca4d4ee34a5c94d0516f8795a24) Importer(2089858483,b0f066a214c2f5e87bad3c948f4d605d)
Start importing Assets/Projects/GravityDash/kenney_ui-pack/PNG/Grey/Double/button_round_depth_border.png using Guid(f294bca4d4ee34a5c94d0516f8795a24) Importer(2089858483,b0f066a214c2f5e87bad3c948f4d605d) (ScriptedImporter) -> (artifact id: '9f6439dd0669f213966de41089228164') in 0.0441453 seconds
Number of updated asset objects reloaded before import = 0Number of asset objects unloaded after import = 3

========================================================================
Received Import Request.
  Time since last request: 0.000219 seconds.
  path: Assets/Projects/GravityDash/kenney_ui-pack/PNG/Blue/Double/button_rectangle_depth_gradient.png
  artifactKey: Guid(c67ff24fd259a41fea4877ea00add869) Importer(2089858483,b0f066a214c2f5e87bad3c948f4d605d)
Start importing Assets/Projects/GravityDash/kenney_ui-pack/PNG/Blue/Double/button_rectangle_depth_gradient.png using Guid(c67ff24fd259a41fea4877ea00add869) Importer(2089858483,b0f066a214c2f5e87bad3c948f4d605d) (ScriptedImporter) -> (artifact id: '91b143508064285ec33ca9a6fa3f689c') in 0.031451 seconds
Number of updated asset objects reloaded before import = 0Number of asset objects unloaded after import = 3

========================================================================
Received Import Request.
  Time since last request: 0.000284 seconds.
  path: Assets/Projects/MegaSuperChallengeShot/Graphics/Cute_Birds(4 in 1)Mini/B4/Animations/B4_s4.anim
  artifactKey: Guid(7c1b575b34f818f4286533b683206b88) Importer(2089858483,b0f066a214c2f5e87bad3c948f4d605d)
Start importing Assets/Projects/MegaSuperChallengeShot/Graphics/Cute_Birds(4 in 1)Mini/B4/Animations/B4_s4.anim using Guid(7c1b575b34f818f4286533b683206b88) Importer(2089858483,b0f066a214c2f5e87bad3c948f4d605d) (ScriptedImporter) -> (artifact id: '8ba161e2bf08d3cb142c021a7cb4c3a6') in 0.0191071 seconds
Number of updated asset objects reloaded before import = 0Number of asset objects unloaded after import = 1

========================================================================
Received Import Request.
  Time since last request: 0.000089 seconds.
  path: Assets/Projects/GravityDash/kenney_ui-pack/PNG/Blue/Double/check_square_color_cross.png
  artifactKey: Guid(637d732ff86944b3599edef85a895d7b) Importer(2089858483,b0f066a214c2f5e87bad3c948f4d605d)
Start importing Assets/Projects/GravityDash/kenney_ui-pack/PNG/Blue/Double/check_square_color_cross.png using Guid(637d732ff86944b3599edef85a895d7b) Importer(2089858483,b0f066a214c2f5e87bad3c948f4d605d) (ScriptedImporter) -> (artifact id: '6e0e49be0e1a618f0c7a20214603c547') in 0.0325745 seconds
Number of updated asset objects reloaded before import = 0Number of asset objects unloaded after import = 3

========================================================================
Received Import Request.
  Time since last request: 0.000027 seconds.
  path: Assets/Projects/GravityDash/kenney_new-platformer-pack-1.1/Sprites/Tiles/Double/hud_player_yellow.png
  artifactKey: Guid(9060f988ece76498581ad2f35c50e09d) Importer(2089858483,b0f066a214c2f5e87bad3c948f4d605d)
Start importing Assets/Projects/GravityDash/kenney_new-platformer-pack-1.1/Sprites/Tiles/Double/hud_player_yellow.png using Guid(9060f988ece76498581ad2f35c50e09d) Importer(2089858483,b0f066a214c2f5e87bad3c948f4d605d) (ScriptedImporter) -> (artifact id: '2a878ae6ad263c95c7139b75874b8ed8') in 0.0320106 seconds
Number of updated asset objects reloaded before import = 0Number of asset objects unloaded after import = 3

========================================================================
Received Import Request.
  Time since last request: 0.000028 seconds.
  path: Assets/Projects/GravityDash/kenney_ui-pack/PNG/Green/Default/check_square_grey.png
  artifactKey: Guid(f1f1920287a674248b1258210263c1ef) Importer(2089858483,b0f066a214c2f5e87bad3c948f4d605d)
Start importing Assets/Projects/GravityDash/kenney_ui-pack/PNG/Green/Default/check_square_grey.png using Guid(f1f1920287a674248b1258210263c1ef) Importer(2089858483,b0f066a214c2f5e87bad3c948f4d605d) (ScriptedImporter) -> (artifact id: '92f8f560879cae8770c6c4a234f34c03') in 0.0257276 seconds
Number of updated asset objects reloaded before import = 0Number of asset objects unloaded after import = 3

========================================================================
Received Import Request.
  Time since last request: 0.000020 seconds.
  path: Assets/Projects/MegaSuperChallengeShot/Graphics/Farland Skies/Low Poly/Textures/Moon/Moon_LP_04.png
  artifactKey: Guid(f59bdd6f69fbc474cbd2214d5273ade6) Importer(2089858483,b0f066a214c2f5e87bad3c948f4d605d)
Start importing Assets/Projects/MegaSuperChallengeShot/Graphics/Farland Skies/Low Poly/Textures/Moon/Moon_LP_04.png using Guid(f59bdd6f69fbc474cbd2214d5273ade6) Importer(2089858483,b0f066a214c2f5e87bad3c948f4d605d) (ScriptedImporter) -> (artifact id: '31764a3763993e1f70eca5665d551e88') in 0.0273187 seconds
Number of updated asset objects reloaded before import = 0Number of asset objects unloaded after import = 1

========================================================================
Received Import Request.
  Time since last request: 0.000038 seconds.
  path: Assets/Projects/GravityDash/kenney_ui-pack/PNG/Yellow/Default/slide_horizontal_grey_section_wide.png
  artifactKey: Guid(187cd9494607c4b7f88e97d382a8cec0) Importer(2089858483,b0f066a214c2f5e87bad3c948f4d605d)
Start importing Assets/Projects/GravityDash/kenney_ui-pack/PNG/Yellow/Default/slide_horizontal_grey_section_wide.png using Guid(187cd9494607c4b7f88e97d382a8cec0) Importer(2089858483,b0f066a214c2f5e87bad3c948f4d605d) (ScriptedImporter) -> (artifact id: '1d74b3f78633d326dc58e35ff9b2aeac') in 0.0229677 seconds
Number of updated asset objects reloaded before import = 0Number of asset objects unloaded after import = 3

========================================================================
Received Import Request.
  Time since last request: 0.000034 seconds.
  path: Assets/Projects/GravityDash/kenney_ui-pack/PNG/Grey/Default/button_round_gradient.png
  artifactKey: Guid(3e9554f014f3f48ac972fc5e2403d485) Importer(2089858483,b0f066a214c2f5e87bad3c948f4d605d)
Start importing Assets/Projects/GravityDash/kenney_ui-pack/PNG/Grey/Default/button_round_gradient.png using Guid(3e9554f014f3f48ac972fc5e2403d485) Importer(2089858483,b0f066a214c2f5e87bad3c948f4d605d) (ScriptedImporter) -> (artifact id: 'd1ef3f5aabc5fff43f24bf97f7aae343') in 0.026232 seconds
Number of updated asset objects reloaded before import = 0Number of asset objects unloaded after import = 3

========================================================================
Received Import Request.
  Time since last request: 0.000033 seconds.
  path: Assets/Projects/GravityDash/kenney_ui-pack/PNG/Grey/Double/icon_outline_square.png
  artifactKey: Guid(f4b69544e56964a22b4864a87cb2f003) Importer(2089858483,b0f066a214c2f5e87bad3c948f4d605d)
Start importing Assets/Projects/GravityDash/kenney_ui-pack/PNG/Grey/Double/icon_outline_square.png using Guid(f4b69544e56964a22b4864a87cb2f003) Importer(2089858483,b0f066a214c2f5e87bad3c948f4d605d) (ScriptedImporter) -> (artifact id: '864733578e447b61b00d38d3068a2062') in 0.0282561 seconds
Number of updated asset objects reloaded before import = 0Number of asset objects unloaded after import = 3

========================================================================
Received Import Request.
  Time since last request: 0.000069 seconds.
  path: Assets/Projects/GravityDash/kenney_ui-pack/PNG/Yellow/Double/check_square_grey_square.png
  artifactKey: Guid(66e85503cf4484b509b46e88c5a798f4) Importer(2089858483,b0f066a214c2f5e87bad3c948f4d605d)
Start importing Assets/Projects/GravityDash/kenney_ui-pack/PNG/Yellow/Double/check_square_grey_square.png using Guid(66e85503cf4484b509b46e88c5a798f4) Importer(2089858483,b0f066a214c2f5e87bad3c948f4d605d) (ScriptedImporter) -> (artifact id: 'c07f2fc95638e0b50c5ce63b94126b27') in 0.0264794 seconds
Number of updated asset objects reloaded before import = 0Number of asset objects unloaded after import = 3

========================================================================
Received Import Request.
  Time since last request: 0.000037 seconds.
  path: Assets/Projects/GravityDash/kenney_ui-pack/PNG/Blue/Default/check_square_color.png
  artifactKey: Guid(43e6584f1867345fca59ec505ff04508) Importer(2089858483,b0f066a214c2f5e87bad3c948f4d605d)
Start importing Assets/Projects/GravityDash/kenney_ui-pack/PNG/Blue/Default/check_square_color.png using Guid(43e6584f1867345fca59ec505ff04508) Importer(2089858483,b0f066a214c2f5e87bad3c948f4d605d) (ScriptedImporter) -> (artifact id: 'bb971096955333f40f7821dbd4ad4d58') in 0.0284287 seconds
Number of updated asset objects reloaded before import = 0Number of asset objects unloaded after import = 3

========================================================================
Received Import Request.
  Time since last request: 0.000026 seconds.
  path: Assets/Projects/GravityDash/kenney_ui-pack/PNG/Green/Double/icon_square.png
  artifactKey: Guid(bab17d496f4e747c6b4ffb035211df69) Importer(2089858483,b0f066a214c2f5e87bad3c948f4d605d)
Start importing Assets/Projects/GravityDash/kenney_ui-pack/PNG/Green/Double/icon_square.png using Guid(bab17d496f4e747c6b4ffb035211df69) Importer(2089858483,b0f066a214c2f5e87bad3c948f4d605d) (ScriptedImporter) -> (artifact id: '4ff7327bce867eccb5d286aa45d50bb6') in 0.0282767 seconds
Number of updated asset objects reloaded before import = 0Number of asset objects unloaded after import = 3

========================================================================
Received Import Request.
  Time since last request: 0.000035 seconds.
  path: Assets/Projects/GravityDash/kenney_new-platformer-pack-1.1/Sprites/Tiles/Double/hud_player_helmet_yellow.png
  artifactKey: Guid(e67adbbccdffc442c84cb529ca65657a) Importer(2089858483,b0f066a214c2f5e87bad3c948f4d605d)
Start importing Assets/Projects/GravityDash/kenney_new-platformer-pack-1.1/Sprites/Tiles/Double/hud_player_helmet_yellow.png using Guid(e67adbbccdffc442c84cb529ca65657a) Importer(2089858483,b0f066a214c2f5e87bad3c948f4d605d) (ScriptedImporter) -> (artifact id: '99887b593a405d323ee3f730230b48ca') in 0.0268307 seconds
Number of updated asset objects reloaded before import = 0Number of asset objects unloaded after import = 3

========================================================================
Received Import Request.
  Time since last request: 0.000030 seconds.
  path: Assets/Projects/GravityDash/kenney_ui-pack/PNG/Yellow/Double/slide_vertical_color_section.png
  artifactKey: Guid(b5d062415db8a4c7995a0f429cf7813a) Importer(2089858483,b0f066a214c2f5e87bad3c948f4d605d)
Start importing Assets/Projects/GravityDash/kenney_ui-pack/PNG/Yellow/Double/slide_vertical_color_section.png using Guid(b5d062415db8a4c7995a0f429cf7813a) Importer(2089858483,b0f066a214c2f5e87bad3c948f4d605d) (ScriptedImporter) -> (artifact id: '40a7df224ea38aec4e9ab9a0fbb6a1f3') in 0.0219264 seconds
Number of updated asset objects reloaded before import = 0Number of asset objects unloaded after import = 3

========================================================================
Received Import Request.
  Time since last request: 0.000030 seconds.
  path: Assets/Projects/GravityDash/kenney_ui-pack/PNG/Grey/Double/check_square_grey.png
  artifactKey: Guid(bc017049c3e6941859d433e3b6dc8031) Importer(2089858483,b0f066a214c2f5e87bad3c948f4d605d)
Start importing Assets/Projects/GravityDash/kenney_ui-pack/PNG/Grey/Double/check_square_grey.png using Guid(bc017049c3e6941859d433e3b6dc8031) Importer(2089858483,b0f066a214c2f5e87bad3c948f4d605d) (ScriptedImporter) -> (artifact id: 'e2b2b87322c44f6b3ee9edd66e47e44f') in 0.0220208 seconds
Number of updated asset objects reloaded before import = 0Number of asset objects unloaded after import = 3

========================================================================
Received Import Request.
  Time since last request: 0.000030 seconds.
  path: Assets/Sprites/Cainos/Third Party/Lucid Editor/Runtime/Attributes/BlockquoteAttribute.cs
  artifactKey: Guid(47b0239bff3ab402ba57bb4e0fb79b8e) Importer(2089858483,b0f066a214c2f5e87bad3c948f4d605d)
Start importing Assets/Sprites/Cainos/Third Party/Lucid Editor/Runtime/Attributes/BlockquoteAttribute.cs using Guid(47b0239bff3ab402ba57bb4e0fb79b8e) Importer(2089858483,b0f066a214c2f5e87bad3c948f4d605d) (ScriptedImporter) -> (artifact id: 'b9fd0208d803a0592b92a735eb49158d') in 0.0154054 seconds
Number of updated asset objects reloaded before import = 0Number of asset objects unloaded after import = 0

========================================================================
Received Import Request.
  Time since last request: 0.000155 seconds.
  path: Assets/Projects/GravityDash/kenney_ui-pack/PNG/Yellow/Default/slide_vertical_color_section.png
  artifactKey: Guid(203298ec8a2c34dac803c4105f42698a) Importer(2089858483,b0f066a214c2f5e87bad3c948f4d605d)
Start importing Assets/Projects/GravityDash/kenney_ui-pack/PNG/Yellow/Default/slide_vertical_color_section.png using Guid(203298ec8a2c34dac803c4105f42698a) Importer(2089858483,b0f066a214c2f5e87bad3c948f4d605d) (ScriptedImporter) -> (artifact id: 'f6cb16f51a8fa310ce604c7a5a3f6676') in 0.0256377 seconds
Number of updated asset objects reloaded before import = 0Number of asset objects unloaded after import = 3

========================================================================
Received Import Request.
  Time since last request: 0.000031 seconds.
  path: Assets/Projects/MegaSuperChallengeShot/Graphics/OccaSoftware/Crosshairs/Art/Textures/Crosshair_19.png
  artifactKey: Guid(1d78ea13ed0615c4996735add71cbd43) Importer(2089858483,b0f066a214c2f5e87bad3c948f4d605d)
Start importing Assets/Projects/MegaSuperChallengeShot/Graphics/OccaSoftware/Crosshairs/Art/Textures/Crosshair_19.png using Guid(1d78ea13ed0615c4996735add71cbd43) Importer(2089858483,b0f066a214c2f5e87bad3c948f4d605d) (ScriptedImporter) -> (artifact id: 'a0d37bd8510ebe4ddc8ff1755db76e06') in 0.0231543 seconds
Number of updated asset objects reloaded before import = 0Number of asset objects unloaded after import = 3

========================================================================
Received Import Request.
  Time since last request: 0.000025 seconds.
  path: Assets/Projects/GravityDash/kenney_new-platformer-pack-1.1/Sprites/Tiles/Double/terrain_grass_cloud_background.png
  artifactKey: Guid(d4796afb74d41425fa948e4f395c0c41) Importer(2089858483,b0f066a214c2f5e87bad3c948f4d605d)
Start importing Assets/Projects/GravityDash/kenney_new-platformer-pack-1.1/Sprites/Tiles/Double/terrain_grass_cloud_background.png using Guid(d4796afb74d41425fa948e4f395c0c41) Importer(2089858483,b0f066a214c2f5e87bad3c948f4d605d) (ScriptedImporter) -> (artifact id: 'fa8c75b9c3eb1e5b3075e4248a857cad') in 0.021481 seconds
Number of updated asset objects reloaded before import = 0Number of asset objects unloaded after import = 3

========================================================================
Received Import Request.
  Time since last request: 0.000034 seconds.
  path: Assets/Projects/GravityDash/kenney_ui-pack/PNG/Grey/Double/button_square_depth_gloss.png
  artifactKey: Guid(368680bfce5374c599cfb994e062f693) Importer(2089858483,b0f066a214c2f5e87bad3c948f4d605d)
Start importing Assets/Projects/GravityDash/kenney_ui-pack/PNG/Grey/Double/button_square_depth_gloss.png using Guid(368680bfce5374c599cfb994e062f693) Importer(2089858483,b0f066a214c2f5e87bad3c948f4d605d) (ScriptedImporter) -> (artifact id: '366d856591d73baca1f30d1082efa175') in 0.026429 seconds
Number of updated asset objects reloaded before import = 0Number of asset objects unloaded after import = 3

========================================================================
Received Import Request.
  Time since last request: 0.000023 seconds.
  path: Assets/Projects/GravityDash/kenney_new-platformer-pack-1.1/Sprites/Tiles/Double/bomb.png
  artifactKey: Guid(913208d82818549a1953c5974b151a61) Importer(2089858483,b0f066a214c2f5e87bad3c948f4d605d)
Start importing Assets/Projects/GravityDash/kenney_new-platformer-pack-1.1/Sprites/Tiles/Double/bomb.png using Guid(913208d82818549a1953c5974b151a61) Importer(2089858483,b0f066a214c2f5e87bad3c948f4d605d) (ScriptedImporter) -> (artifact id: 'ec785852cdc2b936728377095b7ace4c') in 0.0260067 seconds
Number of updated asset objects reloaded before import = 0Number of asset objects unloaded after import = 3

========================================================================
Received Import Request.
  Time since last request: 0.000034 seconds.
  path: Assets/Projects/GravityDash/kenney_new-platformer-pack-1.1/Sprites/Tiles/Double/terrain_stone_cloud_right.png
  artifactKey: Guid(f0155523eb02147ba85ca41130e71880) Importer(2089858483,b0f066a214c2f5e87bad3c948f4d605d)
Start importing Assets/Projects/GravityDash/kenney_new-platformer-pack-1.1/Sprites/Tiles/Double/terrain_stone_cloud_right.png using Guid(f0155523eb02147ba85ca41130e71880) Importer(2089858483,b0f066a214c2f5e87bad3c948f4d605d) (ScriptedImporter) -> (artifact id: '467609e8ee6132cce6b3d95876cd6816') in 0.0239752 seconds
Number of updated asset objects reloaded before import = 0Number of asset objects unloaded after import = 3

========================================================================
Received Import Request.
  Time since last request: 0.000025 seconds.
  path: Assets/Projects/GravityDash/kenney_ui-pack/PNG/Red/Double/arrow_basic_n.png
  artifactKey: Guid(1d1f61c09aa8840898cf0d4e98d1c681) Importer(2089858483,b0f066a214c2f5e87bad3c948f4d605d)
Start importing Assets/Projects/GravityDash/kenney_ui-pack/PNG/Red/Double/arrow_basic_n.png using Guid(1d1f61c09aa8840898cf0d4e98d1c681) Importer(2089858483,b0f066a214c2f5e87bad3c948f4d605d) (ScriptedImporter) -> (artifact id: '6b2649d99cc5e1cfde99f4856d2ba4d4') in 0.023508 seconds
Number of updated asset objects reloaded before import = 0Number of asset objects unloaded after import = 3

========================================================================
Received Import Request.
  Time since last request: 0.000104 seconds.
  path: Assets/Projects/GravityDash/kenney_ui-pack/PNG/Extra/Double/button_rectangle_depth_line.png
  artifactKey: Guid(c24323097ba7f4fc99c6779d29bafe42) Importer(2089858483,b0f066a214c2f5e87bad3c948f4d605d)
Start importing Assets/Projects/GravityDash/kenney_ui-pack/PNG/Extra/Double/button_rectangle_depth_line.png using Guid(c24323097ba7f4fc99c6779d29bafe42) Importer(2089858483,b0f066a214c2f5e87bad3c948f4d605d) (ScriptedImporter) -> (artifact id: '48d2b47b08bf45b85c3a5a89f81f2e20') in 0.0249898 seconds
Number of updated asset objects reloaded before import = 0Number of asset objects unloaded after import = 3

========================================================================
Received Import Request.
  Time since last request: 0.000029 seconds.
  path: Assets/Projects/MegaSuperChallengeShot/Graphics/OccaSoftware/Crosshairs/Art/Textures/Crosshair_07.png
  artifactKey: Guid(c9eecbebc2f28f94488fbbf662912f1a) Importer(2089858483,b0f066a214c2f5e87bad3c948f4d605d)
Start importing Assets/Projects/MegaSuperChallengeShot/Graphics/OccaSoftware/Crosshairs/Art/Textures/Crosshair_07.png using Guid(c9eecbebc2f28f94488fbbf662912f1a) Importer(2089858483,b0f066a214c2f5e87bad3c948f4d605d) (ScriptedImporter) -> (artifact id: '9b446206e10e4c42d72ea38f05e095d5') in 0.0259032 seconds
Number of updated asset objects reloaded before import = 0Number of asset objects unloaded after import = 3

========================================================================
Received Import Request.
  Time since last request: 0.000032 seconds.
  path: Assets/Projects/GravityDash/kenney_ui-pack/PNG/Blue/Double/button_rectangle_depth_line.png
  artifactKey: Guid(45e2fa2b6f737417a88c934fa2b073ae) Importer(2089858483,b0f066a214c2f5e87bad3c948f4d605d)
Start importing Assets/Projects/GravityDash/kenney_ui-pack/PNG/Blue/Double/button_rectangle_depth_line.png using Guid(45e2fa2b6f737417a88c934fa2b073ae) Importer(2089858483,b0f066a214c2f5e87bad3c948f4d605d) (ScriptedImporter) -> (artifact id: '30ec74c00860e8eb31b17709ea3979ad') in 0.022847 seconds
Number of updated asset objects reloaded before import = 0Number of asset objects unloaded after import = 3

========================================================================
Received Import Request.
  Time since last request: 0.000023 seconds.
  path: Assets/Projects/GravityDash/kenney_ui-pack/PNG/Red/Double/slide_horizontal_color.png
  artifactKey: Guid(4349fcf98bb1c4019aeba09c6b1b7da9) Importer(2089858483,b0f066a214c2f5e87bad3c948f4d605d)
Start importing Assets/Projects/GravityDash/kenney_ui-pack/PNG/Red/Double/slide_horizontal_color.png using Guid(4349fcf98bb1c4019aeba09c6b1b7da9) Importer(2089858483,b0f066a214c2f5e87bad3c948f4d605d) (ScriptedImporter) -> (artifact id: '1db174e034bca992ea05250efa742fe2') in 0.0247065 seconds
Number of updated asset objects reloaded before import = 0Number of asset objects unloaded after import = 3

========================================================================
Received Import Request.
  Time since last request: 0.000030 seconds.
  path: Assets/Projects/MegaSuperChallengeShot/Graphics/Farland Skies/Low Poly/Demo/URP/Materials/Trees/BranchesMat.mat
  artifactKey: Guid(bc7e2d1bb6e4425fae5ffea1747744e4) Importer(2089858483,b0f066a214c2f5e87bad3c948f4d605d)
Start importing Assets/Projects/MegaSuperChallengeShot/Graphics/Farland Skies/Low Poly/Demo/URP/Materials/Trees/BranchesMat.mat using Guid(bc7e2d1bb6e4425fae5ffea1747744e4) Importer(2089858483,b0f066a214c2f5e87bad3c948f4d605d) (ScriptedImporter) -> (artifact id: '08137ede12dc8d39b50276bff1d93d77') in 0.0172872 seconds
Number of updated asset objects reloaded before import = 0Number of asset objects unloaded after import = 2

========================================================================
Received Import Request.
  Time since last request: 0.000034 seconds.
  path: Assets/Projects/GravityDash/kenney_new-platformer-pack-1.1/Sprites/Tiles/Double/terrain_dirt_block_top.png
  artifactKey: Guid(dd4d0be4462b94f2890f455063706f49) Importer(2089858483,b0f066a214c2f5e87bad3c948f4d605d)
Start importing Assets/Projects/GravityDash/kenney_new-platformer-pack-1.1/Sprites/Tiles/Double/terrain_dirt_block_top.png using Guid(dd4d0be4462b94f2890f455063706f49) Importer(2089858483,b0f066a214c2f5e87bad3c948f4d605d) (ScriptedImporter) -> (artifact id: '0713a93ee18e4daef2cc54542f645129') in 0.0239683 seconds
Number of updated asset objects reloaded before import = 0Number of asset objects unloaded after import = 3

========================================================================
Received Import Request.
  Time since last request: 0.000029 seconds.
  path: Assets/Projects/GravityDash/kenney_ui-pack/PNG/Blue/Double/button_square_line.png
  artifactKey: Guid(6672c33cb711f458f83aedbc0ddf22f3) Importer(2089858483,b0f066a214c2f5e87bad3c948f4d605d)
Start importing Assets/Projects/GravityDash/kenney_ui-pack/PNG/Blue/Double/button_square_line.png using Guid(6672c33cb711f458f83aedbc0ddf22f3) Importer(2089858483,b0f066a214c2f5e87bad3c948f4d605d) (ScriptedImporter) -> (artifact id: '6cc5bdaa308ec270e514bfefd1b05be0') in 0.0195355 seconds
Number of updated asset objects reloaded before import = 0Number of asset objects unloaded after import = 3

========================================================================
Received Import Request.
  Time since last request: 0.000022 seconds.
  path: Assets/Sprites/Cainos/Third Party/Lucid Editor/Editor/Utils/TypeUtil.cs
  artifactKey: Guid(995cb61483290490a88699758f50592e) Importer(2089858483,b0f066a214c2f5e87bad3c948f4d605d)
Start importing Assets/Sprites/Cainos/Third Party/Lucid Editor/Editor/Utils/TypeUtil.cs using Guid(995cb61483290490a88699758f50592e) Importer(2089858483,b0f066a214c2f5e87bad3c948f4d605d) (ScriptedImporter) -> (artifact id: '6da2b6c35d4a4a4a61edaea09de2d483') in 0.0150465 seconds
Number of updated asset objects reloaded before import = 0Number of asset objects unloaded after import = 0

========================================================================
Received Import Request.
  Time since last request: 0.000100 seconds.
  path: Assets/Projects/GravityDash/kenney_ui-pack/PNG/Green/Double/button_square_depth_line.png
  artifactKey: Guid(7e1cc4605c54442168c73d3d4fa5aa83) Importer(2089858483,b0f066a214c2f5e87bad3c948f4d605d)
Start importing Assets/Projects/GravityDash/kenney_ui-pack/PNG/Green/Double/button_square_depth_line.png using Guid(7e1cc4605c54442168c73d3d4fa5aa83) Importer(2089858483,b0f066a214c2f5e87bad3c948f4d605d) (ScriptedImporter) -> (artifact id: 'de981ff4adf51c051ca996d140ffeca4') in 0.0192156 seconds
Number of updated asset objects reloaded before import = 0Number of asset objects unloaded after import = 3

========================================================================
Received Import Request.
  Time since last request: 0.000027 seconds.
  path: Assets/Projects/GravityDash/kenney_ui-pack/PNG/Green/Double/check_square_grey_square.png
  artifactKey: Guid(de8f55cb0a78b4385bfdc1a750cdd3a7) Importer(2089858483,b0f066a214c2f5e87bad3c948f4d605d)
Start importing Assets/Projects/GravityDash/kenney_ui-pack/PNG/Green/Double/check_square_grey_square.png using Guid(de8f55cb0a78b4385bfdc1a750cdd3a7) Importer(2089858483,b0f066a214c2f5e87bad3c948f4d605d) (ScriptedImporter) -> (artifact id: 'd102df58590a78b0989a9bf7500538fa') in 0.0230861 seconds
Number of updated asset objects reloaded before import = 0Number of asset objects unloaded after import = 3

========================================================================
Received Import Request.
  Time since last request: 0.000028 seconds.
  path: Assets/Projects/GravityDash/kenney_ui-pack/PNG/Blue/Double/button_square_depth_border.png
  artifactKey: Guid(0c3b00154a14d414290b92a0ce9e467a) Importer(2089858483,b0f066a214c2f5e87bad3c948f4d605d)
Start importing Assets/Projects/GravityDash/kenney_ui-pack/PNG/Blue/Double/button_square_depth_border.png using Guid(0c3b00154a14d414290b92a0ce9e467a) Importer(2089858483,b0f066a214c2f5e87bad3c948f4d605d) (ScriptedImporter) -> (artifact id: 'a6cc11a937a11289339fd2538da37502') in 0.0224652 seconds
Number of updated asset objects reloaded before import = 0Number of asset objects unloaded after import = 3

========================================================================
Received Import Request.
  Time since last request: 0.000026 seconds.
  path: Assets/Projects/GravityDash/kenney_ui-pack/PNG/Grey/Double/button_round_depth_flat.png
  artifactKey: Guid(8ea50b5dd63bd4e38ac936214fc7e085) Importer(2089858483,b0f066a214c2f5e87bad3c948f4d605d)
Start importing Assets/Projects/GravityDash/kenney_ui-pack/PNG/Grey/Double/button_round_depth_flat.png using Guid(8ea50b5dd63bd4e38ac936214fc7e085) Importer(2089858483,b0f066a214c2f5e87bad3c948f4d605d) (ScriptedImporter) -> (artifact id: '9d1abe4857387fef88eaf89199111085') in 0.0225407 seconds
Number of updated asset objects reloaded before import = 0Number of asset objects unloaded after import = 3

========================================================================
Received Import Request.
  Time since last request: 0.000029 seconds.
  path: Assets/Projects/GravityDash/kenney_ui-pack/PNG/Blue/Double/arrow_basic_s.png
  artifactKey: Guid(67d853f6044294001bddaf11f68b58de) Importer(2089858483,b0f066a214c2f5e87bad3c948f4d605d)
Start importing Assets/Projects/GravityDash/kenney_ui-pack/PNG/Blue/Double/arrow_basic_s.png using Guid(67d853f6044294001bddaf11f68b58de) Importer(2089858483,b0f066a214c2f5e87bad3c948f4d605d) (ScriptedImporter) -> (artifact id: '68c8725ef78dfe5d7f90ae72e1ef466e') in 0.0196497 seconds
Number of updated asset objects reloaded before import = 0Number of asset objects unloaded after import = 3

========================================================================
Received Import Request.
  Time since last request: 0.000029 seconds.
  path: Assets/Projects/GravityDash/kenney_new-platformer-pack-1.1/Sprites/Tiles/Double/terrain_grass_ramp_long_a.png
  artifactKey: Guid(7a1176c6fb684455c9d703e55f03edf8) Importer(2089858483,b0f066a214c2f5e87bad3c948f4d605d)
Start importing Assets/Projects/GravityDash/kenney_new-platformer-pack-1.1/Sprites/Tiles/Double/terrain_grass_ramp_long_a.png using Guid(7a1176c6fb684455c9d703e55f03edf8) Importer(2089858483,b0f066a214c2f5e87bad3c948f4d605d) (ScriptedImporter) -> (artifact id: '064153702e16e4da089188be77f2e366') in 0.0240296 seconds
Number of updated asset objects reloaded before import = 0Number of asset objects unloaded after import = 3

========================================================================
Received Import Request.
  Time since last request: 0.000023 seconds.
  path: Assets/Projects/GravityDash/kenney_ui-pack/PNG/Blue/Double/button_rectangle_flat.png
  artifactKey: Guid(37be66e3cb7b74261859a8aac32c2d01) Importer(2089858483,b0f066a214c2f5e87bad3c948f4d605d)
Start importing Assets/Projects/GravityDash/kenney_ui-pack/PNG/Blue/Double/button_rectangle_flat.png using Guid(37be66e3cb7b74261859a8aac32c2d01) Importer(2089858483,b0f066a214c2f5e87bad3c948f4d605d) (ScriptedImporter) -> (artifact id: '724d05af37a4aa291f21c5fc69c8d340') in 0.0231603 seconds
Number of updated asset objects reloaded before import = 0Number of asset objects unloaded after import = 3

========================================================================
Received Import Request.
  Time since last request: 0.000038 seconds.
  path: Assets/Projects/GravityDash/kenney_ui-pack/PNG/Grey/Default/check_round_color.png
  artifactKey: Guid(be051f25a7cb646679a3bca244103d2f) Importer(2089858483,b0f066a214c2f5e87bad3c948f4d605d)
Start importing Assets/Projects/GravityDash/kenney_ui-pack/PNG/Grey/Default/check_round_color.png using Guid(be051f25a7cb646679a3bca244103d2f) Importer(2089858483,b0f066a214c2f5e87bad3c948f4d605d) (ScriptedImporter) -> (artifact id: 'e25886c4223d15c897e4a12868a9623a') in 0.0170157 seconds
Number of updated asset objects reloaded before import = 0Number of asset objects unloaded after import = 3

========================================================================
Received Import Request.
  Time since last request: 0.000044 seconds.
  path: Assets/Sprites/Cainos/Third Party/Lucid Editor/Editor/InspectorProperty/EditableInspectorProperty.cs
  artifactKey: Guid(f7ac5aa63dd4d054fb62f161ede208e1) Importer(2089858483,b0f066a214c2f5e87bad3c948f4d605d)
Start importing Assets/Sprites/Cainos/Third Party/Lucid Editor/Editor/InspectorProperty/EditableInspectorProperty.cs using Guid(f7ac5aa63dd4d054fb62f161ede208e1) Importer(2089858483,b0f066a214c2f5e87bad3c948f4d605d) (ScriptedImporter) -> (artifact id: '8ef40d7cc9490f64ae35bda0bf074b80') in 0.0125809 seconds
Number of updated asset objects reloaded before import = 0Number of asset objects unloaded after import = 0

========================================================================
Received Import Request.
  Time since last request: 0.000026 seconds.
  path: Assets/Projects/GravityDash/kenney_new-platformer-pack-1.1/Sprites/Tiles/Double/hud_player_helmet_purple.png
  artifactKey: Guid(f7c82438119494feabc7568143f68f55) Importer(2089858483,b0f066a214c2f5e87bad3c948f4d605d)
Start importing Assets/Projects/GravityDash/kenney_new-platformer-pack-1.1/Sprites/Tiles/Double/hud_player_helmet_purple.png using Guid(f7c82438119494feabc7568143f68f55) Importer(2089858483,b0f066a214c2f5e87bad3c948f4d605d) (ScriptedImporter) -> (artifact id: 'ac92aa03756555509890d4e8cee8e3a3') in 0.0191707 seconds
Number of updated asset objects reloaded before import = 0Number of asset objects unloaded after import = 3

========================================================================
Received Import Request.
  Time since last request: 0.000023 seconds.
  path: Assets/Projects/GravityDash/kenney_ui-pack/PNG/Green/Default/slide_vertical_color_section.png
  artifactKey: Guid(f2ea286cb776048a0b0e4ca54ac074f3) Importer(2089858483,b0f066a214c2f5e87bad3c948f4d605d)
Start importing Assets/Projects/GravityDash/kenney_ui-pack/PNG/Green/Default/slide_vertical_color_section.png using Guid(f2ea286cb776048a0b0e4ca54ac074f3) Importer(2089858483,b0f066a214c2f5e87bad3c948f4d605d) (ScriptedImporter) -> (artifact id: '6158cc44f220080a9d9b3e9f11de1905') in 0.019071 seconds
Number of updated asset objects reloaded before import = 0Number of asset objects unloaded after import = 3

========================================================================
Received Import Request.
  Time since last request: 0.000033 seconds.
  path: Assets/Projects/GravityDash/kenney_ui-pack/PNG/Extra/Default/icon_arrow_up_light.png
  artifactKey: Guid(7ef54ed5fce004eb2b7f7a5175911841) Importer(2089858483,b0f066a214c2f5e87bad3c948f4d605d)
Start importing Assets/Projects/GravityDash/kenney_ui-pack/PNG/Extra/Default/icon_arrow_up_light.png using Guid(7ef54ed5fce004eb2b7f7a5175911841) Importer(2089858483,b0f066a214c2f5e87bad3c948f4d605d) (ScriptedImporter) -> (artifact id: '0a70e74e01202700d97f8ab106b852e8') in 0.0234151 seconds
Number of updated asset objects reloaded before import = 0Number of asset objects unloaded after import = 3

========================================================================
Received Import Request.
  Time since last request: 0.000020 seconds.
  path: Assets/Projects/MegaSuperChallengeShot/Graphics/Cute_Birds(4 in 1)Mini/B3_Egret/Animations/BirdEgr_3.anim
  artifactKey: Guid(b86559a63c6e98a4896352daa5723e32) Importer(2089858483,b0f066a214c2f5e87bad3c948f4d605d)
Start importing Assets/Projects/MegaSuperChallengeShot/Graphics/Cute_Birds(4 in 1)Mini/B3_Egret/Animations/BirdEgr_3.anim using Guid(b86559a63c6e98a4896352daa5723e32) Importer(2089858483,b0f066a214c2f5e87bad3c948f4d605d) (ScriptedImporter) -> (artifact id: 'd92caa00aeab499a4a7830b06f55417a') in 0.0146125 seconds
Number of updated asset objects reloaded before import = 0Number of asset objects unloaded after import = 1

========================================================================
Received Import Request.
  Time since last request: 0.000030 seconds.
  path: Assets/Projects/GravityDash/kenney_ui-pack/PNG/Red/Double/arrow_basic_s.png
  artifactKey: Guid(fbaa50a050f4a48fa937efcf46162b7b) Importer(2089858483,b0f066a214c2f5e87bad3c948f4d605d)
Start importing Assets/Projects/GravityDash/kenney_ui-pack/PNG/Red/Double/arrow_basic_s.png using Guid(fbaa50a050f4a48fa937efcf46162b7b) Importer(2089858483,b0f066a214c2f5e87bad3c948f4d605d) (ScriptedImporter) -> (artifact id: 'f7c2d9476eea62ef6cd575828d8c350e') in 0.0206194 seconds
Number of updated asset objects reloaded before import = 0Number of asset objects unloaded after import = 3

Editor requested this worker to shutdown with reason: Scaling down because of idle timeout
AssetImportWorker is now disconnected from the server
Process exiting
Exiting without the bug reporter. Application will terminate with return code 0