[Licensing::Module] Trying to connect to existing licensing client channel...
Built from '6000.3/staging' branch; Version is '6000.3.8f1 (1c7db571dde0) revision 1867189'; Using compiler version '194234433'; Build Type 'Release'
[Licensing::IpcConnector] Successfully connected to: "LicenseClient-Vetlik" at "2026-06-13T13:11:58.2689108Z"
OS: 'Windows 11  (10.0.26200) Professional' Language: 'uk' Physical Memory: 32189 MB
BatchMode: 1, IsHumanControllingUs: 0, StartBugReporterOnCrash: 0, Is64bit: 1
System  architecture: x64
Process architecture: x64
Date: 2026-06-13T13:11:58Z

COMMAND LINE ARGUMENTS:
C:\Program Files\Unity\Hub\Editor\6000.3.8f1\Editor\Unity.exe
-adb2
-batchMode
-noUpm
-name
AssetImportWorker0
-projectPath
D:/3 курс_2 семестр_Чайковський/Крос-платформне програмування/fixed_games/lab6/labs_gamedev
-logFile
Logs/AssetImportWorker0.log
-srvPort
55765
-licensingIpc
LicenseClient-Vetlik
-job-worker-count
10
-background-job-worker-count
8
-gc-helper-count
1
-name
AssetImport
Successfully changed project path to: D:/3 курс_2 семестр_Чайковський/Крос-платформне програмування/fixed_games/lab6/labs_gamedev
D:/3 курс_2 семестр_Чайковський/Крос-платформне програмування/fixed_games/lab6/labs_gamedev
[UnityMemory] Configuration Parameters - Can be set up in boot.config
    "memorysetup-temp-allocator-size-nav-mesh-worker=65536"
    "memorysetup-temp-allocator-size-audio-worker=65536"
    "memorysetup-temp-allocator-size-gfx=262144"
    "memorysetup-allocator-temp-initial-block-size-main=262144"
    "memorysetup-allocator-temp-initial-block-size-worker=262144"
    "memorysetup-temp-allocator-size-background-worker=32768"
    "memorysetup-temp-allocator-size-job-worker=262144"
    "memorysetup-temp-allocator-size-preload-manager=33554432"
    "memorysetup-temp-allocator-size-gi-baking-worker=262144"
    "memorysetup-temp-allocator-size-gi-baking-worker=262144"
    "memorysetup-temp-allocator-size-gi-baking-worker=262144"
    "memorysetup-temp-allocator-size-gi-baking-worker=262144"
    "memorysetup-temp-allocator-size-gi-baking-worker=262144"
    "memorysetup-bucket-allocator-granularity=16"
    "memorysetup-bucket-allocator-bucket-count=8"
    "memorysetup-bucket-allocator-block-size=33554432"
    "memorysetup-bucket-allocator-block-count=8"
    "memorysetup-main-allocator-block-size=16777216"
    "memorysetup-thread-allocator-block-size=16777216"
    "memorysetup-gfx-main-allocator-block-size=16777216"
    "memorysetup-gfx-thread-allocator-block-size=16777216"
    "memorysetup-cache-allocator-block-size=4194304"
    "memorysetup-typetree-allocator-block-size=2097152"
    "memorysetup-profiler-bucket-allocator-granularity=16"
    "memorysetup-profiler-bucket-allocator-bucket-count=8"
    "memorysetup-profiler-bucket-allocator-block-size=33554432"
    "memorysetup-profiler-bucket-allocator-block-count=8"
    "memorysetup-profiler-allocator-block-size=16777216"
    "memorysetup-profiler-editor-allocator-block-size=1048576"
    "memorysetup-temp-allocator-size-main=16777216"
    "memorysetup-job-temp-allocator-block-size=2097152"
    "memorysetup-job-temp-allocator-block-size-background=1048576"
    "memorysetup-job-temp-allocator-reduction-small-platforms=262144"
    "memorysetup-temp-allocator-size-cloud-worker=32768"
Player connection [6616]  Target information:

Player connection [6616]  * "[IP] 192.168.56.1 [Port] 0 [Flags] 2 [Guid] 2359935114 [EditorId] 2359935114 [Version] 1048832 [Id] WindowsEditor(7,DESKTOP-0FQ05EC) [Debug] 1 [PackageName] WindowsEditor [ProjectName] Editor" 

Player connection [6616]  * "[IP] 172.31.64.1 [Port] 0 [Flags] 2 [Guid] 2359935114 [EditorId] 2359935114 [Version] 1048832 [Id] WindowsEditor(7,DESKTOP-0FQ05EC) [Debug] 1 [PackageName] WindowsEditor [ProjectName] Editor" 

Player connection [6616]  * "[IP] 192.168.0.110 [Port] 0 [Flags] 2 [Guid] 2359935114 [EditorId] 2359935114 [Version] 1048832 [Id] WindowsEditor(7,DESKTOP-0FQ05EC) [Debug] 1 [PackageName] WindowsEditor [ProjectName] Editor" 

Player connection [6616] Host joined multi-casting on [225.0.0.222:54997]...
Player connection [6616] Host joined alternative multi-casting on [225.0.0.222:34997]...
JobSystem: Creating JobQueue using job-worker-count value 10
Input System module state changed to: Initialized.
[Physics::Module] Initialized fallback backend.
[Physics::Module] Id: 0xdecafbad
Library Redirect Path: Library/
[Physics::Module] Selected backend.
[Physics::Module] Name: PhysX
[Physics::Module] Id: 0xf2b8ea05
[Physics::Module] SDK Version: 4.1.2
[Physics::Module] Integration Version: 1.0.0
[Physics::Module] Threading Mode: Multi-Threaded
Refreshing native plugins compatible for Editor in 8.90 ms, found 4 plugins.
Preloading 0 native plugins for Editor in 0.00 ms.
Initialize engine version: 6000.3.8f1 (1c7db571dde0)
[Subsystems] Discovering subsystems at path C:/Program Files/Unity/Hub/Editor/6000.3.8f1/Editor/Data/Resources/UnitySubsystems
[Subsystems] Discovering subsystems at path D:/3 курс_2 семестр_Чайковський/Крос-платформне програмування/fixed_games/lab6/labs_gamedev/Assets
GfxDevice: creating device client; kGfxThreadingModeNonThreaded
Direct3D:
    Version:  Direct3D 11.0 [level 11.1]
    Renderer: Intel(R) Arc(TM) Graphics (ID=0x7d55)
    Vendor:   Intel
    VRAM:     18347 MB
    Driver:   32.0.101.8132
Initialize mono
Mono path[0] = 'C:/Program Files/Unity/Hub/Editor/6000.3.8f1/Editor/Data/Managed'
Mono path[1] = 'C:/Program Files/Unity/Hub/Editor/6000.3.8f1/Editor/Data/MonoBleedingEdge/lib/mono/unityjit-win32'
Mono config path = 'C:/Program Files/Unity/Hub/Editor/6000.3.8f1/Editor/Data/MonoBleedingEdge/etc'
Using monoOptions --debugger-agent=transport=dt_socket,embedding=1,server=y,suspend=n,address=127.0.0.1:56772
Begin MonoManager ReloadAssembly
Registering precompiled unity dll's ...
Register platform support module: C:/Program Files/Unity/Hub/Editor/6000.3.8f1/Editor/Data/PlaybackEngines/WindowsStandaloneSupport/UnityEditor.WindowsStandalone.Extensions.dll
Registered in 0.004691 seconds.
- Loaded All Assemblies, in  1.145 seconds
Native extension for WindowsStandalone target not found
ScheduleIndexationOnStartup MainProcess:False IndexOnStartup:True
Mono: successfully reloaded assembly
- Finished resetting the current domain, in  0.786 seconds
Domain Reload Profiling: 1923ms
	BeginReloadAssembly (426ms)
		ExecutionOrderSort (0ms)
		DisableScriptedObjects (0ms)
		BackupInstance (0ms)
		ReleaseScriptingObjects (0ms)
		CreateAndSetChildDomain (2ms)
	RebuildCommonClasses (103ms)
	RebuildNativeTypeToScriptingClass (29ms)
	initialDomainReloadingComplete (117ms)
	LoadAllAssembliesAndSetupDomain (462ms)
		LoadAssemblies (420ms)
		RebuildTransferFunctionScriptingTraits (0ms)
		AnalyzeDomain (454ms)
			TypeCache.Refresh (451ms)
				TypeCache.ScanAssembly (418ms)
			BuildScriptInfoCaches (0ms)
			ResolveRequiredComponents (1ms)
	FinalizeReload (786ms)
		ReleaseScriptCaches (0ms)
		RebuildScriptCaches (0ms)
		SetupLoadedEditorAssemblies (679ms)
			LogAssemblyErrors (0ms)
			InitializePlatformSupportModulesInManaged (99ms)
			SetLoadedEditorAssemblies (8ms)
			BeforeProcessingInitializeOnLoad (195ms)
			ProcessInitializeOnLoadAttributes (268ms)
			ProcessInitializeOnLoadMethodAttributes (110ms)
			AfterProcessingInitializeOnLoad (0ms)
			EditorAssembliesLoaded (0ms)
		ExecutionOrderSort2 (0ms)
		AwakeInstancesAfterBackupRestoration (0ms)
========================================================================
Worker process is ready to serve import requests
Import Worker Mode flag is 0x00
[Licensing::Client] Handshaking with LicensingClient:
  Version:                 1.17.4+4293ba1
  Session Id:              c9f4af0a45d142e6af72df36a6243677
  Correlation Id:          04bed74e7ec85f4ac415e3263256bf27
  External correlation Id: 7913849837797736971
  Machine Id:              XF9qbCF8jYGah7fdRYj1Jhek+PE=
[Licensing::Module] Successfully connected to LicensingClient on channel: "LicenseClient-Vetlik" (connect: 0.00s, validation: 0.00s, handshake: 3.90s)
[Licensing::IpcConnector] Successfully connected to: "LicenseClient-Vetlik-notifications" at "2026-06-13T13:12:02.176597Z"
[Licensing::Module] Licensing Background thread has ended after 3.91s
Begin MonoManager ReloadAssembly
[Licensing::Client] Successfully resolved entitlement details
[Licensing::Module] License group:
  Id: F4-6GGE-9CKT-UPYG-SP8W-XXXX
  Product: Unity Personal
  Type: ULF
  Expiration: Unlimited
[Licensing::Module] License group:
  Id: 7972560156196-UnityPersXXXX
  Product: Unity Personal
  Type: Assigned
  Expiration: Unlimited
DirectoryNotFoundException: Could not find a part of the path "D:\3 курс_2 семестр_Чайковський\Крос-платформне програмування\fixed_games\lab6\labs_gamedev\Assets\UnityAds\UnityEngine.Advertisements.Editor.dll".
  at System.IO.FileStream..ctor (System.String path, System.IO.FileMode mode, System.IO.FileAccess access, System.IO.FileShare share, System.Int32 bufferSize, System.Boolean anonymous, System.IO.FileOptions options) [0x00164] in <1eb9db207454431c84a47bcd81e79c37>:0 
  at System.IO.FileStream..ctor (System.String path, System.IO.FileMode mode, System.IO.FileAccess access, System.IO.FileShare share) [0x00000] in <1eb9db207454431c84a47bcd81e79c37>:0 
  at (wrapper remoting-invoke-with-check) System.IO.FileStream..ctor(string,System.IO.FileMode,System.IO.FileAccess,System.IO.FileShare)
  at Mono.Cecil.ModuleDefinition.GetFileStream (System.String fileName, System.IO.FileMode mode, System.IO.FileAccess access, System.IO.FileShare share) [0x00006] in <4e339395f8074c75847e518298d9c5fd>:0 
  at Mono.Cecil.ModuleDefinition.ReadModule (System.String fileName, Mono.Cecil.ReaderParameters parameters) [0x00008] in <4e339395f8074c75847e518298d9c5fd>:0 
  at Mono.Cecil.AssemblyDefinition.ReadAssembly (System.String fileName, Mono.Cecil.ReaderParameters parameters) [0x00000] in <4e339395f8074c75847e518298d9c5fd>:0 
  at UnityEditor.AssemblyValidation.LoadAssemblyDefinitions (System.String[] assemblyPaths, System.String[] searchPaths) [0x00048] in <6dd00658fb454e6fb4c06a416ab8eaa1>:0 
  at UnityEditor.AssemblyValidation.ValidateAssemblies (System.String[] assemblyPaths, System.Boolean enableLogging) [0x00007] in <6dd00658fb454e6fb4c06a416ab8eaa1>:0 

Symbol file data-000002242AEDD460 doesn't match image D:\3 курс_2 семестр_Чайковський\Крос-платформне програмування\fixed_games\lab6\labs_gamedev\Library\ScriptAssemblies\Unity.ShaderGraph.Editor.dll
Symbol file LoadedFromMemory is not a mono symbol file
Loading assembly failed: "Assets/UnityAds/UnityEngine.Advertisements.Editor.dll"
Symbol file LoadedFromMemory is not a mono symbol file
- Loaded All Assemblies, in 32.934 seconds
Failed to determine dll type for Assets/UnityAds/UnityEngine.Advertisements.Unsupported.dll
Failed to determine dll type for Assets/UnityAds/UnityEngine.Advertisements.Unsupported.dll
Failed to determine dll type for Assets/UnityAds/UnityEngine.Advertisements.Editor.dll
Failed to determine dll type for Assets/UnityAds/UnityEngine.Advertisements.Editor.dll
Failed to determine dll type for Assets/UnityAds/UnityEngine.Advertisements.iOS.dll
Failed to determine dll type for Assets/UnityAds/UnityEngine.Advertisements.iOS.dll
Failed to determine dll type for Assets/UnityAds/UnityEngine.Advertisements.Android.dll
Failed to determine dll type for Assets/UnityAds/UnityEngine.Advertisements.Android.dll
Refreshing native plugins compatible for Editor in 5.80 ms, found 4 plugins.
Native extension for WindowsStandalone target not found
Refreshing native plugins compatible for Editor in 4.79 ms, found 4 plugins.
Package Manager log level set to [2]
[Package Manager] Failed to launch server process. Reason: Unity was launched with the -noUpm command-line argument
[Package Manager] Unable to send message (not connected to server process).
[Package Manager] Cannot connect to Unity Package Manager local server
ScheduleIndexationOnStartup MainProcess:False IndexOnStartup:True
Mono: successfully reloaded assembly
- Finished resetting the current domain, in  1.392 seconds
Domain Reload Profiling: 34322ms
	BeginReloadAssembly (202ms)
		ExecutionOrderSort (0ms)
		DisableScriptedObjects (7ms)
		BackupInstance (0ms)
		ReleaseScriptingObjects (0ms)
		CreateAndSetChildDomain (37ms)
	RebuildCommonClasses (38ms)
	RebuildNativeTypeToScriptingClass (14ms)
	initialDomainReloadingComplete (50ms)
	LoadAllAssembliesAndSetupDomain (32625ms)
		LoadAssemblies (31778ms)
		RebuildTransferFunctionScriptingTraits (0ms)
		AnalyzeDomain (959ms)
			TypeCache.Refresh (620ms)
				TypeCache.ScanAssembly (576ms)
			BuildScriptInfoCaches (305ms)
			ResolveRequiredComponents (19ms)
	FinalizeReload (1392ms)
		ReleaseScriptCaches (0ms)
		RebuildScriptCaches (0ms)
		SetupLoadedEditorAssemblies (1206ms)
			LogAssemblyErrors (0ms)
			InitializePlatformSupportModulesInManaged (2ms)
			SetLoadedEditorAssemblies (9ms)
			BeforeProcessingInitializeOnLoad (316ms)
			ProcessInitializeOnLoadAttributes (625ms)
			ProcessInitializeOnLoadMethodAttributes (249ms)
			AfterProcessingInitializeOnLoad (4ms)
			EditorAssembliesLoaded (0ms)
		ExecutionOrderSort2 (0ms)
		AwakeInstancesAfterBackupRestoration (6ms)
WARNING: Shader Unsupported: 'Hidden/Universal Render Pipeline/Terrain/Lit (Base Pass)' - All subshaders removed
WARNING: Shader Did you use #pragma only_renderers and omit this platform?
WARNING: Shader If subshaders removal was intentional, you may have forgotten turning Fallback off?
WARNING: Shader Unsupported: 'Hidden/Universal Render Pipeline/Terrain/Lit (Base Pass)' - All subshaders removed
WARNING: Shader Did you use #pragma only_renderers and omit this platform?
WARNING: Shader If subshaders removal was intentional, you may have forgotten turning Fallback off?
WARNING: Shader Unsupported: 'Universal Render Pipeline/Terrain/Lit' - All subshaders removed
WARNING: Shader Did you use #pragma only_renderers and omit this platform?
WARNING: Shader If subshaders removal was intentional, you may have forgotten turning Fallback off?
WARNING: Shader Unsupported: 'Universal Render Pipeline/Terrain/Lit' - All subshaders removed
WARNING: Shader Did you use #pragma only_renderers and omit this platform?
WARNING: Shader If subshaders removal was intentional, you may have forgotten turning Fallback off?
Launched and connected shader compiler UnityShaderCompiler.exe after 0.02 seconds
Refreshing native plugins compatible for Editor in 6.52 ms, found 4 plugins.
Preloading 0 native plugins for Editor in 0.00 ms.
Unloading 45 Unused Serialized files (Serialized files now loaded: 0)
Unloading 8175 unused Assets / (8.1 MB). Loaded Objects now: 8800.
Memory consumption went from 161.9 MB to 153.8 MB.
Total: 19.543300 ms (FindLiveObjects: 0.786500 ms CreateObjectMapping: 0.812400 ms MarkObjects: 13.041500 ms  DeleteObjects: 4.901100 ms)

========================================================================
Received Prepare
WARNING: Shader Unsupported: 'Hidden/Universal Render Pipeline/Terrain/Lit (Base Pass)' - All subshaders removed
WARNING: Shader Did you use #pragma only_renderers and omit this platform?
WARNING: Shader If subshaders removal was intentional, you may have forgotten turning Fallback off?
WARNING: Shader Unsupported: 'Hidden/Universal Render Pipeline/Terrain/Lit (Base Pass)' - All subshaders removed
WARNING: Shader Did you use #pragma only_renderers and omit this platform?
WARNING: Shader If subshaders removal was intentional, you may have forgotten turning Fallback off?
WARNING: Shader Unsupported: 'Universal Render Pipeline/Terrain/Lit' - All subshaders removed
WARNING: Shader Did you use #pragma only_renderers and omit this platform?
WARNING: Shader If subshaders removal was intentional, you may have forgotten turning Fallback off?
WARNING: Shader Unsupported: 'Universal Render Pipeline/Terrain/Lit' - All subshaders removed
WARNING: Shader Did you use #pragma only_renderers and omit this platform?
WARNING: Shader If subshaders removal was intentional, you may have forgotten turning Fallback off?
Refreshing native plugins compatible for Editor in 8.86 ms, found 4 plugins.
Preloading 0 native plugins for Editor in 0.00 ms.
Unloading 45 Unused Serialized files (Serialized files now loaded: 0)
Unloading 8129 unused Assets / (7.3 MB). Loaded Objects now: 8800.
Memory consumption went from 158.6 MB to 151.3 MB.
Total: 19.804100 ms (FindLiveObjects: 0.766100 ms CreateObjectMapping: 0.792500 ms MarkObjects: 14.391300 ms  DeleteObjects: 3.852300 ms)

Prepare: number of updated asset objects reloaded= 0
========================================================================
Received Import Request.
  Time since last request: 262065.080442 seconds.
  path: Assets/Sprites/Cainos/Pixel Art Platformer - Village Props/Animation/Chest Iron/AC Chest Iron.controller
  artifactKey: Guid(5234951bdcf8c734a988b8911aa85e70) Importer(2089858483,b0f066a214c2f5e87bad3c948f4d605d)
Start importing Assets/Sprites/Cainos/Pixel Art Platformer - Village Props/Animation/Chest Iron/AC Chest Iron.controller using Guid(5234951bdcf8c734a988b8911aa85e70) Importer(2089858483,b0f066a214c2f5e87bad3c948f4d605d) (ScriptedImporter) -> (artifact id: '29a1b12a7b70a377fed72229b3cd03ed') in 0.1537743 seconds
Number of updated asset objects reloaded before import = 0Number of asset objects unloaded after import = 14

========================================================================
Received Import Request.
  Time since last request: 0.000022 seconds.
  path: Assets/Projects/GravityDash/kenney_ui-pack/Vector/Red/button_rectangle_depth_border.svg
  artifactKey: Guid(f6a57226f383c46139c865a31b7035cf) Importer(2089858483,b0f066a214c2f5e87bad3c948f4d605d)
Start importing Assets/Projects/GravityDash/kenney_ui-pack/Vector/Red/button_rectangle_depth_border.svg using Guid(f6a57226f383c46139c865a31b7035cf) Importer(2089858483,b0f066a214c2f5e87bad3c948f4d605d) (ScriptedImporter) -> (artifact id: 'e68a58a17c9505cc58dbc0a7c4697462') in 0.0655002 seconds
Number of updated asset objects reloaded before import = 0Number of asset objects unloaded after import = 1

========================================================================
Received Import Request.
  Time since last request: 0.000058 seconds.
  path: Assets/Projects/GravityDash/kenney_ui-pack/Vector/Red/button_round_depth_line.svg
  artifactKey: Guid(0d16f80e348d14376b19f3e627a451eb) Importer(2089858483,b0f066a214c2f5e87bad3c948f4d605d)
Start importing Assets/Projects/GravityDash/kenney_ui-pack/Vector/Red/button_round_depth_line.svg using Guid(0d16f80e348d14376b19f3e627a451eb) Importer(2089858483,b0f066a214c2f5e87bad3c948f4d605d) (ScriptedImporter) -> (artifact id: '0c09e772b798610255e35d02c870465d') in 0.0294126 seconds
Number of updated asset objects reloaded before import = 0Number of asset objects unloaded after import = 1

========================================================================
Received Import Request.
  Time since last request: 0.000055 seconds.
  path: Assets/Projects/GravityDash/kenney_ui-pack/Vector/Yellow/button_round_depth_gradient.svg
  artifactKey: Guid(a484135c213e846589d4f0704b3a8928) Importer(2089858483,b0f066a214c2f5e87bad3c948f4d605d)
Start importing Assets/Projects/GravityDash/kenney_ui-pack/Vector/Yellow/button_round_depth_gradient.svg using Guid(a484135c213e846589d4f0704b3a8928) Importer(2089858483,b0f066a214c2f5e87bad3c948f4d605d) (ScriptedImporter) -> (artifact id: '2748a19a5acf15e5e8b71259b119c0b4') in 0.0321404 seconds
Number of updated asset objects reloaded before import = 0Number of asset objects unloaded after import = 2

========================================================================
Received Import Request.
  Time since last request: 0.000023 seconds.
  path: Assets/Projects/GravityDash/kenney_ui-pack/Vector/Red/button_round_depth_flat.svg
  artifactKey: Guid(172eab38bfd304338b5bdf89975f78d2) Importer(2089858483,b0f066a214c2f5e87bad3c948f4d605d)
Start importing Assets/Projects/GravityDash/kenney_ui-pack/Vector/Red/button_round_depth_flat.svg using Guid(172eab38bfd304338b5bdf89975f78d2) Importer(2089858483,b0f066a214c2f5e87bad3c948f4d605d) (ScriptedImporter) -> (artifact id: 'feaf88e6121210da487385ed418ff074') in 0.0262204 seconds
Number of updated asset objects reloaded before import = 0Number of asset objects unloaded after import = 1

========================================================================
Received Import Request.
  Time since last request: 0.000102 seconds.
  path: Assets/Sprites/Cainos/Pixel Art Platformer - Village Props/Tileset Palette/TP Ground/TX Tileset Ground_141.asset
  artifactKey: Guid(af04755bd4d3f304f8204f2227c58cf1) Importer(2089858483,b0f066a214c2f5e87bad3c948f4d605d)
Start importing Assets/Sprites/Cainos/Pixel Art Platformer - Village Props/Tileset Palette/TP Ground/TX Tileset Ground_141.asset using Guid(af04755bd4d3f304f8204f2227c58cf1) Importer(2089858483,b0f066a214c2f5e87bad3c948f4d605d) (ScriptedImporter) -> (artifact id: 'b8584bd48466bd504b78aa29bbe9e330') in 0.0349277 seconds
Number of updated asset objects reloaded before import = 0Number of asset objects unloaded after import = 2

========================================================================
Received Import Request.
  Time since last request: 0.000022 seconds.
  path: Assets/Projects/GravityDash/kenney_ui-pack/Vector/Red/button_square_gradient.svg
  artifactKey: Guid(71aa8bedb2d3d44638d2dd334f323949) Importer(2089858483,b0f066a214c2f5e87bad3c948f4d605d)
Start importing Assets/Projects/GravityDash/kenney_ui-pack/Vector/Red/button_square_gradient.svg using Guid(71aa8bedb2d3d44638d2dd334f323949) Importer(2089858483,b0f066a214c2f5e87bad3c948f4d605d) (ScriptedImporter) -> (artifact id: '08de37a9b87d44e3afe6fbde47776e87') in 0.0297576 seconds
Number of updated asset objects reloaded before import = 0Number of asset objects unloaded after import = 2

========================================================================
Received Import Request.
  Time since last request: 0.000022 seconds.
  path: Assets/Sprites/Cainos/Pixel Art Platformer - Village Props/Tileset Palette/TP Ground/TX Tileset Ground_106.asset
  artifactKey: Guid(01ec02c8faf2f3541a0f15f8f2dfa773) Importer(2089858483,b0f066a214c2f5e87bad3c948f4d605d)
Start importing Assets/Sprites/Cainos/Pixel Art Platformer - Village Props/Tileset Palette/TP Ground/TX Tileset Ground_106.asset using Guid(01ec02c8faf2f3541a0f15f8f2dfa773) Importer(2089858483,b0f066a214c2f5e87bad3c948f4d605d) (ScriptedImporter) -> (artifact id: '16b55e67c77bf5ac093260888c8e3975') in 0.0303232 seconds
Number of updated asset objects reloaded before import = 0Number of asset objects unloaded after import = 2

========================================================================
Received Import Request.
  Time since last request: 0.000022 seconds.
  path: Assets/Sprites/Cainos/Pixel Art Platformer - Village Props/Tileset Palette/TP Ground/TX Tileset Ground_143.asset
  artifactKey: Guid(bc0067ee5dcadd440b702c5e0ac244ff) Importer(2089858483,b0f066a214c2f5e87bad3c948f4d605d)
Start importing Assets/Sprites/Cainos/Pixel Art Platformer - Village Props/Tileset Palette/TP Ground/TX Tileset Ground_143.asset using Guid(bc0067ee5dcadd440b702c5e0ac244ff) Importer(2089858483,b0f066a214c2f5e87bad3c948f4d605d) (ScriptedImporter) -> (artifact id: '84a06cfbfd9508720ca49322c97d8418') in 0.026447 seconds
Number of updated asset objects reloaded before import = 0Number of asset objects unloaded after import = 2

========================================================================
Received Import Request.
  Time since last request: 0.000032 seconds.
  path: Assets/Projects/GravityDash/kenney_ui-pack/Vector/Yellow/slide_horizontal_grey.svg
  artifactKey: Guid(3294c1c6e3c144b058009c6bbcfe4cf5) Importer(2089858483,b0f066a214c2f5e87bad3c948f4d605d)
Start importing Assets/Projects/GravityDash/kenney_ui-pack/Vector/Yellow/slide_horizontal_grey.svg using Guid(3294c1c6e3c144b058009c6bbcfe4cf5) Importer(2089858483,b0f066a214c2f5e87bad3c948f4d605d) (ScriptedImporter) -> (artifact id: 'fb688de190fb240668bd8fe7faa9b7bf') in 0.0164177 seconds
Number of updated asset objects reloaded before import = 0Number of asset objects unloaded after import = 1

========================================================================
Received Import Request.
  Time since last request: 0.000083 seconds.
  path: Assets/Projects/GravityDash/kenney_ui-pack/Vector/Red/check_square_color_square.svg
  artifactKey: Guid(ec3bc1c8e1bc549058276f583ecfabe6) Importer(2089858483,b0f066a214c2f5e87bad3c948f4d605d)
Start importing Assets/Projects/GravityDash/kenney_ui-pack/Vector/Red/check_square_color_square.svg using Guid(ec3bc1c8e1bc549058276f583ecfabe6) Importer(2089858483,b0f066a214c2f5e87bad3c948f4d605d) (ScriptedImporter) -> (artifact id: '4445bc98f0e408aadc8443f76a4edc03') in 0.0273649 seconds
Number of updated asset objects reloaded before import = 0Number of asset objects unloaded after import = 1

========================================================================
Received Import Request.
  Time since last request: 0.000098 seconds.
  path: Assets/Projects/GravityDash/kenney_ui-pack/Vector/Yellow/button_round_gloss.svg
  artifactKey: Guid(a8aef67c65e9e4159a5b45f7f79c5d67) Importer(2089858483,b0f066a214c2f5e87bad3c948f4d605d)
Start importing Assets/Projects/GravityDash/kenney_ui-pack/Vector/Yellow/button_round_gloss.svg using Guid(a8aef67c65e9e4159a5b45f7f79c5d67) Importer(2089858483,b0f066a214c2f5e87bad3c948f4d605d) (ScriptedImporter) -> (artifact id: '1e855479d842681f770bfc0d5c3b1aa8') in 0.0513162 seconds
Number of updated asset objects reloaded before import = 0Number of asset objects unloaded after import = 1

========================================================================
Received Import Request.
  Time since last request: 0.000029 seconds.
  path: Assets/Sprites/Cainos/Pixel Art Platformer - Village Props/Material/FX/MT FX Flame Glow.mat
  artifactKey: Guid(6c48dc6ed4cda324b83bb2391ca6fb9a) Importer(2089858483,b0f066a214c2f5e87bad3c948f4d605d)
Start importing Assets/Sprites/Cainos/Pixel Art Platformer - Village Props/Material/FX/MT FX Flame Glow.mat using Guid(6c48dc6ed4cda324b83bb2391ca6fb9a) Importer(2089858483,b0f066a214c2f5e87bad3c948f4d605d) (ScriptedImporter) -> (artifact id: '377df78029fb150b0cad57e9a5fccb70') in 0.0449997 seconds
Number of updated asset objects reloaded before import = 0Number of asset objects unloaded after import = 1

========================================================================
Received Import Request.
  Time since last request: 0.000023 seconds.
  path: Assets/Sprites/Cainos/Pixel Art Platformer - Village Props/Tileset Palette/TP Ground/TX Tileset Ground_125.asset
  artifactKey: Guid(3e0924c7df349b041bce4d0e2f82541b) Importer(2089858483,b0f066a214c2f5e87bad3c948f4d605d)
Start importing Assets/Sprites/Cainos/Pixel Art Platformer - Village Props/Tileset Palette/TP Ground/TX Tileset Ground_125.asset using Guid(3e0924c7df349b041bce4d0e2f82541b) Importer(2089858483,b0f066a214c2f5e87bad3c948f4d605d) (ScriptedImporter) -> (artifact id: '07fc57f27381f8bd32cda6978ccdd33b') in 0.0246076 seconds
Number of updated asset objects reloaded before import = 0Number of asset objects unloaded after import = 2

========================================================================
Received Import Request.
  Time since last request: 0.000029 seconds.
  path: Assets/Projects/GravityDash/kenney_ui-pack/Vector/Yellow/arrow_basic_e_small.svg
  artifactKey: Guid(41ba577666ad24a6d8dcc061cd81683d) Importer(2089858483,b0f066a214c2f5e87bad3c948f4d605d)
Start importing Assets/Projects/GravityDash/kenney_ui-pack/Vector/Yellow/arrow_basic_e_small.svg using Guid(41ba577666ad24a6d8dcc061cd81683d) Importer(2089858483,b0f066a214c2f5e87bad3c948f4d605d) (ScriptedImporter) -> (artifact id: '884d58eb1a8b8bcadd4ead33a8f36e0f') in 0.0280967 seconds
Number of updated asset objects reloaded before import = 0Number of asset objects unloaded after import = 1

========================================================================
Received Import Request.
  Time since last request: 0.000056 seconds.
  path: Assets/Sprites/Cainos/Pixel Art Platformer - Village Props/Animation/Chest Golden/AM Chest Golden - Open.anim
  artifactKey: Guid(182f66054d23a1c4aa682eeb465e2595) Importer(2089858483,b0f066a214c2f5e87bad3c948f4d605d)
Start importing Assets/Sprites/Cainos/Pixel Art Platformer - Village Props/Animation/Chest Golden/AM Chest Golden - Open.anim using Guid(182f66054d23a1c4aa682eeb465e2595) Importer(2089858483,b0f066a214c2f5e87bad3c948f4d605d) (ScriptedImporter) -> (artifact id: '841cb8b4c38a7d04cbcee8bc345b0009') in 0.0377015 seconds
Number of updated asset objects reloaded before import = 0Number of asset objects unloaded after import = 1

========================================================================
Received Import Request.
  Time since last request: 0.000101 seconds.
  path: Assets/Sprites/Cainos/Pixel Art Platformer - Village Props/Tileset Palette/TP Ground/TX Tileset Ground_12.asset
  artifactKey: Guid(ad1654d7c7b4f0841ab6333b8ef09583) Importer(2089858483,b0f066a214c2f5e87bad3c948f4d605d)
Start importing Assets/Sprites/Cainos/Pixel Art Platformer - Village Props/Tileset Palette/TP Ground/TX Tileset Ground_12.asset using Guid(ad1654d7c7b4f0841ab6333b8ef09583) Importer(2089858483,b0f066a214c2f5e87bad3c948f4d605d) (ScriptedImporter) -> (artifact id: 'b171f700a9a43304aee435a5390dc6e5') in 0.0293753 seconds
Number of updated asset objects reloaded before import = 0Number of asset objects unloaded after import = 2

========================================================================
Received Import Request.
  Time since last request: 0.000024 seconds.
  path: Assets/Sprites/Cainos/Pixel Art Platformer - Village Props/Tileset Palette/TP Ground/TX Tileset Ground_23.asset
  artifactKey: Guid(d0b94a9a749b7cd4d8cae8603effadd6) Importer(2089858483,b0f066a214c2f5e87bad3c948f4d605d)
Start importing Assets/Sprites/Cainos/Pixel Art Platformer - Village Props/Tileset Palette/TP Ground/TX Tileset Ground_23.asset using Guid(d0b94a9a749b7cd4d8cae8603effadd6) Importer(2089858483,b0f066a214c2f5e87bad3c948f4d605d) (ScriptedImporter) -> (artifact id: 'ec3f904ca41b9e142bd0379eef5a2f5e') in 0.0271678 seconds
Number of updated asset objects reloaded before import = 0Number of asset objects unloaded after import = 2

========================================================================
Received Import Request.
  Time since last request: 0.000024 seconds.
  path: Assets/Sprites/Cainos/Pixel Art Platformer - Village Props/Tileset Palette/TP Ground/TX Tileset Ground_14.asset
  artifactKey: Guid(2e97c6637f4081e4ca46c437355520a8) Importer(2089858483,b0f066a214c2f5e87bad3c948f4d605d)
Start importing Assets/Sprites/Cainos/Pixel Art Platformer - Village Props/Tileset Palette/TP Ground/TX Tileset Ground_14.asset using Guid(2e97c6637f4081e4ca46c437355520a8) Importer(2089858483,b0f066a214c2f5e87bad3c948f4d605d) (ScriptedImporter) -> (artifact id: 'eebf6ee9318138e1513f9a8776a84c99') in 0.0294556 seconds
Number of updated asset objects reloaded before import = 0Number of asset objects unloaded after import = 2

========================================================================
Received Import Request.
  Time since last request: 0.000032 seconds.
  path: Assets/Projects/GravityDash/kenney_ui-pack/Vector/Yellow/check_square_color.svg
  artifactKey: Guid(f1ddaddb052334960a1a9b093ecd888b) Importer(2089858483,b0f066a214c2f5e87bad3c948f4d605d)
Start importing Assets/Projects/GravityDash/kenney_ui-pack/Vector/Yellow/check_square_color.svg using Guid(f1ddaddb052334960a1a9b093ecd888b) Importer(2089858483,b0f066a214c2f5e87bad3c948f4d605d) (ScriptedImporter) -> (artifact id: '038ae8c899d3f5f2798a46e00ae56b09') in 0.0316582 seconds
Number of updated asset objects reloaded before import = 0Number of asset objects unloaded after import = 1

========================================================================
Received Import Request.
  Time since last request: 0.000108 seconds.
  path: Assets/Projects/GravityDash/kenney_ui-pack/Vector/Red/slide_vertical_color_section_wide.svg
  artifactKey: Guid(bc24b1343c18244b5a5143491cbdd27c) Importer(2089858483,b0f066a214c2f5e87bad3c948f4d605d)
Start importing Assets/Projects/GravityDash/kenney_ui-pack/Vector/Red/slide_vertical_color_section_wide.svg using Guid(bc24b1343c18244b5a5143491cbdd27c) Importer(2089858483,b0f066a214c2f5e87bad3c948f4d605d) (ScriptedImporter) -> (artifact id: '860a9ce3444a8c52797ed3401f2132cc') in 0.0270992 seconds
Number of updated asset objects reloaded before import = 0Number of asset objects unloaded after import = 1

========================================================================
Received Import Request.
  Time since last request: 0.000077 seconds.
  path: Assets/Projects/MegaSuperChallengeShot/Graphics/OccaSoftware/Crosshairs/Readme.txt
  artifactKey: Guid(1d6074d5b3b7b284b8c9fb8fab040ffb) Importer(2089858483,b0f066a214c2f5e87bad3c948f4d605d)
Start importing Assets/Projects/MegaSuperChallengeShot/Graphics/OccaSoftware/Crosshairs/Readme.txt using Guid(1d6074d5b3b7b284b8c9fb8fab040ffb) Importer(2089858483,b0f066a214c2f5e87bad3c948f4d605d) (ScriptedImporter) -> (artifact id: 'e648730cf4b1ef47526fe0c7782cf945') in 0.0237926 seconds
Number of updated asset objects reloaded before import = 0Number of asset objects unloaded after import = 1

========================================================================
Received Import Request.
  Time since last request: 0.000130 seconds.
  path: Assets/Projects/GravityDash/kenney_ui-pack/Vector/Red/button_rectangle_line.svg
  artifactKey: Guid(78e9963cbaf1742e6b1d52a0884602f2) Importer(2089858483,b0f066a214c2f5e87bad3c948f4d605d)
Start importing Assets/Projects/GravityDash/kenney_ui-pack/Vector/Red/button_rectangle_line.svg using Guid(78e9963cbaf1742e6b1d52a0884602f2) Importer(2089858483,b0f066a214c2f5e87bad3c948f4d605d) (ScriptedImporter) -> (artifact id: 'd87dd5a7b2a29ced27a2d833f4a19128') in 0.0288034 seconds
Number of updated asset objects reloaded before import = 0Number of asset objects unloaded after import = 1

========================================================================
Received Import Request.
  Time since last request: 0.000032 seconds.
  path: Assets/Projects/GravityDash/kenney_ui-pack/Vector/Red/button_square_line.svg
  artifactKey: Guid(41463d4164aaa46cb85f5005078913d2) Importer(2089858483,b0f066a214c2f5e87bad3c948f4d605d)
Start importing Assets/Projects/GravityDash/kenney_ui-pack/Vector/Red/button_square_line.svg using Guid(41463d4164aaa46cb85f5005078913d2) Importer(2089858483,b0f066a214c2f5e87bad3c948f4d605d) (ScriptedImporter) -> (artifact id: 'a8d208555afde1c80afdf006827e3383') in 0.0289547 seconds
Number of updated asset objects reloaded before import = 0Number of asset objects unloaded after import = 1

========================================================================
Received Import Request.
  Time since last request: 0.000024 seconds.
  path: Assets/Projects/GravityDash/kenney_ui-pack/Vector/Red/icon_outline_circle.svg
  artifactKey: Guid(c891ff70b1b3e4df4beca6425406aba7) Importer(2089858483,b0f066a214c2f5e87bad3c948f4d605d)
Start importing Assets/Projects/GravityDash/kenney_ui-pack/Vector/Red/icon_outline_circle.svg using Guid(c891ff70b1b3e4df4beca6425406aba7) Importer(2089858483,b0f066a214c2f5e87bad3c948f4d605d) (ScriptedImporter) -> (artifact id: '5cb37b8e20c55fdf4c67f8b9fb75ba94') in 0.029025 seconds
Number of updated asset objects reloaded before import = 0Number of asset objects unloaded after import = 1

========================================================================
Received Import Request.
  Time since last request: 0.000077 seconds.
  path: Assets/Sprites/Cainos/Pixel Art Platformer - Village Props/Tileset Palette/TP Ground/TX Tileset Ground_138.asset
  artifactKey: Guid(db6e4bc129edf2047a13aac4708007a3) Importer(2089858483,b0f066a214c2f5e87bad3c948f4d605d)
Start importing Assets/Sprites/Cainos/Pixel Art Platformer - Village Props/Tileset Palette/TP Ground/TX Tileset Ground_138.asset using Guid(db6e4bc129edf2047a13aac4708007a3) Importer(2089858483,b0f066a214c2f5e87bad3c948f4d605d) (ScriptedImporter) -> (artifact id: 'f89352bd45bc60aa4e22d6861e170214') in 0.0291478 seconds
Number of updated asset objects reloaded before import = 0Number of asset objects unloaded after import = 2

========================================================================
Received Import Request.
  Time since last request: 0.000025 seconds.
  path: Assets/Projects/GravityDash/kenney_ui-pack/Vector/Red/button_rectangle_gradient.svg
  artifactKey: Guid(534d369e4c3e74fe6ad3fc9dca3279b4) Importer(2089858483,b0f066a214c2f5e87bad3c948f4d605d)
Start importing Assets/Projects/GravityDash/kenney_ui-pack/Vector/Red/button_rectangle_gradient.svg using Guid(534d369e4c3e74fe6ad3fc9dca3279b4) Importer(2089858483,b0f066a214c2f5e87bad3c948f4d605d) (ScriptedImporter) -> (artifact id: 'ff362536ef8dd92425dabac6f0860f2e') in 0.0324297 seconds
Number of updated asset objects reloaded before import = 0Number of asset objects unloaded after import = 2

========================================================================
Received Import Request.
  Time since last request: 0.000027 seconds.
  path: Assets/Projects/GravityDash/kenney_ui-pack/Vector/Red/slide_vertical_grey_section_wide.svg
  artifactKey: Guid(e424010b82ae04a82944f079fb51ece3) Importer(2089858483,b0f066a214c2f5e87bad3c948f4d605d)
Start importing Assets/Projects/GravityDash/kenney_ui-pack/Vector/Red/slide_vertical_grey_section_wide.svg using Guid(e424010b82ae04a82944f079fb51ece3) Importer(2089858483,b0f066a214c2f5e87bad3c948f4d605d) (ScriptedImporter) -> (artifact id: '8d15e5437c195564139c211bb3f7a5f4') in 0.0298423 seconds
Number of updated asset objects reloaded before import = 0Number of asset objects unloaded after import = 1

========================================================================
Received Import Request.
  Time since last request: 0.000097 seconds.
  path: Assets/Sprites/Cainos/Pixel Art Platformer - Village Props/Material/FX/MT FX Stone of Recall Glow.mat
  artifactKey: Guid(4840ba71e7e040b47856248d0e721935) Importer(2089858483,b0f066a214c2f5e87bad3c948f4d605d)
Start importing Assets/Sprites/Cainos/Pixel Art Platformer - Village Props/Material/FX/MT FX Stone of Recall Glow.mat using Guid(4840ba71e7e040b47856248d0e721935) Importer(2089858483,b0f066a214c2f5e87bad3c948f4d605d) (ScriptedImporter) -> (artifact id: '513b0a6be0e5f4d289e974a05e5a843e') in 0.0278632 seconds
Number of updated asset objects reloaded before import = 0Number of asset objects unloaded after import = 1

========================================================================
Received Import Request.
  Time since last request: 0.000070 seconds.
  path: Assets/Sprites/Cainos/Pixel Art Platformer - Village Props/Tileset Palette/TP Ground/TX Tileset Ground_32.asset
  artifactKey: Guid(faacf75693de04c43958bfb232a15727) Importer(2089858483,b0f066a214c2f5e87bad3c948f4d605d)
Start importing Assets/Sprites/Cainos/Pixel Art Platformer - Village Props/Tileset Palette/TP Ground/TX Tileset Ground_32.asset using Guid(faacf75693de04c43958bfb232a15727) Importer(2089858483,b0f066a214c2f5e87bad3c948f4d605d) (ScriptedImporter) -> (artifact id: '9b0e6233ff35a22bd533b91c65dc0fc3') in 0.0300959 seconds
Number of updated asset objects reloaded before import = 0Number of asset objects unloaded after import = 2

========================================================================
Received Import Request.
  Time since last request: 0.000025 seconds.
  path: Assets/Projects/GravityDash/kenney_ui-pack/Vector/Red/button_rectangle_depth_gloss.svg
  artifactKey: Guid(44ee177179e8e48a183de2c7330d7676) Importer(2089858483,b0f066a214c2f5e87bad3c948f4d605d)
Start importing Assets/Projects/GravityDash/kenney_ui-pack/Vector/Red/button_rectangle_depth_gloss.svg using Guid(44ee177179e8e48a183de2c7330d7676) Importer(2089858483,b0f066a214c2f5e87bad3c948f4d605d) (ScriptedImporter) -> (artifact id: '36c4013a9fa1cf74499a147604246515') in 0.0288806 seconds
Number of updated asset objects reloaded before import = 0Number of asset objects unloaded after import = 1

========================================================================
Received Import Request.
  Time since last request: 0.000064 seconds.
  path: Assets/Sprites/Cainos/Pixel Art Platformer - Village Props/Tileset Palette/TP Ground/TX Tileset Ground_18.asset
  artifactKey: Guid(8c574f72e284cc041a535e9a52438845) Importer(2089858483,b0f066a214c2f5e87bad3c948f4d605d)
Start importing Assets/Sprites/Cainos/Pixel Art Platformer - Village Props/Tileset Palette/TP Ground/TX Tileset Ground_18.asset using Guid(8c574f72e284cc041a535e9a52438845) Importer(2089858483,b0f066a214c2f5e87bad3c948f4d605d) (ScriptedImporter) -> (artifact id: 'e0936374fc766e263fe4ca919498f27a') in 0.0306944 seconds
Number of updated asset objects reloaded before import = 0Number of asset objects unloaded after import = 2

========================================================================
Received Import Request.
  Time since last request: 0.000026 seconds.
  path: Assets/Projects/GravityDash/kenney_ui-pack/Vector/Yellow/arrow_basic_s_small.svg
  artifactKey: Guid(a16b839fe598b4b6aba0246e03215d3c) Importer(2089858483,b0f066a214c2f5e87bad3c948f4d605d)
Start importing Assets/Projects/GravityDash/kenney_ui-pack/Vector/Yellow/arrow_basic_s_small.svg using Guid(a16b839fe598b4b6aba0246e03215d3c) Importer(2089858483,b0f066a214c2f5e87bad3c948f4d605d) (ScriptedImporter) -> (artifact id: '61845487c0f7d70d2a210aa246e11b5b') in 0.0303351 seconds
Number of updated asset objects reloaded before import = 0Number of asset objects unloaded after import = 1

========================================================================
Received Import Request.
  Time since last request: 0.000089 seconds.
  path: Assets/Projects/GravityDash/kenney_ui-pack/Vector/Yellow/arrow_decorative_e_small.svg
  artifactKey: Guid(e282d753fc2f647848852adcbf3095f1) Importer(2089858483,b0f066a214c2f5e87bad3c948f4d605d)
Start importing Assets/Projects/GravityDash/kenney_ui-pack/Vector/Yellow/arrow_decorative_e_small.svg using Guid(e282d753fc2f647848852adcbf3095f1) Importer(2089858483,b0f066a214c2f5e87bad3c948f4d605d) (ScriptedImporter) -> (artifact id: 'dae344f23c2b3ab2130e8a11e5133bd9') in 0.027341 seconds
Number of updated asset objects reloaded before import = 0Number of asset objects unloaded after import = 1

========================================================================
Received Import Request.
  Time since last request: 0.000137 seconds.
  path: Assets/Sprites/Cainos/Pixel Art Platformer - Village Props/Tileset Palette/TP Ground/TX Tileset Ground_105.asset
  artifactKey: Guid(e308ee2a393edae4e9bc5da75a6d1883) Importer(2089858483,b0f066a214c2f5e87bad3c948f4d605d)
Start importing Assets/Sprites/Cainos/Pixel Art Platformer - Village Props/Tileset Palette/TP Ground/TX Tileset Ground_105.asset using Guid(e308ee2a393edae4e9bc5da75a6d1883) Importer(2089858483,b0f066a214c2f5e87bad3c948f4d605d) (ScriptedImporter) -> (artifact id: 'e9306fc047434464a58a804ca0dd1df1') in 0.0292853 seconds
Number of updated asset objects reloaded before import = 0Number of asset objects unloaded after import = 2

========================================================================
Received Import Request.
  Time since last request: 0.000024 seconds.
  path: Assets/Projects/GravityDash/kenney_ui-pack/Vector/Yellow/button_square_depth_flat.svg
  artifactKey: Guid(ef952edbae08c48e89a0c962ba26fcd6) Importer(2089858483,b0f066a214c2f5e87bad3c948f4d605d)
Start importing Assets/Projects/GravityDash/kenney_ui-pack/Vector/Yellow/button_square_depth_flat.svg using Guid(ef952edbae08c48e89a0c962ba26fcd6) Importer(2089858483,b0f066a214c2f5e87bad3c948f4d605d) (ScriptedImporter) -> (artifact id: 'a8f4ce4df4c8e14bb4f7403336779b2f') in 0.0283919 seconds
Number of updated asset objects reloaded before import = 0Number of asset objects unloaded after import = 1

========================================================================
Received Import Request.
  Time since last request: 0.000151 seconds.
  path: Assets/Projects/GravityDash/kenney_new-platformer-pack-1.1/Sprites/Characters/Double/character_beige_walk_a.png
  artifactKey: Guid(4c1cb0277c6094159b1d4ef1eafcc1d1) Importer(2089858483,b0f066a214c2f5e87bad3c948f4d605d)
Start importing Assets/Projects/GravityDash/kenney_new-platformer-pack-1.1/Sprites/Characters/Double/character_beige_walk_a.png using Guid(4c1cb0277c6094159b1d4ef1eafcc1d1) Importer(2089858483,b0f066a214c2f5e87bad3c948f4d605d) (ScriptedImporter) -> (artifact id: 'f0b565af3cd3264cb9d5cd23043a26bf') in 0.0679011 seconds
Number of updated asset objects reloaded before import = 0Number of asset objects unloaded after import = 3

========================================================================
Received Import Request.
  Time since last request: 0.000030 seconds.
  path: Assets/Sprites/Cainos/Pixel Art Platformer - Village Props/Tileset Palette/TP Ground/TX Tileset Ground_98.asset
  artifactKey: Guid(abac48d8a77c3594bbaaefca166ba04f) Importer(2089858483,b0f066a214c2f5e87bad3c948f4d605d)
Start importing Assets/Sprites/Cainos/Pixel Art Platformer - Village Props/Tileset Palette/TP Ground/TX Tileset Ground_98.asset using Guid(abac48d8a77c3594bbaaefca166ba04f) Importer(2089858483,b0f066a214c2f5e87bad3c948f4d605d) (ScriptedImporter) -> (artifact id: '10b007f4868f42f50350e5f567949e73') in 0.0267433 seconds
Number of updated asset objects reloaded before import = 0Number of asset objects unloaded after import = 2

========================================================================
Received Import Request.
  Time since last request: 0.000025 seconds.
  path: Assets/Projects/GravityDash/kenney_new-platformer-pack-1.1/Sprites/Characters/Default/character_green_duck.png
  artifactKey: Guid(7e989b9a20eaf4b41aeceb17c0cca1b7) Importer(2089858483,b0f066a214c2f5e87bad3c948f4d605d)
Start importing Assets/Projects/GravityDash/kenney_new-platformer-pack-1.1/Sprites/Characters/Default/character_green_duck.png using Guid(7e989b9a20eaf4b41aeceb17c0cca1b7) Importer(2089858483,b0f066a214c2f5e87bad3c948f4d605d) (ScriptedImporter) -> (artifact id: '27bfbefd8cdb8a69f2b9725826a86551') in 0.0318802 seconds
Number of updated asset objects reloaded before import = 0Number of asset objects unloaded after import = 3

========================================================================
Received Import Request.
  Time since last request: 0.000032 seconds.
  path: Assets/Projects/GravityDash/kenney_new-platformer-pack-1.1/Sprites/Characters/Default/character_beige_jump.png
  artifactKey: Guid(d95df44157b464f40876b3007559283c) Importer(2089858483,b0f066a214c2f5e87bad3c948f4d605d)
Start importing Assets/Projects/GravityDash/kenney_new-platformer-pack-1.1/Sprites/Characters/Default/character_beige_jump.png using Guid(d95df44157b464f40876b3007559283c) Importer(2089858483,b0f066a214c2f5e87bad3c948f4d605d) (ScriptedImporter) -> (artifact id: 'e59a59f126724965067917536ad47c1b') in 0.0349985 seconds
Number of updated asset objects reloaded before import = 0Number of asset objects unloaded after import = 3

========================================================================
Received Import Request.
  Time since last request: 0.000052 seconds.
  path: Assets/Projects/GravityDash/kenney_new-platformer-pack-1.1/Sprites/Backgrounds/Default/background_color_desert.png
  artifactKey: Guid(d5cc6992b0e934746b842c3b97f14799) Importer(2089858483,b0f066a214c2f5e87bad3c948f4d605d)
Start importing Assets/Projects/GravityDash/kenney_new-platformer-pack-1.1/Sprites/Backgrounds/Default/background_color_desert.png using Guid(d5cc6992b0e934746b842c3b97f14799) Importer(2089858483,b0f066a214c2f5e87bad3c948f4d605d) (ScriptedImporter) -> (artifact id: 'c53737769a65d5f31854c77b7cc761be') in 0.0323523 seconds
Number of updated asset objects reloaded before import = 0Number of asset objects unloaded after import = 3

========================================================================
Received Import Request.
  Time since last request: 0.000022 seconds.
  path: Assets/Projects/GravityDash/kenney_new-platformer-pack-1.1/Sprites/Characters/Default/character_pink_jump.png
  artifactKey: Guid(c5bb2110bdcbd405c8dbbf28ffb4384a) Importer(2089858483,b0f066a214c2f5e87bad3c948f4d605d)
Start importing Assets/Projects/GravityDash/kenney_new-platformer-pack-1.1/Sprites/Characters/Default/character_pink_jump.png using Guid(c5bb2110bdcbd405c8dbbf28ffb4384a) Importer(2089858483,b0f066a214c2f5e87bad3c948f4d605d) (ScriptedImporter) -> (artifact id: 'a27d17cf9d3f436aa452d309b0d2d2ea') in 0.0318401 seconds
Number of updated asset objects reloaded before import = 0Number of asset objects unloaded after import = 3

========================================================================
Received Import Request.
  Time since last request: 0.000024 seconds.
  path: Assets/Sprites/Cainos/Third Party/Lucid Editor/Editor/LucidEditorPrefs.cs
  artifactKey: Guid(440549d8b0a5a4e4ca2a56d26b539708) Importer(2089858483,b0f066a214c2f5e87bad3c948f4d605d)
Start importing Assets/Sprites/Cainos/Third Party/Lucid Editor/Editor/LucidEditorPrefs.cs using Guid(440549d8b0a5a4e4ca2a56d26b539708) Importer(2089858483,b0f066a214c2f5e87bad3c948f4d605d) (ScriptedImporter) -> (artifact id: 'e96a3b239498393aec65efaebfeb5baa') in 0.0164398 seconds
Number of updated asset objects reloaded before import = 0Number of asset objects unloaded after import = 0

========================================================================
Received Import Request.
  Time since last request: 0.000126 seconds.
  path: Assets/Sprites/Cainos/Pixel Art Platformer - Village Props/Tileset Palette/TP Ground/TX Tileset Ground_9.asset
  artifactKey: Guid(62f433aa5b534d948847e6cc1409e14b) Importer(2089858483,b0f066a214c2f5e87bad3c948f4d605d)
Start importing Assets/Sprites/Cainos/Pixel Art Platformer - Village Props/Tileset Palette/TP Ground/TX Tileset Ground_9.asset using Guid(62f433aa5b534d948847e6cc1409e14b) Importer(2089858483,b0f066a214c2f5e87bad3c948f4d605d) (ScriptedImporter) -> (artifact id: '36e5d788d7afc813e336c3605e10a4ff') in 0.0263855 seconds
Number of updated asset objects reloaded before import = 0Number of asset objects unloaded after import = 2

========================================================================
Received Import Request.
  Time since last request: 0.000024 seconds.
  path: Assets/Sprites/Cainos/Pixel Art Platformer - Village Props/Tileset Palette/TP Ground/TX Tileset Ground_41.asset
  artifactKey: Guid(00f32906b6a5a5846be9878967ba535e) Importer(2089858483,b0f066a214c2f5e87bad3c948f4d605d)
Start importing Assets/Sprites/Cainos/Pixel Art Platformer - Village Props/Tileset Palette/TP Ground/TX Tileset Ground_41.asset using Guid(00f32906b6a5a5846be9878967ba535e) Importer(2089858483,b0f066a214c2f5e87bad3c948f4d605d) (ScriptedImporter) -> (artifact id: 'f9276c39cda5653e09faa0bb6cfef6ea') in 0.028444 seconds
Number of updated asset objects reloaded before import = 0Number of asset objects unloaded after import = 2

========================================================================
Received Import Request.
  Time since last request: 0.000025 seconds.
  path: Assets/Projects/GravityDash/kenney_new-platformer-pack-1.1/Sprites/Characters/Default/character_yellow_front.png
  artifactKey: Guid(6d40cb831b1a84df883748fd75d5d71c) Importer(2089858483,b0f066a214c2f5e87bad3c948f4d605d)
Start importing Assets/Projects/GravityDash/kenney_new-platformer-pack-1.1/Sprites/Characters/Default/character_yellow_front.png using Guid(6d40cb831b1a84df883748fd75d5d71c) Importer(2089858483,b0f066a214c2f5e87bad3c948f4d605d) (ScriptedImporter) -> (artifact id: 'd46b33104b9a0f755a303be38a82cb13') in 0.0326739 seconds
Number of updated asset objects reloaded before import = 0Number of asset objects unloaded after import = 3

========================================================================
Received Import Request.
  Time since last request: 0.000024 seconds.
  path: Assets/Sprites/Cainos/Pixel Art Platformer - Village Props/Tileset Palette/TP Ground/TX Tileset Ground_48.asset
  artifactKey: Guid(648b81db682e5ca4d994d7ec64ca3cb4) Importer(2089858483,b0f066a214c2f5e87bad3c948f4d605d)
Start importing Assets/Sprites/Cainos/Pixel Art Platformer - Village Props/Tileset Palette/TP Ground/TX Tileset Ground_48.asset using Guid(648b81db682e5ca4d994d7ec64ca3cb4) Importer(2089858483,b0f066a214c2f5e87bad3c948f4d605d) (ScriptedImporter) -> (artifact id: 'f3312a2f6486783bed6c0de76b3e86a7') in 0.0268783 seconds
Number of updated asset objects reloaded before import = 0Number of asset objects unloaded after import = 2

========================================================================
Received Import Request.
  Time since last request: 0.000051 seconds.
  path: Assets/Projects/GravityDash/kenney_new-platformer-pack-1.1/Sprites/Characters/Double/character_beige_hit.png
  artifactKey: Guid(2a815a505655742aa9f60f503d08b0ce) Importer(2089858483,b0f066a214c2f5e87bad3c948f4d605d)
Start importing Assets/Projects/GravityDash/kenney_new-platformer-pack-1.1/Sprites/Characters/Double/character_beige_hit.png using Guid(2a815a505655742aa9f60f503d08b0ce) Importer(2089858483,b0f066a214c2f5e87bad3c948f4d605d) (ScriptedImporter) -> (artifact id: '9607d83fdd8cd323b482967149f648ea') in 0.0351022 seconds
Number of updated asset objects reloaded before import = 0Number of asset objects unloaded after import = 3

========================================================================
Received Import Request.
  Time since last request: 0.000028 seconds.
  path: Assets/Projects/GravityDash/kenney_new-platformer-pack-1.1/Sprites/Characters/Default/character_pink_hit.png
  artifactKey: Guid(6aabd53f5ee1b48b5ac3274e386d1711) Importer(2089858483,b0f066a214c2f5e87bad3c948f4d605d)
Start importing Assets/Projects/GravityDash/kenney_new-platformer-pack-1.1/Sprites/Characters/Default/character_pink_hit.png using Guid(6aabd53f5ee1b48b5ac3274e386d1711) Importer(2089858483,b0f066a214c2f5e87bad3c948f4d605d) (ScriptedImporter) -> (artifact id: '766fd7711f33bf7e42afad958103a355') in 0.0326287 seconds
Number of updated asset objects reloaded before import = 0Number of asset objects unloaded after import = 3

========================================================================
Received Import Request.
  Time since last request: 0.000070 seconds.
  path: Assets/Projects/GravityDash/kenney_new-platformer-pack-1.1/Sprites/Characters/Default/character_green_walk_a.png
  artifactKey: Guid(31c9aa5f8b120472596342008dd519ad) Importer(2089858483,b0f066a214c2f5e87bad3c948f4d605d)
Start importing Assets/Projects/GravityDash/kenney_new-platformer-pack-1.1/Sprites/Characters/Default/character_green_walk_a.png using Guid(31c9aa5f8b120472596342008dd519ad) Importer(2089858483,b0f066a214c2f5e87bad3c948f4d605d) (ScriptedImporter) -> (artifact id: '827e0ebbe3458a213465605cd97ceab8') in 0.0305506 seconds
Number of updated asset objects reloaded before import = 0Number of asset objects unloaded after import = 3

========================================================================
Received Import Request.
  Time since last request: 0.000030 seconds.
  path: Assets/Sprites/Cainos/Pixel Art Platformer - Village Props/Tileset Palette/TP Ground/TX Tileset Ground_42.asset
  artifactKey: Guid(1175fcc25df1fcc498cf9cf2cfa08602) Importer(2089858483,b0f066a214c2f5e87bad3c948f4d605d)
Start importing Assets/Sprites/Cainos/Pixel Art Platformer - Village Props/Tileset Palette/TP Ground/TX Tileset Ground_42.asset using Guid(1175fcc25df1fcc498cf9cf2cfa08602) Importer(2089858483,b0f066a214c2f5e87bad3c948f4d605d) (ScriptedImporter) -> (artifact id: '789707d6fb6c6b5fbdbbd367dd9ef946') in 0.0257389 seconds
Number of updated asset objects reloaded before import = 0Number of asset objects unloaded after import = 2

========================================================================
Received Import Request.
  Time since last request: 0.000022 seconds.
  path: Assets/Sprites/Cainos/Third Party/Lucid Editor/Editor/EditorColors.cs
  artifactKey: Guid(7804f7f08ea1e435f83285a1bbfd9307) Importer(2089858483,b0f066a214c2f5e87bad3c948f4d605d)
Start importing Assets/Sprites/Cainos/Third Party/Lucid Editor/Editor/EditorColors.cs using Guid(7804f7f08ea1e435f83285a1bbfd9307) Importer(2089858483,b0f066a214c2f5e87bad3c948f4d605d) (ScriptedImporter) -> (artifact id: 'ea7d429ded7aa1c9f2d3f8eb3f5b7809') in 0.0129534 seconds
Number of updated asset objects reloaded before import = 0Number of asset objects unloaded after import = 0

========================================================================
Received Import Request.
  Time since last request: 0.000063 seconds.
  path: Assets/Projects/GravityDash/kenney_new-platformer-pack-1.1/Sprites/Characters/Default/character_yellow_duck.png
  artifactKey: Guid(00abc0bb08c4344ae90e17537c301dbb) Importer(2089858483,b0f066a214c2f5e87bad3c948f4d605d)
Start importing Assets/Projects/GravityDash/kenney_new-platformer-pack-1.1/Sprites/Characters/Default/character_yellow_duck.png using Guid(00abc0bb08c4344ae90e17537c301dbb) Importer(2089858483,b0f066a214c2f5e87bad3c948f4d605d) (ScriptedImporter) -> (artifact id: '06519a52b16fde64231a75fad1d2c761') in 0.0305375 seconds
Number of updated asset objects reloaded before import = 0Number of asset objects unloaded after import = 3

========================================================================
Received Import Request.
  Time since last request: 0.000025 seconds.
  path: Assets/Sprites/Cainos/Third Party/Lucid Editor/Runtime/PropertyGroupAttribute.cs
  artifactKey: Guid(7b392fbe0b30f41f5a72d7f6d4eb3164) Importer(2089858483,b0f066a214c2f5e87bad3c948f4d605d)
Start importing Assets/Sprites/Cainos/Third Party/Lucid Editor/Runtime/PropertyGroupAttribute.cs using Guid(7b392fbe0b30f41f5a72d7f6d4eb3164) Importer(2089858483,b0f066a214c2f5e87bad3c948f4d605d) (ScriptedImporter) -> (artifact id: '43c9d0495dbd546d0c8c5e7e72d60067') in 0.0156755 seconds
Number of updated asset objects reloaded before import = 0Number of asset objects unloaded after import = 0

========================================================================
Received Import Request.
  Time since last request: 0.000098 seconds.
  path: Assets/Projects/GravityDash/kenney_new-platformer-pack-1.1/Sprites/Characters/Default/character_yellow_idle.png
  artifactKey: Guid(d2d01d3dde95b4ec9bff835f57525250) Importer(2089858483,b0f066a214c2f5e87bad3c948f4d605d)
Start importing Assets/Projects/GravityDash/kenney_new-platformer-pack-1.1/Sprites/Characters/Default/character_yellow_idle.png using Guid(d2d01d3dde95b4ec9bff835f57525250) Importer(2089858483,b0f066a214c2f5e87bad3c948f4d605d) (ScriptedImporter) -> (artifact id: 'c941d3200f7be01e2895030381a063e5') in 0.0298448 seconds
Number of updated asset objects reloaded before import = 0Number of asset objects unloaded after import = 3

========================================================================
Received Import Request.
  Time since last request: 0.000020 seconds.
  path: Assets/Projects/GravityDash/kenney_new-platformer-pack-1.1/Sprites/Characters/Default/character_beige_hit.png
  artifactKey: Guid(ccda0c69110e24c22b8753f26f902447) Importer(2089858483,b0f066a214c2f5e87bad3c948f4d605d)
Start importing Assets/Projects/GravityDash/kenney_new-platformer-pack-1.1/Sprites/Characters/Default/character_beige_hit.png using Guid(ccda0c69110e24c22b8753f26f902447) Importer(2089858483,b0f066a214c2f5e87bad3c948f4d605d) (ScriptedImporter) -> (artifact id: '81ec21230d1e5fa0cb4603e2690c3712') in 0.0336279 seconds
Number of updated asset objects reloaded before import = 0Number of asset objects unloaded after import = 3

========================================================================
Received Import Request.
  Time since last request: 0.000022 seconds.
  path: Assets/Projects/GravityDash/kenney_new-platformer-pack-1.1/Sprites/Characters/Default/character_green_hit.png
  artifactKey: Guid(6b2868f45fdfd47b0971ea6f364dae05) Importer(2089858483,b0f066a214c2f5e87bad3c948f4d605d)
Start importing Assets/Projects/GravityDash/kenney_new-platformer-pack-1.1/Sprites/Characters/Default/character_green_hit.png using Guid(6b2868f45fdfd47b0971ea6f364dae05) Importer(2089858483,b0f066a214c2f5e87bad3c948f4d605d) (ScriptedImporter) -> (artifact id: 'e0151fab48407b1cc0a6c26b533e3cb3') in 0.0300686 seconds
Number of updated asset objects reloaded before import = 0Number of asset objects unloaded after import = 3

========================================================================
Received Import Request.
  Time since last request: 0.000023 seconds.
  path: Assets/Sprites/Cainos/Pixel Art Platformer - Village Props/Tileset Palette/TP Ground/TX Tileset Ground_93.asset
  artifactKey: Guid(d6d6bdeb1e396844ebf6701a32598f4a) Importer(2089858483,b0f066a214c2f5e87bad3c948f4d605d)
Start importing Assets/Sprites/Cainos/Pixel Art Platformer - Village Props/Tileset Palette/TP Ground/TX Tileset Ground_93.asset using Guid(d6d6bdeb1e396844ebf6701a32598f4a) Importer(2089858483,b0f066a214c2f5e87bad3c948f4d605d) (ScriptedImporter) -> (artifact id: 'e2f379ec1f75a07cdba2093e0f4ac538') in 0.0304622 seconds
Number of updated asset objects reloaded before import = 0Number of asset objects unloaded after import = 2

========================================================================
Received Import Request.
  Time since last request: 0.000031 seconds.
  path: Assets/Projects/GravityDash/kenney_new-platformer-pack-1.1/Sprites/Backgrounds/Double/background_solid_cloud.png
  artifactKey: Guid(ad2b3d6c806a34814bc841d683284b45) Importer(2089858483,b0f066a214c2f5e87bad3c948f4d605d)
Start importing Assets/Projects/GravityDash/kenney_new-platformer-pack-1.1/Sprites/Backgrounds/Double/background_solid_cloud.png using Guid(ad2b3d6c806a34814bc841d683284b45) Importer(2089858483,b0f066a214c2f5e87bad3c948f4d605d) (ScriptedImporter) -> (artifact id: '710992189a0a12359c004f59d880e519') in 0.0294155 seconds
Number of updated asset objects reloaded before import = 0Number of asset objects unloaded after import = 3

========================================================================
Received Import Request.
  Time since last request: 0.000027 seconds.
  path: Assets/Sprites/Cainos/Third Party/Lucid Editor/Editor/EditorIcons.cs
  artifactKey: Guid(35da294de93e241ddad74d97647c0672) Importer(2089858483,b0f066a214c2f5e87bad3c948f4d605d)
Start importing Assets/Sprites/Cainos/Third Party/Lucid Editor/Editor/EditorIcons.cs using Guid(35da294de93e241ddad74d97647c0672) Importer(2089858483,b0f066a214c2f5e87bad3c948f4d605d) (ScriptedImporter) -> (artifact id: '143f140f77856bf43a76cea7168273bc') in 0.0157072 seconds
Number of updated asset objects reloaded before import = 0Number of asset objects unloaded after import = 0

========================================================================
Received Import Request.
  Time since last request: 0.000175 seconds.
  path: Assets/Projects/GravityDash/kenney_new-platformer-pack-1.1/Sprites/Backgrounds/Default/background_solid_dirt.png
  artifactKey: Guid(4dfaa5757f3d24df4ac69c34aa67f0f5) Importer(2089858483,b0f066a214c2f5e87bad3c948f4d605d)
Start importing Assets/Projects/GravityDash/kenney_new-platformer-pack-1.1/Sprites/Backgrounds/Default/background_solid_dirt.png using Guid(4dfaa5757f3d24df4ac69c34aa67f0f5) Importer(2089858483,b0f066a214c2f5e87bad3c948f4d605d) (ScriptedImporter) -> (artifact id: '9d397f71d9c1980abc3dca86898d6d8c') in 0.0291278 seconds
Number of updated asset objects reloaded before import = 0Number of asset objects unloaded after import = 3

========================================================================
Received Import Request.
  Time since last request: 0.000061 seconds.
  path: Assets/Projects/GravityDash/kenney_new-platformer-pack-1.1/Sprites/Characters/Default/character_green_jump.png
  artifactKey: Guid(0a8a253fc2e384544870ee2285a6f9a1) Importer(2089858483,b0f066a214c2f5e87bad3c948f4d605d)
Start importing Assets/Projects/GravityDash/kenney_new-platformer-pack-1.1/Sprites/Characters/Default/character_green_jump.png using Guid(0a8a253fc2e384544870ee2285a6f9a1) Importer(2089858483,b0f066a214c2f5e87bad3c948f4d605d) (ScriptedImporter) -> (artifact id: 'e92a86be9d0561e7e5af1a9a3d24e849') in 0.0318611 seconds
Number of updated asset objects reloaded before import = 0Number of asset objects unloaded after import = 3

========================================================================
Received Import Request.
  Time since last request: 0.000024 seconds.
  path: Assets/Sprites/Cainos/Pixel Art Platformer - Village Props/Tileset Palette/TP Ground/TX Tileset Ground_85.asset
  artifactKey: Guid(f3e660f6b5676434189b7c32454e6677) Importer(2089858483,b0f066a214c2f5e87bad3c948f4d605d)
Start importing Assets/Sprites/Cainos/Pixel Art Platformer - Village Props/Tileset Palette/TP Ground/TX Tileset Ground_85.asset using Guid(f3e660f6b5676434189b7c32454e6677) Importer(2089858483,b0f066a214c2f5e87bad3c948f4d605d) (ScriptedImporter) -> (artifact id: '9886078a20d9e1109d9db0e228fe11fe') in 0.0304458 seconds
Number of updated asset objects reloaded before import = 0Number of asset objects unloaded after import = 2

========================================================================
Received Import Request.
  Time since last request: 0.000024 seconds.
  path: Assets/Projects/GravityDash/kenney_new-platformer-pack-1.1/Sprites/Backgrounds/Double/background_solid_dirt.png
  artifactKey: Guid(e13a2adfba18946f38246b5aac8a275e) Importer(2089858483,b0f066a214c2f5e87bad3c948f4d605d)
Start importing Assets/Projects/GravityDash/kenney_new-platformer-pack-1.1/Sprites/Backgrounds/Double/background_solid_dirt.png using Guid(e13a2adfba18946f38246b5aac8a275e) Importer(2089858483,b0f066a214c2f5e87bad3c948f4d605d) (ScriptedImporter) -> (artifact id: 'd0dd7efc256a8396aa9855773036abe2') in 0.0318798 seconds
Number of updated asset objects reloaded before import = 0Number of asset objects unloaded after import = 3

========================================================================
Received Import Request.
  Time since last request: 0.000032 seconds.
  path: Assets/Sprites/Cainos/Pixel Art Platformer - Village Props/Tileset Palette/TP Ground/TX Tileset Ground_82.asset
  artifactKey: Guid(edd2564588bdeb14cb720c738cd3bd63) Importer(2089858483,b0f066a214c2f5e87bad3c948f4d605d)
Start importing Assets/Sprites/Cainos/Pixel Art Platformer - Village Props/Tileset Palette/TP Ground/TX Tileset Ground_82.asset using Guid(edd2564588bdeb14cb720c738cd3bd63) Importer(2089858483,b0f066a214c2f5e87bad3c948f4d605d) (ScriptedImporter) -> (artifact id: 'cc5d4f832bd08369d1b9e72da5172c7f') in 0.0305359 seconds
Number of updated asset objects reloaded before import = 0Number of asset objects unloaded after import = 2

========================================================================
Received Import Request.
  Time since last request: 0.927456 seconds.
  path: Assets/Projects/GravityDash/kenney_new-platformer-pack-1.1/Sprites/Characters/Double/character_green_duck.png
  artifactKey: Guid(70d76f93d1f6743beb850f60eb67dbd2) Importer(2089858483,b0f066a214c2f5e87bad3c948f4d605d)
Start importing Assets/Projects/GravityDash/kenney_new-platformer-pack-1.1/Sprites/Characters/Double/character_green_duck.png using Guid(70d76f93d1f6743beb850f60eb67dbd2) Importer(2089858483,b0f066a214c2f5e87bad3c948f4d605d) (ScriptedImporter) -> (artifact id: '6f6f3b5b8e2c37a851d863c99fd7b5e2') in 0.0226426 seconds
Number of updated asset objects reloaded before import = 0Number of asset objects unloaded after import = 3

========================================================================
Received Import Request.
  Time since last request: 0.000019 seconds.
  path: Assets/Projects/GravityDash/kenney_new-platformer-pack-1.1/Sprites/Enemies/Default/bee_b.png
  artifactKey: Guid(f75c39d3c2e2c4309bb4325573b68880) Importer(2089858483,b0f066a214c2f5e87bad3c948f4d605d)
Start importing Assets/Projects/GravityDash/kenney_new-platformer-pack-1.1/Sprites/Enemies/Default/bee_b.png using Guid(f75c39d3c2e2c4309bb4325573b68880) Importer(2089858483,b0f066a214c2f5e87bad3c948f4d605d) (ScriptedImporter) -> (artifact id: 'b4f8a1c1782486ea338d86cf12bfa207') in 0.0223678 seconds
Number of updated asset objects reloaded before import = 0Number of asset objects unloaded after import = 3

========================================================================
Received Import Request.
  Time since last request: 0.000020 seconds.
  path: Assets/Projects/GravityDash/kenney_new-platformer-pack-1.1/Sprites/Enemies/Double/block_rest.png
  artifactKey: Guid(b51c9d328672d4074a2a7d5e245f9a72) Importer(2089858483,b0f066a214c2f5e87bad3c948f4d605d)
Start importing Assets/Projects/GravityDash/kenney_new-platformer-pack-1.1/Sprites/Enemies/Double/block_rest.png using Guid(b51c9d328672d4074a2a7d5e245f9a72) Importer(2089858483,b0f066a214c2f5e87bad3c948f4d605d) (ScriptedImporter) -> (artifact id: '79789b781d64161beb5bee6e6315b638') in 0.0258305 seconds
Number of updated asset objects reloaded before import = 0Number of asset objects unloaded after import = 3

========================================================================
Received Import Request.
  Time since last request: 0.000019 seconds.
  path: Assets/Projects/GravityDash/kenney_new-platformer-pack-1.1/Sprites/Characters/Double/character_purple_hit.png
  artifactKey: Guid(793d0b2437c2e4286a3b57d59874f805) Importer(2089858483,b0f066a214c2f5e87bad3c948f4d605d)
Start importing Assets/Projects/GravityDash/kenney_new-platformer-pack-1.1/Sprites/Characters/Double/character_purple_hit.png using Guid(793d0b2437c2e4286a3b57d59874f805) Importer(2089858483,b0f066a214c2f5e87bad3c948f4d605d) (ScriptedImporter) -> (artifact id: 'b133944b47dea860457c92812afc35b2') in 0.0231906 seconds
Number of updated asset objects reloaded before import = 0Number of asset objects unloaded after import = 3

========================================================================
Received Import Request.
  Time since last request: 0.000024 seconds.
  path: Assets/Projects/GravityDash/kenney_new-platformer-pack-1.1/Sprites/Enemies/Double/mouse_walk_b.png
  artifactKey: Guid(74f85b833194b4beea420fa4f2153fae) Importer(2089858483,b0f066a214c2f5e87bad3c948f4d605d)
Start importing Assets/Projects/GravityDash/kenney_new-platformer-pack-1.1/Sprites/Enemies/Double/mouse_walk_b.png using Guid(74f85b833194b4beea420fa4f2153fae) Importer(2089858483,b0f066a214c2f5e87bad3c948f4d605d) (ScriptedImporter) -> (artifact id: 'f0fa9c73c800952c65cd49e0fe2a79f4') in 0.0248183 seconds
Number of updated asset objects reloaded before import = 0Number of asset objects unloaded after import = 3

========================================================================
Received Import Request.
  Time since last request: 0.000051 seconds.
  path: Assets/Projects/GravityDash/kenney_new-platformer-pack-1.1/Sprites/Tiles/Default/coin_silver.png
  artifactKey: Guid(332e0153ac60d42f88294fb4db164c43) Importer(2089858483,b0f066a214c2f5e87bad3c948f4d605d)
Start importing Assets/Projects/GravityDash/kenney_new-platformer-pack-1.1/Sprites/Tiles/Default/coin_silver.png using Guid(332e0153ac60d42f88294fb4db164c43) Importer(2089858483,b0f066a214c2f5e87bad3c948f4d605d) (ScriptedImporter) -> (artifact id: '9d7a6937dd010047c2e199a7e6c60ddd') in 0.0246041 seconds
Number of updated asset objects reloaded before import = 0Number of asset objects unloaded after import = 3

========================================================================
Received Import Request.
  Time since last request: 0.000023 seconds.
  path: Assets/Projects/GravityDash/kenney_new-platformer-pack-1.1/Sprites/Enemies/Default/fish_blue_rest.png
  artifactKey: Guid(72b502739008648c2a6dfe43782a87d9) Importer(2089858483,b0f066a214c2f5e87bad3c948f4d605d)
Start importing Assets/Projects/GravityDash/kenney_new-platformer-pack-1.1/Sprites/Enemies/Default/fish_blue_rest.png using Guid(72b502739008648c2a6dfe43782a87d9) Importer(2089858483,b0f066a214c2f5e87bad3c948f4d605d) (ScriptedImporter) -> (artifact id: '5a5dd69cbb041468415d19fa0a447744') in 0.0230846 seconds
Number of updated asset objects reloaded before import = 0Number of asset objects unloaded after import = 3

========================================================================
Received Import Request.
  Time since last request: 0.000022 seconds.
  path: Assets/Projects/GravityDash/kenney_new-platformer-pack-1.1/Sprites/Enemies/Default/fish_yellow_swim_b.png
  artifactKey: Guid(dc49019ff125a4fd7934cb47db9847c2) Importer(2089858483,b0f066a214c2f5e87bad3c948f4d605d)
Start importing Assets/Projects/GravityDash/kenney_new-platformer-pack-1.1/Sprites/Enemies/Default/fish_yellow_swim_b.png using Guid(dc49019ff125a4fd7934cb47db9847c2) Importer(2089858483,b0f066a214c2f5e87bad3c948f4d605d) (ScriptedImporter) -> (artifact id: '08680d46741f76003ee408bdda46a46c') in 0.0299315 seconds
Number of updated asset objects reloaded before import = 0Number of asset objects unloaded after import = 3

========================================================================
Received Import Request.
  Time since last request: 0.000057 seconds.
  path: Assets/Projects/GravityDash/kenney_new-platformer-pack-1.1/Sprites/Enemies/Double/slime_fire_walk_b.png
  artifactKey: Guid(98bafd571362b4bb7ab4556988696bce) Importer(2089858483,b0f066a214c2f5e87bad3c948f4d605d)
Start importing Assets/Projects/GravityDash/kenney_new-platformer-pack-1.1/Sprites/Enemies/Double/slime_fire_walk_b.png using Guid(98bafd571362b4bb7ab4556988696bce) Importer(2089858483,b0f066a214c2f5e87bad3c948f4d605d) (ScriptedImporter) -> (artifact id: 'a438a43276fc8238183bfd8cba5386df') in 0.0248006 seconds
Number of updated asset objects reloaded before import = 0Number of asset objects unloaded after import = 3

========================================================================
Received Import Request.
  Time since last request: 0.000041 seconds.
  path: Assets/Projects/GravityDash/kenney_new-platformer-pack-1.1/Sprites/Characters/Double/character_pink_climb_a.png
  artifactKey: Guid(20691df598a4944d99cf56d9e349736c) Importer(2089858483,b0f066a214c2f5e87bad3c948f4d605d)
Start importing Assets/Projects/GravityDash/kenney_new-platformer-pack-1.1/Sprites/Characters/Double/character_pink_climb_a.png using Guid(20691df598a4944d99cf56d9e349736c) Importer(2089858483,b0f066a214c2f5e87bad3c948f4d605d) (ScriptedImporter) -> (artifact id: '9171b7ef5653e4904c9ddaf7d9e3a9f5') in 0.0315113 seconds
Number of updated asset objects reloaded before import = 0Number of asset objects unloaded after import = 3

========================================================================
Received Import Request.
  Time since last request: 0.000023 seconds.
  path: Assets/Projects/GravityDash/kenney_new-platformer-pack-1.1/Sprites/Tiles/Default/bomb.png
  artifactKey: Guid(c66253da7e50f4efa9288ae3110ec9dc) Importer(2089858483,b0f066a214c2f5e87bad3c948f4d605d)
Start importing Assets/Projects/GravityDash/kenney_new-platformer-pack-1.1/Sprites/Tiles/Default/bomb.png using Guid(c66253da7e50f4efa9288ae3110ec9dc) Importer(2089858483,b0f066a214c2f5e87bad3c948f4d605d) (ScriptedImporter) -> (artifact id: 'd853c6788a86a2d619bee7d5e4e73fc2') in 0.0321418 seconds
Number of updated asset objects reloaded before import = 0Number of asset objects unloaded after import = 3

========================================================================
Received Import Request.
  Time since last request: 0.000024 seconds.
  path: Assets/Projects/GravityDash/kenney_new-platformer-pack-1.1/Sprites/Tiles/Default/block_empty.png
  artifactKey: Guid(0196fddda7f6545f2b52f903609d99be) Importer(2089858483,b0f066a214c2f5e87bad3c948f4d605d)
Start importing Assets/Projects/GravityDash/kenney_new-platformer-pack-1.1/Sprites/Tiles/Default/block_empty.png using Guid(0196fddda7f6545f2b52f903609d99be) Importer(2089858483,b0f066a214c2f5e87bad3c948f4d605d) (ScriptedImporter) -> (artifact id: '9d3fbec430b71780f759d7fb0f3a8ec8') in 0.0330144 seconds
Number of updated asset objects reloaded before import = 0Number of asset objects unloaded after import = 3

========================================================================
Received Import Request.
  Time since last request: 0.000039 seconds.
  path: Assets/Projects/GravityDash/kenney_new-platformer-pack-1.1/Sprites/Tiles/Default/flag_off.png
  artifactKey: Guid(f869919e8cfa6495b82ff5dd90157997) Importer(2089858483,b0f066a214c2f5e87bad3c948f4d605d)
Start importing Assets/Projects/GravityDash/kenney_new-platformer-pack-1.1/Sprites/Tiles/Default/flag_off.png using Guid(f869919e8cfa6495b82ff5dd90157997) Importer(2089858483,b0f066a214c2f5e87bad3c948f4d605d) (ScriptedImporter) -> (artifact id: '53dd0e82e8f1f93d0d163f5a77631e10') in 0.0308677 seconds
Number of updated asset objects reloaded before import = 0Number of asset objects unloaded after import = 3

========================================================================
Received Import Request.
  Time since last request: 0.000022 seconds.
  path: Assets/Projects/GravityDash/kenney_new-platformer-pack-1.1/Sprites/Tiles/Default/coin_gold.png
  artifactKey: Guid(ce0db2b444d604c4eb1d3945b75fcf26) Importer(2089858483,b0f066a214c2f5e87bad3c948f4d605d)
Start importing Assets/Projects/GravityDash/kenney_new-platformer-pack-1.1/Sprites/Tiles/Default/coin_gold.png using Guid(ce0db2b444d604c4eb1d3945b75fcf26) Importer(2089858483,b0f066a214c2f5e87bad3c948f4d605d) (ScriptedImporter) -> (artifact id: '3f0c3c08c69a037ce0de65bb4efc437b') in 0.0316428 seconds
Number of updated asset objects reloaded before import = 0Number of asset objects unloaded after import = 3

========================================================================
Received Import Request.
  Time since last request: 0.000021 seconds.
  path: Assets/Projects/GravityDash/kenney_new-platformer-pack-1.1/Sprites/Tiles/Default/block_strong_danger.png
  artifactKey: Guid(e412b3115db054f348475e765e85b336) Importer(2089858483,b0f066a214c2f5e87bad3c948f4d605d)
Start importing Assets/Projects/GravityDash/kenney_new-platformer-pack-1.1/Sprites/Tiles/Default/block_strong_danger.png using Guid(e412b3115db054f348475e765e85b336) Importer(2089858483,b0f066a214c2f5e87bad3c948f4d605d) (ScriptedImporter) -> (artifact id: '480b2c0de9395d6a96a568953355532b') in 0.0312874 seconds
Number of updated asset objects reloaded before import = 0Number of asset objects unloaded after import = 3

========================================================================
Received Import Request.
  Time since last request: 0.000021 seconds.
  path: Assets/Projects/GravityDash/kenney_new-platformer-pack-1.1/Sprites/Characters/Double/character_yellow_walk_b.png
  artifactKey: Guid(0c7196aa30c0a48db8a3d539580ccbf5) Importer(2089858483,b0f066a214c2f5e87bad3c948f4d605d)
Start importing Assets/Projects/GravityDash/kenney_new-platformer-pack-1.1/Sprites/Characters/Double/character_yellow_walk_b.png using Guid(0c7196aa30c0a48db8a3d539580ccbf5) Importer(2089858483,b0f066a214c2f5e87bad3c948f4d605d) (ScriptedImporter) -> (artifact id: '4f8dfa8cd6290f04823e960a94418e6c') in 0.0299177 seconds
Number of updated asset objects reloaded before import = 0Number of asset objects unloaded after import = 3

========================================================================
Received Import Request.
  Time since last request: 0.000022 seconds.
  path: Assets/Projects/GravityDash/kenney_new-platformer-pack-1.1/Sprites/Tiles/Default/door_open_top.png
  artifactKey: Guid(f02bbb1e051b64c128520f7cffdf43d3) Importer(2089858483,b0f066a214c2f5e87bad3c948f4d605d)
Start importing Assets/Projects/GravityDash/kenney_new-platformer-pack-1.1/Sprites/Tiles/Default/door_open_top.png using Guid(f02bbb1e051b64c128520f7cffdf43d3) Importer(2089858483,b0f066a214c2f5e87bad3c948f4d605d) (ScriptedImporter) -> (artifact id: '0a4d77ce274dd80d148d872e064e3cf9') in 0.0307627 seconds
Number of updated asset objects reloaded before import = 0Number of asset objects unloaded after import = 3

========================================================================
Received Import Request.
  Time since last request: 0.000025 seconds.
  path: Assets/Projects/GravityDash/kenney_new-platformer-pack-1.1/Sprites/Tiles/Default/block_coin.png
  artifactKey: Guid(accd24faeb4f74bceab6929efa2312fd) Importer(2089858483,b0f066a214c2f5e87bad3c948f4d605d)
Start importing Assets/Projects/GravityDash/kenney_new-platformer-pack-1.1/Sprites/Tiles/Default/block_coin.png using Guid(accd24faeb4f74bceab6929efa2312fd) Importer(2089858483,b0f066a214c2f5e87bad3c948f4d605d) (ScriptedImporter) -> (artifact id: '878119a1e5aa5ec6d3aadedfea174988') in 0.0306463 seconds
Number of updated asset objects reloaded before import = 0Number of asset objects unloaded after import = 3

========================================================================
Received Import Request.
  Time since last request: 0.000043 seconds.
  path: Assets/Projects/GravityDash/kenney_new-platformer-pack-1.1/Sprites/Enemies/Default/snail_walk_a.png
  artifactKey: Guid(156d572e02a174d4c99938d66ef5acd0) Importer(2089858483,b0f066a214c2f5e87bad3c948f4d605d)
Start importing Assets/Projects/GravityDash/kenney_new-platformer-pack-1.1/Sprites/Enemies/Default/snail_walk_a.png using Guid(156d572e02a174d4c99938d66ef5acd0) Importer(2089858483,b0f066a214c2f5e87bad3c948f4d605d) (ScriptedImporter) -> (artifact id: 'de6d1e156adb65eb51091547d3ca9fe9') in 0.0324835 seconds
Number of updated asset objects reloaded before import = 0Number of asset objects unloaded after import = 3

========================================================================
Received Import Request.
  Time since last request: 0.000024 seconds.
  path: Assets/Projects/GravityDash/kenney_new-platformer-pack-1.1/Sprites/Enemies/Double/fish_purple_rest.png
  artifactKey: Guid(198b18e4ae9dc45bab10dd8cb9caf4b8) Importer(2089858483,b0f066a214c2f5e87bad3c948f4d605d)
Start importing Assets/Projects/GravityDash/kenney_new-platformer-pack-1.1/Sprites/Enemies/Double/fish_purple_rest.png using Guid(198b18e4ae9dc45bab10dd8cb9caf4b8) Importer(2089858483,b0f066a214c2f5e87bad3c948f4d605d) (ScriptedImporter) -> (artifact id: 'c76a744a68917765aaae58257e96c597') in 0.029704 seconds
Number of updated asset objects reloaded before import = 0Number of asset objects unloaded after import = 3

========================================================================
Received Import Request.
  Time since last request: 0.000029 seconds.
  path: Assets/Projects/GravityDash/kenney_new-platformer-pack-1.1/Sprites/Enemies/Default/slime_normal_walk_b.png
  artifactKey: Guid(d2628c30035cb447093c5f7297b470c0) Importer(2089858483,b0f066a214c2f5e87bad3c948f4d605d)
Start importing Assets/Projects/GravityDash/kenney_new-platformer-pack-1.1/Sprites/Enemies/Default/slime_normal_walk_b.png using Guid(d2628c30035cb447093c5f7297b470c0) Importer(2089858483,b0f066a214c2f5e87bad3c948f4d605d) (ScriptedImporter) -> (artifact id: '975e263a509734b118fd8d5487bdcc35') in 0.0360593 seconds
Number of updated asset objects reloaded before import = 0Number of asset objects unloaded after import = 3

========================================================================
Received Import Request.
  Time since last request: 0.000024 seconds.
  path: Assets/Projects/GravityDash/kenney_new-platformer-pack-1.1/Sprites/Enemies/Double/fish_blue_swim_a.png
  artifactKey: Guid(718d39bc581de47378cd599b7245e60f) Importer(2089858483,b0f066a214c2f5e87bad3c948f4d605d)
Start importing Assets/Projects/GravityDash/kenney_new-platformer-pack-1.1/Sprites/Enemies/Double/fish_blue_swim_a.png using Guid(718d39bc581de47378cd599b7245e60f) Importer(2089858483,b0f066a214c2f5e87bad3c948f4d605d) (ScriptedImporter) -> (artifact id: 'ebf18b44e541d3527b809cefff926a1c') in 0.0340347 seconds
Number of updated asset objects reloaded before import = 0Number of asset objects unloaded after import = 3

========================================================================
Received Import Request.
  Time since last request: 0.000084 seconds.
  path: Assets/Projects/GravityDash/kenney_new-platformer-pack-1.1/Sprites/Characters/Double/character_purple_walk_b.png
  artifactKey: Guid(1c9a96e0a7a164bdfa42554a7aaa10d0) Importer(2089858483,b0f066a214c2f5e87bad3c948f4d605d)
Start importing Assets/Projects/GravityDash/kenney_new-platformer-pack-1.1/Sprites/Characters/Double/character_purple_walk_b.png using Guid(1c9a96e0a7a164bdfa42554a7aaa10d0) Importer(2089858483,b0f066a214c2f5e87bad3c948f4d605d) (ScriptedImporter) -> (artifact id: '0893676317e72f2c1ad716efd85f6439') in 0.0336449 seconds
Number of updated asset objects reloaded before import = 0Number of asset objects unloaded after import = 3

========================================================================
Received Import Request.
  Time since last request: 0.000030 seconds.
  path: Assets/Projects/GravityDash/kenney_new-platformer-pack-1.1/Sprites/Enemies/Double/slime_normal_rest.png
  artifactKey: Guid(fa559bce8ed724a11867ed0d7d444429) Importer(2089858483,b0f066a214c2f5e87bad3c948f4d605d)
Start importing Assets/Projects/GravityDash/kenney_new-platformer-pack-1.1/Sprites/Enemies/Double/slime_normal_rest.png using Guid(fa559bce8ed724a11867ed0d7d444429) Importer(2089858483,b0f066a214c2f5e87bad3c948f4d605d) (ScriptedImporter) -> (artifact id: '6ee94a884c20d11e52c46d737d9b74e1') in 0.0306959 seconds
Number of updated asset objects reloaded before import = 0Number of asset objects unloaded after import = 3

========================================================================
Received Import Request.
  Time since last request: 0.000024 seconds.
  path: Assets/Projects/GravityDash/kenney_new-platformer-pack-1.1/Sprites/Tiles/Default/brick_grey.png
  artifactKey: Guid(9aae22075b11745399935b66f4cdefe6) Importer(2089858483,b0f066a214c2f5e87bad3c948f4d605d)
Start importing Assets/Projects/GravityDash/kenney_new-platformer-pack-1.1/Sprites/Tiles/Default/brick_grey.png using Guid(9aae22075b11745399935b66f4cdefe6) Importer(2089858483,b0f066a214c2f5e87bad3c948f4d605d) (ScriptedImporter) -> (artifact id: 'edee94b258715284684f10c74f24a2ab') in 0.0275359 seconds
Number of updated asset objects reloaded before import = 0Number of asset objects unloaded after import = 3

========================================================================
Received Import Request.
  Time since last request: 0.000022 seconds.
  path: Assets/Projects/GravityDash/kenney_new-platformer-pack-1.1/Sprites/Characters/Double/character_yellow_idle.png
  artifactKey: Guid(183b9d9f0684d4ec5b3b419ad56896fc) Importer(2089858483,b0f066a214c2f5e87bad3c948f4d605d)
Start importing Assets/Projects/GravityDash/kenney_new-platformer-pack-1.1/Sprites/Characters/Double/character_yellow_idle.png using Guid(183b9d9f0684d4ec5b3b419ad56896fc) Importer(2089858483,b0f066a214c2f5e87bad3c948f4d605d) (ScriptedImporter) -> (artifact id: '652fb4f1e24fd9a14877f317620946c3') in 0.0297497 seconds
Number of updated asset objects reloaded before import = 0Number of asset objects unloaded after import = 3

========================================================================
Received Import Request.
  Time since last request: 0.000125 seconds.
  path: Assets/Projects/GravityDash/kenney_new-platformer-pack-1.1/Sprites/Enemies/Double/slime_spike_flat.png
  artifactKey: Guid(98bf4b13ff24f476095c2c7e37f5e36a) Importer(2089858483,b0f066a214c2f5e87bad3c948f4d605d)
Start importing Assets/Projects/GravityDash/kenney_new-platformer-pack-1.1/Sprites/Enemies/Double/slime_spike_flat.png using Guid(98bf4b13ff24f476095c2c7e37f5e36a) Importer(2089858483,b0f066a214c2f5e87bad3c948f4d605d) (ScriptedImporter) -> (artifact id: '1b7d7d945d7dbfe89f8ec26f5e7a1cff') in 0.0348462 seconds
Number of updated asset objects reloaded before import = 0Number of asset objects unloaded after import = 3

========================================================================
Received Import Request.
  Time since last request: 0.000022 seconds.
  path: Assets/Projects/GravityDash/kenney_new-platformer-pack-1.1/Sprites/Tiles/Default/bomb_active.png
  artifactKey: Guid(6a1dc9f15365c4e43ac9f4d264693586) Importer(2089858483,b0f066a214c2f5e87bad3c948f4d605d)
Start importing Assets/Projects/GravityDash/kenney_new-platformer-pack-1.1/Sprites/Tiles/Default/bomb_active.png using Guid(6a1dc9f15365c4e43ac9f4d264693586) Importer(2089858483,b0f066a214c2f5e87bad3c948f4d605d) (ScriptedImporter) -> (artifact id: '4c480d19c267d5186aaef6c116943271') in 0.0298774 seconds
Number of updated asset objects reloaded before import = 0Number of asset objects unloaded after import = 3

========================================================================
Received Import Request.
  Time since last request: 0.000023 seconds.
  path: Assets/Projects/GravityDash/kenney_new-platformer-pack-1.1/Sprites/Tiles/Default/grass_purple.png
  artifactKey: Guid(7c1564fe2c51c4ca3a8ba55b044dc0ab) Importer(2089858483,b0f066a214c2f5e87bad3c948f4d605d)
Start importing Assets/Projects/GravityDash/kenney_new-platformer-pack-1.1/Sprites/Tiles/Default/grass_purple.png using Guid(7c1564fe2c51c4ca3a8ba55b044dc0ab) Importer(2089858483,b0f066a214c2f5e87bad3c948f4d605d) (ScriptedImporter) -> (artifact id: 'fe23d49170633bf65c89465154ab123c') in 0.0326882 seconds
Number of updated asset objects reloaded before import = 0Number of asset objects unloaded after import = 3

========================================================================
Received Import Request.
  Time since last request: 0.000040 seconds.
  path: Assets/Projects/GravityDash/kenney_new-platformer-pack-1.1/Sprites/Enemies/Double/bee_b.png
  artifactKey: Guid(289a3aea838e645e499ac33a1b6f85a1) Importer(2089858483,b0f066a214c2f5e87bad3c948f4d605d)
Start importing Assets/Projects/GravityDash/kenney_new-platformer-pack-1.1/Sprites/Enemies/Double/bee_b.png using Guid(289a3aea838e645e499ac33a1b6f85a1) Importer(2089858483,b0f066a214c2f5e87bad3c948f4d605d) (ScriptedImporter) -> (artifact id: 'bae358e65f3ad7faed405ccf370fb363') in 0.0311207 seconds
Number of updated asset objects reloaded before import = 0Number of asset objects unloaded after import = 3

========================================================================
Received Import Request.
  Time since last request: 0.000033 seconds.
  path: Assets/Projects/GravityDash/kenney_new-platformer-pack-1.1/Sprites/Enemies/Default/slime_block_rest.png
  artifactKey: Guid(8d574941bcec5410f915ebbbd31f5dfd) Importer(2089858483,b0f066a214c2f5e87bad3c948f4d605d)
Start importing Assets/Projects/GravityDash/kenney_new-platformer-pack-1.1/Sprites/Enemies/Default/slime_block_rest.png using Guid(8d574941bcec5410f915ebbbd31f5dfd) Importer(2089858483,b0f066a214c2f5e87bad3c948f4d605d) (ScriptedImporter) -> (artifact id: 'e0c05d1d9cca1708a3b3df11536d9ef8') in 0.0323029 seconds
Number of updated asset objects reloaded before import = 0Number of asset objects unloaded after import = 3

========================================================================
Received Import Request.
  Time since last request: 0.000027 seconds.
  path: Assets/Projects/GravityDash/kenney_new-platformer-pack-1.1/Sprites/Enemies/Default/mouse_walk_a.png
  artifactKey: Guid(347a59e4695a64b51ae0fa361bbd55f2) Importer(2089858483,b0f066a214c2f5e87bad3c948f4d605d)
Start importing Assets/Projects/GravityDash/kenney_new-platformer-pack-1.1/Sprites/Enemies/Default/mouse_walk_a.png using Guid(347a59e4695a64b51ae0fa361bbd55f2) Importer(2089858483,b0f066a214c2f5e87bad3c948f4d605d) (ScriptedImporter) -> (artifact id: '3f0bd5d1167c3c49241fac84c46f3f3c') in 0.0409937 seconds
Number of updated asset objects reloaded before import = 0Number of asset objects unloaded after import = 3

========================================================================
Received Import Request.
  Time since last request: 0.000024 seconds.
  path: Assets/Projects/GravityDash/kenney_new-platformer-pack-1.1/Sprites/Characters/Double/character_yellow_walk_a.png
  artifactKey: Guid(d6a5c2b36e8954068b469f7e3cf53830) Importer(2089858483,b0f066a214c2f5e87bad3c948f4d605d)
Start importing Assets/Projects/GravityDash/kenney_new-platformer-pack-1.1/Sprites/Characters/Double/character_yellow_walk_a.png using Guid(d6a5c2b36e8954068b469f7e3cf53830) Importer(2089858483,b0f066a214c2f5e87bad3c948f4d605d) (ScriptedImporter) -> (artifact id: '757a38c455e82c26fc02297cd1fc4096') in 0.0351464 seconds
Number of updated asset objects reloaded before import = 0Number of asset objects unloaded after import = 3

========================================================================
Received Import Request.
  Time since last request: 0.000027 seconds.
  path: Assets/Projects/GravityDash/kenney_new-platformer-pack-1.1/Sprites/Enemies/Default/snail_walk_b.png
  artifactKey: Guid(a73ed60f1a8b940c7bed3966052123f7) Importer(2089858483,b0f066a214c2f5e87bad3c948f4d605d)
Start importing Assets/Projects/GravityDash/kenney_new-platformer-pack-1.1/Sprites/Enemies/Default/snail_walk_b.png using Guid(a73ed60f1a8b940c7bed3966052123f7) Importer(2089858483,b0f066a214c2f5e87bad3c948f4d605d) (ScriptedImporter) -> (artifact id: '7ae5ade8e59144fae6ac3dca8f5e4e3d') in 0.0290659 seconds
Number of updated asset objects reloaded before import = 0Number of asset objects unloaded after import = 3

========================================================================
Received Import Request.
  Time since last request: 0.000022 seconds.
  path: Assets/Projects/GravityDash/kenney_new-platformer-pack-1.1/Sprites/Tiles/Default/bricks_grey.png
  artifactKey: Guid(1e7b8fa86b9c74af691f0d15984a007b) Importer(2089858483,b0f066a214c2f5e87bad3c948f4d605d)
Start importing Assets/Projects/GravityDash/kenney_new-platformer-pack-1.1/Sprites/Tiles/Default/bricks_grey.png using Guid(1e7b8fa86b9c74af691f0d15984a007b) Importer(2089858483,b0f066a214c2f5e87bad3c948f4d605d) (ScriptedImporter) -> (artifact id: '65ced57225b5f685413dff96c9ba596d') in 0.031796 seconds
Number of updated asset objects reloaded before import = 0Number of asset objects unloaded after import = 3

========================================================================
Received Import Request.
  Time since last request: 0.000305 seconds.
  path: Assets/Projects/GravityDash/kenney_new-platformer-pack-1.1/Sprites/Enemies/Default/worm_normal_rest.png
  artifactKey: Guid(5b9e070f6d67b4e06b14d9bd58366dba) Importer(2089858483,b0f066a214c2f5e87bad3c948f4d605d)
Start importing Assets/Projects/GravityDash/kenney_new-platformer-pack-1.1/Sprites/Enemies/Default/worm_normal_rest.png using Guid(5b9e070f6d67b4e06b14d9bd58366dba) Importer(2089858483,b0f066a214c2f5e87bad3c948f4d605d) (ScriptedImporter) -> (artifact id: 'b26def1085ac73d35d1336641565321d') in 0.0298193 seconds
Number of updated asset objects reloaded before import = 0Number of asset objects unloaded after import = 3

========================================================================
Received Import Request.
  Time since last request: 0.000026 seconds.
  path: Assets/Projects/GravityDash/kenney_new-platformer-pack-1.1/Sprites/Enemies/Default/snail_rest.png
  artifactKey: Guid(66bea173c1b7d44a0abd39c909471517) Importer(2089858483,b0f066a214c2f5e87bad3c948f4d605d)
Start importing Assets/Projects/GravityDash/kenney_new-platformer-pack-1.1/Sprites/Enemies/Default/snail_rest.png using Guid(66bea173c1b7d44a0abd39c909471517) Importer(2089858483,b0f066a214c2f5e87bad3c948f4d605d) (ScriptedImporter) -> (artifact id: '559ce68fc83f72a4ccfee6123d2780f8') in 0.0310283 seconds
Number of updated asset objects reloaded before import = 0Number of asset objects unloaded after import = 3

========================================================================
Received Import Request.
  Time since last request: 0.000025 seconds.
  path: Assets/Projects/GravityDash/kenney_new-platformer-pack-1.1/Sprites/Characters/Double/character_green_walk_b.png
  artifactKey: Guid(99780a1600709408396468b75ce9ecbc) Importer(2089858483,b0f066a214c2f5e87bad3c948f4d605d)
Start importing Assets/Projects/GravityDash/kenney_new-platformer-pack-1.1/Sprites/Characters/Double/character_green_walk_b.png using Guid(99780a1600709408396468b75ce9ecbc) Importer(2089858483,b0f066a214c2f5e87bad3c948f4d605d) (ScriptedImporter) -> (artifact id: 'd79fab5c15fc424430673e0182229d86') in 0.0333853 seconds
Number of updated asset objects reloaded before import = 0Number of asset objects unloaded after import = 3

========================================================================
Received Import Request.
  Time since last request: 0.000089 seconds.
  path: Assets/Projects/GravityDash/kenney_new-platformer-pack-1.1/Sprites/Tiles/Default/block_blue.png
  artifactKey: Guid(6cad2174ef1254494b8fd17865d3db9a) Importer(2089858483,b0f066a214c2f5e87bad3c948f4d605d)
Start importing Assets/Projects/GravityDash/kenney_new-platformer-pack-1.1/Sprites/Tiles/Default/block_blue.png using Guid(6cad2174ef1254494b8fd17865d3db9a) Importer(2089858483,b0f066a214c2f5e87bad3c948f4d605d) (ScriptedImporter) -> (artifact id: '6e9d01169ddf4d3eae45a2c29fbce0b8') in 0.0315768 seconds
Number of updated asset objects reloaded before import = 0Number of asset objects unloaded after import = 3

========================================================================
Received Import Request.
  Time since last request: 0.000017 seconds.
  path: Assets/Projects/GravityDash/kenney_new-platformer-pack-1.1/Sprites/Characters/Double/character_pink_climb_b.png
  artifactKey: Guid(3be7c7e7fdd354ef19c578729f6c4074) Importer(2089858483,b0f066a214c2f5e87bad3c948f4d605d)
Start importing Assets/Projects/GravityDash/kenney_new-platformer-pack-1.1/Sprites/Characters/Double/character_pink_climb_b.png using Guid(3be7c7e7fdd354ef19c578729f6c4074) Importer(2089858483,b0f066a214c2f5e87bad3c948f4d605d) (ScriptedImporter) -> (artifact id: 'bdd87e650522446e686bf851f9cb7628') in 0.0375774 seconds
Number of updated asset objects reloaded before import = 0Number of asset objects unloaded after import = 3

========================================================================
Received Import Request.
  Time since last request: 0.000300 seconds.
  path: Assets/Projects/GravityDash/kenney_new-platformer-pack-1.1/Sprites/Tiles/Default/block_strong_coin_active.png
  artifactKey: Guid(2379e598887d347cca7cf23de1a3fcf7) Importer(2089858483,b0f066a214c2f5e87bad3c948f4d605d)
Start importing Assets/Projects/GravityDash/kenney_new-platformer-pack-1.1/Sprites/Tiles/Default/block_strong_coin_active.png using Guid(2379e598887d347cca7cf23de1a3fcf7) Importer(2089858483,b0f066a214c2f5e87bad3c948f4d605d) (ScriptedImporter) -> (artifact id: '5f35962381da65c357469ae960f42cf4') in 0.0318987 seconds
Number of updated asset objects reloaded before import = 0Number of asset objects unloaded after import = 3

========================================================================
Received Import Request.
  Time since last request: 0.000023 seconds.
  path: Assets/Projects/GravityDash/kenney_new-platformer-pack-1.1/Sprites/Characters/Double/character_purple_front.png
  artifactKey: Guid(351b1073f4f434b86a5067febb1b86c3) Importer(2089858483,b0f066a214c2f5e87bad3c948f4d605d)
Start importing Assets/Projects/GravityDash/kenney_new-platformer-pack-1.1/Sprites/Characters/Double/character_purple_front.png using Guid(351b1073f4f434b86a5067febb1b86c3) Importer(2089858483,b0f066a214c2f5e87bad3c948f4d605d) (ScriptedImporter) -> (artifact id: '6808a327942bfd54ff10083ebc7b7199') in 0.0329083 seconds
Number of updated asset objects reloaded before import = 0Number of asset objects unloaded after import = 3

========================================================================
Received Import Request.
  Time since last request: 0.000493 seconds.
  path: Assets/Projects/GravityDash/kenney_new-platformer-pack-1.1/Sprites/Enemies/Double/slime_normal_walk_b.png
  artifactKey: Guid(fb044eac1571746a9ad6f6ba34c9aa95) Importer(2089858483,b0f066a214c2f5e87bad3c948f4d605d)
Start importing Assets/Projects/GravityDash/kenney_new-platformer-pack-1.1/Sprites/Enemies/Double/slime_normal_walk_b.png using Guid(fb044eac1571746a9ad6f6ba34c9aa95) Importer(2089858483,b0f066a214c2f5e87bad3c948f4d605d) (ScriptedImporter) -> (artifact id: '2fc7e8bba5595c802ce394ff1d979fd6') in 0.0298143 seconds
Number of updated asset objects reloaded before import = 0Number of asset objects unloaded after import = 3

========================================================================
Received Import Request.
  Time since last request: 0.000027 seconds.
  path: Assets/Projects/GravityDash/kenney_new-platformer-pack-1.1/Sprites/Tiles/Default/fence_broken.png
  artifactKey: Guid(f12f793eda31e4e369899af852ba0f99) Importer(2089858483,b0f066a214c2f5e87bad3c948f4d605d)
Start importing Assets/Projects/GravityDash/kenney_new-platformer-pack-1.1/Sprites/Tiles/Default/fence_broken.png using Guid(f12f793eda31e4e369899af852ba0f99) Importer(2089858483,b0f066a214c2f5e87bad3c948f4d605d) (ScriptedImporter) -> (artifact id: '9672f7295acd7a99fde10eb3a489fb29') in 0.0377279 seconds
Number of updated asset objects reloaded before import = 0Number of asset objects unloaded after import = 3

========================================================================
Received Import Request.
  Time since last request: 0.000047 seconds.
  path: Assets/Projects/GravityDash/kenney_new-platformer-pack-1.1/Sprites/Enemies/Double/snail_walk_a.png
  artifactKey: Guid(354a01dbd69ca49028e1e94e153d0e8e) Importer(2089858483,b0f066a214c2f5e87bad3c948f4d605d)
Start importing Assets/Projects/GravityDash/kenney_new-platformer-pack-1.1/Sprites/Enemies/Double/snail_walk_a.png using Guid(354a01dbd69ca49028e1e94e153d0e8e) Importer(2089858483,b0f066a214c2f5e87bad3c948f4d605d) (ScriptedImporter) -> (artifact id: '7d119e81b9184daa2859a4f9ee65f288') in 0.0297122 seconds
Number of updated asset objects reloaded before import = 0Number of asset objects unloaded after import = 3

========================================================================
Received Import Request.
  Time since last request: 0.103401 seconds.
  path: Assets/Projects/GravityDash/kenney_new-platformer-pack-1.1/Sprites/Tiles/Default/hud_character_2.png
  artifactKey: Guid(190dbf446eac4407fb0124d7e3058ee5) Importer(2089858483,b0f066a214c2f5e87bad3c948f4d605d)
Start importing Assets/Projects/GravityDash/kenney_new-platformer-pack-1.1/Sprites/Tiles/Default/hud_character_2.png using Guid(190dbf446eac4407fb0124d7e3058ee5) Importer(2089858483,b0f066a214c2f5e87bad3c948f4d605d) (ScriptedImporter) -> (artifact id: '4cc0dfc335ac4b5214f7c99ab27fc65c') in 0.0264367 seconds
Number of updated asset objects reloaded before import = 0Number of asset objects unloaded after import = 3

========================================================================
Received Import Request.
  Time since last request: 0.000037 seconds.
  path: Assets/Projects/GravityDash/kenney_new-platformer-pack-1.1/Sprites/Tiles/Default/terrain_sand_block_left.png
  artifactKey: Guid(675705d3191c945348454d0716076013) Importer(2089858483,b0f066a214c2f5e87bad3c948f4d605d)
Start importing Assets/Projects/GravityDash/kenney_new-platformer-pack-1.1/Sprites/Tiles/Default/terrain_sand_block_left.png using Guid(675705d3191c945348454d0716076013) Importer(2089858483,b0f066a214c2f5e87bad3c948f4d605d) (ScriptedImporter) -> (artifact id: '77f88af4eb4c45d24fc1d48cc34dddcd') in 0.0230536 seconds
Number of updated asset objects reloaded before import = 0Number of asset objects unloaded after import = 3

========================================================================
Received Import Request.
  Time since last request: 0.000043 seconds.
  path: Assets/Projects/GravityDash/kenney_new-platformer-pack-1.1/Sprites/Tiles/Default/terrain_sand_horizontal_left.png
  artifactKey: Guid(d1bc50f96b741405c833c52ccd21dcac) Importer(2089858483,b0f066a214c2f5e87bad3c948f4d605d)
Start importing Assets/Projects/GravityDash/kenney_new-platformer-pack-1.1/Sprites/Tiles/Default/terrain_sand_horizontal_left.png using Guid(d1bc50f96b741405c833c52ccd21dcac) Importer(2089858483,b0f066a214c2f5e87bad3c948f4d605d) (ScriptedImporter) -> (artifact id: 'c13f4b8648bbc76e58257437298dc42f') in 0.024477 seconds
Number of updated asset objects reloaded before import = 0Number of asset objects unloaded after import = 3

========================================================================
Received Import Request.
  Time since last request: 0.000023 seconds.
  path: Assets/Projects/GravityDash/kenney_new-platformer-pack-1.1/Sprites/Tiles/Default/hud_coin.png
  artifactKey: Guid(132abf3495d354645ad5d46a911a4eec) Importer(2089858483,b0f066a214c2f5e87bad3c948f4d605d)
Start importing Assets/Projects/GravityDash/kenney_new-platformer-pack-1.1/Sprites/Tiles/Default/hud_coin.png using Guid(132abf3495d354645ad5d46a911a4eec) Importer(2089858483,b0f066a214c2f5e87bad3c948f4d605d) (ScriptedImporter) -> (artifact id: 'a1cf9af8b4f20dafa42be52f64e2a798') in 0.0272354 seconds
Number of updated asset objects reloaded before import = 0Number of asset objects unloaded after import = 3

========================================================================
Received Import Request.
  Time since last request: 0.000050 seconds.
  path: Assets/Projects/GravityDash/kenney_new-platformer-pack-1.1/Sprites/Tiles/Default/hud_character_8.png
  artifactKey: Guid(48db78e28dfc3403bb86e23eed57876d) Importer(2089858483,b0f066a214c2f5e87bad3c948f4d605d)
Start importing Assets/Projects/GravityDash/kenney_new-platformer-pack-1.1/Sprites/Tiles/Default/hud_character_8.png using Guid(48db78e28dfc3403bb86e23eed57876d) Importer(2089858483,b0f066a214c2f5e87bad3c948f4d605d) (ScriptedImporter) -> (artifact id: '56b0ad02f32eee8a88a26076cd77c69c') in 0.0251184 seconds
Number of updated asset objects reloaded before import = 0Number of asset objects unloaded after import = 3

========================================================================
Received Import Request.
  Time since last request: 0.000030 seconds.
  path: Assets/Projects/GravityDash/kenney_new-platformer-pack-1.1/Sprites/Tiles/Default/lava_top_low.png
  artifactKey: Guid(f30283d976ea244859014d70fdcfb8a7) Importer(2089858483,b0f066a214c2f5e87bad3c948f4d605d)
Start importing Assets/Projects/GravityDash/kenney_new-platformer-pack-1.1/Sprites/Tiles/Default/lava_top_low.png using Guid(f30283d976ea244859014d70fdcfb8a7) Importer(2089858483,b0f066a214c2f5e87bad3c948f4d605d) (ScriptedImporter) -> (artifact id: '7e091527ce32bdcc013f01269503c2c9') in 0.0244668 seconds
Number of updated asset objects reloaded before import = 0Number of asset objects unloaded after import = 3

========================================================================
Received Import Request.
  Time since last request: 0.000080 seconds.
  path: Assets/Projects/GravityDash/kenney_new-platformer-pack-1.1/Sprites/Tiles/Default/terrain_sand_block_bottom.png
  artifactKey: Guid(48aa6847ad69c42efbab36ece3f5d5e2) Importer(2089858483,b0f066a214c2f5e87bad3c948f4d605d)
Start importing Assets/Projects/GravityDash/kenney_new-platformer-pack-1.1/Sprites/Tiles/Default/terrain_sand_block_bottom.png using Guid(48aa6847ad69c42efbab36ece3f5d5e2) Importer(2089858483,b0f066a214c2f5e87bad3c948f4d605d) (ScriptedImporter) -> (artifact id: 'a0fc6094bc9994b606bb2c0473a9c0df') in 0.0295708 seconds
Number of updated asset objects reloaded before import = 0Number of asset objects unloaded after import = 3

========================================================================
Received Import Request.
  Time since last request: 0.000021 seconds.
  path: Assets/Projects/GravityDash/kenney_new-platformer-pack-1.1/Sprites/Tiles/Default/hud_key_green.png
  artifactKey: Guid(ead34a3313f3f4d9e836bbb10ef26ff1) Importer(2089858483,b0f066a214c2f5e87bad3c948f4d605d)
Start importing Assets/Projects/GravityDash/kenney_new-platformer-pack-1.1/Sprites/Tiles/Default/hud_key_green.png using Guid(ead34a3313f3f4d9e836bbb10ef26ff1) Importer(2089858483,b0f066a214c2f5e87bad3c948f4d605d) (ScriptedImporter) -> (artifact id: 'c4d3a542bd44f8332c4d43ef40c28354') in 0.0337219 seconds
Number of updated asset objects reloaded before import = 0Number of asset objects unloaded after import = 3

========================================================================
Received Import Request.
  Time since last request: 0.000508 seconds.
  path: Assets/Projects/GravityDash/kenney_new-platformer-pack-1.1/Sprites/Tiles/Default/hud_player_helmet_beige.png
  artifactKey: Guid(63fc414a267464bf3b918fe47bc82ced) Importer(2089858483,b0f066a214c2f5e87bad3c948f4d605d)
Start importing Assets/Projects/GravityDash/kenney_new-platformer-pack-1.1/Sprites/Tiles/Default/hud_player_helmet_beige.png using Guid(63fc414a267464bf3b918fe47bc82ced) Importer(2089858483,b0f066a214c2f5e87bad3c948f4d605d) (ScriptedImporter) -> (artifact id: '7bccf0a119757f1f3ccdf4ec924d4103') in 0.0302305 seconds
Number of updated asset objects reloaded before import = 0Number of asset objects unloaded after import = 3

========================================================================
Received Import Request.
  Time since last request: 0.000020 seconds.
  path: Assets/Projects/GravityDash/kenney_new-platformer-pack-1.1/Sprites/Tiles/Default/terrain_dirt_ramp_long_c.png
  artifactKey: Guid(d66dea99c4c0d486cb9b6a452c55ade5) Importer(2089858483,b0f066a214c2f5e87bad3c948f4d605d)
Start importing Assets/Projects/GravityDash/kenney_new-platformer-pack-1.1/Sprites/Tiles/Default/terrain_dirt_ramp_long_c.png using Guid(d66dea99c4c0d486cb9b6a452c55ade5) Importer(2089858483,b0f066a214c2f5e87bad3c948f4d605d) (ScriptedImporter) -> (artifact id: '953e8ba55ef6a65ed80cb27f2d235a4a') in 0.0269915 seconds
Number of updated asset objects reloaded before import = 0Number of asset objects unloaded after import = 3

========================================================================
Received Import Request.
  Time since last request: 0.000022 seconds.
  path: Assets/Projects/GravityDash/kenney_new-platformer-pack-1.1/Sprites/Tiles/Default/terrain_dirt_vertical_top.png
  artifactKey: Guid(026f91dc67afb45a5b7df6b160f78e61) Importer(2089858483,b0f066a214c2f5e87bad3c948f4d605d)
Start importing Assets/Projects/GravityDash/kenney_new-platformer-pack-1.1/Sprites/Tiles/Default/terrain_dirt_vertical_top.png using Guid(026f91dc67afb45a5b7df6b160f78e61) Importer(2089858483,b0f066a214c2f5e87bad3c948f4d605d) (ScriptedImporter) -> (artifact id: '456f938c5f35ae6118a9fc55469c2950') in 0.0328741 seconds
Number of updated asset objects reloaded before import = 0Number of asset objects unloaded after import = 3

========================================================================
Received Import Request.
  Time since last request: 0.000030 seconds.
  path: Assets/Projects/GravityDash/kenney_new-platformer-pack-1.1/Sprites/Tiles/Default/terrain_dirt_block_top_right.png
  artifactKey: Guid(15b06541c07d04eb1a135d5aeb70f06b) Importer(2089858483,b0f066a214c2f5e87bad3c948f4d605d)
Start importing Assets/Projects/GravityDash/kenney_new-platformer-pack-1.1/Sprites/Tiles/Default/terrain_dirt_block_top_right.png using Guid(15b06541c07d04eb1a135d5aeb70f06b) Importer(2089858483,b0f066a214c2f5e87bad3c948f4d605d) (ScriptedImporter) -> (artifact id: 'a8568beb2b6acc9cd64ca6105d553d73') in 0.0278706 seconds
Number of updated asset objects reloaded before import = 0Number of asset objects unloaded after import = 3

========================================================================
Received Import Request.
  Time since last request: 0.000035 seconds.
  path: Assets/Projects/GravityDash/kenney_new-platformer-pack-1.1/Sprites/Tiles/Default/terrain_grass_cloud_left.png
  artifactKey: Guid(fc3f5f16ef54a42a0a74a8113ca79bb6) Importer(2089858483,b0f066a214c2f5e87bad3c948f4d605d)
Start importing Assets/Projects/GravityDash/kenney_new-platformer-pack-1.1/Sprites/Tiles/Default/terrain_grass_cloud_left.png using Guid(fc3f5f16ef54a42a0a74a8113ca79bb6) Importer(2089858483,b0f066a214c2f5e87bad3c948f4d605d) (ScriptedImporter) -> (artifact id: '9388e4bc279e2960fb3d443b437c549c') in 0.0291758 seconds
Number of updated asset objects reloaded before import = 0Number of asset objects unloaded after import = 3

========================================================================
Received Import Request.
  Time since last request: 0.000046 seconds.
  path: Assets/Projects/GravityDash/kenney_new-platformer-pack-1.1/Sprites/Tiles/Default/terrain_snow_ramp_short_b.png
  artifactKey: Guid(745ebaf372cd449c4be08cebef3b73e1) Importer(2089858483,b0f066a214c2f5e87bad3c948f4d605d)
Start importing Assets/Projects/GravityDash/kenney_new-platformer-pack-1.1/Sprites/Tiles/Default/terrain_snow_ramp_short_b.png using Guid(745ebaf372cd449c4be08cebef3b73e1) Importer(2089858483,b0f066a214c2f5e87bad3c948f4d605d) (ScriptedImporter) -> (artifact id: '0578b1bf69dbb65a5e5b476dbf010ebe') in 0.029477 seconds
Number of updated asset objects reloaded before import = 0Number of asset objects unloaded after import = 3

========================================================================
Received Import Request.
  Time since last request: 0.000020 seconds.
  path: Assets/Projects/GravityDash/kenney_new-platformer-pack-1.1/Sprites/Tiles/Default/terrain_snow_vertical_top.png
  artifactKey: Guid(d543abe9f7df949a3afaa697a2d88934) Importer(2089858483,b0f066a214c2f5e87bad3c948f4d605d)
Start importing Assets/Projects/GravityDash/kenney_new-platformer-pack-1.1/Sprites/Tiles/Default/terrain_snow_vertical_top.png using Guid(d543abe9f7df949a3afaa697a2d88934) Importer(2089858483,b0f066a214c2f5e87bad3c948f4d605d) (ScriptedImporter) -> (artifact id: '4e099d6634e085f16a7bd0c46576b3cc') in 0.0339921 seconds
Number of updated asset objects reloaded before import = 0Number of asset objects unloaded after import = 3

========================================================================
Received Import Request.
  Time since last request: 0.000039 seconds.
  path: Assets/Projects/GravityDash/kenney_new-platformer-pack-1.1/Sprites/Tiles/Default/terrain_dirt_block_left.png
  artifactKey: Guid(7858ac3352dfb477b85db20ce17c16aa) Importer(2089858483,b0f066a214c2f5e87bad3c948f4d605d)
Start importing Assets/Projects/GravityDash/kenney_new-platformer-pack-1.1/Sprites/Tiles/Default/terrain_dirt_block_left.png using Guid(7858ac3352dfb477b85db20ce17c16aa) Importer(2089858483,b0f066a214c2f5e87bad3c948f4d605d) (ScriptedImporter) -> (artifact id: '75eb5ce189f25f5e1025ca62297f4595') in 0.0289514 seconds
Number of updated asset objects reloaded before import = 0Number of asset objects unloaded after import = 3

========================================================================
Received Import Request.
  Time since last request: 0.000023 seconds.
  path: Assets/Projects/GravityDash/kenney_new-platformer-pack-1.1/Sprites/Tiles/Default/mushroom_red.png
  artifactKey: Guid(b28bb7e2e60f44b84b22b5202977ce7c) Importer(2089858483,b0f066a214c2f5e87bad3c948f4d605d)
Start importing Assets/Projects/GravityDash/kenney_new-platformer-pack-1.1/Sprites/Tiles/Default/mushroom_red.png using Guid(b28bb7e2e60f44b84b22b5202977ce7c) Importer(2089858483,b0f066a214c2f5e87bad3c948f4d605d) (ScriptedImporter) -> (artifact id: 'ad9a721fe0044467b50883ec7d2e78ac') in 0.0294988 seconds
Number of updated asset objects reloaded before import = 0Number of asset objects unloaded after import = 3

========================================================================
Received Import Request.
  Time since last request: 0.000019 seconds.
  path: Assets/Projects/GravityDash/kenney_new-platformer-pack-1.1/Sprites/Tiles/Default/terrain_purple_vertical_middle.png
  artifactKey: Guid(80c19c4bb92f249c6b380e170b0c020b) Importer(2089858483,b0f066a214c2f5e87bad3c948f4d605d)
Start importing Assets/Projects/GravityDash/kenney_new-platformer-pack-1.1/Sprites/Tiles/Default/terrain_purple_vertical_middle.png using Guid(80c19c4bb92f249c6b380e170b0c020b) Importer(2089858483,b0f066a214c2f5e87bad3c948f4d605d) (ScriptedImporter) -> (artifact id: '0d42d28e1eea5e24beaa74d7051e7558') in 0.0317323 seconds
Number of updated asset objects reloaded before import = 0Number of asset objects unloaded after import = 3

========================================================================
Received Import Request.
  Time since last request: 0.000026 seconds.
  path: Assets/Projects/GravityDash/kenney_new-platformer-pack-1.1/Sprites/Tiles/Default/key_yellow.png
  artifactKey: Guid(f48f705c8068445b888f75c05a50195b) Importer(2089858483,b0f066a214c2f5e87bad3c948f4d605d)
Start importing Assets/Projects/GravityDash/kenney_new-platformer-pack-1.1/Sprites/Tiles/Default/key_yellow.png using Guid(f48f705c8068445b888f75c05a50195b) Importer(2089858483,b0f066a214c2f5e87bad3c948f4d605d) (ScriptedImporter) -> (artifact id: '99ff1edb9601a0a2e51fcf015f60b106') in 0.0264635 seconds
Number of updated asset objects reloaded before import = 0Number of asset objects unloaded after import = 3

========================================================================
Received Import Request.
  Time since last request: 0.000041 seconds.
  path: Assets/Projects/GravityDash/kenney_new-platformer-pack-1.1/Sprites/Tiles/Default/terrain_snow_cloud_left.png
  artifactKey: Guid(e3d056770dc5049c682fd7f4f492e040) Importer(2089858483,b0f066a214c2f5e87bad3c948f4d605d)
Start importing Assets/Projects/GravityDash/kenney_new-platformer-pack-1.1/Sprites/Tiles/Default/terrain_snow_cloud_left.png using Guid(e3d056770dc5049c682fd7f4f492e040) Importer(2089858483,b0f066a214c2f5e87bad3c948f4d605d) (ScriptedImporter) -> (artifact id: 'a57871ecb23c53e070011cc0c9937240') in 0.0288561 seconds
Number of updated asset objects reloaded before import = 0Number of asset objects unloaded after import = 3

========================================================================
Received Import Request.
  Time since last request: 0.000027 seconds.
  path: Assets/Projects/GravityDash/kenney_new-platformer-pack-1.1/Sprites/Tiles/Default/terrain_dirt_cloud.png
  artifactKey: Guid(9f9b6868161dd469c8982e78619b2e3b) Importer(2089858483,b0f066a214c2f5e87bad3c948f4d605d)
Start importing Assets/Projects/GravityDash/kenney_new-platformer-pack-1.1/Sprites/Tiles/Default/terrain_dirt_cloud.png using Guid(9f9b6868161dd469c8982e78619b2e3b) Importer(2089858483,b0f066a214c2f5e87bad3c948f4d605d) (ScriptedImporter) -> (artifact id: '26aa7281dc7d1a18e133daa21a73f6be') in 0.0310071 seconds
Number of updated asset objects reloaded before import = 0Number of asset objects unloaded after import = 3

========================================================================
Received Import Request.
  Time since last request: 0.000019 seconds.
  path: Assets/Projects/GravityDash/kenney_new-platformer-pack-1.1/Sprites/Tiles/Default/hud_character_5.png
  artifactKey: Guid(0df6d39cb963f4750bd07d271812c7a5) Importer(2089858483,b0f066a214c2f5e87bad3c948f4d605d)
Start importing Assets/Projects/GravityDash/kenney_new-platformer-pack-1.1/Sprites/Tiles/Default/hud_character_5.png using Guid(0df6d39cb963f4750bd07d271812c7a5) Importer(2089858483,b0f066a214c2f5e87bad3c948f4d605d) (ScriptedImporter) -> (artifact id: '877dec325bf28bcf51affaccc6dea081') in 0.0243398 seconds
Number of updated asset objects reloaded before import = 0Number of asset objects unloaded after import = 3

========================================================================
Received Import Request.
  Time since last request: 0.000026 seconds.
  path: Assets/Projects/GravityDash/kenney_new-platformer-pack-1.1/Sprites/Tiles/Default/terrain_grass_block_bottom_left.png
  artifactKey: Guid(41b7abd2e150c4548b69bce8b0e7cd65) Importer(2089858483,b0f066a214c2f5e87bad3c948f4d605d)
Start importing Assets/Projects/GravityDash/kenney_new-platformer-pack-1.1/Sprites/Tiles/Default/terrain_grass_block_bottom_left.png using Guid(41b7abd2e150c4548b69bce8b0e7cd65) Importer(2089858483,b0f066a214c2f5e87bad3c948f4d605d) (ScriptedImporter) -> (artifact id: '3f9725e58bfa93d3d4b775cf25b3857f') in 0.0282715 seconds
Number of updated asset objects reloaded before import = 0Number of asset objects unloaded after import = 3

========================================================================
Received Import Request.
  Time since last request: 0.000035 seconds.
  path: Assets/Projects/GravityDash/kenney_new-platformer-pack-1.1/Sprites/Tiles/Default/terrain_snow_ramp_long_a.png
  artifactKey: Guid(0c5abb6af2b12436c9ab6c81f091ba49) Importer(2089858483,b0f066a214c2f5e87bad3c948f4d605d)
Start importing Assets/Projects/GravityDash/kenney_new-platformer-pack-1.1/Sprites/Tiles/Default/terrain_snow_ramp_long_a.png using Guid(0c5abb6af2b12436c9ab6c81f091ba49) Importer(2089858483,b0f066a214c2f5e87bad3c948f4d605d) (ScriptedImporter) -> (artifact id: '5aab06c4f7a7a8c8783c772208012d0c') in 0.0323262 seconds
Number of updated asset objects reloaded before import = 0Number of asset objects unloaded after import = 3

========================================================================
Received Import Request.
  Time since last request: 0.000024 seconds.
  path: Assets/Projects/GravityDash/kenney_new-platformer-pack-1.1/Sprites/Tiles/Default/terrain_purple_block_bottom_right.png
  artifactKey: Guid(e60b257ebff974cecb51444be808ba5c) Importer(2089858483,b0f066a214c2f5e87bad3c948f4d605d)
Start importing Assets/Projects/GravityDash/kenney_new-platformer-pack-1.1/Sprites/Tiles/Default/terrain_purple_block_bottom_right.png using Guid(e60b257ebff974cecb51444be808ba5c) Importer(2089858483,b0f066a214c2f5e87bad3c948f4d605d) (ScriptedImporter) -> (artifact id: 'ef7d22105a4cb0479ce5e8164f8b813d') in 0.0287534 seconds
Number of updated asset objects reloaded before import = 0Number of asset objects unloaded after import = 3

========================================================================
Received Import Request.
  Time since last request: 0.000025 seconds.
  path: Assets/Projects/GravityDash/kenney_new-platformer-pack-1.1/Sprites/Tiles/Default/terrain_sand_cloud_right.png
  artifactKey: Guid(79f5a1bdccbdc426699ee150636348d9) Importer(2089858483,b0f066a214c2f5e87bad3c948f4d605d)
Start importing Assets/Projects/GravityDash/kenney_new-platformer-pack-1.1/Sprites/Tiles/Default/terrain_sand_cloud_right.png using Guid(79f5a1bdccbdc426699ee150636348d9) Importer(2089858483,b0f066a214c2f5e87bad3c948f4d605d) (ScriptedImporter) -> (artifact id: 'a149866d8cf919fc1659d39129832d8a') in 0.0277574 seconds
Number of updated asset objects reloaded before import = 0Number of asset objects unloaded after import = 3

========================================================================
Received Import Request.
  Time since last request: 0.000032 seconds.
  path: Assets/Projects/GravityDash/kenney_new-platformer-pack-1.1/Sprites/Tiles/Default/terrain_sand_ramp_long_b.png
  artifactKey: Guid(c9934d796b41f4c6095f8250953feb57) Importer(2089858483,b0f066a214c2f5e87bad3c948f4d605d)
Start importing Assets/Projects/GravityDash/kenney_new-platformer-pack-1.1/Sprites/Tiles/Default/terrain_sand_ramp_long_b.png using Guid(c9934d796b41f4c6095f8250953feb57) Importer(2089858483,b0f066a214c2f5e87bad3c948f4d605d) (ScriptedImporter) -> (artifact id: '08673622d00c9f2003d053521bd0d9d7') in 0.0299913 seconds
Number of updated asset objects reloaded before import = 0Number of asset objects unloaded after import = 3

========================================================================
Received Import Request.
  Time since last request: 0.000032 seconds.
  path: Assets/Projects/GravityDash/kenney_new-platformer-pack-1.1/Sprites/Tiles/Default/terrain_dirt_cloud_middle.png
  artifactKey: Guid(dbe83a2de86d744fbb4f7b387bc1ce98) Importer(2089858483,b0f066a214c2f5e87bad3c948f4d605d)
Start importing Assets/Projects/GravityDash/kenney_new-platformer-pack-1.1/Sprites/Tiles/Default/terrain_dirt_cloud_middle.png using Guid(dbe83a2de86d744fbb4f7b387bc1ce98) Importer(2089858483,b0f066a214c2f5e87bad3c948f4d605d) (ScriptedImporter) -> (artifact id: 'c05e568178a31cc0ec6d1efa2a813dd8') in 0.0246383 seconds
Number of updated asset objects reloaded before import = 0Number of asset objects unloaded after import = 3

========================================================================
Received Import Request.
  Time since last request: 0.000020 seconds.
  path: Assets/Projects/GravityDash/kenney_new-platformer-pack-1.1/Sprites/Tiles/Default/terrain_snow_horizontal_left.png
  artifactKey: Guid(f9f080dc6ab624de3878648fd8030201) Importer(2089858483,b0f066a214c2f5e87bad3c948f4d605d)
Start importing Assets/Projects/GravityDash/kenney_new-platformer-pack-1.1/Sprites/Tiles/Default/terrain_snow_horizontal_left.png using Guid(f9f080dc6ab624de3878648fd8030201) Importer(2089858483,b0f066a214c2f5e87bad3c948f4d605d) (ScriptedImporter) -> (artifact id: '457b20cdbbf11de7e6ec2fcafafc24bd') in 0.0288028 seconds
Number of updated asset objects reloaded before import = 0Number of asset objects unloaded after import = 3

========================================================================
Received Import Request.
  Time since last request: 0.000088 seconds.
  path: Assets/Projects/GravityDash/kenney_new-platformer-pack-1.1/Sprites/Tiles/Default/ladder_bottom.png
  artifactKey: Guid(8f84c4fbd19d948acbcf9daa3351dd6c) Importer(2089858483,b0f066a214c2f5e87bad3c948f4d605d)
Start importing Assets/Projects/GravityDash/kenney_new-platformer-pack-1.1/Sprites/Tiles/Default/ladder_bottom.png using Guid(8f84c4fbd19d948acbcf9daa3351dd6c) Importer(2089858483,b0f066a214c2f5e87bad3c948f4d605d) (ScriptedImporter) -> (artifact id: 'c103af00a3610b8d2e45bd5813dd3dc3') in 0.0421065 seconds
Number of updated asset objects reloaded before import = 0Number of asset objects unloaded after import = 3

========================================================================
Received Import Request.
  Time since last request: 0.000016 seconds.
  path: Assets/Projects/GravityDash/kenney_new-platformer-pack-1.1/Sprites/Tiles/Default/terrain_snow_vertical_middle.png
  artifactKey: Guid(54e78015cdbdc4ff7af8d1b0d33e3f15) Importer(2089858483,b0f066a214c2f5e87bad3c948f4d605d)
Start importing Assets/Projects/GravityDash/kenney_new-platformer-pack-1.1/Sprites/Tiles/Default/terrain_snow_vertical_middle.png using Guid(54e78015cdbdc4ff7af8d1b0d33e3f15) Importer(2089858483,b0f066a214c2f5e87bad3c948f4d605d) (ScriptedImporter) -> (artifact id: 'a485f98942dcaef8bf8fb44b0898837f') in 0.0269964 seconds
Number of updated asset objects reloaded before import = 0Number of asset objects unloaded after import = 3

========================================================================
Received Import Request.
  Time since last request: 0.000027 seconds.
  path: Assets/Projects/GravityDash/kenney_new-platformer-pack-1.1/Sprites/Tiles/Default/terrain_stone_block_bottom_left.png
  artifactKey: Guid(115b32733c8354cff91377d5c30c572d) Importer(2089858483,b0f066a214c2f5e87bad3c948f4d605d)
Start importing Assets/Projects/GravityDash/kenney_new-platformer-pack-1.1/Sprites/Tiles/Default/terrain_stone_block_bottom_left.png using Guid(115b32733c8354cff91377d5c30c572d) Importer(2089858483,b0f066a214c2f5e87bad3c948f4d605d) (ScriptedImporter) -> (artifact id: '792bd2ad2c73638a1d73da2bc6c04ec2') in 0.031272 seconds
Number of updated asset objects reloaded before import = 0Number of asset objects unloaded after import = 3

========================================================================
Received Import Request.
  Time since last request: 0.000029 seconds.
  path: Assets/Projects/GravityDash/kenney_new-platformer-pack-1.1/Sprites/Tiles/Default/hud_character_percent.png
  artifactKey: Guid(a0b949123664b4ba99e5b0ba14444e30) Importer(2089858483,b0f066a214c2f5e87bad3c948f4d605d)
Start importing Assets/Projects/GravityDash/kenney_new-platformer-pack-1.1/Sprites/Tiles/Default/hud_character_percent.png using Guid(a0b949123664b4ba99e5b0ba14444e30) Importer(2089858483,b0f066a214c2f5e87bad3c948f4d605d) (ScriptedImporter) -> (artifact id: 'c9468f9f5229ea37e106526b20293b39') in 0.0310404 seconds
Number of updated asset objects reloaded before import = 0Number of asset objects unloaded after import = 3

========================================================================
Received Import Request.
  Time since last request: 0.000034 seconds.
  path: Assets/Projects/GravityDash/kenney_new-platformer-pack-1.1/Sprites/Tiles/Default/terrain_dirt_ramp_short_b.png
  artifactKey: Guid(7e828798c04c64d73b3f41ebd24b47a1) Importer(2089858483,b0f066a214c2f5e87bad3c948f4d605d)
Start importing Assets/Projects/GravityDash/kenney_new-platformer-pack-1.1/Sprites/Tiles/Default/terrain_dirt_ramp_short_b.png using Guid(7e828798c04c64d73b3f41ebd24b47a1) Importer(2089858483,b0f066a214c2f5e87bad3c948f4d605d) (ScriptedImporter) -> (artifact id: '4419929df327b286d0ba694333d60df6') in 0.0299535 seconds
Number of updated asset objects reloaded before import = 0Number of asset objects unloaded after import = 3

========================================================================
Received Import Request.
  Time since last request: 0.000022 seconds.
  path: Assets/Projects/GravityDash/kenney_new-platformer-pack-1.1/Sprites/Tiles/Default/terrain_grass_block.png
  artifactKey: Guid(a111f024bd1fe4bcb848fb8adff289f4) Importer(2089858483,b0f066a214c2f5e87bad3c948f4d605d)
Start importing Assets/Projects/GravityDash/kenney_new-platformer-pack-1.1/Sprites/Tiles/Default/terrain_grass_block.png using Guid(a111f024bd1fe4bcb848fb8adff289f4) Importer(2089858483,b0f066a214c2f5e87bad3c948f4d605d) (ScriptedImporter) -> (artifact id: 'aadca9f60dc8a7c8ab82611b64f5d48a') in 0.025392 seconds
Number of updated asset objects reloaded before import = 0Number of asset objects unloaded after import = 3

========================================================================
Received Import Request.
  Time since last request: 0.000021 seconds.
  path: Assets/Projects/GravityDash/kenney_new-platformer-pack-1.1/Sprites/Tiles/Default/lock_blue.png
  artifactKey: Guid(d284e4ba63e8346b98009165a2c42c2b) Importer(2089858483,b0f066a214c2f5e87bad3c948f4d605d)
Start importing Assets/Projects/GravityDash/kenney_new-platformer-pack-1.1/Sprites/Tiles/Default/lock_blue.png using Guid(d284e4ba63e8346b98009165a2c42c2b) Importer(2089858483,b0f066a214c2f5e87bad3c948f4d605d) (ScriptedImporter) -> (artifact id: 'b7df97bcbbc58c3f268079d6873ec3d3') in 0.0290925 seconds
Number of updated asset objects reloaded before import = 0Number of asset objects unloaded after import = 3

========================================================================
Received Import Request.
  Time since last request: 0.000023 seconds.
  path: Assets/Projects/GravityDash/kenney_new-platformer-pack-1.1/Sprites/Tiles/Default/terrain_grass_horizontal_overhang_right.png
  artifactKey: Guid(ba60d12f5f35d40608f6ce6f1afec980) Importer(2089858483,b0f066a214c2f5e87bad3c948f4d605d)
Start importing Assets/Projects/GravityDash/kenney_new-platformer-pack-1.1/Sprites/Tiles/Default/terrain_grass_horizontal_overhang_right.png using Guid(ba60d12f5f35d40608f6ce6f1afec980) Importer(2089858483,b0f066a214c2f5e87bad3c948f4d605d) (ScriptedImporter) -> (artifact id: 'b0883363817a912023b69b6038eb6b75') in 0.0287931 seconds
Number of updated asset objects reloaded before import = 0Number of asset objects unloaded after import = 3

========================================================================
Received Import Request.
  Time since last request: 0.000024 seconds.
  path: Assets/Projects/GravityDash/kenney_new-platformer-pack-1.1/Sprites/Tiles/Default/terrain_grass_block_bottom.png
  artifactKey: Guid(cab84f904db6349f38a11c985a115e9a) Importer(2089858483,b0f066a214c2f5e87bad3c948f4d605d)
Start importing Assets/Projects/GravityDash/kenney_new-platformer-pack-1.1/Sprites/Tiles/Default/terrain_grass_block_bottom.png using Guid(cab84f904db6349f38a11c985a115e9a) Importer(2089858483,b0f066a214c2f5e87bad3c948f4d605d) (ScriptedImporter) -> (artifact id: 'dfea854853137214cbc2363d4668898e') in 0.0269176 seconds
Number of updated asset objects reloaded before import = 0Number of asset objects unloaded after import = 3

========================================================================
Received Import Request.
  Time since last request: 0.000022 seconds.
  path: Assets/Projects/GravityDash/kenney_new-platformer-pack-1.1/Sprites/Tiles/Default/terrain_purple_cloud_background.png
  artifactKey: Guid(2fcd43fa613a24e869f3340850acc963) Importer(2089858483,b0f066a214c2f5e87bad3c948f4d605d)
Start importing Assets/Projects/GravityDash/kenney_new-platformer-pack-1.1/Sprites/Tiles/Default/terrain_purple_cloud_background.png using Guid(2fcd43fa613a24e869f3340850acc963) Importer(2089858483,b0f066a214c2f5e87bad3c948f4d605d) (ScriptedImporter) -> (artifact id: '862550b19bee1dd674a1cc07a9002f5b') in 0.0329164 seconds
Number of updated asset objects reloaded before import = 0Number of asset objects unloaded after import = 3

========================================================================
Received Import Request.
  Time since last request: 0.000028 seconds.
  path: Assets/Projects/GravityDash/kenney_new-platformer-pack-1.1/Sprites/Tiles/Default/terrain_purple_block_top_left.png
  artifactKey: Guid(ae6e3f8b92cbb41f8abcb725ae73ac4e) Importer(2089858483,b0f066a214c2f5e87bad3c948f4d605d)
Start importing Assets/Projects/GravityDash/kenney_new-platformer-pack-1.1/Sprites/Tiles/Default/terrain_purple_block_top_left.png using Guid(ae6e3f8b92cbb41f8abcb725ae73ac4e) Importer(2089858483,b0f066a214c2f5e87bad3c948f4d605d) (ScriptedImporter) -> (artifact id: 'aed48cc516b090edca48a06c03f02188') in 0.0286877 seconds
Number of updated asset objects reloaded before import = 0Number of asset objects unloaded after import = 3

========================================================================
Received Import Request.
  Time since last request: 0.000048 seconds.
  path: Assets/Projects/GravityDash/kenney_new-platformer-pack-1.1/Sprites/Tiles/Default/terrain_snow_horizontal_overhang_left.png
  artifactKey: Guid(2e94c0b7336e64a08bf775a472a5c26b) Importer(2089858483,b0f066a214c2f5e87bad3c948f4d605d)
Start importing Assets/Projects/GravityDash/kenney_new-platformer-pack-1.1/Sprites/Tiles/Default/terrain_snow_horizontal_overhang_left.png using Guid(2e94c0b7336e64a08bf775a472a5c26b) Importer(2089858483,b0f066a214c2f5e87bad3c948f4d605d) (ScriptedImporter) -> (artifact id: 'ea32bf2fdbc0c43d145f20490ed83693') in 0.0279048 seconds
Number of updated asset objects reloaded before import = 0Number of asset objects unloaded after import = 3

========================================================================
Received Import Request.
  Time since last request: 0.000023 seconds.
  path: Assets/Projects/GravityDash/kenney_new-platformer-pack-1.1/Sprites/Tiles/Default/terrain_dirt_block_bottom.png
  artifactKey: Guid(811d1b0c94ec845e0810a6698a7f441e) Importer(2089858483,b0f066a214c2f5e87bad3c948f4d605d)
Start importing Assets/Projects/GravityDash/kenney_new-platformer-pack-1.1/Sprites/Tiles/Default/terrain_dirt_block_bottom.png using Guid(811d1b0c94ec845e0810a6698a7f441e) Importer(2089858483,b0f066a214c2f5e87bad3c948f4d605d) (ScriptedImporter) -> (artifact id: '80051e2ac059d1af5aee82f4203273bc') in 0.0297462 seconds
Number of updated asset objects reloaded before import = 0Number of asset objects unloaded after import = 3

========================================================================
Received Import Request.
  Time since last request: 0.000022 seconds.
  path: Assets/Projects/GravityDash/kenney_new-platformer-pack-1.1/Sprites/Tiles/Default/terrain_purple_vertical_top.png
  artifactKey: Guid(6d8a330e99b6740778f92d3a05b3ca14) Importer(2089858483,b0f066a214c2f5e87bad3c948f4d605d)
Start importing Assets/Projects/GravityDash/kenney_new-platformer-pack-1.1/Sprites/Tiles/Default/terrain_purple_vertical_top.png using Guid(6d8a330e99b6740778f92d3a05b3ca14) Importer(2089858483,b0f066a214c2f5e87bad3c948f4d605d) (ScriptedImporter) -> (artifact id: 'd3f34ca3bc4b93161742ccbb087516ac') in 0.0263578 seconds
Number of updated asset objects reloaded before import = 0Number of asset objects unloaded after import = 3

========================================================================
Received Import Request.
  Time since last request: 0.000027 seconds.
  path: Assets/Projects/GravityDash/kenney_new-platformer-pack-1.1/Sprites/Tiles/Default/terrain_purple_block_right.png
  artifactKey: Guid(91fa83a853aa846c2ad8b19f7b444114) Importer(2089858483,b0f066a214c2f5e87bad3c948f4d605d)
Start importing Assets/Projects/GravityDash/kenney_new-platformer-pack-1.1/Sprites/Tiles/Default/terrain_purple_block_right.png using Guid(91fa83a853aa846c2ad8b19f7b444114) Importer(2089858483,b0f066a214c2f5e87bad3c948f4d605d) (ScriptedImporter) -> (artifact id: '5588d4988695769ca18ef7eac314edaa') in 0.0294408 seconds
Number of updated asset objects reloaded before import = 0Number of asset objects unloaded after import = 3

========================================================================
Received Import Request.
  Time since last request: 0.000020 seconds.
  path: Assets/Projects/GravityDash/kenney_new-platformer-pack-1.1/Sprites/Tiles/Default/lava_top.png
  artifactKey: Guid(4d0a1e55ff2834ae389c60a3e8374487) Importer(2089858483,b0f066a214c2f5e87bad3c948f4d605d)
Start importing Assets/Projects/GravityDash/kenney_new-platformer-pack-1.1/Sprites/Tiles/Default/lava_top.png using Guid(4d0a1e55ff2834ae389c60a3e8374487) Importer(2089858483,b0f066a214c2f5e87bad3c948f4d605d) (ScriptedImporter) -> (artifact id: 'af2ad5041378d444bebd2752238092ac') in 0.0309047 seconds
Number of updated asset objects reloaded before import = 0Number of asset objects unloaded after import = 3

========================================================================
Received Import Request.
  Time since last request: 0.009381 seconds.
  path: Assets/Projects/GravityDash/kenney_new-platformer-pack-1.1/Sprites/Tiles/Default/terrain_stone_cloud_right.png
  artifactKey: Guid(9be772bc912db4b598c8a79e0fd7e2d7) Importer(2089858483,b0f066a214c2f5e87bad3c948f4d605d)
Start importing Assets/Projects/GravityDash/kenney_new-platformer-pack-1.1/Sprites/Tiles/Default/terrain_stone_cloud_right.png using Guid(9be772bc912db4b598c8a79e0fd7e2d7) Importer(2089858483,b0f066a214c2f5e87bad3c948f4d605d) (ScriptedImporter) -> (artifact id: '9aeb5eb86be0cbf2ba0026aa58c1671d') in 0.027759 seconds
Number of updated asset objects reloaded before import = 0Number of asset objects unloaded after import = 3

========================================================================
Received Import Request.
  Time since last request: 0.000030 seconds.
  path: Assets/Projects/GravityDash/kenney_new-platformer-pack-1.1/Sprites/Tiles/Double/hud_key_green.png
  artifactKey: Guid(27e4889e545c44dca91b54b6e225decf) Importer(2089858483,b0f066a214c2f5e87bad3c948f4d605d)
Start importing Assets/Projects/GravityDash/kenney_new-platformer-pack-1.1/Sprites/Tiles/Double/hud_key_green.png using Guid(27e4889e545c44dca91b54b6e225decf) Importer(2089858483,b0f066a214c2f5e87bad3c948f4d605d) (ScriptedImporter) -> (artifact id: '8baca92bfb30685bf567cff9f1886da9') in 0.0300067 seconds
Number of updated asset objects reloaded before import = 0Number of asset objects unloaded after import = 3

========================================================================
Received Import Request.
  Time since last request: 0.000050 seconds.
  path: Assets/Projects/GravityDash/kenney_new-platformer-pack-1.1/Sprites/Tiles/Double/terrain_dirt_ramp_short_a.png
  artifactKey: Guid(b0ec0afb9525541c09b16b19018b6077) Importer(2089858483,b0f066a214c2f5e87bad3c948f4d605d)
Start importing Assets/Projects/GravityDash/kenney_new-platformer-pack-1.1/Sprites/Tiles/Double/terrain_dirt_ramp_short_a.png using Guid(b0ec0afb9525541c09b16b19018b6077) Importer(2089858483,b0f066a214c2f5e87bad3c948f4d605d) (ScriptedImporter) -> (artifact id: '6b2f51b7b5016a9123c593a402fd7305') in 0.0310455 seconds
Number of updated asset objects reloaded before import = 0Number of asset objects unloaded after import = 3

========================================================================
Received Import Request.
  Time since last request: 0.000031 seconds.
  path: Assets/Projects/GravityDash/kenney_new-platformer-pack-1.1/Sprites/Tiles/Double/bricks_grey.png
  artifactKey: Guid(3217ea04160af4910a4ae62f20318b01) Importer(2089858483,b0f066a214c2f5e87bad3c948f4d605d)
Start importing Assets/Projects/GravityDash/kenney_new-platformer-pack-1.1/Sprites/Tiles/Double/bricks_grey.png using Guid(3217ea04160af4910a4ae62f20318b01) Importer(2089858483,b0f066a214c2f5e87bad3c948f4d605d) (ScriptedImporter) -> (artifact id: 'a34804f3c67529c09c69038f186b05d1') in 0.0269895 seconds
Number of updated asset objects reloaded before import = 0Number of asset objects unloaded after import = 3

========================================================================
Received Import Request.
  Time since last request: 0.000033 seconds.
  path: Assets/Projects/GravityDash/kenney_new-platformer-pack-1.1/Sprites/Tiles/Default/terrain_stone_horizontal_overhang_right.png
  artifactKey: Guid(eada053d0ac9a4789ade6bc073b58c05) Importer(2089858483,b0f066a214c2f5e87bad3c948f4d605d)
Start importing Assets/Projects/GravityDash/kenney_new-platformer-pack-1.1/Sprites/Tiles/Default/terrain_stone_horizontal_overhang_right.png using Guid(eada053d0ac9a4789ade6bc073b58c05) Importer(2089858483,b0f066a214c2f5e87bad3c948f4d605d) (ScriptedImporter) -> (artifact id: '80bbe1c34cb126b965cb3c85a9f98585') in 0.0321295 seconds
Number of updated asset objects reloaded before import = 0Number of asset objects unloaded after import = 3

========================================================================
Received Import Request.
  Time since last request: 0.000020 seconds.
  path: Assets/Projects/GravityDash/kenney_new-platformer-pack-1.1/Sprites/Tiles/Double/terrain_purple_block_left.png
  artifactKey: Guid(f80d2a346a30149e2a494885dd985c91) Importer(2089858483,b0f066a214c2f5e87bad3c948f4d605d)
Start importing Assets/Projects/GravityDash/kenney_new-platformer-pack-1.1/Sprites/Tiles/Double/terrain_purple_block_left.png using Guid(f80d2a346a30149e2a494885dd985c91) Importer(2089858483,b0f066a214c2f5e87bad3c948f4d605d) (ScriptedImporter) -> (artifact id: '7406a9a03dd3971475c69f86b8652b49') in 0.029267 seconds
Number of updated asset objects reloaded before import = 0Number of asset objects unloaded after import = 3

========================================================================
Received Import Request.
  Time since last request: 0.000033 seconds.
  path: Assets/Projects/GravityDash/kenney_new-platformer-pack-1.1/Sprites/Tiles/Double/terrain_stone_vertical_bottom.png
  artifactKey: Guid(28bcf70dae7af43d5bf85998059e6ec2) Importer(2089858483,b0f066a214c2f5e87bad3c948f4d605d)
Start importing Assets/Projects/GravityDash/kenney_new-platformer-pack-1.1/Sprites/Tiles/Double/terrain_stone_vertical_bottom.png using Guid(28bcf70dae7af43d5bf85998059e6ec2) Importer(2089858483,b0f066a214c2f5e87bad3c948f4d605d) (ScriptedImporter) -> (artifact id: '4312d04e0e1d4af268122d3d665e09f4') in 0.0305321 seconds
Number of updated asset objects reloaded before import = 0Number of asset objects unloaded after import = 3

========================================================================
Received Import Request.
  Time since last request: 0.000035 seconds.
  path: Assets/Projects/GravityDash/kenney_new-platformer-pack-1.1/Sprites/Tiles/Double/block_strong_coin.png
  artifactKey: Guid(8f561d08cb3e647f1b168dd585119e75) Importer(2089858483,b0f066a214c2f5e87bad3c948f4d605d)
Start importing Assets/Projects/GravityDash/kenney_new-platformer-pack-1.1/Sprites/Tiles/Double/block_strong_coin.png using Guid(8f561d08cb3e647f1b168dd585119e75) Importer(2089858483,b0f066a214c2f5e87bad3c948f4d605d) (ScriptedImporter) -> (artifact id: '2748bb29cbba3491792cd2e6cb73fb58') in 0.0283034 seconds
Number of updated asset objects reloaded before import = 0Number of asset objects unloaded after import = 3

========================================================================
Received Import Request.
  Time since last request: 0.000026 seconds.
  path: Assets/Projects/GravityDash/kenney_new-platformer-pack-1.1/Sprites/Tiles/Double/terrain_grass_cloud_right.png
  artifactKey: Guid(6b5b25b077c5f4fcf82093469f1ad5cd) Importer(2089858483,b0f066a214c2f5e87bad3c948f4d605d)
Start importing Assets/Projects/GravityDash/kenney_new-platformer-pack-1.1/Sprites/Tiles/Double/terrain_grass_cloud_right.png using Guid(6b5b25b077c5f4fcf82093469f1ad5cd) Importer(2089858483,b0f066a214c2f5e87bad3c948f4d605d) (ScriptedImporter) -> (artifact id: 'd93350d1b12c3380aa5a9ab820f5877d') in 0.0299287 seconds
Number of updated asset objects reloaded before import = 0Number of asset objects unloaded after import = 3

========================================================================
Received Import Request.
  Time since last request: 0.000056 seconds.
  path: Assets/Projects/GravityDash/kenney_new-platformer-pack-1.1/Sprites/Tiles/Double/lock_green.png
  artifactKey: Guid(439520c8240624293bbe2d684ff33726) Importer(2089858483,b0f066a214c2f5e87bad3c948f4d605d)
Start importing Assets/Projects/GravityDash/kenney_new-platformer-pack-1.1/Sprites/Tiles/Double/lock_green.png using Guid(439520c8240624293bbe2d684ff33726) Importer(2089858483,b0f066a214c2f5e87bad3c948f4d605d) (ScriptedImporter) -> (artifact id: '75135004e308b41c23afe9b58171e06c') in 0.0267029 seconds
Number of updated asset objects reloaded before import = 0Number of asset objects unloaded after import = 3

========================================================================
Received Import Request.
  Time since last request: 0.000030 seconds.
  path: Assets/Projects/GravityDash/kenney_new-platformer-pack-1.1/Sprites/Tiles/Double/block_strong_danger.png
  artifactKey: Guid(753c990859d3746e388ddf85264a4e4b) Importer(2089858483,b0f066a214c2f5e87bad3c948f4d605d)
Start importing Assets/Projects/GravityDash/kenney_new-platformer-pack-1.1/Sprites/Tiles/Double/block_strong_danger.png using Guid(753c990859d3746e388ddf85264a4e4b) Importer(2089858483,b0f066a214c2f5e87bad3c948f4d605d) (ScriptedImporter) -> (artifact id: '155d1c25250cfec889fdfcaec3883c79') in 0.0299773 seconds
Number of updated asset objects reloaded before import = 0Number of asset objects unloaded after import = 3

========================================================================
Received Import Request.
  Time since last request: 0.000032 seconds.
  path: Assets/Projects/GravityDash/kenney_new-platformer-pack-1.1/Sprites/Tiles/Double/terrain_grass_horizontal_overhang_right.png
  artifactKey: Guid(f0d0d641771834556918e9f645e924e1) Importer(2089858483,b0f066a214c2f5e87bad3c948f4d605d)
Start importing Assets/Projects/GravityDash/kenney_new-platformer-pack-1.1/Sprites/Tiles/Double/terrain_grass_horizontal_overhang_right.png using Guid(f0d0d641771834556918e9f645e924e1) Importer(2089858483,b0f066a214c2f5e87bad3c948f4d605d) (ScriptedImporter) -> (artifact id: '0aa46d6ca2a8b0d6212505d45ae28224') in 0.0274893 seconds
Number of updated asset objects reloaded before import = 0Number of asset objects unloaded after import = 3

========================================================================
Received Import Request.
  Time since last request: 0.000024 seconds.
  path: Assets/Projects/GravityDash/kenney_new-platformer-pack-1.1/Sprites/Tiles/Double/hud_character_2.png
  artifactKey: Guid(1570636ec1eb2437aab897a5b07c9ab8) Importer(2089858483,b0f066a214c2f5e87bad3c948f4d605d)
Start importing Assets/Projects/GravityDash/kenney_new-platformer-pack-1.1/Sprites/Tiles/Double/hud_character_2.png using Guid(1570636ec1eb2437aab897a5b07c9ab8) Importer(2089858483,b0f066a214c2f5e87bad3c948f4d605d) (ScriptedImporter) -> (artifact id: '9f5bd589e02fc75fa6f5e4fef479cb89') in 0.0294922 seconds
Number of updated asset objects reloaded before import = 0Number of asset objects unloaded after import = 3

========================================================================
Received Import Request.
  Time since last request: 0.000035 seconds.
  path: Assets/Projects/GravityDash/kenney_new-platformer-pack-1.1/Sprites/Tiles/Double/terrain_sand_horizontal_left.png
  artifactKey: Guid(a827fe72754e648b3921400d90e5e72c) Importer(2089858483,b0f066a214c2f5e87bad3c948f4d605d)
Start importing Assets/Projects/GravityDash/kenney_new-platformer-pack-1.1/Sprites/Tiles/Double/terrain_sand_horizontal_left.png using Guid(a827fe72754e648b3921400d90e5e72c) Importer(2089858483,b0f066a214c2f5e87bad3c948f4d605d) (ScriptedImporter) -> (artifact id: 'efb1c17a4d1fc391c4619908c7f2e689') in 0.0321104 seconds
Number of updated asset objects reloaded before import = 0Number of asset objects unloaded after import = 3

========================================================================
Received Import Request.
  Time since last request: 0.000022 seconds.
  path: Assets/Projects/GravityDash/kenney_new-platformer-pack-1.1/Sprites/Tiles/Double/terrain_stone_block_right.png
  artifactKey: Guid(c41860af8ff914ee0ad7eeb6f9048f4b) Importer(2089858483,b0f066a214c2f5e87bad3c948f4d605d)
Start importing Assets/Projects/GravityDash/kenney_new-platformer-pack-1.1/Sprites/Tiles/Double/terrain_stone_block_right.png using Guid(c41860af8ff914ee0ad7eeb6f9048f4b) Importer(2089858483,b0f066a214c2f5e87bad3c948f4d605d) (ScriptedImporter) -> (artifact id: '7f5220a1f9a63e21564771aa8dc109b0') in 0.0283329 seconds
Number of updated asset objects reloaded before import = 0Number of asset objects unloaded after import = 3

========================================================================
Received Import Request.
  Time since last request: 0.000030 seconds.
  path: Assets/Projects/GravityDash/kenney_new-platformer-pack-1.1/Sprites/Tiles/Double/terrain_stone_block_top.png
  artifactKey: Guid(acfa971c74f0e4919afe057c70196108) Importer(2089858483,b0f066a214c2f5e87bad3c948f4d605d)
Start importing Assets/Projects/GravityDash/kenney_new-platformer-pack-1.1/Sprites/Tiles/Double/terrain_stone_block_top.png using Guid(acfa971c74f0e4919afe057c70196108) Importer(2089858483,b0f066a214c2f5e87bad3c948f4d605d) (ScriptedImporter) -> (artifact id: '744fd4c001f36c1517f683d30b0550f8') in 0.0293423 seconds
Number of updated asset objects reloaded before import = 0Number of asset objects unloaded after import = 3

========================================================================
Received Import Request.
  Time since last request: 0.000038 seconds.
  path: Assets/Projects/GravityDash/kenney_new-platformer-pack-1.1/Sprites/Tiles/Double/terrain_grass_ramp_short_b.png
  artifactKey: Guid(820e381877e3e40a3907d50e69b00486) Importer(2089858483,b0f066a214c2f5e87bad3c948f4d605d)
Start importing Assets/Projects/GravityDash/kenney_new-platformer-pack-1.1/Sprites/Tiles/Double/terrain_grass_ramp_short_b.png using Guid(820e381877e3e40a3907d50e69b00486) Importer(2089858483,b0f066a214c2f5e87bad3c948f4d605d) (ScriptedImporter) -> (artifact id: '2f4cccbc618eaa583bfc5b4235395ccc') in 0.0306033 seconds
Number of updated asset objects reloaded before import = 0Number of asset objects unloaded after import = 3

========================================================================
Received Import Request.
  Time since last request: 0.000019 seconds.
  path: Assets/Projects/GravityDash/kenney_new-platformer-pack-1.1/Sprites/Tiles/Double/terrain_stone_block.png
  artifactKey: Guid(08410da03e541439d930dbf106437f46) Importer(2089858483,b0f066a214c2f5e87bad3c948f4d605d)
Start importing Assets/Projects/GravityDash/kenney_new-platformer-pack-1.1/Sprites/Tiles/Double/terrain_stone_block.png using Guid(08410da03e541439d930dbf106437f46) Importer(2089858483,b0f066a214c2f5e87bad3c948f4d605d) (ScriptedImporter) -> (artifact id: '2e9c8d7beab1f58a445ae6a8c2a9bb0c') in 0.0275429 seconds
Number of updated asset objects reloaded before import = 0Number of asset objects unloaded after import = 3

========================================================================
Received Import Request.
  Time since last request: 0.000022 seconds.
  path: Assets/Projects/GravityDash/kenney_new-platformer-pack-1.1/Sprites/Tiles/Double/terrain_stone_cloud_left.png
  artifactKey: Guid(f6a65020378fb4f42be86e29701a1ce9) Importer(2089858483,b0f066a214c2f5e87bad3c948f4d605d)
Start importing Assets/Projects/GravityDash/kenney_new-platformer-pack-1.1/Sprites/Tiles/Double/terrain_stone_cloud_left.png using Guid(f6a65020378fb4f42be86e29701a1ce9) Importer(2089858483,b0f066a214c2f5e87bad3c948f4d605d) (ScriptedImporter) -> (artifact id: 'ae1aa93e88538e9c321bcfa48423aba1') in 0.0275179 seconds
Number of updated asset objects reloaded before import = 0Number of asset objects unloaded after import = 3

========================================================================
Received Import Request.
  Time since last request: 0.000023 seconds.
  path: Assets/Projects/GravityDash/kenney_new-platformer-pack-1.1/Sprites/Tiles/Double/terrain_dirt_block_top_left.png
  artifactKey: Guid(f0e4915a20dc141a5b90fccbce92e2d9) Importer(2089858483,b0f066a214c2f5e87bad3c948f4d605d)
Start importing Assets/Projects/GravityDash/kenney_new-platformer-pack-1.1/Sprites/Tiles/Double/terrain_dirt_block_top_left.png using Guid(f0e4915a20dc141a5b90fccbce92e2d9) Importer(2089858483,b0f066a214c2f5e87bad3c948f4d605d) (ScriptedImporter) -> (artifact id: '7fdb95ef81b692b3e2e68fd92ab5ce4d') in 0.0295519 seconds
Number of updated asset objects reloaded before import = 0Number of asset objects unloaded after import = 3

========================================================================
Received Import Request.
  Time since last request: 0.000025 seconds.
  path: Assets/Projects/GravityDash/kenney_new-platformer-pack-1.1/Sprites/Tiles/Double/coin_silver.png
  artifactKey: Guid(0cfa56e0a7c7647eead48e3f8c704027) Importer(2089858483,b0f066a214c2f5e87bad3c948f4d605d)
Start importing Assets/Projects/GravityDash/kenney_new-platformer-pack-1.1/Sprites/Tiles/Double/coin_silver.png using Guid(0cfa56e0a7c7647eead48e3f8c704027) Importer(2089858483,b0f066a214c2f5e87bad3c948f4d605d) (ScriptedImporter) -> (artifact id: '2bedb779c0f7f1b603c86d219eb6ce48') in 0.0298662 seconds
Number of updated asset objects reloaded before import = 0Number of asset objects unloaded after import = 3

========================================================================
Received Import Request.
  Time since last request: 0.000022 seconds.
  path: Assets/Projects/GravityDash/kenney_new-platformer-pack-1.1/Sprites/Tiles/Double/terrain_sand_cloud_background.png
  artifactKey: Guid(6c477acd2db5b4fa59a493f6bf45cba7) Importer(2089858483,b0f066a214c2f5e87bad3c948f4d605d)
Start importing Assets/Projects/GravityDash/kenney_new-platformer-pack-1.1/Sprites/Tiles/Double/terrain_sand_cloud_background.png using Guid(6c477acd2db5b4fa59a493f6bf45cba7) Importer(2089858483,b0f066a214c2f5e87bad3c948f4d605d) (ScriptedImporter) -> (artifact id: '39dd997f3555b5cf5a3098c0357fdd0b') in 0.0291445 seconds
Number of updated asset objects reloaded before import = 0Number of asset objects unloaded after import = 3

========================================================================
Received Import Request.
  Time since last request: 0.000036 seconds.
  path: Assets/Projects/GravityDash/kenney_new-platformer-pack-1.1/Sprites/Tiles/Double/terrain_dirt_vertical_top.png
  artifactKey: Guid(ceee28d9b93724a4eb1076eaa2936e1f) Importer(2089858483,b0f066a214c2f5e87bad3c948f4d605d)
Start importing Assets/Projects/GravityDash/kenney_new-platformer-pack-1.1/Sprites/Tiles/Double/terrain_dirt_vertical_top.png using Guid(ceee28d9b93724a4eb1076eaa2936e1f) Importer(2089858483,b0f066a214c2f5e87bad3c948f4d605d) (ScriptedImporter) -> (artifact id: '220b7c65b2017ff8173dd8da9e33586c') in 0.0321348 seconds
Number of updated asset objects reloaded before import = 0Number of asset objects unloaded after import = 3

========================================================================
Received Import Request.
  Time since last request: 0.000039 seconds.
  path: Assets/Projects/GravityDash/kenney_new-platformer-pack-1.1/Sprites/Tiles/Double/terrain_purple_horizontal_right.png
  artifactKey: Guid(1167225a76d6440e0aa3318e4da162c3) Importer(2089858483,b0f066a214c2f5e87bad3c948f4d605d)
Start importing Assets/Projects/GravityDash/kenney_new-platformer-pack-1.1/Sprites/Tiles/Double/terrain_purple_horizontal_right.png using Guid(1167225a76d6440e0aa3318e4da162c3) Importer(2089858483,b0f066a214c2f5e87bad3c948f4d605d) (ScriptedImporter) -> (artifact id: '02103e4dc7caf36a1ee4a37a45cd13cb') in 0.0274261 seconds
Number of updated asset objects reloaded before import = 0Number of asset objects unloaded after import = 3

========================================================================
Received Import Request.
  Time since last request: 0.000099 seconds.
  path: Assets/Projects/GravityDash/kenney_new-platformer-pack-1.1/Sprites/Tiles/Double/terrain_stone_ramp_long_a.png
  artifactKey: Guid(11174c550f54f458aa94523b84f1fad8) Importer(2089858483,b0f066a214c2f5e87bad3c948f4d605d)
Start importing Assets/Projects/GravityDash/kenney_new-platformer-pack-1.1/Sprites/Tiles/Double/terrain_stone_ramp_long_a.png using Guid(11174c550f54f458aa94523b84f1fad8) Importer(2089858483,b0f066a214c2f5e87bad3c948f4d605d) (ScriptedImporter) -> (artifact id: 'e9592bd9c50098392ca8fae968c834ad') in 0.0299119 seconds
Number of updated asset objects reloaded before import = 0Number of asset objects unloaded after import = 3

========================================================================
Received Import Request.
  Time since last request: 0.000030 seconds.
  path: Assets/Projects/GravityDash/kenney_new-platformer-pack-1.1/Sprites/Tiles/Double/terrain_purple_vertical_bottom.png
  artifactKey: Guid(aa32b5f76168a4c8bba99cef80a2ad28) Importer(2089858483,b0f066a214c2f5e87bad3c948f4d605d)
Start importing Assets/Projects/GravityDash/kenney_new-platformer-pack-1.1/Sprites/Tiles/Double/terrain_purple_vertical_bottom.png using Guid(aa32b5f76168a4c8bba99cef80a2ad28) Importer(2089858483,b0f066a214c2f5e87bad3c948f4d605d) (ScriptedImporter) -> (artifact id: '01294dfa0dec63ff1eb8f7ebf8af5ea2') in 0.0279964 seconds
Number of updated asset objects reloaded before import = 0Number of asset objects unloaded after import = 3

========================================================================
Received Import Request.
  Time since last request: 0.000047 seconds.
  path: Assets/Projects/GravityDash/kenney_new-platformer-pack-1.1/Sprites/Tiles/Double/sign_exit.png
  artifactKey: Guid(9a9c5c309689c4a4a9176b49082b101d) Importer(2089858483,b0f066a214c2f5e87bad3c948f4d605d)
Start importing Assets/Projects/GravityDash/kenney_new-platformer-pack-1.1/Sprites/Tiles/Double/sign_exit.png using Guid(9a9c5c309689c4a4a9176b49082b101d) Importer(2089858483,b0f066a214c2f5e87bad3c948f4d605d) (ScriptedImporter) -> (artifact id: 'c36ab2d2e6047b5c5ae264e25f68b734') in 0.0292426 seconds
Number of updated asset objects reloaded before import = 0Number of asset objects unloaded after import = 3

========================================================================
Received Import Request.
  Time since last request: 0.000026 seconds.
  path: Assets/Projects/GravityDash/kenney_new-platformer-pack-1.1/Sprites/Tiles/Double/block_red.png
  artifactKey: Guid(539a81450cad641aeb3cfed463132c67) Importer(2089858483,b0f066a214c2f5e87bad3c948f4d605d)
Start importing Assets/Projects/GravityDash/kenney_new-platformer-pack-1.1/Sprites/Tiles/Double/block_red.png using Guid(539a81450cad641aeb3cfed463132c67) Importer(2089858483,b0f066a214c2f5e87bad3c948f4d605d) (ScriptedImporter) -> (artifact id: '9285e32236e08a6606e299d8d472f25f') in 0.0313804 seconds
Number of updated asset objects reloaded before import = 0Number of asset objects unloaded after import = 3

========================================================================
Received Import Request.
  Time since last request: 0.000024 seconds.
  path: Assets/Projects/GravityDash/kenney_new-platformer-pack-1.1/Sprites/Tiles/Double/block_strong_coin_active.png
  artifactKey: Guid(1972253424a2f41cb82645f776c011ef) Importer(2089858483,b0f066a214c2f5e87bad3c948f4d605d)
Start importing Assets/Projects/GravityDash/kenney_new-platformer-pack-1.1/Sprites/Tiles/Double/block_strong_coin_active.png using Guid(1972253424a2f41cb82645f776c011ef) Importer(2089858483,b0f066a214c2f5e87bad3c948f4d605d) (ScriptedImporter) -> (artifact id: '98e3f94b119e10fb329b4ba779d03e9d') in 0.0305666 seconds
Number of updated asset objects reloaded before import = 0Number of asset objects unloaded after import = 3

========================================================================
Received Import Request.
  Time since last request: 0.000024 seconds.
  path: Assets/Projects/GravityDash/kenney_new-platformer-pack-1.1/Sprites/Tiles/Double/terrain_grass_block_left.png
  artifactKey: Guid(4193c89df53f14df5adbd2b5be2b4424) Importer(2089858483,b0f066a214c2f5e87bad3c948f4d605d)
Start importing Assets/Projects/GravityDash/kenney_new-platformer-pack-1.1/Sprites/Tiles/Double/terrain_grass_block_left.png using Guid(4193c89df53f14df5adbd2b5be2b4424) Importer(2089858483,b0f066a214c2f5e87bad3c948f4d605d) (ScriptedImporter) -> (artifact id: 'f37c8a19cce87331c5be99bb6e43bb90') in 0.0267023 seconds
Number of updated asset objects reloaded before import = 0Number of asset objects unloaded after import = 3

========================================================================
Received Import Request.
  Time since last request: 0.000041 seconds.
  path: Assets/Projects/GravityDash/kenney_new-platformer-pack-1.1/Sprites/Tiles/Double/terrain_stone_block_bottom_right.png
  artifactKey: Guid(246e86dbf53e24b6a85064d8ce99e5aa) Importer(2089858483,b0f066a214c2f5e87bad3c948f4d605d)
Start importing Assets/Projects/GravityDash/kenney_new-platformer-pack-1.1/Sprites/Tiles/Double/terrain_stone_block_bottom_right.png using Guid(246e86dbf53e24b6a85064d8ce99e5aa) Importer(2089858483,b0f066a214c2f5e87bad3c948f4d605d) (ScriptedImporter) -> (artifact id: '73d37c9c6ffbe94db416158472424577') in 0.0329359 seconds
Number of updated asset objects reloaded before import = 0Number of asset objects unloaded after import = 3

========================================================================
Received Import Request.
  Time since last request: 0.000023 seconds.
  path: Assets/Projects/GravityDash/kenney_new-platformer-pack-1.1/Sprites/Tiles/Double/bridge.png
  artifactKey: Guid(b06a5cc764d6241e788481ef818d4e40) Importer(2089858483,b0f066a214c2f5e87bad3c948f4d605d)
Start importing Assets/Projects/GravityDash/kenney_new-platformer-pack-1.1/Sprites/Tiles/Double/bridge.png using Guid(b06a5cc764d6241e788481ef818d4e40) Importer(2089858483,b0f066a214c2f5e87bad3c948f4d605d) (ScriptedImporter) -> (artifact id: '468d0e8b2fffdcef889f34a91cdbc6ed') in 0.0294301 seconds
Number of updated asset objects reloaded before import = 0Number of asset objects unloaded after import = 3

========================================================================
Received Import Request.
  Time since last request: 0.000019 seconds.
  path: Assets/Projects/GravityDash/kenney_new-platformer-pack-1.1/Sprites/Tiles/Default/torch_on_a.png
  artifactKey: Guid(b2ec47bb1f0c0442ebc8a859fa3c2a02) Importer(2089858483,b0f066a214c2f5e87bad3c948f4d605d)
Start importing Assets/Projects/GravityDash/kenney_new-platformer-pack-1.1/Sprites/Tiles/Default/torch_on_a.png using Guid(b2ec47bb1f0c0442ebc8a859fa3c2a02) Importer(2089858483,b0f066a214c2f5e87bad3c948f4d605d) (ScriptedImporter) -> (artifact id: 'd9243acbc8988bac6b2dfd61c31bb9e6') in 0.0337498 seconds
Number of updated asset objects reloaded before import = 0Number of asset objects unloaded after import = 3

========================================================================
Received Import Request.
  Time since last request: 0.000024 seconds.
  path: Assets/Projects/GravityDash/kenney_new-platformer-pack-1.1/Sprites/Tiles/Double/ladder_bottom.png
  artifactKey: Guid(269180972199a4d64bcfd607b1c8cb8b) Importer(2089858483,b0f066a214c2f5e87bad3c948f4d605d)
Start importing Assets/Projects/GravityDash/kenney_new-platformer-pack-1.1/Sprites/Tiles/Double/ladder_bottom.png using Guid(269180972199a4d64bcfd607b1c8cb8b) Importer(2089858483,b0f066a214c2f5e87bad3c948f4d605d) (ScriptedImporter) -> (artifact id: '4a3d2a868309dab07c37628878dae13d') in 0.0280355 seconds
Number of updated asset objects reloaded before import = 0Number of asset objects unloaded after import = 3

========================================================================
Received Import Request.
  Time since last request: 0.000025 seconds.
  path: Assets/Projects/GravityDash/kenney_new-platformer-pack-1.1/Sprites/Tiles/Double/terrain_purple_cloud_left.png
  artifactKey: Guid(fef2272617a0941e4ba74164244c5c34) Importer(2089858483,b0f066a214c2f5e87bad3c948f4d605d)
Start importing Assets/Projects/GravityDash/kenney_new-platformer-pack-1.1/Sprites/Tiles/Double/terrain_purple_cloud_left.png using Guid(fef2272617a0941e4ba74164244c5c34) Importer(2089858483,b0f066a214c2f5e87bad3c948f4d605d) (ScriptedImporter) -> (artifact id: 'd1b5004c5607e7219c64ae49c72444c7') in 0.0322096 seconds
Number of updated asset objects reloaded before import = 0Number of asset objects unloaded after import = 3

========================================================================
Received Import Request.
  Time since last request: 0.000028 seconds.
  path: Assets/Projects/GravityDash/kenney_new-platformer-pack-1.1/Sprites/Tiles/Double/hud_character_5.png
  artifactKey: Guid(c4c0033cff4ee49b4bf35a08316312f1) Importer(2089858483,b0f066a214c2f5e87bad3c948f4d605d)
Start importing Assets/Projects/GravityDash/kenney_new-platformer-pack-1.1/Sprites/Tiles/Double/hud_character_5.png using Guid(c4c0033cff4ee49b4bf35a08316312f1) Importer(2089858483,b0f066a214c2f5e87bad3c948f4d605d) (ScriptedImporter) -> (artifact id: '38c25c8aad1060dad13a36326634eb7c') in 0.0350628 seconds
Number of updated asset objects reloaded before import = 0Number of asset objects unloaded after import = 3

========================================================================
Received Import Request.
  Time since last request: 0.000026 seconds.
  path: Assets/Projects/GravityDash/kenney_new-platformer-pack-1.1/Sprites/Tiles/Double/terrain_stone_ramp_long_b.png
  artifactKey: Guid(47471b270ec0a4cf7aa9081fbd5e82eb) Importer(2089858483,b0f066a214c2f5e87bad3c948f4d605d)
Start importing Assets/Projects/GravityDash/kenney_new-platformer-pack-1.1/Sprites/Tiles/Double/terrain_stone_ramp_long_b.png using Guid(47471b270ec0a4cf7aa9081fbd5e82eb) Importer(2089858483,b0f066a214c2f5e87bad3c948f4d605d) (ScriptedImporter) -> (artifact id: '2ba7343c899dbbde1315e6dfb2554c3d') in 0.0275232 seconds
Number of updated asset objects reloaded before import = 0Number of asset objects unloaded after import = 3

========================================================================
Received Import Request.
  Time since last request: 0.000036 seconds.
  path: Assets/Projects/GravityDash/kenney_new-platformer-pack-1.1/Sprites/Tiles/Double/coin_bronze.png
  artifactKey: Guid(c24325504183842448801cd9020073c9) Importer(2089858483,b0f066a214c2f5e87bad3c948f4d605d)
Start importing Assets/Projects/GravityDash/kenney_new-platformer-pack-1.1/Sprites/Tiles/Double/coin_bronze.png using Guid(c24325504183842448801cd9020073c9) Importer(2089858483,b0f066a214c2f5e87bad3c948f4d605d) (ScriptedImporter) -> (artifact id: '85e97e02b8da4823ae7743442e4270f7') in 0.0313756 seconds
Number of updated asset objects reloaded before import = 0Number of asset objects unloaded after import = 3

========================================================================
Received Import Request.
  Time since last request: 0.000024 seconds.
  path: Assets/Projects/GravityDash/kenney_new-platformer-pack-1.1/Sprites/Tiles/Double/conveyor.png
  artifactKey: Guid(ed4a45966a0f94cd38dfd61d65c7c2c5) Importer(2089858483,b0f066a214c2f5e87bad3c948f4d605d)
Start importing Assets/Projects/GravityDash/kenney_new-platformer-pack-1.1/Sprites/Tiles/Double/conveyor.png using Guid(ed4a45966a0f94cd38dfd61d65c7c2c5) Importer(2089858483,b0f066a214c2f5e87bad3c948f4d605d) (ScriptedImporter) -> (artifact id: '520b9f81222454b718b204f58ff00af6') in 0.033032 seconds
Number of updated asset objects reloaded before import = 0Number of asset objects unloaded after import = 3

========================================================================
Received Import Request.
  Time since last request: 0.000019 seconds.
  path: Assets/Projects/GravityDash/kenney_new-platformer-pack-1.1/Sprites/Tiles/Double/water_top.png
  artifactKey: Guid(7cda42863601c4e89aca27e41991a3f2) Importer(2089858483,b0f066a214c2f5e87bad3c948f4d605d)
Start importing Assets/Projects/GravityDash/kenney_new-platformer-pack-1.1/Sprites/Tiles/Double/water_top.png using Guid(7cda42863601c4e89aca27e41991a3f2) Importer(2089858483,b0f066a214c2f5e87bad3c948f4d605d) (ScriptedImporter) -> (artifact id: 'c275d70cb9c8dd7503f5c5b1a978cbcf') in 0.0317094 seconds
Number of updated asset objects reloaded before import = 0Number of asset objects unloaded after import = 3

========================================================================
Received Import Request.
  Time since last request: 0.000040 seconds.
  path: Assets/Projects/GravityDash/kenney_ui-pack/PNG/Blue/Double/check_round_color.png
  artifactKey: Guid(afe63ccac556345c3b3fb7a1e34cdd59) Importer(2089858483,b0f066a214c2f5e87bad3c948f4d605d)
Start importing Assets/Projects/GravityDash/kenney_ui-pack/PNG/Blue/Double/check_round_color.png using Guid(afe63ccac556345c3b3fb7a1e34cdd59) Importer(2089858483,b0f066a214c2f5e87bad3c948f4d605d) (ScriptedImporter) -> (artifact id: '3f590bf2f2f6db3e1fd85a14aeaafd55') in 0.029841 seconds
Number of updated asset objects reloaded before import = 0Number of asset objects unloaded after import = 3

========================================================================
Received Import Request.
  Time since last request: 0.000025 seconds.
  path: Assets/Projects/GravityDash/kenney_ui-pack/PNG/Blue/Default/arrow_basic_n_small.png
  artifactKey: Guid(6bb97b1a48c864ea6b81faf545c68248) Importer(2089858483,b0f066a214c2f5e87bad3c948f4d605d)
Start importing Assets/Projects/GravityDash/kenney_ui-pack/PNG/Blue/Default/arrow_basic_n_small.png using Guid(6bb97b1a48c864ea6b81faf545c68248) Importer(2089858483,b0f066a214c2f5e87bad3c948f4d605d) (ScriptedImporter) -> (artifact id: 'a55d2958de63b2649b16a46cf78a9f52') in 0.0277054 seconds
Number of updated asset objects reloaded before import = 0Number of asset objects unloaded after import = 3

========================================================================
Received Import Request.
  Time since last request: 0.000027 seconds.
  path: Assets/Projects/GravityDash/kenney_ui-pack/PNG/Blue/Default/arrow_basic_s.png
  artifactKey: Guid(bb5f5eaa4f9d74a3fa2d2d4b1a12b2b1) Importer(2089858483,b0f066a214c2f5e87bad3c948f4d605d)
Start importing Assets/Projects/GravityDash/kenney_ui-pack/PNG/Blue/Default/arrow_basic_s.png using Guid(bb5f5eaa4f9d74a3fa2d2d4b1a12b2b1) Importer(2089858483,b0f066a214c2f5e87bad3c948f4d605d) (ScriptedImporter) -> (artifact id: '50110c7c4a4667ce49eca211baf981e2') in 0.0312569 seconds
Number of updated asset objects reloaded before import = 0Number of asset objects unloaded after import = 3

========================================================================
Received Import Request.
  Time since last request: 0.000023 seconds.
  path: Assets/Projects/GravityDash/kenney_ui-pack/PNG/Blue/Double/slide_hangle.png
  artifactKey: Guid(715aac25bf26e41feb02d87439fe8af1) Importer(2089858483,b0f066a214c2f5e87bad3c948f4d605d)
Start importing Assets/Projects/GravityDash/kenney_ui-pack/PNG/Blue/Double/slide_hangle.png using Guid(715aac25bf26e41feb02d87439fe8af1) Importer(2089858483,b0f066a214c2f5e87bad3c948f4d605d) (ScriptedImporter) -> (artifact id: 'a3220caa49a7dfb1cd3afcb75a7aced2') in 0.0291171 seconds
Number of updated asset objects reloaded before import = 0Number of asset objects unloaded after import = 3

========================================================================
Received Import Request.
  Time since last request: 0.000049 seconds.
  path: Assets/Projects/GravityDash/kenney_ui-pack/PNG/Blue/Double/arrow_basic_w.png
  artifactKey: Guid(1aa78900e285841c79f12c24caebcb70) Importer(2089858483,b0f066a214c2f5e87bad3c948f4d605d)
Start importing Assets/Projects/GravityDash/kenney_ui-pack/PNG/Blue/Double/arrow_basic_w.png using Guid(1aa78900e285841c79f12c24caebcb70) Importer(2089858483,b0f066a214c2f5e87bad3c948f4d605d) (ScriptedImporter) -> (artifact id: 'afddca4aee6a0b13dd394a6cf6f5d7ea') in 0.0301655 seconds
Number of updated asset objects reloaded before import = 0Number of asset objects unloaded after import = 3

========================================================================
Received Import Request.
  Time since last request: 0.000028 seconds.
  path: Assets/Projects/GravityDash/kenney_ui-pack/PNG/Blue/Default/arrow_basic_s_small.png
  artifactKey: Guid(fb92df2902b844138b5ae54b5e290ddd) Importer(2089858483,b0f066a214c2f5e87bad3c948f4d605d)
Start importing Assets/Projects/GravityDash/kenney_ui-pack/PNG/Blue/Default/arrow_basic_s_small.png using Guid(fb92df2902b844138b5ae54b5e290ddd) Importer(2089858483,b0f066a214c2f5e87bad3c948f4d605d) (ScriptedImporter) -> (artifact id: '60299b6786cf2851aa061f9815bc92c6') in 0.0294472 seconds
Number of updated asset objects reloaded before import = 0Number of asset objects unloaded after import = 3

========================================================================
Received Import Request.
  Time since last request: 0.000036 seconds.
  path: Assets/Projects/GravityDash/kenney_ui-pack/PNG/Blue/Default/arrow_basic_e_small.png
  artifactKey: Guid(48ef5df4d981f4a71b2028c80c68061c) Importer(2089858483,b0f066a214c2f5e87bad3c948f4d605d)
Start importing Assets/Projects/GravityDash/kenney_ui-pack/PNG/Blue/Default/arrow_basic_e_small.png using Guid(48ef5df4d981f4a71b2028c80c68061c) Importer(2089858483,b0f066a214c2f5e87bad3c948f4d605d) (ScriptedImporter) -> (artifact id: '2e1f0f3346f371b266c0d8cbf305e3ee') in 0.0281273 seconds
Number of updated asset objects reloaded before import = 0Number of asset objects unloaded after import = 3

========================================================================
Received Import Request.
  Time since last request: 0.000021 seconds.
  path: Assets/Projects/GravityDash/kenney_ui-pack/PNG/Blue/Double/button_round_depth_gradient.png
  artifactKey: Guid(befaf97e95ca14649b217785e3c04191) Importer(2089858483,b0f066a214c2f5e87bad3c948f4d605d)
Start importing Assets/Projects/GravityDash/kenney_ui-pack/PNG/Blue/Double/button_round_depth_gradient.png using Guid(befaf97e95ca14649b217785e3c04191) Importer(2089858483,b0f066a214c2f5e87bad3c948f4d605d) (ScriptedImporter) -> (artifact id: '90da247857b7b4ab74b018c7b4ced1b7') in 0.027177 seconds
Number of updated asset objects reloaded before import = 0Number of asset objects unloaded after import = 3

========================================================================
Received Import Request.
  Time since last request: 0.000023 seconds.
  path: Assets/Projects/GravityDash/kenney_ui-pack/PNG/Extra/Default/button_round_depth_line.png
  artifactKey: Guid(b4d60d90ef77640b1b45d7eb4eb1d3c2) Importer(2089858483,b0f066a214c2f5e87bad3c948f4d605d)
Start importing Assets/Projects/GravityDash/kenney_ui-pack/PNG/Extra/Default/button_round_depth_line.png using Guid(b4d60d90ef77640b1b45d7eb4eb1d3c2) Importer(2089858483,b0f066a214c2f5e87bad3c948f4d605d) (ScriptedImporter) -> (artifact id: 'e0b9b8a1db52246c59e4622139e740c8') in 0.026981 seconds
Number of updated asset objects reloaded before import = 0Number of asset objects unloaded after import = 3

========================================================================
Received Import Request.
  Time since last request: 0.000022 seconds.
  path: Assets/Projects/GravityDash/kenney_ui-pack/PNG/Extra/Default/icon_arrow_up_outline.png
  artifactKey: Guid(caa6346b25f77461e979fc507dd634d0) Importer(2089858483,b0f066a214c2f5e87bad3c948f4d605d)
Start importing Assets/Projects/GravityDash/kenney_ui-pack/PNG/Extra/Default/icon_arrow_up_outline.png using Guid(caa6346b25f77461e979fc507dd634d0) Importer(2089858483,b0f066a214c2f5e87bad3c948f4d605d) (ScriptedImporter) -> (artifact id: 'aecbdf835bd6efb3c3852bd3f4d8a7bc') in 0.0308087 seconds
Number of updated asset objects reloaded before import = 0Number of asset objects unloaded after import = 3

========================================================================
Received Import Request.
  Time since last request: 0.000031 seconds.
  path: Assets/Projects/GravityDash/kenney_ui-pack/PNG/Blue/Default/icon_checkmark.png
  artifactKey: Guid(bec8ca33000964635a0b46d350be0d51) Importer(2089858483,b0f066a214c2f5e87bad3c948f4d605d)
Start importing Assets/Projects/GravityDash/kenney_ui-pack/PNG/Blue/Default/icon_checkmark.png using Guid(bec8ca33000964635a0b46d350be0d51) Importer(2089858483,b0f066a214c2f5e87bad3c948f4d605d) (ScriptedImporter) -> (artifact id: 'fafaa121dafef9c6b93b685bb722bbad') in 0.0271266 seconds
Number of updated asset objects reloaded before import = 0Number of asset objects unloaded after import = 3

========================================================================
Received Import Request.
  Time since last request: 0.000037 seconds.
  path: Assets/Projects/GravityDash/kenney_ui-pack/PNG/Blue/Double/check_square_color_checkmark.png
  artifactKey: Guid(63a60425a136842c48d0480f4484bfe3) Importer(2089858483,b0f066a214c2f5e87bad3c948f4d605d)
Start importing Assets/Projects/GravityDash/kenney_ui-pack/PNG/Blue/Double/check_square_color_checkmark.png using Guid(63a60425a136842c48d0480f4484bfe3) Importer(2089858483,b0f066a214c2f5e87bad3c948f4d605d) (ScriptedImporter) -> (artifact id: 'a958badd10432ba853b8e2c0144a3629') in 0.0277681 seconds
Number of updated asset objects reloaded before import = 0Number of asset objects unloaded after import = 3

========================================================================
Received Import Request.
  Time since last request: 0.000019 seconds.
  path: Assets/Projects/GravityDash/kenney_ui-pack/PNG/Extra/Default/input_outline_rectangle.png
  artifactKey: Guid(3a53cbd30bb0142f89cda16b3983f3da) Importer(2089858483,b0f066a214c2f5e87bad3c948f4d605d)
Start importing Assets/Projects/GravityDash/kenney_ui-pack/PNG/Extra/Default/input_outline_rectangle.png using Guid(3a53cbd30bb0142f89cda16b3983f3da) Importer(2089858483,b0f066a214c2f5e87bad3c948f4d605d) (ScriptedImporter) -> (artifact id: '1e29e264cf11075ddd94cd38ed150424') in 0.0274037 seconds
Number of updated asset objects reloaded before import = 0Number of asset objects unloaded after import = 3

========================================================================
Received Import Request.
  Time since last request: 0.000151 seconds.
  path: Assets/Projects/GravityDash/kenney_ui-pack/PNG/Blue/Default/button_round_flat.png
  artifactKey: Guid(a3f4d2c0ce168403586ce751bfb80a40) Importer(2089858483,b0f066a214c2f5e87bad3c948f4d605d)
Start importing Assets/Projects/GravityDash/kenney_ui-pack/PNG/Blue/Default/button_round_flat.png using Guid(a3f4d2c0ce168403586ce751bfb80a40) Importer(2089858483,b0f066a214c2f5e87bad3c948f4d605d) (ScriptedImporter) -> (artifact id: 'adb0bce38aafa1c3b8200c7011d6c5f0') in 0.0276926 seconds
Number of updated asset objects reloaded before import = 0Number of asset objects unloaded after import = 3

========================================================================
Received Import Request.
  Time since last request: 0.000038 seconds.
  path: Assets/Projects/GravityDash/kenney_ui-pack/PNG/Blue/Default/arrow_decorative_s.png
  artifactKey: Guid(479bbddec7dd44395998bebb89b5b56b) Importer(2089858483,b0f066a214c2f5e87bad3c948f4d605d)
Start importing Assets/Projects/GravityDash/kenney_ui-pack/PNG/Blue/Default/arrow_decorative_s.png using Guid(479bbddec7dd44395998bebb89b5b56b) Importer(2089858483,b0f066a214c2f5e87bad3c948f4d605d) (ScriptedImporter) -> (artifact id: '71c73677954e686d4fde15adff246eec') in 0.0274915 seconds
Number of updated asset objects reloaded before import = 0Number of asset objects unloaded after import = 3

========================================================================
Received Import Request.
  Time since last request: 0.000022 seconds.
  path: Assets/Projects/GravityDash/kenney_ui-pack/PNG/Blue/Default/button_rectangle_flat.png
  artifactKey: Guid(3ee21adca70074131b11f43316f8d951) Importer(2089858483,b0f066a214c2f5e87bad3c948f4d605d)
Start importing Assets/Projects/GravityDash/kenney_ui-pack/PNG/Blue/Default/button_rectangle_flat.png using Guid(3ee21adca70074131b11f43316f8d951) Importer(2089858483,b0f066a214c2f5e87bad3c948f4d605d) (ScriptedImporter) -> (artifact id: 'efb38ac762f213631f4f164b50e95a54') in 0.0298761 seconds
Number of updated asset objects reloaded before import = 0Number of asset objects unloaded after import = 3

========================================================================
Received Import Request.
  Time since last request: 0.000035 seconds.
  path: Assets/Projects/GravityDash/kenney_ui-pack/PNG/Blue/Double/icon_outline_circle.png
  artifactKey: Guid(e0ee73b7179b44a1d84956f824800266) Importer(2089858483,b0f066a214c2f5e87bad3c948f4d605d)
Start importing Assets/Projects/GravityDash/kenney_ui-pack/PNG/Blue/Double/icon_outline_circle.png using Guid(e0ee73b7179b44a1d84956f824800266) Importer(2089858483,b0f066a214c2f5e87bad3c948f4d605d) (ScriptedImporter) -> (artifact id: 'b03a4f713b240d353caea97b2d49df21') in 0.0278863 seconds
Number of updated asset objects reloaded before import = 0Number of asset objects unloaded after import = 3

========================================================================
Received Import Request.
  Time since last request: 0.000026 seconds.
  path: Assets/Projects/GravityDash/kenney_ui-pack/PNG/Blue/Default/button_rectangle_line.png
  artifactKey: Guid(e66f9436790274ebba0c7189abd317c2) Importer(2089858483,b0f066a214c2f5e87bad3c948f4d605d)
Start importing Assets/Projects/GravityDash/kenney_ui-pack/PNG/Blue/Default/button_rectangle_line.png using Guid(e66f9436790274ebba0c7189abd317c2) Importer(2089858483,b0f066a214c2f5e87bad3c948f4d605d) (ScriptedImporter) -> (artifact id: '9719e157a7321f511a94abbb55565dd3') in 0.0294073 seconds
Number of updated asset objects reloaded before import = 0Number of asset objects unloaded after import = 3

========================================================================
Received Import Request.
  Time since last request: 0.000033 seconds.
  path: Assets/Projects/GravityDash/kenney_ui-pack/PNG/Blue/Double/slide_horizontal_grey_section_wide.png
  artifactKey: Guid(cdcdc7e7e7d5841ce93a93383a17e65b) Importer(2089858483,b0f066a214c2f5e87bad3c948f4d605d)
Start importing Assets/Projects/GravityDash/kenney_ui-pack/PNG/Blue/Double/slide_horizontal_grey_section_wide.png using Guid(cdcdc7e7e7d5841ce93a93383a17e65b) Importer(2089858483,b0f066a214c2f5e87bad3c948f4d605d) (ScriptedImporter) -> (artifact id: 'd85b82c2a3bf75015978c05ce1cbc69e') in 0.0303543 seconds
Number of updated asset objects reloaded before import = 0Number of asset objects unloaded after import = 3

========================================================================
Received Import Request.
  Time since last request: 0.000021 seconds.
  path: Assets/Projects/GravityDash/kenney_ui-pack/PNG/Blue/Double/button_round_depth_flat.png
  artifactKey: Guid(49ff610800dbb445d9d3d4004bb964fb) Importer(2089858483,b0f066a214c2f5e87bad3c948f4d605d)
Start importing Assets/Projects/GravityDash/kenney_ui-pack/PNG/Blue/Double/button_round_depth_flat.png using Guid(49ff610800dbb445d9d3d4004bb964fb) Importer(2089858483,b0f066a214c2f5e87bad3c948f4d605d) (ScriptedImporter) -> (artifact id: '3402519d0c750a8529c89b6370a9760d') in 0.0266958 seconds
Number of updated asset objects reloaded before import = 0Number of asset objects unloaded after import = 3

========================================================================
Received Import Request.
  Time since last request: 0.000076 seconds.
  path: Assets/Projects/GravityDash/kenney_ui-pack/PNG/Blue/Double/button_rectangle_depth_border.png
  artifactKey: Guid(32657d3214e44435cb96508af17ae017) Importer(2089858483,b0f066a214c2f5e87bad3c948f4d605d)
Start importing Assets/Projects/GravityDash/kenney_ui-pack/PNG/Blue/Double/button_rectangle_depth_border.png using Guid(32657d3214e44435cb96508af17ae017) Importer(2089858483,b0f066a214c2f5e87bad3c948f4d605d) (ScriptedImporter) -> (artifact id: '648db6a442da8ee00644e9f681613627') in 0.0322713 seconds
Number of updated asset objects reloaded before import = 0Number of asset objects unloaded after import = 3

========================================================================
Received Import Request.
  Time since last request: 0.000020 seconds.
  path: Assets/Projects/GravityDash/kenney_ui-pack/PNG/Blue/Default/star.png
  artifactKey: Guid(be5e578201c8f40359e26651bc8d8859) Importer(2089858483,b0f066a214c2f5e87bad3c948f4d605d)
Start importing Assets/Projects/GravityDash/kenney_ui-pack/PNG/Blue/Default/star.png using Guid(be5e578201c8f40359e26651bc8d8859) Importer(2089858483,b0f066a214c2f5e87bad3c948f4d605d) (ScriptedImporter) -> (artifact id: '39b9041aa22e101b544507342aa360f0') in 0.0271447 seconds
Number of updated asset objects reloaded before import = 0Number of asset objects unloaded after import = 3

========================================================================
Received Import Request.
  Time since last request: 0.000026 seconds.
  path: Assets/Projects/GravityDash/kenney_ui-pack/PNG/Blue/Default/button_rectangle_depth_flat.png
  artifactKey: Guid(7fff185afaf384beaa0f04ec0bcc4d0d) Importer(2089858483,b0f066a214c2f5e87bad3c948f4d605d)
Start importing Assets/Projects/GravityDash/kenney_ui-pack/PNG/Blue/Default/button_rectangle_depth_flat.png using Guid(7fff185afaf384beaa0f04ec0bcc4d0d) Importer(2089858483,b0f066a214c2f5e87bad3c948f4d605d) (ScriptedImporter) -> (artifact id: '2bbdedc5a64a50acaf6c51e52087249e') in 0.0322732 seconds
Number of updated asset objects reloaded before import = 0Number of asset objects unloaded after import = 3

========================================================================
Received Import Request.
  Time since last request: 0.000028 seconds.
  path: Assets/Projects/GravityDash/kenney_ui-pack/PNG/Blue/Default/check_square_grey.png
  artifactKey: Guid(85c72778256434e3bae13077e382ff1a) Importer(2089858483,b0f066a214c2f5e87bad3c948f4d605d)
Start importing Assets/Projects/GravityDash/kenney_ui-pack/PNG/Blue/Default/check_square_grey.png using Guid(85c72778256434e3bae13077e382ff1a) Importer(2089858483,b0f066a214c2f5e87bad3c948f4d605d) (ScriptedImporter) -> (artifact id: 'b0274b2c759f6d78a35cd913555e08f5') in 0.0302 seconds
Number of updated asset objects reloaded before import = 0Number of asset objects unloaded after import = 3

========================================================================
Received Import Request.
  Time since last request: 0.000023 seconds.
  path: Assets/Projects/GravityDash/kenney_new-platformer-pack-1.1/Sprites/Tiles/Double/hud_player_helmet_pink.png
  artifactKey: Guid(4fad070dffb144a73a537565bee5719e) Importer(2089858483,b0f066a214c2f5e87bad3c948f4d605d)
Start importing Assets/Projects/GravityDash/kenney_new-platformer-pack-1.1/Sprites/Tiles/Double/hud_player_helmet_pink.png using Guid(4fad070dffb144a73a537565bee5719e) Importer(2089858483,b0f066a214c2f5e87bad3c948f4d605d) (ScriptedImporter) -> (artifact id: 'bf5793dffd24706e752b8e10f74afebe') in 0.0345663 seconds
Number of updated asset objects reloaded before import = 0Number of asset objects unloaded after import = 3

========================================================================
Received Import Request.
  Time since last request: 0.000028 seconds.
  path: Assets/Projects/GravityDash/kenney_ui-pack/PNG/Blue/Default/check_round_round_circle.png
  artifactKey: Guid(1c8a66fe6e53b45c8a5baa96618e49b4) Importer(2089858483,b0f066a214c2f5e87bad3c948f4d605d)
Start importing Assets/Projects/GravityDash/kenney_ui-pack/PNG/Blue/Default/check_round_round_circle.png using Guid(1c8a66fe6e53b45c8a5baa96618e49b4) Importer(2089858483,b0f066a214c2f5e87bad3c948f4d605d) (ScriptedImporter) -> (artifact id: 'f89d74ca64a222e3a9e198c2871082e8') in 0.0372543 seconds
Number of updated asset objects reloaded before import = 0Number of asset objects unloaded after import = 3

========================================================================
Received Import Request.
  Time since last request: 0.000019 seconds.
  path: Assets/Projects/GravityDash/kenney_new-platformer-pack-1.1/Sprites/Tiles/Double/hud_character_3.png
  artifactKey: Guid(183f373ab04ce49f084ee5b008fec0c0) Importer(2089858483,b0f066a214c2f5e87bad3c948f4d605d)
Start importing Assets/Projects/GravityDash/kenney_new-platformer-pack-1.1/Sprites/Tiles/Double/hud_character_3.png using Guid(183f373ab04ce49f084ee5b008fec0c0) Importer(2089858483,b0f066a214c2f5e87bad3c948f4d605d) (ScriptedImporter) -> (artifact id: '1a97b099f98869ef9f09977fda5eb9b0') in 0.0369196 seconds
Number of updated asset objects reloaded before import = 0Number of asset objects unloaded after import = 3

========================================================================
Received Import Request.
  Time since last request: 0.000033 seconds.
  path: Assets/Projects/GravityDash/kenney_new-platformer-pack-1.1/Sprites/Tiles/Double/torch_on_a.png
  artifactKey: Guid(d5359ba7d9267411d954cbea6a4ab753) Importer(2089858483,b0f066a214c2f5e87bad3c948f4d605d)
Start importing Assets/Projects/GravityDash/kenney_new-platformer-pack-1.1/Sprites/Tiles/Double/torch_on_a.png using Guid(d5359ba7d9267411d954cbea6a4ab753) Importer(2089858483,b0f066a214c2f5e87bad3c948f4d605d) (ScriptedImporter) -> (artifact id: '6e05143feead0ebce3c4bcee1cb0950e') in 0.0317046 seconds
Number of updated asset objects reloaded before import = 0Number of asset objects unloaded after import = 3

========================================================================
Received Import Request.
  Time since last request: 0.000033 seconds.
  path: Assets/Projects/GravityDash/kenney_new-platformer-pack-1.1/Sprites/Tiles/Double/block_blue.png
  artifactKey: Guid(7182e8453a2df4c29afa629b9a9b9e24) Importer(2089858483,b0f066a214c2f5e87bad3c948f4d605d)
Start importing Assets/Projects/GravityDash/kenney_new-platformer-pack-1.1/Sprites/Tiles/Double/block_blue.png using Guid(7182e8453a2df4c29afa629b9a9b9e24) Importer(2089858483,b0f066a214c2f5e87bad3c948f4d605d) (ScriptedImporter) -> (artifact id: '360a88e9021ed41cb8bae6ead7db68f8') in 0.030483 seconds
Number of updated asset objects reloaded before import = 0Number of asset objects unloaded after import = 3

========================================================================
Received Import Request.
  Time since last request: 0.000022 seconds.
  path: Assets/Projects/GravityDash/kenney_ui-pack/PNG/Blue/Double/button_square_border.png
  artifactKey: Guid(f82ec57eb65d94ea9be1481dd86f4b44) Importer(2089858483,b0f066a214c2f5e87bad3c948f4d605d)
Start importing Assets/Projects/GravityDash/kenney_ui-pack/PNG/Blue/Double/button_square_border.png using Guid(f82ec57eb65d94ea9be1481dd86f4b44) Importer(2089858483,b0f066a214c2f5e87bad3c948f4d605d) (ScriptedImporter) -> (artifact id: '59fe2a656c990cf89ae4d6992a6dfb1b') in 0.0296218 seconds
Number of updated asset objects reloaded before import = 0Number of asset objects unloaded after import = 3

========================================================================
Received Import Request.
  Time since last request: 0.000043 seconds.
  path: Assets/Projects/GravityDash/kenney_ui-pack/PNG/Extra/Default/icon_repeat_outline.png
  artifactKey: Guid(2d09b0149c5424f91933c3991d1dee62) Importer(2089858483,b0f066a214c2f5e87bad3c948f4d605d)
Start importing Assets/Projects/GravityDash/kenney_ui-pack/PNG/Extra/Default/icon_repeat_outline.png using Guid(2d09b0149c5424f91933c3991d1dee62) Importer(2089858483,b0f066a214c2f5e87bad3c948f4d605d) (ScriptedImporter) -> (artifact id: '84f54682000d03490a5afeb0b9a92784') in 0.030275 seconds
Number of updated asset objects reloaded before import = 0Number of asset objects unloaded after import = 3

========================================================================
Received Import Request.
  Time since last request: 0.000040 seconds.
  path: Assets/Projects/GravityDash/kenney_new-platformer-pack-1.1/Sprites/Tiles/Default/weight.png
  artifactKey: Guid(265dc762834944f548b666acbcb3465f) Importer(2089858483,b0f066a214c2f5e87bad3c948f4d605d)
Start importing Assets/Projects/GravityDash/kenney_new-platformer-pack-1.1/Sprites/Tiles/Default/weight.png using Guid(265dc762834944f548b666acbcb3465f) Importer(2089858483,b0f066a214c2f5e87bad3c948f4d605d) (ScriptedImporter) -> (artifact id: '6856f2c03b1e045eaae36b4de983940a') in 0.0305385 seconds
Number of updated asset objects reloaded before import = 0Number of asset objects unloaded after import = 3

========================================================================
Received Import Request.
  Time since last request: 0.000067 seconds.
  path: Assets/Projects/GravityDash/kenney_new-platformer-pack-1.1/Sprites/Tiles/Double/terrain_sand_cloud.png
  artifactKey: Guid(bd87a64d3a10b4066b0c62b52131614b) Importer(2089858483,b0f066a214c2f5e87bad3c948f4d605d)
Start importing Assets/Projects/GravityDash/kenney_new-platformer-pack-1.1/Sprites/Tiles/Double/terrain_sand_cloud.png using Guid(bd87a64d3a10b4066b0c62b52131614b) Importer(2089858483,b0f066a214c2f5e87bad3c948f4d605d) (ScriptedImporter) -> (artifact id: 'c6665bb32d1957f6aebff61949f2e8ef') in 0.0334796 seconds
Number of updated asset objects reloaded before import = 0Number of asset objects unloaded after import = 3

========================================================================
Received Import Request.
  Time since last request: 0.000023 seconds.
  path: Assets/Projects/GravityDash/kenney_new-platformer-pack-1.1/Sprites/Tiles/Double/terrain_grass_horizontal_overhang_left.png
  artifactKey: Guid(b4cd9140c2251445688869b07367cee7) Importer(2089858483,b0f066a214c2f5e87bad3c948f4d605d)
Start importing Assets/Projects/GravityDash/kenney_new-platformer-pack-1.1/Sprites/Tiles/Double/terrain_grass_horizontal_overhang_left.png using Guid(b4cd9140c2251445688869b07367cee7) Importer(2089858483,b0f066a214c2f5e87bad3c948f4d605d) (ScriptedImporter) -> (artifact id: 'cf57edeb37a4ebfc9e7ba4c82b3d52f3') in 0.0318383 seconds
Number of updated asset objects reloaded before import = 0Number of asset objects unloaded after import = 3

========================================================================
Received Import Request.
  Time since last request: 0.000023 seconds.
  path: Assets/Projects/GravityDash/kenney_ui-pack/PNG/Green/Double/check_round_grey_circle.png
  artifactKey: Guid(2a9332885f2f541dbb3e6ec3a20b2d75) Importer(2089858483,b0f066a214c2f5e87bad3c948f4d605d)
Start importing Assets/Projects/GravityDash/kenney_ui-pack/PNG/Green/Double/check_round_grey_circle.png using Guid(2a9332885f2f541dbb3e6ec3a20b2d75) Importer(2089858483,b0f066a214c2f5e87bad3c948f4d605d) (ScriptedImporter) -> (artifact id: '310899218295780d1733633de9de84fb') in 0.0276295 seconds
Number of updated asset objects reloaded before import = 0Number of asset objects unloaded after import = 3

========================================================================
Received Import Request.
  Time since last request: 0.000024 seconds.
  path: Assets/Projects/GravityDash/kenney_ui-pack/PNG/Green/Double/icon_cross.png
  artifactKey: Guid(dfc1df89ee9064bb2a9eb4906271dc66) Importer(2089858483,b0f066a214c2f5e87bad3c948f4d605d)
Start importing Assets/Projects/GravityDash/kenney_ui-pack/PNG/Green/Double/icon_cross.png using Guid(dfc1df89ee9064bb2a9eb4906271dc66) Importer(2089858483,b0f066a214c2f5e87bad3c948f4d605d) (ScriptedImporter) -> (artifact id: '535ea81f60f1ad89fbf3d013fee519ee') in 0.043006 seconds
Number of updated asset objects reloaded before import = 0Number of asset objects unloaded after import = 3

========================================================================
Received Import Request.
  Time since last request: 0.000028 seconds.
  path: Assets/Projects/GravityDash/kenney_ui-pack/PNG/Green/Default/star_outline_depth.png
  artifactKey: Guid(fab796d1c1e1d4de49f94c3afc4beece) Importer(2089858483,b0f066a214c2f5e87bad3c948f4d605d)
Start importing Assets/Projects/GravityDash/kenney_ui-pack/PNG/Green/Default/star_outline_depth.png using Guid(fab796d1c1e1d4de49f94c3afc4beece) Importer(2089858483,b0f066a214c2f5e87bad3c948f4d605d) (ScriptedImporter) -> (artifact id: 'b70b9970e158d70483445e789f892ea0') in 0.0175757 seconds
Number of updated asset objects reloaded before import = 0Number of asset objects unloaded after import = 3

========================================================================
Received Import Request.
  Time since last request: 0.000107 seconds.
  path: Assets/Projects/GravityDash/kenney_ui-pack/PNG/Extra/Double/icon_arrow_down_dark.png
  artifactKey: Guid(005372ed8a8dd41829c33626e1e07889) Importer(2089858483,b0f066a214c2f5e87bad3c948f4d605d)
Start importing Assets/Projects/GravityDash/kenney_ui-pack/PNG/Extra/Double/icon_arrow_down_dark.png using Guid(005372ed8a8dd41829c33626e1e07889) Importer(2089858483,b0f066a214c2f5e87bad3c948f4d605d) (ScriptedImporter) -> (artifact id: '0da0ce114e16818d95c6e7a703e341f2') in 0.030742 seconds
Number of updated asset objects reloaded before import = 0Number of asset objects unloaded after import = 3

========================================================================
Received Import Request.
  Time since last request: 0.000023 seconds.
  path: Assets/Projects/GravityDash/kenney_ui-pack/PNG/Extra/Double/button_round_line.png
  artifactKey: Guid(c5a7ad7a458744706a725f254b35fe09) Importer(2089858483,b0f066a214c2f5e87bad3c948f4d605d)
Start importing Assets/Projects/GravityDash/kenney_ui-pack/PNG/Extra/Double/button_round_line.png using Guid(c5a7ad7a458744706a725f254b35fe09) Importer(2089858483,b0f066a214c2f5e87bad3c948f4d605d) (ScriptedImporter) -> (artifact id: '440eb1afa6784d0bb97e72f052cac83a') in 0.0364799 seconds
Number of updated asset objects reloaded before import = 0Number of asset objects unloaded after import = 3

========================================================================
Received Import Request.
  Time since last request: 0.000025 seconds.
  path: Assets/Projects/GravityDash/kenney_ui-pack/PNG/Green/Default/button_round_depth_flat.png
  artifactKey: Guid(e30fe80606adb4cd8832b7561f92b776) Importer(2089858483,b0f066a214c2f5e87bad3c948f4d605d)
Start importing Assets/Projects/GravityDash/kenney_ui-pack/PNG/Green/Default/button_round_depth_flat.png using Guid(e30fe80606adb4cd8832b7561f92b776) Importer(2089858483,b0f066a214c2f5e87bad3c948f4d605d) (ScriptedImporter) -> (artifact id: 'af0dc48e219f94ed6f623b460b0e751f') in 0.0317154 seconds
Number of updated asset objects reloaded before import = 0Number of asset objects unloaded after import = 3

========================================================================
Received Import Request.
  Time since last request: 0.000031 seconds.
  path: Assets/Projects/GravityDash/kenney_ui-pack/PNG/Green/Double/button_square_gradient.png
  artifactKey: Guid(1b800a61dfe204bc6b7b2c72fe5a3e2e) Importer(2089858483,b0f066a214c2f5e87bad3c948f4d605d)
Start importing Assets/Projects/GravityDash/kenney_ui-pack/PNG/Green/Double/button_square_gradient.png using Guid(1b800a61dfe204bc6b7b2c72fe5a3e2e) Importer(2089858483,b0f066a214c2f5e87bad3c948f4d605d) (ScriptedImporter) -> (artifact id: 'b2a4e694e4008e14d7280febe02795a3') in 0.0297719 seconds
Number of updated asset objects reloaded before import = 0Number of asset objects unloaded after import = 3

========================================================================
Received Import Request.
  Time since last request: 0.000036 seconds.
  path: Assets/Projects/GravityDash/kenney_ui-pack/PNG/Green/Double/button_round_depth_border.png
  artifactKey: Guid(46b29cf28546c450eac5302a5a3b55aa) Importer(2089858483,b0f066a214c2f5e87bad3c948f4d605d)
Start importing Assets/Projects/GravityDash/kenney_ui-pack/PNG/Green/Double/button_round_depth_border.png using Guid(46b29cf28546c450eac5302a5a3b55aa) Importer(2089858483,b0f066a214c2f5e87bad3c948f4d605d) (ScriptedImporter) -> (artifact id: 'cf889fe9c768aa0d35e2d91906c1a43f') in 0.029299 seconds
Number of updated asset objects reloaded before import = 0Number of asset objects unloaded after import = 3

========================================================================
Received Import Request.
  Time since last request: 0.000026 seconds.
  path: Assets/Projects/GravityDash/kenney_ui-pack/PNG/Green/Default/check_square_color_cross.png
  artifactKey: Guid(a143ef566a8464a97b51979618136d01) Importer(2089858483,b0f066a214c2f5e87bad3c948f4d605d)
Start importing Assets/Projects/GravityDash/kenney_ui-pack/PNG/Green/Default/check_square_color_cross.png using Guid(a143ef566a8464a97b51979618136d01) Importer(2089858483,b0f066a214c2f5e87bad3c948f4d605d) (ScriptedImporter) -> (artifact id: '13502400f1413424612c6884155cf7ba') in 0.0330867 seconds
Number of updated asset objects reloaded before import = 0Number of asset objects unloaded after import = 3

========================================================================
Received Import Request.
  Time since last request: 0.000039 seconds.
  path: Assets/Projects/GravityDash/kenney_ui-pack/PNG/Green/Default/icon_cross.png
  artifactKey: Guid(acde9d458890242edbd00778b65f6821) Importer(2089858483,b0f066a214c2f5e87bad3c948f4d605d)
Start importing Assets/Projects/GravityDash/kenney_ui-pack/PNG/Green/Default/icon_cross.png using Guid(acde9d458890242edbd00778b65f6821) Importer(2089858483,b0f066a214c2f5e87bad3c948f4d605d) (ScriptedImporter) -> (artifact id: 'a2e10cb4293a41472725a9e3638bc98b') in 0.0337856 seconds
Number of updated asset objects reloaded before import = 0Number of asset objects unloaded after import = 3

========================================================================
Received Import Request.
  Time since last request: 0.000035 seconds.
  path: Assets/Projects/GravityDash/kenney_ui-pack/PNG/Green/Default/button_rectangle_depth_gloss.png
  artifactKey: Guid(1f03fadc60e97429e83ece1370dd89a5) Importer(2089858483,b0f066a214c2f5e87bad3c948f4d605d)
Start importing Assets/Projects/GravityDash/kenney_ui-pack/PNG/Green/Default/button_rectangle_depth_gloss.png using Guid(1f03fadc60e97429e83ece1370dd89a5) Importer(2089858483,b0f066a214c2f5e87bad3c948f4d605d) (ScriptedImporter) -> (artifact id: '9bc402894980867769838ec93a81b5a0') in 0.0333022 seconds
Number of updated asset objects reloaded before import = 0Number of asset objects unloaded after import = 3

========================================================================
Received Import Request.
  Time since last request: 0.000028 seconds.
  path: Assets/Projects/GravityDash/kenney_ui-pack/PNG/Green/Double/arrow_basic_w_small.png
  artifactKey: Guid(5c586668340694fed93264edef6888d2) Importer(2089858483,b0f066a214c2f5e87bad3c948f4d605d)
Start importing Assets/Projects/GravityDash/kenney_ui-pack/PNG/Green/Double/arrow_basic_w_small.png using Guid(5c586668340694fed93264edef6888d2) Importer(2089858483,b0f066a214c2f5e87bad3c948f4d605d) (ScriptedImporter) -> (artifact id: '3dd905b7da0f73625282d64ad6ac20d1') in 0.0334095 seconds
Number of updated asset objects reloaded before import = 0Number of asset objects unloaded after import = 3

========================================================================
Received Import Request.
  Time since last request: 0.000028 seconds.
  path: Assets/Projects/GravityDash/kenney_ui-pack/PNG/Green/Double/check_round_round_circle.png
  artifactKey: Guid(f6514d28453e546e1945a157c4a86e72) Importer(2089858483,b0f066a214c2f5e87bad3c948f4d605d)
Start importing Assets/Projects/GravityDash/kenney_ui-pack/PNG/Green/Double/check_round_round_circle.png using Guid(f6514d28453e546e1945a157c4a86e72) Importer(2089858483,b0f066a214c2f5e87bad3c948f4d605d) (ScriptedImporter) -> (artifact id: '34b4235a71be2ad2dd97720abc256e37') in 0.0326528 seconds
Number of updated asset objects reloaded before import = 0Number of asset objects unloaded after import = 3

========================================================================
Received Import Request.
  Time since last request: 0.000027 seconds.
  path: Assets/Projects/GravityDash/kenney_ui-pack/PNG/Green/Double/check_round_grey.png
  artifactKey: Guid(4081a03883b99453d911b446e673bd30) Importer(2089858483,b0f066a214c2f5e87bad3c948f4d605d)
Start importing Assets/Projects/GravityDash/kenney_ui-pack/PNG/Green/Double/check_round_grey.png using Guid(4081a03883b99453d911b446e673bd30) Importer(2089858483,b0f066a214c2f5e87bad3c948f4d605d) (ScriptedImporter) -> (artifact id: '8fef5506626c5437cc7407a5cfa69924') in 0.0349343 seconds
Number of updated asset objects reloaded before import = 0Number of asset objects unloaded after import = 3

========================================================================
Received Import Request.
  Time since last request: 0.000027 seconds.
  path: Assets/Projects/GravityDash/kenney_ui-pack/PNG/Green/Default/icon_checkmark.png
  artifactKey: Guid(498f1f855f72748a5b56de79324ceb66) Importer(2089858483,b0f066a214c2f5e87bad3c948f4d605d)
Start importing Assets/Projects/GravityDash/kenney_ui-pack/PNG/Green/Default/icon_checkmark.png using Guid(498f1f855f72748a5b56de79324ceb66) Importer(2089858483,b0f066a214c2f5e87bad3c948f4d605d) (ScriptedImporter) -> (artifact id: '105ad8e54c6e08adeb3c94c5aed30d57') in 0.0297012 seconds
Number of updated asset objects reloaded before import = 0Number of asset objects unloaded after import = 3

========================================================================
Received Import Request.
  Time since last request: 0.000026 seconds.
  path: Assets/Projects/GravityDash/kenney_ui-pack/PNG/Extra/Double/icon_arrow_up_light.png
  artifactKey: Guid(c50e4e2ce67e345b389d5311c2f45885) Importer(2089858483,b0f066a214c2f5e87bad3c948f4d605d)
Start importing Assets/Projects/GravityDash/kenney_ui-pack/PNG/Extra/Double/icon_arrow_up_light.png using Guid(c50e4e2ce67e345b389d5311c2f45885) Importer(2089858483,b0f066a214c2f5e87bad3c948f4d605d) (ScriptedImporter) -> (artifact id: '4537c664330620d2d52c7fba9a2f5ae5') in 0.0315694 seconds
Number of updated asset objects reloaded before import = 0Number of asset objects unloaded after import = 3

========================================================================
Received Import Request.
  Time since last request: 0.000043 seconds.
  path: Assets/Projects/GravityDash/kenney_ui-pack/PNG/Green/Default/arrow_basic_w_small.png
  artifactKey: Guid(70e6120ce9d01416ebae4f6f8427eef0) Importer(2089858483,b0f066a214c2f5e87bad3c948f4d605d)
Start importing Assets/Projects/GravityDash/kenney_ui-pack/PNG/Green/Default/arrow_basic_w_small.png using Guid(70e6120ce9d01416ebae4f6f8427eef0) Importer(2089858483,b0f066a214c2f5e87bad3c948f4d605d) (ScriptedImporter) -> (artifact id: 'e6019602c5f8c30452071dcf85389552') in 0.0294382 seconds
Number of updated asset objects reloaded before import = 0Number of asset objects unloaded after import = 3

========================================================================
Received Import Request.
  Time since last request: 0.000023 seconds.
  path: Assets/Projects/GravityDash/kenney_ui-pack/PNG/Green/Default/check_square_color.png
  artifactKey: Guid(2ca67d5632ad648acbb08419c3180c23) Importer(2089858483,b0f066a214c2f5e87bad3c948f4d605d)
Start importing Assets/Projects/GravityDash/kenney_ui-pack/PNG/Green/Default/check_square_color.png using Guid(2ca67d5632ad648acbb08419c3180c23) Importer(2089858483,b0f066a214c2f5e87bad3c948f4d605d) (ScriptedImporter) -> (artifact id: '229f8fc6899b1c9f988284aa2bfb1384') in 0.0296569 seconds
Number of updated asset objects reloaded before import = 0Number of asset objects unloaded after import = 3

========================================================================
Received Import Request.
  Time since last request: 0.000037 seconds.
  path: Assets/Projects/GravityDash/kenney_ui-pack/PNG/Green/Default/arrow_decorative_s_small.png
  artifactKey: Guid(0246031484a2d4e35b2d3b45a198b5a7) Importer(2089858483,b0f066a214c2f5e87bad3c948f4d605d)
Start importing Assets/Projects/GravityDash/kenney_ui-pack/PNG/Green/Default/arrow_decorative_s_small.png using Guid(0246031484a2d4e35b2d3b45a198b5a7) Importer(2089858483,b0f066a214c2f5e87bad3c948f4d605d) (ScriptedImporter) -> (artifact id: '477aeea64d099d63e4668e34a8a08027') in 0.0343247 seconds
Number of updated asset objects reloaded before import = 0Number of asset objects unloaded after import = 3

========================================================================
Received Import Request.
  Time since last request: 0.000034 seconds.
  path: Assets/Projects/GravityDash/kenney_ui-pack/PNG/Green/Default/arrow_basic_s.png
  artifactKey: Guid(951078c12a89d4c0489e24c5ddac1deb) Importer(2089858483,b0f066a214c2f5e87bad3c948f4d605d)
Start importing Assets/Projects/GravityDash/kenney_ui-pack/PNG/Green/Default/arrow_basic_s.png using Guid(951078c12a89d4c0489e24c5ddac1deb) Importer(2089858483,b0f066a214c2f5e87bad3c948f4d605d) (ScriptedImporter) -> (artifact id: '594a4d64864eafc91a2a69a5dda19ef4') in 0.0335241 seconds
Number of updated asset objects reloaded before import = 0Number of asset objects unloaded after import = 3

========================================================================
Received Import Request.
  Time since last request: 0.000024 seconds.
  path: Assets/Projects/GravityDash/kenney_ui-pack/PNG/Green/Double/arrow_basic_w.png
  artifactKey: Guid(5e01215c2666a4ce5ac6ba7135103ae9) Importer(2089858483,b0f066a214c2f5e87bad3c948f4d605d)
Start importing Assets/Projects/GravityDash/kenney_ui-pack/PNG/Green/Double/arrow_basic_w.png using Guid(5e01215c2666a4ce5ac6ba7135103ae9) Importer(2089858483,b0f066a214c2f5e87bad3c948f4d605d) (ScriptedImporter) -> (artifact id: '5b81dc711c5d658769adbc2d7e75bc39') in 0.0337645 seconds
Number of updated asset objects reloaded before import = 0Number of asset objects unloaded after import = 3

========================================================================
Received Import Request.
  Time since last request: 0.000024 seconds.
  path: Assets/Projects/GravityDash/kenney_ui-pack/PNG/Green/Double/arrow_basic_s.png
  artifactKey: Guid(d8f46768018d4434ea390531a68f7609) Importer(2089858483,b0f066a214c2f5e87bad3c948f4d605d)
Start importing Assets/Projects/GravityDash/kenney_ui-pack/PNG/Green/Double/arrow_basic_s.png using Guid(d8f46768018d4434ea390531a68f7609) Importer(2089858483,b0f066a214c2f5e87bad3c948f4d605d) (ScriptedImporter) -> (artifact id: 'a36aed0a5192f4bd8b3f393b7e4380ad') in 0.0305834 seconds
Number of updated asset objects reloaded before import = 0Number of asset objects unloaded after import = 3

========================================================================
Received Import Request.
  Time since last request: 0.000034 seconds.
  path: Assets/Projects/GravityDash/kenney_new-platformer-pack-1.1/Sprites/Tiles/Default/torch_on_b.png
  artifactKey: Guid(3d3d0275f0bd349649ae3b7a86775029) Importer(2089858483,b0f066a214c2f5e87bad3c948f4d605d)
Start importing Assets/Projects/GravityDash/kenney_new-platformer-pack-1.1/Sprites/Tiles/Default/torch_on_b.png using Guid(3d3d0275f0bd349649ae3b7a86775029) Importer(2089858483,b0f066a214c2f5e87bad3c948f4d605d) (ScriptedImporter) -> (artifact id: 'cc0486a3c602b7af519475a88a1cddc9') in 0.0283394 seconds
Number of updated asset objects reloaded before import = 0Number of asset objects unloaded after import = 3

========================================================================
Received Import Request.
  Time since last request: 0.000036 seconds.
  path: Assets/Projects/GravityDash/kenney_ui-pack/PNG/Green/Default/icon_outline_circle.png
  artifactKey: Guid(dc6a964fd095244248337388a0ed884e) Importer(2089858483,b0f066a214c2f5e87bad3c948f4d605d)
Start importing Assets/Projects/GravityDash/kenney_ui-pack/PNG/Green/Default/icon_outline_circle.png using Guid(dc6a964fd095244248337388a0ed884e) Importer(2089858483,b0f066a214c2f5e87bad3c948f4d605d) (ScriptedImporter) -> (artifact id: 'be736748d9107bc7766a82b363db506e') in 0.0318521 seconds
Number of updated asset objects reloaded before import = 0Number of asset objects unloaded after import = 3

========================================================================
Received Import Request.
  Time since last request: 0.000022 seconds.
  path: Assets/Projects/GravityDash/kenney_new-platformer-pack-1.1/Sprites/Tiles/Double/switch_red.png
  artifactKey: Guid(fcf7214966e0f49eea81747ed3ca7bf1) Importer(2089858483,b0f066a214c2f5e87bad3c948f4d605d)
Start importing Assets/Projects/GravityDash/kenney_new-platformer-pack-1.1/Sprites/Tiles/Double/switch_red.png using Guid(fcf7214966e0f49eea81747ed3ca7bf1) Importer(2089858483,b0f066a214c2f5e87bad3c948f4d605d) (ScriptedImporter) -> (artifact id: '4f0f8662cfc310f6b5e3a7894bfbc424') in 0.0601266 seconds
Number of updated asset objects reloaded before import = 0Number of asset objects unloaded after import = 3

========================================================================
Received Import Request.
  Time since last request: 0.000082 seconds.
  path: Assets/Projects/GravityDash/kenney_new-platformer-pack-1.1/Sprites/Tiles/Double/terrain_purple_block.png
  artifactKey: Guid(f40e14374992947878c366773da8f9ab) Importer(2089858483,b0f066a214c2f5e87bad3c948f4d605d)
Start importing Assets/Projects/GravityDash/kenney_new-platformer-pack-1.1/Sprites/Tiles/Double/terrain_purple_block.png using Guid(f40e14374992947878c366773da8f9ab) Importer(2089858483,b0f066a214c2f5e87bad3c948f4d605d) (ScriptedImporter) -> (artifact id: 'e9117904ab514b03aa14f041bf8438f5') in 0.0577718 seconds
Number of updated asset objects reloaded before import = 0Number of asset objects unloaded after import = 3

========================================================================
Received Import Request.
  Time since last request: 0.000043 seconds.
  path: Assets/Projects/GravityDash/kenney_ui-pack/PNG/Grey/Double/button_round_depth_line.png
  artifactKey: Guid(dc969c6725b894e468b5958193e71daf) Importer(2089858483,b0f066a214c2f5e87bad3c948f4d605d)
Start importing Assets/Projects/GravityDash/kenney_ui-pack/PNG/Grey/Double/button_round_depth_line.png using Guid(dc969c6725b894e468b5958193e71daf) Importer(2089858483,b0f066a214c2f5e87bad3c948f4d605d) (ScriptedImporter) -> (artifact id: 'c3f19129e37a07f3ff594b3f52e7e8e8') in 0.0599791 seconds
Number of updated asset objects reloaded before import = 0Number of asset objects unloaded after import = 3

========================================================================
Received Import Request.
  Time since last request: 0.000084 seconds.
  path: Assets/Projects/GravityDash/kenney_ui-pack/PNG/Grey/Double/button_round_depth_gradient.png
  artifactKey: Guid(fab3c93d403c74d2b8f60b2128a22c0c) Importer(2089858483,b0f066a214c2f5e87bad3c948f4d605d)
Start importing Assets/Projects/GravityDash/kenney_ui-pack/PNG/Grey/Double/button_round_depth_gradient.png using Guid(fab3c93d403c74d2b8f60b2128a22c0c) Importer(2089858483,b0f066a214c2f5e87bad3c948f4d605d) (ScriptedImporter) -> (artifact id: 'c798f01e6b8d204f28fa8794cbe9825f') in 0.0578868 seconds
Number of updated asset objects reloaded before import = 0Number of asset objects unloaded after import = 3

========================================================================
Received Import Request.
  Time since last request: 0.000049 seconds.
  path: Assets/Projects/GravityDash/kenney_ui-pack/PNG/Green/Double/slide_horizontal_color_section.png
  artifactKey: Guid(a74a9aca395a34f088e73b501ca40aa5) Importer(2089858483,b0f066a214c2f5e87bad3c948f4d605d)
Start importing Assets/Projects/GravityDash/kenney_ui-pack/PNG/Green/Double/slide_horizontal_color_section.png using Guid(a74a9aca395a34f088e73b501ca40aa5) Importer(2089858483,b0f066a214c2f5e87bad3c948f4d605d) (ScriptedImporter) -> (artifact id: '950c3266616f0942e8b14a2f8e3313ba') in 0.0571904 seconds
Number of updated asset objects reloaded before import = 0Number of asset objects unloaded after import = 3

========================================================================
Received Import Request.
  Time since last request: 0.000077 seconds.
  path: Assets/Projects/GravityDash/kenney_ui-pack/PNG/Grey/Default/icon_outline_square.png
  artifactKey: Guid(0cbf338b8cb2143b2a2082616800eaac) Importer(2089858483,b0f066a214c2f5e87bad3c948f4d605d)
Start importing Assets/Projects/GravityDash/kenney_ui-pack/PNG/Grey/Default/icon_outline_square.png using Guid(0cbf338b8cb2143b2a2082616800eaac) Importer(2089858483,b0f066a214c2f5e87bad3c948f4d605d) (ScriptedImporter) -> (artifact id: '041e1753a37a96f017668363097945e6') in 0.0539286 seconds
Number of updated asset objects reloaded before import = 0Number of asset objects unloaded after import = 3

========================================================================
Received Import Request.
  Time since last request: 0.000041 seconds.
  path: Assets/Projects/GravityDash/kenney_ui-pack/PNG/Grey/Default/icon_circle.png
  artifactKey: Guid(77610fb98134c46cb898da05a64eee5f) Importer(2089858483,b0f066a214c2f5e87bad3c948f4d605d)
Start importing Assets/Projects/GravityDash/kenney_ui-pack/PNG/Grey/Default/icon_circle.png using Guid(77610fb98134c46cb898da05a64eee5f) Importer(2089858483,b0f066a214c2f5e87bad3c948f4d605d) (ScriptedImporter) -> (artifact id: '14c88171b1e20fa349ee3e25c3688826') in 0.0887087 seconds
Number of updated asset objects reloaded before import = 0Number of asset objects unloaded after import = 3

========================================================================
Received Import Request.
  Time since last request: 0.000053 seconds.
  path: Assets/Projects/GravityDash/kenney_ui-pack/PNG/Grey/Default/slide_horizontal_color_section.png
  artifactKey: Guid(0d60218d6bc0b4fb091537b965b3b252) Importer(2089858483,b0f066a214c2f5e87bad3c948f4d605d)
Start importing Assets/Projects/GravityDash/kenney_ui-pack/PNG/Grey/Default/slide_horizontal_color_section.png using Guid(0d60218d6bc0b4fb091537b965b3b252) Importer(2089858483,b0f066a214c2f5e87bad3c948f4d605d) (ScriptedImporter) -> (artifact id: '98f5e3306c19f51114c4eff368a6817e') in 0.052734 seconds
Number of updated asset objects reloaded before import = 0Number of asset objects unloaded after import = 3

========================================================================
Received Import Request.
  Time since last request: 0.000028 seconds.
  path: Assets/Projects/GravityDash/kenney_ui-pack/PNG/Grey/Default/slide_horizontal_grey.png
  artifactKey: Guid(856121059e45b4b8c89f6e7055bfdf21) Importer(2089858483,b0f066a214c2f5e87bad3c948f4d605d)
Start importing Assets/Projects/GravityDash/kenney_ui-pack/PNG/Grey/Default/slide_horizontal_grey.png using Guid(856121059e45b4b8c89f6e7055bfdf21) Importer(2089858483,b0f066a214c2f5e87bad3c948f4d605d) (ScriptedImporter) -> (artifact id: '45b7ff15167871ca1a363d52438df452') in 0.0352302 seconds
Number of updated asset objects reloaded before import = 0Number of asset objects unloaded after import = 3

========================================================================
Received Import Request.
  Time since last request: 0.000246 seconds.
  path: Assets/Projects/GravityDash/kenney_ui-pack/PNG/Grey/Default/button_square_gradient.png
  artifactKey: Guid(2551a5a28ae2e4a1da8142eb8a2c4549) Importer(2089858483,b0f066a214c2f5e87bad3c948f4d605d)
Start importing Assets/Projects/GravityDash/kenney_ui-pack/PNG/Grey/Default/button_square_gradient.png using Guid(2551a5a28ae2e4a1da8142eb8a2c4549) Importer(2089858483,b0f066a214c2f5e87bad3c948f4d605d) (ScriptedImporter) -> (artifact id: 'e76ecebab1af962835b7e3b428c46343') in 0.0493334 seconds
Number of updated asset objects reloaded before import = 0Number of asset objects unloaded after import = 3

========================================================================
Received Import Request.
  Time since last request: 0.000034 seconds.
  path: Assets/Projects/GravityDash/kenney_ui-pack/PNG/Grey/Default/arrow_basic_s_small.png
  artifactKey: Guid(1bad57c69e3854c7184cfcf8ec5786c9) Importer(2089858483,b0f066a214c2f5e87bad3c948f4d605d)
Start importing Assets/Projects/GravityDash/kenney_ui-pack/PNG/Grey/Default/arrow_basic_s_small.png using Guid(1bad57c69e3854c7184cfcf8ec5786c9) Importer(2089858483,b0f066a214c2f5e87bad3c948f4d605d) (ScriptedImporter) -> (artifact id: 'dabf08c26464bfd79bae314a871c50be') in 0.0535752 seconds
Number of updated asset objects reloaded before import = 0Number of asset objects unloaded after import = 3

========================================================================
Received Import Request.
  Time since last request: 0.000035 seconds.
  path: Assets/Projects/GravityDash/kenney_ui-pack/PNG/Grey/Default/button_rectangle_depth_line.png
  artifactKey: Guid(1251e8bce1e49475ea19c967b77ec3dd) Importer(2089858483,b0f066a214c2f5e87bad3c948f4d605d)
Start importing Assets/Projects/GravityDash/kenney_ui-pack/PNG/Grey/Default/button_rectangle_depth_line.png using Guid(1251e8bce1e49475ea19c967b77ec3dd) Importer(2089858483,b0f066a214c2f5e87bad3c948f4d605d) (ScriptedImporter) -> (artifact id: '1fcd2593f077857268a240d978fa5501') in 0.0481959 seconds
Number of updated asset objects reloaded before import = 0Number of asset objects unloaded after import = 3

========================================================================
Received Import Request.
  Time since last request: 0.000045 seconds.
  path: Assets/Projects/GravityDash/kenney_ui-pack/PNG/Grey/Double/arrow_basic_e.png
  artifactKey: Guid(ecbbc7fa5f7b1428d9d12c82e75c739d) Importer(2089858483,b0f066a214c2f5e87bad3c948f4d605d)
Start importing Assets/Projects/GravityDash/kenney_ui-pack/PNG/Grey/Double/arrow_basic_e.png using Guid(ecbbc7fa5f7b1428d9d12c82e75c739d) Importer(2089858483,b0f066a214c2f5e87bad3c948f4d605d) (ScriptedImporter) -> (artifact id: '1851ad2113f3079de3ea8ae9c9070c92') in 0.044904 seconds
Number of updated asset objects reloaded before import = 0Number of asset objects unloaded after import = 3

========================================================================
Received Import Request.
  Time since last request: 0.000029 seconds.
  path: Assets/Projects/GravityDash/kenney_ui-pack/PNG/Grey/Double/arrow_basic_n.png
  artifactKey: Guid(ee43a34e208b248eaa8a87119b2b7b74) Importer(2089858483,b0f066a214c2f5e87bad3c948f4d605d)
Start importing Assets/Projects/GravityDash/kenney_ui-pack/PNG/Grey/Double/arrow_basic_n.png using Guid(ee43a34e208b248eaa8a87119b2b7b74) Importer(2089858483,b0f066a214c2f5e87bad3c948f4d605d) (ScriptedImporter) -> (artifact id: '241817b1d759038b698a81f1b2be99d2') in 0.0464797 seconds
Number of updated asset objects reloaded before import = 0Number of asset objects unloaded after import = 3

========================================================================
Received Import Request.
  Time since last request: 0.000029 seconds.
  path: Assets/Projects/GravityDash/kenney_ui-pack/PNG/Grey/Default/arrow_basic_e.png
  artifactKey: Guid(d2195b7f7ba5d4ccfbf003c38e601b58) Importer(2089858483,b0f066a214c2f5e87bad3c948f4d605d)
Start importing Assets/Projects/GravityDash/kenney_ui-pack/PNG/Grey/Default/arrow_basic_e.png using Guid(d2195b7f7ba5d4ccfbf003c38e601b58) Importer(2089858483,b0f066a214c2f5e87bad3c948f4d605d) (ScriptedImporter) -> (artifact id: 'c247d7da3d640c6d09dee5d30e3b9957') in 0.0476996 seconds
Number of updated asset objects reloaded before import = 0Number of asset objects unloaded after import = 3

========================================================================
Received Import Request.
  Time since last request: 0.000033 seconds.
  path: Assets/Projects/GravityDash/kenney_ui-pack/PNG/Grey/Default/arrow_basic_n_small.png
  artifactKey: Guid(486f2a0ef29c34b07852cba543d7f973) Importer(2089858483,b0f066a214c2f5e87bad3c948f4d605d)
Start importing Assets/Projects/GravityDash/kenney_ui-pack/PNG/Grey/Default/arrow_basic_n_small.png using Guid(486f2a0ef29c34b07852cba543d7f973) Importer(2089858483,b0f066a214c2f5e87bad3c948f4d605d) (ScriptedImporter) -> (artifact id: '4134c0ea957b9c888ad2ad9956b9fc2e') in 0.042902 seconds
Number of updated asset objects reloaded before import = 0Number of asset objects unloaded after import = 3

========================================================================
Received Import Request.
  Time since last request: 0.000138 seconds.
  path: Assets/Projects/GravityDash/kenney_ui-pack/PNG/Grey/Default/slide_hangle.png
  artifactKey: Guid(230c226557edd4351bed653309061dfc) Importer(2089858483,b0f066a214c2f5e87bad3c948f4d605d)
Start importing Assets/Projects/GravityDash/kenney_ui-pack/PNG/Grey/Default/slide_hangle.png using Guid(230c226557edd4351bed653309061dfc) Importer(2089858483,b0f066a214c2f5e87bad3c948f4d605d) (ScriptedImporter) -> (artifact id: '8d50e2062182a2ca4f13e60336735ae7') in 0.0408897 seconds
Number of updated asset objects reloaded before import = 0Number of asset objects unloaded after import = 3

========================================================================
Received Import Request.
  Time since last request: 0.000129 seconds.
  path: Assets/Projects/GravityDash/kenney_ui-pack/PNG/Grey/Double/button_square_flat.png
  artifactKey: Guid(b1f3272cd31b24710b1c1f228c7c05e7) Importer(2089858483,b0f066a214c2f5e87bad3c948f4d605d)
Start importing Assets/Projects/GravityDash/kenney_ui-pack/PNG/Grey/Double/button_square_flat.png using Guid(b1f3272cd31b24710b1c1f228c7c05e7) Importer(2089858483,b0f066a214c2f5e87bad3c948f4d605d) (ScriptedImporter) -> (artifact id: 'c1efbc92d146e563e393b4b2e5a0d648') in 0.0421851 seconds
Number of updated asset objects reloaded before import = 0Number of asset objects unloaded after import = 3

========================================================================
Received Import Request.
  Time since last request: 0.000026 seconds.
  path: Assets/Projects/GravityDash/kenney_ui-pack/PNG/Red/Default/arrow_decorative_s_small.png
  artifactKey: Guid(0548e446287544e7a9195ad270771e06) Importer(2089858483,b0f066a214c2f5e87bad3c948f4d605d)
Start importing Assets/Projects/GravityDash/kenney_ui-pack/PNG/Red/Default/arrow_decorative_s_small.png using Guid(0548e446287544e7a9195ad270771e06) Importer(2089858483,b0f066a214c2f5e87bad3c948f4d605d) (ScriptedImporter) -> (artifact id: 'c10ba35fbb06b9232b1df324ce01d92b') in 0.0500054 seconds
Number of updated asset objects reloaded before import = 0Number of asset objects unloaded after import = 3

========================================================================
Received Import Request.
  Time since last request: 0.000027 seconds.
  path: Assets/Projects/GravityDash/kenney_ui-pack/PNG/Grey/Double/button_round_gloss.png
  artifactKey: Guid(9d53402eceabb459c970dafff6d8f02f) Importer(2089858483,b0f066a214c2f5e87bad3c948f4d605d)
Start importing Assets/Projects/GravityDash/kenney_ui-pack/PNG/Grey/Double/button_round_gloss.png using Guid(9d53402eceabb459c970dafff6d8f02f) Importer(2089858483,b0f066a214c2f5e87bad3c948f4d605d) (ScriptedImporter) -> (artifact id: '23adf3cec7e504bca41346239ec3df49') in 0.0392434 seconds
Number of updated asset objects reloaded before import = 0Number of asset objects unloaded after import = 3

========================================================================
Received Import Request.
  Time since last request: 0.000108 seconds.
  path: Assets/Projects/GravityDash/kenney_ui-pack/PNG/Red/Default/arrow_decorative_n_small.png
  artifactKey: Guid(80b55e70bfb0a40db8513e65fe1482db) Importer(2089858483,b0f066a214c2f5e87bad3c948f4d605d)
Start importing Assets/Projects/GravityDash/kenney_ui-pack/PNG/Red/Default/arrow_decorative_n_small.png using Guid(80b55e70bfb0a40db8513e65fe1482db) Importer(2089858483,b0f066a214c2f5e87bad3c948f4d605d) (ScriptedImporter) -> (artifact id: '2b8d58832435c7ff695ec56b2deee9a1') in 0.0404244 seconds
Number of updated asset objects reloaded before import = 0Number of asset objects unloaded after import = 3

========================================================================
Received Import Request.
  Time since last request: 0.000036 seconds.
  path: Assets/Projects/GravityDash/kenney_ui-pack/PNG/Grey/Double/star_outline.png
  artifactKey: Guid(3a0c128ce09424a2d85dd097da98e1a6) Importer(2089858483,b0f066a214c2f5e87bad3c948f4d605d)
Start importing Assets/Projects/GravityDash/kenney_ui-pack/PNG/Grey/Double/star_outline.png using Guid(3a0c128ce09424a2d85dd097da98e1a6) Importer(2089858483,b0f066a214c2f5e87bad3c948f4d605d) (ScriptedImporter) -> (artifact id: '8e7e5d6a51cc0e7781cc83d9a426066a') in 0.0293161 seconds
Number of updated asset objects reloaded before import = 0Number of asset objects unloaded after import = 3

========================================================================
Received Import Request.
  Time since last request: 0.000028 seconds.
  path: Assets/Projects/GravityDash/kenney_ui-pack/PNG/Grey/Double/icon_outline_cross.png
  artifactKey: Guid(8b1db59076162437883bbc086aeb7008) Importer(2089858483,b0f066a214c2f5e87bad3c948f4d605d)
Start importing Assets/Projects/GravityDash/kenney_ui-pack/PNG/Grey/Double/icon_outline_cross.png using Guid(8b1db59076162437883bbc086aeb7008) Importer(2089858483,b0f066a214c2f5e87bad3c948f4d605d) (ScriptedImporter) -> (artifact id: '3455f9263f50465080afa430e2742732') in 0.0386792 seconds
Number of updated asset objects reloaded before import = 0Number of asset objects unloaded after import = 3

========================================================================
Received Import Request.
  Time since last request: 0.000026 seconds.
  path: Assets/Projects/GravityDash/kenney_ui-pack/PNG/Grey/Double/check_square_color_cross.png
  artifactKey: Guid(841df891b2a664b70b670f1772a8d2a2) Importer(2089858483,b0f066a214c2f5e87bad3c948f4d605d)
Start importing Assets/Projects/GravityDash/kenney_ui-pack/PNG/Grey/Double/check_square_color_cross.png using Guid(841df891b2a664b70b670f1772a8d2a2) Importer(2089858483,b0f066a214c2f5e87bad3c948f4d605d) (ScriptedImporter) -> (artifact id: 'f48e59e336f6b30d44e3739a17a75670') in 0.0360834 seconds
Number of updated asset objects reloaded before import = 0Number of asset objects unloaded after import = 3

========================================================================
Received Import Request.
  Time since last request: 0.000030 seconds.
  path: Assets/Projects/GravityDash/kenney_ui-pack/PNG/Grey/Double/button_square_depth_border.png
  artifactKey: Guid(ef92c2c0aea1e4a539120bf701918744) Importer(2089858483,b0f066a214c2f5e87bad3c948f4d605d)
Start importing Assets/Projects/GravityDash/kenney_ui-pack/PNG/Grey/Double/button_square_depth_border.png using Guid(ef92c2c0aea1e4a539120bf701918744) Importer(2089858483,b0f066a214c2f5e87bad3c948f4d605d) (ScriptedImporter) -> (artifact id: '3d2e0d333ea7acdc7ced7664bde4c288') in 0.0250769 seconds
Number of updated asset objects reloaded before import = 0Number of asset objects unloaded after import = 3

========================================================================
Received Import Request.
  Time since last request: 0.000020 seconds.
  path: Assets/Projects/GravityDash/kenney_ui-pack/PNG/Grey/Double/button_square_border.png
  artifactKey: Guid(80cd0e3f2712a40aeb104cc82a95bfb2) Importer(2089858483,b0f066a214c2f5e87bad3c948f4d605d)
Start importing Assets/Projects/GravityDash/kenney_ui-pack/PNG/Grey/Double/button_square_border.png using Guid(80cd0e3f2712a40aeb104cc82a95bfb2) Importer(2089858483,b0f066a214c2f5e87bad3c948f4d605d) (ScriptedImporter) -> (artifact id: '83f6fc69a32dc44d22fb4e2c61d20a1e') in 0.0238359 seconds
Number of updated asset objects reloaded before import = 0Number of asset objects unloaded after import = 3

========================================================================
Received Import Request.
  Time since last request: 0.000036 seconds.
  path: Assets/Projects/GravityDash/kenney_ui-pack/PNG/Grey/Double/check_square_color_square.png
  artifactKey: Guid(6c90ae1b85e4d4706b4d950b964bb809) Importer(2089858483,b0f066a214c2f5e87bad3c948f4d605d)
Start importing Assets/Projects/GravityDash/kenney_ui-pack/PNG/Grey/Double/check_square_color_square.png using Guid(6c90ae1b85e4d4706b4d950b964bb809) Importer(2089858483,b0f066a214c2f5e87bad3c948f4d605d) (ScriptedImporter) -> (artifact id: '0d6d3ebb9fd0ae8551d002e85c7cbefe') in 0.0244656 seconds
Number of updated asset objects reloaded before import = 0Number of asset objects unloaded after import = 3

========================================================================
Received Import Request.
  Time since last request: 0.000018 seconds.
  path: Assets/Projects/GravityDash/kenney_ui-pack/PNG/Grey/Double/check_round_grey.png
  artifactKey: Guid(40bf1f4ea8e764d0f8e45bacd3cac3b3) Importer(2089858483,b0f066a214c2f5e87bad3c948f4d605d)
Start importing Assets/Projects/GravityDash/kenney_ui-pack/PNG/Grey/Double/check_round_grey.png using Guid(40bf1f4ea8e764d0f8e45bacd3cac3b3) Importer(2089858483,b0f066a214c2f5e87bad3c948f4d605d) (ScriptedImporter) -> (artifact id: '62e84152a4ea2465797a443579e8df11') in 0.0181728 seconds
Number of updated asset objects reloaded before import = 0Number of asset objects unloaded after import = 3

========================================================================
Received Import Request.
  Time since last request: 0.000018 seconds.
  path: Assets/Projects/GravityDash/kenney_ui-pack/PNG/Grey/Default/check_square_color_checkmark.png
  artifactKey: Guid(426b2c58e12f04705888970613e22c9a) Importer(2089858483,b0f066a214c2f5e87bad3c948f4d605d)
Start importing Assets/Projects/GravityDash/kenney_ui-pack/PNG/Grey/Default/check_square_color_checkmark.png using Guid(426b2c58e12f04705888970613e22c9a) Importer(2089858483,b0f066a214c2f5e87bad3c948f4d605d) (ScriptedImporter) -> (artifact id: '60a47ea263db85d4944479e2852658de') in 0.0242205 seconds
Number of updated asset objects reloaded before import = 0Number of asset objects unloaded after import = 3

========================================================================
Received Import Request.
  Time since last request: 0.000017 seconds.
  path: Assets/Projects/GravityDash/kenney_ui-pack/PNG/Grey/Default/icon_checkmark.png
  artifactKey: Guid(ec4fe891265214ca5b44bd5369a5803e) Importer(2089858483,b0f066a214c2f5e87bad3c948f4d605d)
Start importing Assets/Projects/GravityDash/kenney_ui-pack/PNG/Grey/Default/icon_checkmark.png using Guid(ec4fe891265214ca5b44bd5369a5803e) Importer(2089858483,b0f066a214c2f5e87bad3c948f4d605d) (ScriptedImporter) -> (artifact id: '443968ad625cc2c2d7655eceb8dd9584') in 0.017773 seconds
Number of updated asset objects reloaded before import = 0Number of asset objects unloaded after import = 3

========================================================================
Received Import Request.
  Time since last request: 0.000031 seconds.
  path: Assets/Projects/GravityDash/kenney_ui-pack/PNG/Grey/Double/button_square_depth_flat.png
  artifactKey: Guid(31a86e2906968451ca6066cbe5375ff0) Importer(2089858483,b0f066a214c2f5e87bad3c948f4d605d)
Start importing Assets/Projects/GravityDash/kenney_ui-pack/PNG/Grey/Double/button_square_depth_flat.png using Guid(31a86e2906968451ca6066cbe5375ff0) Importer(2089858483,b0f066a214c2f5e87bad3c948f4d605d) (ScriptedImporter) -> (artifact id: '30fa937471cad80d6753810130a9986c') in 0.0243141 seconds
Number of updated asset objects reloaded before import = 0Number of asset objects unloaded after import = 3

========================================================================
Received Import Request.
  Time since last request: 0.000027 seconds.
  path: Assets/Projects/GravityDash/kenney_ui-pack/PNG/Red/Default/button_round_border.png
  artifactKey: Guid(b074aabcc2dc44a74881d8b6feba7e0c) Importer(2089858483,b0f066a214c2f5e87bad3c948f4d605d)
Start importing Assets/Projects/GravityDash/kenney_ui-pack/PNG/Red/Default/button_round_border.png using Guid(b074aabcc2dc44a74881d8b6feba7e0c) Importer(2089858483,b0f066a214c2f5e87bad3c948f4d605d) (ScriptedImporter) -> (artifact id: '51f4d05a6f1705701d86b518d4c26dae') in 0.0223708 seconds
Number of updated asset objects reloaded before import = 0Number of asset objects unloaded after import = 3

========================================================================
Received Import Request.
  Time since last request: 0.000017 seconds.
  path: Assets/Projects/GravityDash/kenney_new-platformer-pack-1.1/Sprites/Tiles/Double/hud_player_yellow.png
  artifactKey: Guid(9060f988ece76498581ad2f35c50e09d) Importer(2089858483,b0f066a214c2f5e87bad3c948f4d605d)
Start importing Assets/Projects/GravityDash/kenney_new-platformer-pack-1.1/Sprites/Tiles/Double/hud_player_yellow.png using Guid(9060f988ece76498581ad2f35c50e09d) Importer(2089858483,b0f066a214c2f5e87bad3c948f4d605d) (ScriptedImporter) -> (artifact id: '9dff282a4f74d477ed85d979da856684') in 0.0249262 seconds
Number of updated asset objects reloaded before import = 0Number of asset objects unloaded after import = 3

========================================================================
Received Import Request.
  Time since last request: 0.000015 seconds.
  path: Assets/Projects/GravityDash/kenney_new-platformer-pack-1.1/Sprites/Tiles/Double/hud_character_1.png
  artifactKey: Guid(ce73df2e2e24d434e8c905ee49590147) Importer(2089858483,b0f066a214c2f5e87bad3c948f4d605d)
Start importing Assets/Projects/GravityDash/kenney_new-platformer-pack-1.1/Sprites/Tiles/Double/hud_character_1.png using Guid(ce73df2e2e24d434e8c905ee49590147) Importer(2089858483,b0f066a214c2f5e87bad3c948f4d605d) (ScriptedImporter) -> (artifact id: '5d9a16b64daed2647e13fc0800d4e39e') in 0.0252942 seconds
Number of updated asset objects reloaded before import = 0Number of asset objects unloaded after import = 3

========================================================================
Received Import Request.
  Time since last request: 0.000019 seconds.
  path: Assets/Projects/GravityDash/kenney_ui-pack/PNG/Blue/Default/button_square_gradient.png
  artifactKey: Guid(cfb2ff23aae3840e9a8edb43855b3742) Importer(2089858483,b0f066a214c2f5e87bad3c948f4d605d)
Start importing Assets/Projects/GravityDash/kenney_ui-pack/PNG/Blue/Default/button_square_gradient.png using Guid(cfb2ff23aae3840e9a8edb43855b3742) Importer(2089858483,b0f066a214c2f5e87bad3c948f4d605d) (ScriptedImporter) -> (artifact id: '4630cf416acafeb0f04973256d8bfce9') in 0.0244363 seconds
Number of updated asset objects reloaded before import = 0Number of asset objects unloaded after import = 3

========================================================================
Received Import Request.
  Time since last request: 0.000031 seconds.
  path: Assets/Projects/GravityDash/kenney_ui-pack/PNG/Grey/Default/arrow_basic_w_small.png
  artifactKey: Guid(f47b12ad404b14d8d827713def67868f) Importer(2089858483,b0f066a214c2f5e87bad3c948f4d605d)
Start importing Assets/Projects/GravityDash/kenney_ui-pack/PNG/Grey/Default/arrow_basic_w_small.png using Guid(f47b12ad404b14d8d827713def67868f) Importer(2089858483,b0f066a214c2f5e87bad3c948f4d605d) (ScriptedImporter) -> (artifact id: '0966b3eaa04b9a9af301ceeb04445be6') in 0.0243457 seconds
Number of updated asset objects reloaded before import = 0Number of asset objects unloaded after import = 3

========================================================================
Received Import Request.
  Time since last request: 0.000018 seconds.
  path: Assets/Projects/GravityDash/kenney_new-platformer-pack-1.1/Sprites/Tiles/Double/terrain_grass_block_right.png
  artifactKey: Guid(61110696be09d48fa897210a65812042) Importer(2089858483,b0f066a214c2f5e87bad3c948f4d605d)
Start importing Assets/Projects/GravityDash/kenney_new-platformer-pack-1.1/Sprites/Tiles/Double/terrain_grass_block_right.png using Guid(61110696be09d48fa897210a65812042) Importer(2089858483,b0f066a214c2f5e87bad3c948f4d605d) (ScriptedImporter) -> (artifact id: 'a06f962930a4fba6fbe59b61400c7e29') in 0.0207402 seconds
Number of updated asset objects reloaded before import = 0Number of asset objects unloaded after import = 3

========================================================================
Received Import Request.
  Time since last request: 0.000019 seconds.
  path: Assets/Projects/GravityDash/kenney_ui-pack/PNG/Extra/Double/input_square.png
  artifactKey: Guid(9f367895e0ef741e09368a398dac037d) Importer(2089858483,b0f066a214c2f5e87bad3c948f4d605d)
Start importing Assets/Projects/GravityDash/kenney_ui-pack/PNG/Extra/Double/input_square.png using Guid(9f367895e0ef741e09368a398dac037d) Importer(2089858483,b0f066a214c2f5e87bad3c948f4d605d) (ScriptedImporter) -> (artifact id: '4b3e9ed918bd56e40476f319e2474fdb') in 0.0220711 seconds
Number of updated asset objects reloaded before import = 0Number of asset objects unloaded after import = 3

========================================================================
Received Import Request.
  Time since last request: 0.000021 seconds.
  path: Assets/Projects/GravityDash/kenney_new-platformer-pack-1.1/Sprites/Tiles/Double/block_spikes.png
  artifactKey: Guid(1bf99406ab92f41f8813beed5a8b0c27) Importer(2089858483,b0f066a214c2f5e87bad3c948f4d605d)
Start importing Assets/Projects/GravityDash/kenney_new-platformer-pack-1.1/Sprites/Tiles/Double/block_spikes.png using Guid(1bf99406ab92f41f8813beed5a8b0c27) Importer(2089858483,b0f066a214c2f5e87bad3c948f4d605d) (ScriptedImporter) -> (artifact id: '60b7d448ac9374f2b3b8c01975fa3f8e') in 0.0185971 seconds
Number of updated asset objects reloaded before import = 0Number of asset objects unloaded after import = 3

========================================================================
Received Import Request.
  Time since last request: 0.000019 seconds.
  path: Assets/Projects/GravityDash/kenney_ui-pack/PNG/Green/Double/button_round_gradient.png
  artifactKey: Guid(3a8dfd494402a423e818b2f72daa015a) Importer(2089858483,b0f066a214c2f5e87bad3c948f4d605d)
Start importing Assets/Projects/GravityDash/kenney_ui-pack/PNG/Green/Double/button_round_gradient.png using Guid(3a8dfd494402a423e818b2f72daa015a) Importer(2089858483,b0f066a214c2f5e87bad3c948f4d605d) (ScriptedImporter) -> (artifact id: '116385e68b793f8fbadc35d0b008f382') in 0.0241544 seconds
Number of updated asset objects reloaded before import = 0Number of asset objects unloaded after import = 3

========================================================================
Received Import Request.
  Time since last request: 0.000018 seconds.
  path: Assets/Projects/GravityDash/kenney_ui-pack/PNG/Green/Double/button_rectangle_depth_line.png
  artifactKey: Guid(657ee10d0aedc4ba4a82a4fb67a2a8d7) Importer(2089858483,b0f066a214c2f5e87bad3c948f4d605d)
Start importing Assets/Projects/GravityDash/kenney_ui-pack/PNG/Green/Double/button_rectangle_depth_line.png using Guid(657ee10d0aedc4ba4a82a4fb67a2a8d7) Importer(2089858483,b0f066a214c2f5e87bad3c948f4d605d) (ScriptedImporter) -> (artifact id: '549310d53b141da461124790fbe49751') in 0.0338882 seconds
Number of updated asset objects reloaded before import = 0Number of asset objects unloaded after import = 3

========================================================================
Received Import Request.
  Time since last request: 0.000021 seconds.
  path: Assets/Projects/GravityDash/kenney_new-platformer-pack-1.1/Sprites/Tiles/Double/terrain_snow_horizontal_left.png
  artifactKey: Guid(406edaffbd2d447be94c1675714fb3dd) Importer(2089858483,b0f066a214c2f5e87bad3c948f4d605d)
Start importing Assets/Projects/GravityDash/kenney_new-platformer-pack-1.1/Sprites/Tiles/Double/terrain_snow_horizontal_left.png using Guid(406edaffbd2d447be94c1675714fb3dd) Importer(2089858483,b0f066a214c2f5e87bad3c948f4d605d) (ScriptedImporter) -> (artifact id: '5f5e14689f6540103b44f7d70f11d9fa') in 0.0248492 seconds
Number of updated asset objects reloaded before import = 0Number of asset objects unloaded after import = 3

========================================================================
Received Import Request.
  Time since last request: 0.000023 seconds.
  path: Assets/Projects/GravityDash/kenney_ui-pack/PNG/Blue/Double/check_round_grey_circle.png
  artifactKey: Guid(b8a8e3e913e1c4c5da1e3e96c4bdb71a) Importer(2089858483,b0f066a214c2f5e87bad3c948f4d605d)
Start importing Assets/Projects/GravityDash/kenney_ui-pack/PNG/Blue/Double/check_round_grey_circle.png using Guid(b8a8e3e913e1c4c5da1e3e96c4bdb71a) Importer(2089858483,b0f066a214c2f5e87bad3c948f4d605d) (ScriptedImporter) -> (artifact id: 'd78d467195cf67f9de420b5aa8911c02') in 0.0251183 seconds
Number of updated asset objects reloaded before import = 0Number of asset objects unloaded after import = 3

========================================================================
Received Import Request.
  Time since last request: 0.000033 seconds.
  path: Assets/Projects/GravityDash/kenney_ui-pack/PNG/Red/Default/button_square_border.png
  artifactKey: Guid(507bc9d0d34754fa595226dc0a6359ba) Importer(2089858483,b0f066a214c2f5e87bad3c948f4d605d)
Start importing Assets/Projects/GravityDash/kenney_ui-pack/PNG/Red/Default/button_square_border.png using Guid(507bc9d0d34754fa595226dc0a6359ba) Importer(2089858483,b0f066a214c2f5e87bad3c948f4d605d) (ScriptedImporter) -> (artifact id: '2235d503410738d52243dc581d7a4d36') in 0.0242096 seconds
Number of updated asset objects reloaded before import = 0Number of asset objects unloaded after import = 3

========================================================================
Received Import Request.
  Time since last request: 0.000027 seconds.
  path: Assets/Projects/GravityDash/kenney_ui-pack/PNG/Red/Double/button_round_gradient.png
  artifactKey: Guid(f51e70179e3214a91a0ed58c9922bc7a) Importer(2089858483,b0f066a214c2f5e87bad3c948f4d605d)
Start importing Assets/Projects/GravityDash/kenney_ui-pack/PNG/Red/Double/button_round_gradient.png using Guid(f51e70179e3214a91a0ed58c9922bc7a) Importer(2089858483,b0f066a214c2f5e87bad3c948f4d605d) (ScriptedImporter) -> (artifact id: '70f38012877934958998f1fa2bd9d9a6') in 0.0230143 seconds
Number of updated asset objects reloaded before import = 0Number of asset objects unloaded after import = 3

========================================================================
Received Import Request.
  Time since last request: 0.000048 seconds.
  path: Assets/Projects/GravityDash/kenney_ui-pack/PNG/Red/Double/arrow_decorative_s.png
  artifactKey: Guid(ab7b4ea6df355400f92b5c6187be6b3a) Importer(2089858483,b0f066a214c2f5e87bad3c948f4d605d)
Start importing Assets/Projects/GravityDash/kenney_ui-pack/PNG/Red/Double/arrow_decorative_s.png using Guid(ab7b4ea6df355400f92b5c6187be6b3a) Importer(2089858483,b0f066a214c2f5e87bad3c948f4d605d) (ScriptedImporter) -> (artifact id: '9ca48a2ad1b89d1e2f3c71421156437c') in 0.0225381 seconds
Number of updated asset objects reloaded before import = 0Number of asset objects unloaded after import = 3

========================================================================
Received Import Request.
  Time since last request: 0.000022 seconds.
  path: Assets/Projects/GravityDash/kenney_ui-pack/PNG/Red/Double/arrow_decorative_w.png
  artifactKey: Guid(ddd6570baef8a438e9799514d9139886) Importer(2089858483,b0f066a214c2f5e87bad3c948f4d605d)
Start importing Assets/Projects/GravityDash/kenney_ui-pack/PNG/Red/Double/arrow_decorative_w.png using Guid(ddd6570baef8a438e9799514d9139886) Importer(2089858483,b0f066a214c2f5e87bad3c948f4d605d) (ScriptedImporter) -> (artifact id: '004be494c241d02fc17dcb3c8e42d637') in 0.0248417 seconds
Number of updated asset objects reloaded before import = 0Number of asset objects unloaded after import = 3

========================================================================
Received Import Request.
  Time since last request: 0.000017 seconds.
  path: Assets/Projects/GravityDash/kenney_ui-pack/PNG/Red/Double/check_square_grey_checkmark.png
  artifactKey: Guid(f39779b6fbdec403bb4b44b133b39c8e) Importer(2089858483,b0f066a214c2f5e87bad3c948f4d605d)
Start importing Assets/Projects/GravityDash/kenney_ui-pack/PNG/Red/Double/check_square_grey_checkmark.png using Guid(f39779b6fbdec403bb4b44b133b39c8e) Importer(2089858483,b0f066a214c2f5e87bad3c948f4d605d) (ScriptedImporter) -> (artifact id: '570d5355e9f9a852b604d6c5798d7dbc') in 0.025182 seconds
Number of updated asset objects reloaded before import = 0Number of asset objects unloaded after import = 3

========================================================================
Received Import Request.
  Time since last request: 0.000017 seconds.
  path: Assets/Projects/GravityDash/kenney_ui-pack/PNG/Red/Double/check_square_color.png
  artifactKey: Guid(7a79c45d4ab9b442abdf55e1f95e4c68) Importer(2089858483,b0f066a214c2f5e87bad3c948f4d605d)
Start importing Assets/Projects/GravityDash/kenney_ui-pack/PNG/Red/Double/check_square_color.png using Guid(7a79c45d4ab9b442abdf55e1f95e4c68) Importer(2089858483,b0f066a214c2f5e87bad3c948f4d605d) (ScriptedImporter) -> (artifact id: '6318ba629d9b05521d8cf2e3799b918f') in 0.0251775 seconds
Number of updated asset objects reloaded before import = 0Number of asset objects unloaded after import = 3

========================================================================
Received Import Request.
  Time since last request: 0.000018 seconds.
  path: Assets/Projects/GravityDash/kenney_ui-pack/PNG/Red/Double/button_square_depth_border.png
  artifactKey: Guid(5d2ac3c7651fb4f7f90bb295f2edfca6) Importer(2089858483,b0f066a214c2f5e87bad3c948f4d605d)
Start importing Assets/Projects/GravityDash/kenney_ui-pack/PNG/Red/Double/button_square_depth_border.png using Guid(5d2ac3c7651fb4f7f90bb295f2edfca6) Importer(2089858483,b0f066a214c2f5e87bad3c948f4d605d) (ScriptedImporter) -> (artifact id: '9b609008715ad5b5562438ea24f6cc81') in 0.0231416 seconds
Number of updated asset objects reloaded before import = 0Number of asset objects unloaded after import = 3

========================================================================
Received Import Request.
  Time since last request: 0.000024 seconds.
  path: Assets/Projects/GravityDash/kenney_ui-pack/PNG/Red/Double/button_square_flat.png
  artifactKey: Guid(f1a4b17b6cd904ec9ab4cf4c9bb92385) Importer(2089858483,b0f066a214c2f5e87bad3c948f4d605d)
Start importing Assets/Projects/GravityDash/kenney_ui-pack/PNG/Red/Double/button_square_flat.png using Guid(f1a4b17b6cd904ec9ab4cf4c9bb92385) Importer(2089858483,b0f066a214c2f5e87bad3c948f4d605d) (ScriptedImporter) -> (artifact id: 'b8c1fbde3fa888de37e58db39f02cb93') in 0.0236721 seconds
Number of updated asset objects reloaded before import = 0Number of asset objects unloaded after import = 3

========================================================================
Received Import Request.
  Time since last request: 0.000023 seconds.
  path: Assets/Projects/GravityDash/kenney_ui-pack/PNG/Red/Double/check_square_grey_cross.png
  artifactKey: Guid(e1410c5487202458d84c98b7b44090a9) Importer(2089858483,b0f066a214c2f5e87bad3c948f4d605d)
Start importing Assets/Projects/GravityDash/kenney_ui-pack/PNG/Red/Double/check_square_grey_cross.png using Guid(e1410c5487202458d84c98b7b44090a9) Importer(2089858483,b0f066a214c2f5e87bad3c948f4d605d) (ScriptedImporter) -> (artifact id: '9c64667d869e074fe81927e59be4b9ba') in 0.0223638 seconds
Number of updated asset objects reloaded before import = 0Number of asset objects unloaded after import = 3

========================================================================
Received Import Request.
  Time since last request: 0.000016 seconds.
  path: Assets/Projects/GravityDash/kenney_ui-pack/PNG/Red/Double/check_round_grey_circle.png
  artifactKey: Guid(7674991b05b7f4d7ba6422de4cb06446) Importer(2089858483,b0f066a214c2f5e87bad3c948f4d605d)
Start importing Assets/Projects/GravityDash/kenney_ui-pack/PNG/Red/Double/check_round_grey_circle.png using Guid(7674991b05b7f4d7ba6422de4cb06446) Importer(2089858483,b0f066a214c2f5e87bad3c948f4d605d) (ScriptedImporter) -> (artifact id: '80fb2a6972d8ad4f705bffe0e14fe5cf') in 0.0230488 seconds
Number of updated asset objects reloaded before import = 0Number of asset objects unloaded after import = 3

========================================================================
Received Import Request.
  Time since last request: 0.000018 seconds.
  path: Assets/Projects/GravityDash/kenney_ui-pack/PNG/Red/Double/arrow_decorative_e_small.png
  artifactKey: Guid(9a7d6e1eabfd04c4faa2022a03a0633c) Importer(2089858483,b0f066a214c2f5e87bad3c948f4d605d)
Start importing Assets/Projects/GravityDash/kenney_ui-pack/PNG/Red/Double/arrow_decorative_e_small.png using Guid(9a7d6e1eabfd04c4faa2022a03a0633c) Importer(2089858483,b0f066a214c2f5e87bad3c948f4d605d) (ScriptedImporter) -> (artifact id: '8ccf80a9b34980b8628bbe904a080691') in 0.0248461 seconds
Number of updated asset objects reloaded before import = 0Number of asset objects unloaded after import = 3

========================================================================
Received Import Request.
  Time since last request: 0.000033 seconds.
  path: Assets/Projects/GravityDash/kenney_ui-pack/PNG/Red/Double/slide_hangle.png
  artifactKey: Guid(0e5dadde9719d49b186a1e6f087ca77b) Importer(2089858483,b0f066a214c2f5e87bad3c948f4d605d)
Start importing Assets/Projects/GravityDash/kenney_ui-pack/PNG/Red/Double/slide_hangle.png using Guid(0e5dadde9719d49b186a1e6f087ca77b) Importer(2089858483,b0f066a214c2f5e87bad3c948f4d605d) (ScriptedImporter) -> (artifact id: '31708c8019374a7f0eb9308edaaaaea1') in 0.0248963 seconds
Number of updated asset objects reloaded before import = 0Number of asset objects unloaded after import = 3

========================================================================
Received Import Request.
  Time since last request: 0.000029 seconds.
  path: Assets/Projects/GravityDash/kenney_ui-pack/PNG/Red/Default/star.png
  artifactKey: Guid(0effe368d07da417bbbf9004a8fafadd) Importer(2089858483,b0f066a214c2f5e87bad3c948f4d605d)
Start importing Assets/Projects/GravityDash/kenney_ui-pack/PNG/Red/Default/star.png using Guid(0effe368d07da417bbbf9004a8fafadd) Importer(2089858483,b0f066a214c2f5e87bad3c948f4d605d) (ScriptedImporter) -> (artifact id: 'f20c7a8a9cc640d02d14bfd098ae99cc') in 0.0255195 seconds
Number of updated asset objects reloaded before import = 0Number of asset objects unloaded after import = 3

========================================================================
Received Import Request.
  Time since last request: 0.000017 seconds.
  path: Assets/Projects/GravityDash/kenney_ui-pack/PNG/Red/Default/check_round_color.png
  artifactKey: Guid(6ddddac9fe09a49789fcf2873de9a4a7) Importer(2089858483,b0f066a214c2f5e87bad3c948f4d605d)
Start importing Assets/Projects/GravityDash/kenney_ui-pack/PNG/Red/Default/check_round_color.png using Guid(6ddddac9fe09a49789fcf2873de9a4a7) Importer(2089858483,b0f066a214c2f5e87bad3c948f4d605d) (ScriptedImporter) -> (artifact id: 'c84b941bbc4b3537ea5428e91eb19e3b') in 0.0239403 seconds
Number of updated asset objects reloaded before import = 0Number of asset objects unloaded after import = 3

========================================================================
Received Import Request.
  Time since last request: 0.000029 seconds.
  path: Assets/Projects/GravityDash/kenney_ui-pack/PNG/Red/Double/check_round_color.png
  artifactKey: Guid(cba5c2d5137e64d6a920f8915e8c8382) Importer(2089858483,b0f066a214c2f5e87bad3c948f4d605d)
Start importing Assets/Projects/GravityDash/kenney_ui-pack/PNG/Red/Double/check_round_color.png using Guid(cba5c2d5137e64d6a920f8915e8c8382) Importer(2089858483,b0f066a214c2f5e87bad3c948f4d605d) (ScriptedImporter) -> (artifact id: '6074a8af8745983f66005666fbd50e92') in 0.0261219 seconds
Number of updated asset objects reloaded before import = 0Number of asset objects unloaded after import = 3

========================================================================
Received Import Request.
  Time since last request: 0.000023 seconds.
  path: Assets/Projects/GravityDash/kenney_ui-pack/PNG/Red/Default/check_round_round_circle.png
  artifactKey: Guid(c17caf5f0cc61429c9ea351974381035) Importer(2089858483,b0f066a214c2f5e87bad3c948f4d605d)
Start importing Assets/Projects/GravityDash/kenney_ui-pack/PNG/Red/Default/check_round_round_circle.png using Guid(c17caf5f0cc61429c9ea351974381035) Importer(2089858483,b0f066a214c2f5e87bad3c948f4d605d) (ScriptedImporter) -> (artifact id: '6355d30ed9e4b0e766fb0aad212bf50c') in 0.0257301 seconds
Number of updated asset objects reloaded before import = 0Number of asset objects unloaded after import = 3

========================================================================
Received Import Request.
  Time since last request: 0.000031 seconds.
  path: Assets/Projects/GravityDash/kenney_ui-pack/PNG/Red/Default/slide_vertical_color_section.png
  artifactKey: Guid(602434258525543128db8e572ef541f1) Importer(2089858483,b0f066a214c2f5e87bad3c948f4d605d)
Start importing Assets/Projects/GravityDash/kenney_ui-pack/PNG/Red/Default/slide_vertical_color_section.png using Guid(602434258525543128db8e572ef541f1) Importer(2089858483,b0f066a214c2f5e87bad3c948f4d605d) (ScriptedImporter) -> (artifact id: '9d8270d7643a3a0ba977ee6b3667e2e9') in 0.0263069 seconds
Number of updated asset objects reloaded before import = 0Number of asset objects unloaded after import = 3

========================================================================
Received Import Request.
  Time since last request: 0.000017 seconds.
  path: Assets/Projects/GravityDash/kenney_ui-pack/PNG/Red/Double/arrow_decorative_n.png
  artifactKey: Guid(d170f06ca34994fdaa2e5b60b7fc44d0) Importer(2089858483,b0f066a214c2f5e87bad3c948f4d605d)
Start importing Assets/Projects/GravityDash/kenney_ui-pack/PNG/Red/Double/arrow_decorative_n.png using Guid(d170f06ca34994fdaa2e5b60b7fc44d0) Importer(2089858483,b0f066a214c2f5e87bad3c948f4d605d) (ScriptedImporter) -> (artifact id: '9696634897e3cc422fc8056e3a80ea2f') in 0.0225304 seconds
Number of updated asset objects reloaded before import = 0Number of asset objects unloaded after import = 3

========================================================================
Received Import Request.
  Time since last request: 0.000028 seconds.
  path: Assets/Projects/GravityDash/kenney_ui-pack/PNG/Red/Double/icon_outline_square.png
  artifactKey: Guid(45b2d1f6fa13c4b9bae779474eb0b8e9) Importer(2089858483,b0f066a214c2f5e87bad3c948f4d605d)
Start importing Assets/Projects/GravityDash/kenney_ui-pack/PNG/Red/Double/icon_outline_square.png using Guid(45b2d1f6fa13c4b9bae779474eb0b8e9) Importer(2089858483,b0f066a214c2f5e87bad3c948f4d605d) (ScriptedImporter) -> (artifact id: '5a43c9ea0c489438b0f26c9cb996dd92') in 0.025224 seconds
Number of updated asset objects reloaded before import = 0Number of asset objects unloaded after import = 3

========================================================================
Received Import Request.
  Time since last request: 0.000023 seconds.
  path: Assets/Projects/GravityDash/kenney_ui-pack/PNG/Red/Default/star_outline.png
  artifactKey: Guid(a914c30809d814f4bb118e5056773719) Importer(2089858483,b0f066a214c2f5e87bad3c948f4d605d)
Start importing Assets/Projects/GravityDash/kenney_ui-pack/PNG/Red/Default/star_outline.png using Guid(a914c30809d814f4bb118e5056773719) Importer(2089858483,b0f066a214c2f5e87bad3c948f4d605d) (ScriptedImporter) -> (artifact id: '27422abe5b0c4f23100683328e0fc1df') in 0.0139897 seconds
Number of updated asset objects reloaded before import = 0Number of asset objects unloaded after import = 3

========================================================================
Received Import Request.
  Time since last request: 0.000017 seconds.
  path: Assets/Projects/GravityDash/kenney_ui-pack/PNG/Red/Default/slide_horizontal_grey_section.png
  artifactKey: Guid(3753eebe3eef048a88178335a2abf1e0) Importer(2089858483,b0f066a214c2f5e87bad3c948f4d605d)
Start importing Assets/Projects/GravityDash/kenney_ui-pack/PNG/Red/Default/slide_horizontal_grey_section.png using Guid(3753eebe3eef048a88178335a2abf1e0) Importer(2089858483,b0f066a214c2f5e87bad3c948f4d605d) (ScriptedImporter) -> (artifact id: '027cf68a5096426fb5ebb0242fd6d340') in 0.0142817 seconds
Number of updated asset objects reloaded before import = 0Number of asset objects unloaded after import = 3

========================================================================
Received Import Request.
  Time since last request: 0.000020 seconds.
  path: Assets/Projects/GravityDash/kenney_ui-pack/PNG/Red/Default/icon_outline_checkmark.png
  artifactKey: Guid(fd969eb9746694198954acfd533b5310) Importer(2089858483,b0f066a214c2f5e87bad3c948f4d605d)
Start importing Assets/Projects/GravityDash/kenney_ui-pack/PNG/Red/Default/icon_outline_checkmark.png using Guid(fd969eb9746694198954acfd533b5310) Importer(2089858483,b0f066a214c2f5e87bad3c948f4d605d) (ScriptedImporter) -> (artifact id: 'ed6f4e4a0e95f943ede0b89c17c83227') in 0.0244456 seconds
Number of updated asset objects reloaded before import = 0Number of asset objects unloaded after import = 3

========================================================================
Received Import Request.
  Time since last request: 0.000021 seconds.
  path: Assets/Projects/GravityDash/kenney_ui-pack/PNG/Red/Double/icon_square.png
  artifactKey: Guid(2f38918657bb54192bb926c293ce06f7) Importer(2089858483,b0f066a214c2f5e87bad3c948f4d605d)
Start importing Assets/Projects/GravityDash/kenney_ui-pack/PNG/Red/Double/icon_square.png using Guid(2f38918657bb54192bb926c293ce06f7) Importer(2089858483,b0f066a214c2f5e87bad3c948f4d605d) (ScriptedImporter) -> (artifact id: '0b169e7a17907566de1c02f85ea3a194') in 0.0438974 seconds
Number of updated asset objects reloaded before import = 0Number of asset objects unloaded after import = 3

========================================================================
Received Import Request.
  Time since last request: 0.000021 seconds.
  path: Assets/Projects/GravityDash/kenney_ui-pack/PNG/Green/Double/button_square_line.png
  artifactKey: Guid(71ab0ccb30ccc4049a13e93fa48c2d69) Importer(2089858483,b0f066a214c2f5e87bad3c948f4d605d)
Start importing Assets/Projects/GravityDash/kenney_ui-pack/PNG/Green/Double/button_square_line.png using Guid(71ab0ccb30ccc4049a13e93fa48c2d69) Importer(2089858483,b0f066a214c2f5e87bad3c948f4d605d) (ScriptedImporter) -> (artifact id: '95293345a523ea43247cdeb4e7650f24') in 0.0242572 seconds
Number of updated asset objects reloaded before import = 0Number of asset objects unloaded after import = 3

========================================================================
Received Import Request.
  Time since last request: 0.000036 seconds.
  path: Assets/Projects/GravityDash/kenney_ui-pack/PNG/Grey/Default/slide_horizontal_grey_section.png
  artifactKey: Guid(2914d883a70de47dc85da287f8e6515d) Importer(2089858483,b0f066a214c2f5e87bad3c948f4d605d)
Start importing Assets/Projects/GravityDash/kenney_ui-pack/PNG/Grey/Default/slide_horizontal_grey_section.png using Guid(2914d883a70de47dc85da287f8e6515d) Importer(2089858483,b0f066a214c2f5e87bad3c948f4d605d) (ScriptedImporter) -> (artifact id: 'ba49d2f182c714f3f6082f8635464bc1') in 0.0141519 seconds
Number of updated asset objects reloaded before import = 0Number of asset objects unloaded after import = 3

========================================================================
Received Import Request.
  Time since last request: 0.000020 seconds.
  path: Assets/Projects/GravityDash/kenney_ui-pack/PNG/Green/Double/arrow_basic_e.png
  artifactKey: Guid(68ab9c3d328ba47229ed3f401cf00842) Importer(2089858483,b0f066a214c2f5e87bad3c948f4d605d)
Start importing Assets/Projects/GravityDash/kenney_ui-pack/PNG/Green/Double/arrow_basic_e.png using Guid(68ab9c3d328ba47229ed3f401cf00842) Importer(2089858483,b0f066a214c2f5e87bad3c948f4d605d) (ScriptedImporter) -> (artifact id: 'cba80aeab3f4dcbefaf04146dc6eb1b0') in 0.0251717 seconds
Number of updated asset objects reloaded before import = 0Number of asset objects unloaded after import = 3

========================================================================
Received Import Request.
  Time since last request: 0.000018 seconds.
  path: Assets/Projects/GravityDash/kenney_ui-pack/PNG/Yellow/Default/arrow_basic_n.png
  artifactKey: Guid(6a362b916b9b644238bf6672dc3a70b5) Importer(2089858483,b0f066a214c2f5e87bad3c948f4d605d)
Start importing Assets/Projects/GravityDash/kenney_ui-pack/PNG/Yellow/Default/arrow_basic_n.png using Guid(6a362b916b9b644238bf6672dc3a70b5) Importer(2089858483,b0f066a214c2f5e87bad3c948f4d605d) (ScriptedImporter) -> (artifact id: 'e97afbc0251f43bafef2cdf342ee67ae') in 0.0246351 seconds
Number of updated asset objects reloaded before import = 0Number of asset objects unloaded after import = 3

========================================================================
Received Import Request.
  Time since last request: 0.000017 seconds.
  path: Assets/Projects/GravityDash/kenney_ui-pack/PNG/Red/Double/star_outline_depth.png
  artifactKey: Guid(c7e533044199544e985f635b3df9f535) Importer(2089858483,b0f066a214c2f5e87bad3c948f4d605d)
Start importing Assets/Projects/GravityDash/kenney_ui-pack/PNG/Red/Double/star_outline_depth.png using Guid(c7e533044199544e985f635b3df9f535) Importer(2089858483,b0f066a214c2f5e87bad3c948f4d605d) (ScriptedImporter) -> (artifact id: '778cfbad4c229646ecbf743f0ae6aca5') in 0.0123755 seconds
Number of updated asset objects reloaded before import = 0Number of asset objects unloaded after import = 3

========================================================================
Received Import Request.
  Time since last request: 0.000017 seconds.
  path: Assets/Projects/GravityDash/kenney_ui-pack/PNG/Yellow/Default/button_round_gloss.png
  artifactKey: Guid(0ad35d01943244fbfa8a21c7c42567c0) Importer(2089858483,b0f066a214c2f5e87bad3c948f4d605d)
Start importing Assets/Projects/GravityDash/kenney_ui-pack/PNG/Yellow/Default/button_round_gloss.png using Guid(0ad35d01943244fbfa8a21c7c42567c0) Importer(2089858483,b0f066a214c2f5e87bad3c948f4d605d) (ScriptedImporter) -> (artifact id: '7211247b370412f111b41ff332e0eac6') in 0.0261484 seconds
Number of updated asset objects reloaded before import = 0Number of asset objects unloaded after import = 3

========================================================================
Received Import Request.
  Time since last request: 0.000018 seconds.
  path: Assets/Projects/GravityDash/kenney_ui-pack/PNG/Yellow/Default/button_round_depth_gloss.png
  artifactKey: Guid(7e408365d0642468d82a78a6ea606a58) Importer(2089858483,b0f066a214c2f5e87bad3c948f4d605d)
Start importing Assets/Projects/GravityDash/kenney_ui-pack/PNG/Yellow/Default/button_round_depth_gloss.png using Guid(7e408365d0642468d82a78a6ea606a58) Importer(2089858483,b0f066a214c2f5e87bad3c948f4d605d) (ScriptedImporter) -> (artifact id: '0f023238dba9b05974da36f72836b366') in 0.0295203 seconds
Number of updated asset objects reloaded before import = 0Number of asset objects unloaded after import = 3

========================================================================
Received Import Request.
  Time since last request: 0.000019 seconds.
  path: Assets/Projects/GravityDash/kenney_ui-pack/PNG/Yellow/Default/button_rectangle_depth_gradient.png
  artifactKey: Guid(b0f71f25057aa4c3eb430e771cc7314e) Importer(2089858483,b0f066a214c2f5e87bad3c948f4d605d)
Start importing Assets/Projects/GravityDash/kenney_ui-pack/PNG/Yellow/Default/button_rectangle_depth_gradient.png using Guid(b0f71f25057aa4c3eb430e771cc7314e) Importer(2089858483,b0f066a214c2f5e87bad3c948f4d605d) (ScriptedImporter) -> (artifact id: '059a4116623355a12953932fba916710') in 0.025903 seconds
Number of updated asset objects reloaded before import = 0Number of asset objects unloaded after import = 3

========================================================================
Received Import Request.
  Time since last request: 0.000021 seconds.
  path: Assets/Projects/GravityDash/kenney_ui-pack/PNG/Yellow/Default/icon_square.png
  artifactKey: Guid(ec404540b87b2415e99d7eac240d5289) Importer(2089858483,b0f066a214c2f5e87bad3c948f4d605d)
Start importing Assets/Projects/GravityDash/kenney_ui-pack/PNG/Yellow/Default/icon_square.png using Guid(ec404540b87b2415e99d7eac240d5289) Importer(2089858483,b0f066a214c2f5e87bad3c948f4d605d) (ScriptedImporter) -> (artifact id: 'ab6ffbd172612d3f2ad23585b1084d79') in 0.039782 seconds
Number of updated asset objects reloaded before import = 0Number of asset objects unloaded after import = 3

========================================================================
Received Import Request.
  Time since last request: 0.000034 seconds.
  path: Assets/Projects/GravityDash/kenney_ui-pack/PNG/Yellow/Double/button_round_line.png
  artifactKey: Guid(3cda5ab43d1d844ceb79972e62c5a780) Importer(2089858483,b0f066a214c2f5e87bad3c948f4d605d)
Start importing Assets/Projects/GravityDash/kenney_ui-pack/PNG/Yellow/Double/button_round_line.png using Guid(3cda5ab43d1d844ceb79972e62c5a780) Importer(2089858483,b0f066a214c2f5e87bad3c948f4d605d) (ScriptedImporter) -> (artifact id: 'a328126d5eeb142322ee6464b26dd4ef') in 0.024687 seconds
Number of updated asset objects reloaded before import = 0Number of asset objects unloaded after import = 3

========================================================================
Received Import Request.
  Time since last request: 0.000022 seconds.
  path: Assets/Projects/GravityDash/kenney_ui-pack/PNG/Yellow/Default/arrow_basic_n_small.png
  artifactKey: Guid(4bbb78a479ec84a9aaf40853db0bc168) Importer(2089858483,b0f066a214c2f5e87bad3c948f4d605d)
Start importing Assets/Projects/GravityDash/kenney_ui-pack/PNG/Yellow/Default/arrow_basic_n_small.png using Guid(4bbb78a479ec84a9aaf40853db0bc168) Importer(2089858483,b0f066a214c2f5e87bad3c948f4d605d) (ScriptedImporter) -> (artifact id: 'ec6bc26d4e838732e7d4633d446565ab') in 0.0249983 seconds
Number of updated asset objects reloaded before import = 0Number of asset objects unloaded after import = 3

========================================================================
Received Import Request.
  Time since last request: 0.000020 seconds.
  path: Assets/Projects/GravityDash/kenney_ui-pack/PNG/Yellow/Double/button_rectangle_depth_flat.png
  artifactKey: Guid(5619f963800ee4be69af0ff2a87b3220) Importer(2089858483,b0f066a214c2f5e87bad3c948f4d605d)
Start importing Assets/Projects/GravityDash/kenney_ui-pack/PNG/Yellow/Double/button_rectangle_depth_flat.png using Guid(5619f963800ee4be69af0ff2a87b3220) Importer(2089858483,b0f066a214c2f5e87bad3c948f4d605d) (ScriptedImporter) -> (artifact id: '437b291c6b5186f49fcb51ea00769513') in 0.027653 seconds
Number of updated asset objects reloaded before import = 0Number of asset objects unloaded after import = 3

========================================================================
Received Import Request.
  Time since last request: 0.000020 seconds.
  path: Assets/Projects/GravityDash/kenney_ui-pack/PNG/Yellow/Default/arrow_basic_s_small.png
  artifactKey: Guid(a70be3767224b4865bdde62fb6f48d07) Importer(2089858483,b0f066a214c2f5e87bad3c948f4d605d)
Start importing Assets/Projects/GravityDash/kenney_ui-pack/PNG/Yellow/Default/arrow_basic_s_small.png using Guid(a70be3767224b4865bdde62fb6f48d07) Importer(2089858483,b0f066a214c2f5e87bad3c948f4d605d) (ScriptedImporter) -> (artifact id: 'a2e7059a83d13ca9d6c4c6b665fd0a69') in 0.0283293 seconds
Number of updated asset objects reloaded before import = 0Number of asset objects unloaded after import = 3

========================================================================
Received Import Request.
  Time since last request: 0.000022 seconds.
  path: Assets/Projects/GravityDash/kenney_ui-pack/PNG/Yellow/Double/arrow_basic_n_small.png
  artifactKey: Guid(ea085b998cb5e45da9b128291b3a4649) Importer(2089858483,b0f066a214c2f5e87bad3c948f4d605d)
Start importing Assets/Projects/GravityDash/kenney_ui-pack/PNG/Yellow/Double/arrow_basic_n_small.png using Guid(ea085b998cb5e45da9b128291b3a4649) Importer(2089858483,b0f066a214c2f5e87bad3c948f4d605d) (ScriptedImporter) -> (artifact id: 'd4d14b4bccea18b064c7a788be8499dc') in 0.0281098 seconds
Number of updated asset objects reloaded before import = 0Number of asset objects unloaded after import = 3

========================================================================
Received Import Request.
  Time since last request: 0.000021 seconds.
  path: Assets/Projects/GravityDash/kenney_ui-pack/PNG/Yellow/Default/button_round_border.png
  artifactKey: Guid(4c96787b413d148aeae7e5c42f516e69) Importer(2089858483,b0f066a214c2f5e87bad3c948f4d605d)
Start importing Assets/Projects/GravityDash/kenney_ui-pack/PNG/Yellow/Default/button_round_border.png using Guid(4c96787b413d148aeae7e5c42f516e69) Importer(2089858483,b0f066a214c2f5e87bad3c948f4d605d) (ScriptedImporter) -> (artifact id: 'b9939e5b5443051c7721a472a612a4d7') in 0.0255102 seconds
Number of updated asset objects reloaded before import = 0Number of asset objects unloaded after import = 3

========================================================================
Received Import Request.
  Time since last request: 0.000021 seconds.
  path: Assets/Projects/GravityDash/kenney_ui-pack/PNG/Yellow/Default/arrow_basic_w.png
  artifactKey: Guid(65441bdf76173416f8d730c9fc134840) Importer(2089858483,b0f066a214c2f5e87bad3c948f4d605d)
Start importing Assets/Projects/GravityDash/kenney_ui-pack/PNG/Yellow/Default/arrow_basic_w.png using Guid(65441bdf76173416f8d730c9fc134840) Importer(2089858483,b0f066a214c2f5e87bad3c948f4d605d) (ScriptedImporter) -> (artifact id: 'd8798011ed71386138985283ed9f93bb') in 0.0268693 seconds
Number of updated asset objects reloaded before import = 0Number of asset objects unloaded after import = 3

========================================================================
Received Import Request.
  Time since last request: 0.000024 seconds.
  path: Assets/Projects/GravityDash/kenney_ui-pack/PNG/Yellow/Double/arrow_decorative_e_small.png
  artifactKey: Guid(971dc5854f87e4cf2be2327b94691150) Importer(2089858483,b0f066a214c2f5e87bad3c948f4d605d)
Start importing Assets/Projects/GravityDash/kenney_ui-pack/PNG/Yellow/Double/arrow_decorative_e_small.png using Guid(971dc5854f87e4cf2be2327b94691150) Importer(2089858483,b0f066a214c2f5e87bad3c948f4d605d) (ScriptedImporter) -> (artifact id: 'a898a4027080bbad19ed7da252bc2dd8') in 0.0280188 seconds
Number of updated asset objects reloaded before import = 0Number of asset objects unloaded after import = 3

========================================================================
Received Import Request.
  Time since last request: 0.000035 seconds.
  path: Assets/Projects/GravityDash/kenney_ui-pack/PNG/Yellow/Default/button_round_depth_line.png
  artifactKey: Guid(df9c803917ce54478b0e8556df15b385) Importer(2089858483,b0f066a214c2f5e87bad3c948f4d605d)
Start importing Assets/Projects/GravityDash/kenney_ui-pack/PNG/Yellow/Default/button_round_depth_line.png using Guid(df9c803917ce54478b0e8556df15b385) Importer(2089858483,b0f066a214c2f5e87bad3c948f4d605d) (ScriptedImporter) -> (artifact id: 'e41fae685da653bb13e044e857a2077c') in 0.0249253 seconds
Number of updated asset objects reloaded before import = 0Number of asset objects unloaded after import = 3

========================================================================
Received Import Request.
  Time since last request: 0.000019 seconds.
  path: Assets/Projects/GravityDash/kenney_ui-pack/PNG/Yellow/Double/button_rectangle_depth_gradient.png
  artifactKey: Guid(dea113e261eee4300a9138d4cb5cb69d) Importer(2089858483,b0f066a214c2f5e87bad3c948f4d605d)
Start importing Assets/Projects/GravityDash/kenney_ui-pack/PNG/Yellow/Double/button_rectangle_depth_gradient.png using Guid(dea113e261eee4300a9138d4cb5cb69d) Importer(2089858483,b0f066a214c2f5e87bad3c948f4d605d) (ScriptedImporter) -> (artifact id: '49dd41d705bfd00aee4d8805501fc37e') in 0.0356693 seconds
Number of updated asset objects reloaded before import = 0Number of asset objects unloaded after import = 3

========================================================================
Received Import Request.
  Time since last request: 0.000029 seconds.
  path: Assets/Projects/GravityDash/kenney_ui-pack/PNG/Yellow/Double/button_round_border.png
  artifactKey: Guid(cae89442df63747418ea18136d90db66) Importer(2089858483,b0f066a214c2f5e87bad3c948f4d605d)
Start importing Assets/Projects/GravityDash/kenney_ui-pack/PNG/Yellow/Double/button_round_border.png using Guid(cae89442df63747418ea18136d90db66) Importer(2089858483,b0f066a214c2f5e87bad3c948f4d605d) (ScriptedImporter) -> (artifact id: '351114a13f6b36746ae30858a2ddb0af') in 0.0300129 seconds
Number of updated asset objects reloaded before import = 0Number of asset objects unloaded after import = 3

========================================================================
Received Import Request.
  Time since last request: 0.000040 seconds.
  path: Assets/Projects/GravityDash/kenney_ui-pack/PNG/Yellow/Default/arrow_basic_w_small.png
  artifactKey: Guid(274d294c4a32f4e6f9a5524273ffb6a6) Importer(2089858483,b0f066a214c2f5e87bad3c948f4d605d)
Start importing Assets/Projects/GravityDash/kenney_ui-pack/PNG/Yellow/Default/arrow_basic_w_small.png using Guid(274d294c4a32f4e6f9a5524273ffb6a6) Importer(2089858483,b0f066a214c2f5e87bad3c948f4d605d) (ScriptedImporter) -> (artifact id: '6d56be89e095b90eb57a2593cc57aabf') in 0.0275501 seconds
Number of updated asset objects reloaded before import = 0Number of asset objects unloaded after import = 3

========================================================================
Received Import Request.
  Time since last request: 0.000023 seconds.
  path: Assets/Projects/GravityDash/kenney_ui-pack/PNG/Yellow/Default/arrow_decorative_n_small.png
  artifactKey: Guid(8f30e4afdc0f34a02bd30ad7c440123a) Importer(2089858483,b0f066a214c2f5e87bad3c948f4d605d)
Start importing Assets/Projects/GravityDash/kenney_ui-pack/PNG/Yellow/Default/arrow_decorative_n_small.png using Guid(8f30e4afdc0f34a02bd30ad7c440123a) Importer(2089858483,b0f066a214c2f5e87bad3c948f4d605d) (ScriptedImporter) -> (artifact id: 'c1e0eeab656f7774bdcf4d60657f00ba') in 0.0349926 seconds
Number of updated asset objects reloaded before import = 0Number of asset objects unloaded after import = 3

========================================================================
Received Import Request.
  Time since last request: 0.000024 seconds.
  path: Assets/Projects/MegaSuperChallengeShot/Graphics/Cute_Birds(4 in 1)Mini/B3_Egret/Animations/Bird3_Egret6_0.controller
  artifactKey: Guid(47a6246d3c8e2964db8a537edbdf3fd6) Importer(2089858483,b0f066a214c2f5e87bad3c948f4d605d)
Start importing Assets/Projects/MegaSuperChallengeShot/Graphics/Cute_Birds(4 in 1)Mini/B3_Egret/Animations/Bird3_Egret6_0.controller using Guid(47a6246d3c8e2964db8a537edbdf3fd6) Importer(2089858483,b0f066a214c2f5e87bad3c948f4d605d) (ScriptedImporter) -> (artifact id: '2a04ca49745914fad1738ede387b3ed9') in 0.0462787 seconds
Number of updated asset objects reloaded before import = 0Number of asset objects unloaded after import = 4

========================================================================
Received Import Request.
  Time since last request: 0.000026 seconds.
  path: Assets/Projects/GravityDash/kenney_ui-pack/PNG/Red/Default/button_rectangle_depth_gradient.png
  artifactKey: Guid(ee081e06d1d7643b5b5b3633beab7f28) Importer(2089858483,b0f066a214c2f5e87bad3c948f4d605d)
Start importing Assets/Projects/GravityDash/kenney_ui-pack/PNG/Red/Default/button_rectangle_depth_gradient.png using Guid(ee081e06d1d7643b5b5b3633beab7f28) Importer(2089858483,b0f066a214c2f5e87bad3c948f4d605d) (ScriptedImporter) -> (artifact id: '21c7d693734060362b25f1f702c169f8') in 0.0269212 seconds
Number of updated asset objects reloaded before import = 0Number of asset objects unloaded after import = 3

========================================================================
Received Import Request.
  Time since last request: 0.000049 seconds.
  path: Assets/Projects/MegaSuperChallengeShot/Graphics/Cute_Birds(4 in 1)Mini/B3_Egret/Animations/BirdEgr_3.anim
  artifactKey: Guid(b86559a63c6e98a4896352daa5723e32) Importer(2089858483,b0f066a214c2f5e87bad3c948f4d605d)
Start importing Assets/Projects/MegaSuperChallengeShot/Graphics/Cute_Birds(4 in 1)Mini/B3_Egret/Animations/BirdEgr_3.anim using Guid(b86559a63c6e98a4896352daa5723e32) Importer(2089858483,b0f066a214c2f5e87bad3c948f4d605d) (ScriptedImporter) -> (artifact id: 'd02203d28b066c825760e994f71214e7') in 0.0252161 seconds
Number of updated asset objects reloaded before import = 0Number of asset objects unloaded after import = 1

========================================================================
Received Import Request.
  Time since last request: 0.000043 seconds.
  path: Assets/Projects/MegaSuperChallengeShot/Graphics/Cute_Birds(4 in 1)Mini/B2_Duck/Animations/Bird2 Duck_5_0.controller
  artifactKey: Guid(14c1b65da893a014eaba831cc18d089b) Importer(2089858483,b0f066a214c2f5e87bad3c948f4d605d)
Start importing Assets/Projects/MegaSuperChallengeShot/Graphics/Cute_Birds(4 in 1)Mini/B2_Duck/Animations/Bird2 Duck_5_0.controller using Guid(14c1b65da893a014eaba831cc18d089b) Importer(2089858483,b0f066a214c2f5e87bad3c948f4d605d) (ScriptedImporter) -> (artifact id: 'd48b833984f29437cdb43eb148e63448') in 0.0416555 seconds
Number of updated asset objects reloaded before import = 0Number of asset objects unloaded after import = 4

========================================================================
Received Import Request.
  Time since last request: 0.000034 seconds.
  path: Assets/Projects/MegaSuperChallengeShot/Graphics/Cute_Birds(4 in 1)Mini/B3_Egret/Animations/Bird3_Egret4_0.controller
  artifactKey: Guid(e9736bf137cc90c459f45544907e9189) Importer(2089858483,b0f066a214c2f5e87bad3c948f4d605d)
Start importing Assets/Projects/MegaSuperChallengeShot/Graphics/Cute_Birds(4 in 1)Mini/B3_Egret/Animations/Bird3_Egret4_0.controller using Guid(e9736bf137cc90c459f45544907e9189) Importer(2089858483,b0f066a214c2f5e87bad3c948f4d605d) (ScriptedImporter) -> (artifact id: 'b9911ed01b289fff4ec3065a0d7e17cd') in 0.0516122 seconds
Number of updated asset objects reloaded before import = 0Number of asset objects unloaded after import = 4

========================================================================
Received Import Request.
  Time since last request: 0.000031 seconds.
  path: Assets/Projects/MegaSuperChallengeShot/Graphics/Cute_Birds(4 in 1)Mini/B1/Sprites/Bird1_1.png
  artifactKey: Guid(5034083bde2b1294181c48fd54868f4b) Importer(2089858483,b0f066a214c2f5e87bad3c948f4d605d)
Start importing Assets/Projects/MegaSuperChallengeShot/Graphics/Cute_Birds(4 in 1)Mini/B1/Sprites/Bird1_1.png using Guid(5034083bde2b1294181c48fd54868f4b) Importer(2089858483,b0f066a214c2f5e87bad3c948f4d605d) (ScriptedImporter) -> (artifact id: '76972da5f053fc27c402107a5a70516b') in 0.1249533 seconds
Number of updated asset objects reloaded before import = 0Number of asset objects unloaded after import = 18

========================================================================
Received Import Request.
  Time since last request: 0.000040 seconds.
  path: Assets/Projects/GravityDash/kenney_ui-pack/PNG/Yellow/Double/icon_square.png
  artifactKey: Guid(4fd806636983b4365881af05e108c565) Importer(2089858483,b0f066a214c2f5e87bad3c948f4d605d)
Start importing Assets/Projects/GravityDash/kenney_ui-pack/PNG/Yellow/Double/icon_square.png using Guid(4fd806636983b4365881af05e108c565) Importer(2089858483,b0f066a214c2f5e87bad3c948f4d605d) (ScriptedImporter) -> (artifact id: '0ebfde1a4dbd70ddf4229940e9140b7c') in 0.0545162 seconds
Number of updated asset objects reloaded before import = 0Number of asset objects unloaded after import = 3

========================================================================
Received Import Request.
  Time since last request: 0.000035 seconds.
  path: Assets/Projects/GravityDash/kenney_ui-pack/PNG/Yellow/Double/button_square_gloss.png
  artifactKey: Guid(fa8c5b43b229b44a6b7459b1915d1220) Importer(2089858483,b0f066a214c2f5e87bad3c948f4d605d)
Start importing Assets/Projects/GravityDash/kenney_ui-pack/PNG/Yellow/Double/button_square_gloss.png using Guid(fa8c5b43b229b44a6b7459b1915d1220) Importer(2089858483,b0f066a214c2f5e87bad3c948f4d605d) (ScriptedImporter) -> (artifact id: 'c2a8e9adce896ee55a53b89e368a118d') in 0.0366098 seconds
Number of updated asset objects reloaded before import = 0Number of asset objects unloaded after import = 3

========================================================================
Received Import Request.
  Time since last request: 0.000022 seconds.
  path: Assets/Projects/MegaSuperChallengeShot/Graphics/Cute_Birds(4 in 1)Mini/B4/Animations/B4_s1_0.controller
  artifactKey: Guid(354890b20d2da3c43a27cc7a16087819) Importer(2089858483,b0f066a214c2f5e87bad3c948f4d605d)
Start importing Assets/Projects/MegaSuperChallengeShot/Graphics/Cute_Birds(4 in 1)Mini/B4/Animations/B4_s1_0.controller using Guid(354890b20d2da3c43a27cc7a16087819) Importer(2089858483,b0f066a214c2f5e87bad3c948f4d605d) (ScriptedImporter) -> (artifact id: '60cccdd9ad3d8608bd7f5b76ae56b30f') in 0.024651 seconds
Number of updated asset objects reloaded before import = 0Number of asset objects unloaded after import = 4

========================================================================
Received Import Request.
  Time since last request: 0.000022 seconds.
  path: Assets/Projects/GravityDash/kenney_ui-pack/PNG/Yellow/Double/check_square_grey_cross.png
  artifactKey: Guid(0ebb6bc62dfee432490604b3255edee9) Importer(2089858483,b0f066a214c2f5e87bad3c948f4d605d)
Start importing Assets/Projects/GravityDash/kenney_ui-pack/PNG/Yellow/Double/check_square_grey_cross.png using Guid(0ebb6bc62dfee432490604b3255edee9) Importer(2089858483,b0f066a214c2f5e87bad3c948f4d605d) (ScriptedImporter) -> (artifact id: '705b2277d3dff3ecbbe2a437ae72c2e9') in 0.0364795 seconds
Number of updated asset objects reloaded before import = 0Number of asset objects unloaded after import = 3

========================================================================
Received Import Request.
  Time since last request: 0.000028 seconds.
  path: Assets/Sprites/Cainos/Third Party/Lucid Editor/Editor/Attributes/DisableIfAttributeProcessor.cs
  artifactKey: Guid(46b525001269a42df899b926cd739bd5) Importer(2089858483,b0f066a214c2f5e87bad3c948f4d605d)
Start importing Assets/Sprites/Cainos/Third Party/Lucid Editor/Editor/Attributes/DisableIfAttributeProcessor.cs using Guid(46b525001269a42df899b926cd739bd5) Importer(2089858483,b0f066a214c2f5e87bad3c948f4d605d) (ScriptedImporter) -> (artifact id: '2dd4fc7be4a7a6fc7cecf95b590e7edf') in 0.0137639 seconds
Number of updated asset objects reloaded before import = 0Number of asset objects unloaded after import = 0

========================================================================
Received Import Request.
  Time since last request: 0.000067 seconds.
  path: Assets/Sprites/Cainos/Third Party/Lucid Editor/Editor/Attributes/HelpBoxIfAttributeProcessor.cs
  artifactKey: Guid(7d6392ca7b5094ba0b13c8e20d83ccd4) Importer(2089858483,b0f066a214c2f5e87bad3c948f4d605d)
Start importing Assets/Sprites/Cainos/Third Party/Lucid Editor/Editor/Attributes/HelpBoxIfAttributeProcessor.cs using Guid(7d6392ca7b5094ba0b13c8e20d83ccd4) Importer(2089858483,b0f066a214c2f5e87bad3c948f4d605d) (ScriptedImporter) -> (artifact id: 'c425653f937e8fe332b9dfb8f9b40bb9') in 0.0149456 seconds
Number of updated asset objects reloaded before import = 0Number of asset objects unloaded after import = 0

========================================================================
Received Import Request.
  Time since last request: 0.000090 seconds.
  path: Assets/Projects/MegaSuperChallengeShot/Graphics/Farland Skies/Low Poly/Shaders/LowPolySkybox.shader
  artifactKey: Guid(64b0353c78f90494db13ca1bd8b4fb6b) Importer(2089858483,b0f066a214c2f5e87bad3c948f4d605d)
Start importing Assets/Projects/MegaSuperChallengeShot/Graphics/Farland Skies/Low Poly/Shaders/LowPolySkybox.shader using Guid(64b0353c78f90494db13ca1bd8b4fb6b) Importer(2089858483,b0f066a214c2f5e87bad3c948f4d605d) (ScriptedImporter) -> (artifact id: 'af6735a355495ccc887b0ed6e57c7adb') in 0.0175943 seconds
Number of updated asset objects reloaded before import = 0Number of asset objects unloaded after import = 1

========================================================================
Received Import Request.
  Time since last request: 0.000137 seconds.
  path: Assets/Sprites/Cainos/Third Party/Lucid Editor/Editor/Attributes/DisableInPlayModeAttributeProcessor.cs
  artifactKey: Guid(3a24d5c4bf91846fab0bb55cd9ccf693) Importer(2089858483,b0f066a214c2f5e87bad3c948f4d605d)
Start importing Assets/Sprites/Cainos/Third Party/Lucid Editor/Editor/Attributes/DisableInPlayModeAttributeProcessor.cs using Guid(3a24d5c4bf91846fab0bb55cd9ccf693) Importer(2089858483,b0f066a214c2f5e87bad3c948f4d605d) (ScriptedImporter) -> (artifact id: '2ee05079a8133a1fabaed3cabb2696bb') in 0.0129427 seconds
Number of updated asset objects reloaded before import = 0Number of asset objects unloaded after import = 0

========================================================================
Received Import Request.
  Time since last request: 0.000156 seconds.
  path: Assets/Projects/MegaSuperChallengeShot/Graphics/Cute_Birds(4 in 1)Mini/B4/Prefabs/B4_s5_0.prefab
  artifactKey: Guid(3c47428bc1ae05444b4ed0acdbaff38a) Importer(2089858483,b0f066a214c2f5e87bad3c948f4d605d)
Start importing Assets/Projects/MegaSuperChallengeShot/Graphics/Cute_Birds(4 in 1)Mini/B4/Prefabs/B4_s5_0.prefab using Guid(3c47428bc1ae05444b4ed0acdbaff38a) Importer(2089858483,b0f066a214c2f5e87bad3c948f4d605d) (ScriptedImporter) -> (artifact id: 'cc0f7bca19c25966de274ddf27974b66') in 0.1228614 seconds
Number of updated asset objects reloaded before import = 0Number of asset objects unloaded after import = 14

========================================================================
Received Import Request.
  Time since last request: 0.000024 seconds.
  path: Assets/Projects/GravityDash/kenney_ui-pack/PNG/Yellow/Double/check_round_color.png
  artifactKey: Guid(5c92c2f6b24724f76822cd2310486950) Importer(2089858483,b0f066a214c2f5e87bad3c948f4d605d)
Start importing Assets/Projects/GravityDash/kenney_ui-pack/PNG/Yellow/Double/check_round_color.png using Guid(5c92c2f6b24724f76822cd2310486950) Importer(2089858483,b0f066a214c2f5e87bad3c948f4d605d) (ScriptedImporter) -> (artifact id: 'ab35774f5fd4db64eb912081ee7c5a1c') in 0.0308565 seconds
Number of updated asset objects reloaded before import = 0Number of asset objects unloaded after import = 3

========================================================================
Received Import Request.
  Time since last request: 0.000024 seconds.
  path: Assets/Projects/MegaSuperChallengeShot/Graphics/Farland Skies/Low Poly/Prefabs/SkyboxDayNightCycle.prefab
  artifactKey: Guid(6152559bc63e74e40ad8d8940c6930c7) Importer(2089858483,b0f066a214c2f5e87bad3c948f4d605d)
Start importing Assets/Projects/MegaSuperChallengeShot/Graphics/Farland Skies/Low Poly/Prefabs/SkyboxDayNightCycle.prefab using Guid(6152559bc63e74e40ad8d8940c6930c7) Importer(2089858483,b0f066a214c2f5e87bad3c948f4d605d) (ScriptedImporter) -> (artifact id: '38d4fe837c1ea4a3fe20f900d553140e') in 0.0433133 seconds
Number of updated asset objects reloaded before import = 0Number of asset objects unloaded after import = 5

========================================================================
Received Import Request.
  Time since last request: 0.000024 seconds.
  path: Assets/Projects/GravityDash/kenney_ui-pack/PNG/Yellow/Double/icon_cross.png
  artifactKey: Guid(22f7222deed784b53b8aa8163e43efc5) Importer(2089858483,b0f066a214c2f5e87bad3c948f4d605d)
Start importing Assets/Projects/GravityDash/kenney_ui-pack/PNG/Yellow/Double/icon_cross.png using Guid(22f7222deed784b53b8aa8163e43efc5) Importer(2089858483,b0f066a214c2f5e87bad3c948f4d605d) (ScriptedImporter) -> (artifact id: 'a57ff30b337a1acb40b14942c0558bf5') in 0.0515205 seconds
Number of updated asset objects reloaded before import = 0Number of asset objects unloaded after import = 3

========================================================================
Received Import Request.
  Time since last request: 0.000036 seconds.
  path: Assets/Projects/MegaSuperChallengeShot/Graphics/Cute_Birds(4 in 1)Mini/B3_Egret/Scenes/Bird3_Demo.unity
  artifactKey: Guid(140f158810e49794687c91a06d9d4f72) Importer(2089858483,b0f066a214c2f5e87bad3c948f4d605d)
Start importing Assets/Projects/MegaSuperChallengeShot/Graphics/Cute_Birds(4 in 1)Mini/B3_Egret/Scenes/Bird3_Demo.unity using Guid(140f158810e49794687c91a06d9d4f72) Importer(2089858483,b0f066a214c2f5e87bad3c948f4d605d) (ScriptedImporter) -> (artifact id: '649f32af684841c0308e0f5056b5d636') in 0.0301558 seconds
Number of updated asset objects reloaded before import = 0Number of asset objects unloaded after import = 1

========================================================================
Received Import Request.
  Time since last request: 0.000125 seconds.
  path: Assets/Projects/GravityDash/kenney_ui-pack/PNG/Yellow/Default/button_square_depth_gloss.png
  artifactKey: Guid(15bc8cca0607a447eaf78249fe7c9d2a) Importer(2089858483,b0f066a214c2f5e87bad3c948f4d605d)
Start importing Assets/Projects/GravityDash/kenney_ui-pack/PNG/Yellow/Default/button_square_depth_gloss.png using Guid(15bc8cca0607a447eaf78249fe7c9d2a) Importer(2089858483,b0f066a214c2f5e87bad3c948f4d605d) (ScriptedImporter) -> (artifact id: '9f67cc16bce7658245498815415dc208') in 0.0300503 seconds
Number of updated asset objects reloaded before import = 0Number of asset objects unloaded after import = 3

========================================================================
Received Import Request.
  Time since last request: 0.000021 seconds.
  path: Assets/Projects/GravityDash/kenney_ui-pack/PNG/Yellow/Double/arrow_basic_n.png
  artifactKey: Guid(4152c3bd7f73b40508c3e6ef3d9e0dcc) Importer(2089858483,b0f066a214c2f5e87bad3c948f4d605d)
Start importing Assets/Projects/GravityDash/kenney_ui-pack/PNG/Yellow/Double/arrow_basic_n.png using Guid(4152c3bd7f73b40508c3e6ef3d9e0dcc) Importer(2089858483,b0f066a214c2f5e87bad3c948f4d605d) (ScriptedImporter) -> (artifact id: '92b43bfc513fff1eb625c8358c8b61e5') in 0.0287431 seconds
Number of updated asset objects reloaded before import = 0Number of asset objects unloaded after import = 3

========================================================================
Received Import Request.
  Time since last request: 0.000047 seconds.
  path: Assets/Projects/GravityDash/kenney_ui-pack/PNG/Yellow/Double/slide_horizontal_color_section.png
  artifactKey: Guid(de35bec6f28524f2eb5018e2c57ed772) Importer(2089858483,b0f066a214c2f5e87bad3c948f4d605d)
Start importing Assets/Projects/GravityDash/kenney_ui-pack/PNG/Yellow/Double/slide_horizontal_color_section.png using Guid(de35bec6f28524f2eb5018e2c57ed772) Importer(2089858483,b0f066a214c2f5e87bad3c948f4d605d) (ScriptedImporter) -> (artifact id: '3147bc36058da20295fbfa6494162d8a') in 0.0309076 seconds
Number of updated asset objects reloaded before import = 0Number of asset objects unloaded after import = 3

========================================================================
Received Import Request.
  Time since last request: 0.000076 seconds.
  path: Assets/Sprites/Cainos/Third Party/Lucid Editor/Editor/InspectorProperty/EditableInspectorProperty.cs
  artifactKey: Guid(f7ac5aa63dd4d054fb62f161ede208e1) Importer(2089858483,b0f066a214c2f5e87bad3c948f4d605d)
Start importing Assets/Sprites/Cainos/Third Party/Lucid Editor/Editor/InspectorProperty/EditableInspectorProperty.cs using Guid(f7ac5aa63dd4d054fb62f161ede208e1) Importer(2089858483,b0f066a214c2f5e87bad3c948f4d605d) (ScriptedImporter) -> (artifact id: 'eff89321056d19dda7e678f235fe1e99') in 0.0144625 seconds
Number of updated asset objects reloaded before import = 0Number of asset objects unloaded after import = 0

========================================================================
Received Import Request.
  Time since last request: 0.000035 seconds.
  path: Assets/Sprites/Cainos/Third Party/Lucid Editor/Editor/InspectorProperty/NonSerializedProperty.cs
  artifactKey: Guid(e227a45d92ce24f0aa63caee7e660d78) Importer(2089858483,b0f066a214c2f5e87bad3c948f4d605d)
Start importing Assets/Sprites/Cainos/Third Party/Lucid Editor/Editor/InspectorProperty/NonSerializedProperty.cs using Guid(e227a45d92ce24f0aa63caee7e660d78) Importer(2089858483,b0f066a214c2f5e87bad3c948f4d605d) (ScriptedImporter) -> (artifact id: 'd88b7f304845ff504ce372b794f7b2d2') in 0.0148077 seconds
Number of updated asset objects reloaded before import = 0Number of asset objects unloaded after import = 0

========================================================================
Received Import Request.
  Time since last request: 0.000127 seconds.
  path: Assets/Sprites/Cainos/Third Party/Lucid Editor/Runtime/Attributes/HelpBoxAttribute.cs
  artifactKey: Guid(e0c030ea97c614276b4dc9e458a48dad) Importer(2089858483,b0f066a214c2f5e87bad3c948f4d605d)
Start importing Assets/Sprites/Cainos/Third Party/Lucid Editor/Runtime/Attributes/HelpBoxAttribute.cs using Guid(e0c030ea97c614276b4dc9e458a48dad) Importer(2089858483,b0f066a214c2f5e87bad3c948f4d605d) (ScriptedImporter) -> (artifact id: '14e794779b54e70313fefeca7f928b73') in 0.0132789 seconds
Number of updated asset objects reloaded before import = 0Number of asset objects unloaded after import = 0

========================================================================
Received Import Request.
  Time since last request: 0.000113 seconds.
  path: Assets/Sprites/Cainos/Third Party/Lucid Editor/Runtime/Attributes/DisableIfAttribute.cs
  artifactKey: Guid(d8a22becf99e144d68d0660df7d5b557) Importer(2089858483,b0f066a214c2f5e87bad3c948f4d605d)
Start importing Assets/Sprites/Cainos/Third Party/Lucid Editor/Runtime/Attributes/DisableIfAttribute.cs using Guid(d8a22becf99e144d68d0660df7d5b557) Importer(2089858483,b0f066a214c2f5e87bad3c948f4d605d) (ScriptedImporter) -> (artifact id: '718ad64a3b069b74d02048021c9c9e45') in 0.0136677 seconds
Number of updated asset objects reloaded before import = 0Number of asset objects unloaded after import = 0

========================================================================
Received Import Request.
  Time since last request: 0.000143 seconds.
  path: Assets/Projects/MegaSuperChallengeShot/Graphics/Farland Skies/!Core/Icons/Personal/Tag_16.png
  artifactKey: Guid(89c6d99440be00949958a1fecbfdfd1a) Importer(2089858483,b0f066a214c2f5e87bad3c948f4d605d)
Start importing Assets/Projects/MegaSuperChallengeShot/Graphics/Farland Skies/!Core/Icons/Personal/Tag_16.png using Guid(89c6d99440be00949958a1fecbfdfd1a) Importer(2089858483,b0f066a214c2f5e87bad3c948f4d605d) (ScriptedImporter) -> (artifact id: '680dfbf080fce4dd50347f970ad9482c') in 0.0280955 seconds
Number of updated asset objects reloaded before import = 0Number of asset objects unloaded after import = 1

========================================================================
Received Import Request.
  Time since last request: 0.000025 seconds.
  path: Assets/Projects/MegaSuperChallengeShot/Graphics/Farland Skies/!Core/Icons/Professional/Sun_16.png
  artifactKey: Guid(92a3091ea0729a1438ca1e80db1821cc) Importer(2089858483,b0f066a214c2f5e87bad3c948f4d605d)
Start importing Assets/Projects/MegaSuperChallengeShot/Graphics/Farland Skies/!Core/Icons/Professional/Sun_16.png using Guid(92a3091ea0729a1438ca1e80db1821cc) Importer(2089858483,b0f066a214c2f5e87bad3c948f4d605d) (ScriptedImporter) -> (artifact id: '08afa1cfdcd14f2d681aa97681ccd505') in 0.0356349 seconds
Number of updated asset objects reloaded before import = 0Number of asset objects unloaded after import = 1

========================================================================
Received Import Request.
  Time since last request: 0.000089 seconds.
  path: Assets/Sprites/Cainos/Third Party/Lucid Editor/Runtime/Attributes/SectionHeaderAttribute.cs
  artifactKey: Guid(f30c7a1e0a0b64733866abf0e57a0fde) Importer(2089858483,b0f066a214c2f5e87bad3c948f4d605d)
Start importing Assets/Sprites/Cainos/Third Party/Lucid Editor/Runtime/Attributes/SectionHeaderAttribute.cs using Guid(f30c7a1e0a0b64733866abf0e57a0fde) Importer(2089858483,b0f066a214c2f5e87bad3c948f4d605d) (ScriptedImporter) -> (artifact id: '3f419312c69dbd1f667fa310062b532d') in 0.0135633 seconds
Number of updated asset objects reloaded before import = 0Number of asset objects unloaded after import = 0

========================================================================
Received Import Request.
  Time since last request: 0.000134 seconds.
  path: Assets/Sprites/Cainos/Third Party/Lucid Editor/Runtime/Attributes/LabelTextAttribute.cs
  artifactKey: Guid(8d22bd82ea1fe413d924d171177e9dcd) Importer(2089858483,b0f066a214c2f5e87bad3c948f4d605d)
Start importing Assets/Sprites/Cainos/Third Party/Lucid Editor/Runtime/Attributes/LabelTextAttribute.cs using Guid(8d22bd82ea1fe413d924d171177e9dcd) Importer(2089858483,b0f066a214c2f5e87bad3c948f4d605d) (ScriptedImporter) -> (artifact id: '8faa74d59aa1bf412d547220abafc4a8') in 0.0150263 seconds
Number of updated asset objects reloaded before import = 0Number of asset objects unloaded after import = 0

========================================================================
Received Import Request.
  Time since last request: 0.000195 seconds.
  path: Assets/Sprites/Cainos/Third Party/Lucid Editor/Runtime/Attributes/HideLabelAttribute.cs
  artifactKey: Guid(9353b35b5ab054e478c9bc3432abc215) Importer(2089858483,b0f066a214c2f5e87bad3c948f4d605d)
Start importing Assets/Sprites/Cainos/Third Party/Lucid Editor/Runtime/Attributes/HideLabelAttribute.cs using Guid(9353b35b5ab054e478c9bc3432abc215) Importer(2089858483,b0f066a214c2f5e87bad3c948f4d605d) (ScriptedImporter) -> (artifact id: '9ea464d3663ba26574a2f4ae3a744bcf') in 0.0162949 seconds
Number of updated asset objects reloaded before import = 0Number of asset objects unloaded after import = 0

========================================================================
Received Import Request.
  Time since last request: 0.000152 seconds.
  path: Assets/Projects/GravityDash/kenney_ui-pack/PNG/Yellow/Default/arrow_decorative_e_small.png
  artifactKey: Guid(8f7703d16b4c94c059951959d9332f33) Importer(2089858483,b0f066a214c2f5e87bad3c948f4d605d)
Start importing Assets/Projects/GravityDash/kenney_ui-pack/PNG/Yellow/Default/arrow_decorative_e_small.png using Guid(8f7703d16b4c94c059951959d9332f33) Importer(2089858483,b0f066a214c2f5e87bad3c948f4d605d) (ScriptedImporter) -> (artifact id: '2f66be2ee67f9e34b735d52a2810ddec') in 0.0384134 seconds
Number of updated asset objects reloaded before import = 0Number of asset objects unloaded after import = 3

========================================================================
Received Import Request.
  Time since last request: 0.000023 seconds.
  path: Assets/Sprites/Cainos/Third Party/Lucid Editor/Runtime/Attributes/ReadOnlyAttribute.cs
  artifactKey: Guid(006b91e11152941e0a04e6f916453b63) Importer(2089858483,b0f066a214c2f5e87bad3c948f4d605d)
Start importing Assets/Sprites/Cainos/Third Party/Lucid Editor/Runtime/Attributes/ReadOnlyAttribute.cs using Guid(006b91e11152941e0a04e6f916453b63) Importer(2089858483,b0f066a214c2f5e87bad3c948f4d605d) (ScriptedImporter) -> (artifact id: 'eab05b7384de860b76ea38d507ee5b10') in 0.0122941 seconds
Number of updated asset objects reloaded before import = 0Number of asset objects unloaded after import = 0

========================================================================
Received Import Request.
  Time since last request: 0.000095 seconds.
  path: Assets/Projects/GravityDash/kenney_ui-pack/PNG/Yellow/Default/button_round_depth_flat.png
  artifactKey: Guid(5bdf1eb1fd5c84125a04308791415366) Importer(2089858483,b0f066a214c2f5e87bad3c948f4d605d)
Start importing Assets/Projects/GravityDash/kenney_ui-pack/PNG/Yellow/Default/button_round_depth_flat.png using Guid(5bdf1eb1fd5c84125a04308791415366) Importer(2089858483,b0f066a214c2f5e87bad3c948f4d605d) (ScriptedImporter) -> (artifact id: '8c4209c0461507ed5154b69a128a8175') in 0.0323688 seconds
Number of updated asset objects reloaded before import = 0Number of asset objects unloaded after import = 3

========================================================================
Received Import Request.
  Time since last request: 0.000019 seconds.
  path: Assets/Projects/GravityDash/kenney_ui-pack/PNG/Yellow/Double/button_round_depth_flat.png
  artifactKey: Guid(1b00b18a0cd5447b2be15e4debade4f9) Importer(2089858483,b0f066a214c2f5e87bad3c948f4d605d)
Start importing Assets/Projects/GravityDash/kenney_ui-pack/PNG/Yellow/Double/button_round_depth_flat.png using Guid(1b00b18a0cd5447b2be15e4debade4f9) Importer(2089858483,b0f066a214c2f5e87bad3c948f4d605d) (ScriptedImporter) -> (artifact id: '2d30c4df9cb0e0dfd259582cfc0ddb56') in 0.0318116 seconds
Number of updated asset objects reloaded before import = 0Number of asset objects unloaded after import = 3

========================================================================
Received Import Request.
  Time since last request: 0.000030 seconds.
  path: Assets/Projects/GravityDash/kenney_ui-pack/PNG/Yellow/Double/icon_outline_checkmark.png
  artifactKey: Guid(f1bd786afb9d142709aabe977f6f3838) Importer(2089858483,b0f066a214c2f5e87bad3c948f4d605d)
Start importing Assets/Projects/GravityDash/kenney_ui-pack/PNG/Yellow/Double/icon_outline_checkmark.png using Guid(f1bd786afb9d142709aabe977f6f3838) Importer(2089858483,b0f066a214c2f5e87bad3c948f4d605d) (ScriptedImporter) -> (artifact id: '012888fe1cbb379e2bf7b26d4f7ec1e0') in 0.0371562 seconds
Number of updated asset objects reloaded before import = 0Number of asset objects unloaded after import = 3

========================================================================
Received Import Request.
  Time since last request: 0.000024 seconds.
  path: Assets/Sprites/Cainos/Third Party/Lucid Editor/Editor/Attributes/DisableInEditModeAttributeProcessor.cs
  artifactKey: Guid(fa2ac94d8dc9d4c0fa7e5289272fd97b) Importer(2089858483,b0f066a214c2f5e87bad3c948f4d605d)
Start importing Assets/Sprites/Cainos/Third Party/Lucid Editor/Editor/Attributes/DisableInEditModeAttributeProcessor.cs using Guid(fa2ac94d8dc9d4c0fa7e5289272fd97b) Importer(2089858483,b0f066a214c2f5e87bad3c948f4d605d) (ScriptedImporter) -> (artifact id: '2a95961e6777961b7d03b8d6bb85b4e4') in 0.0134402 seconds
Number of updated asset objects reloaded before import = 0Number of asset objects unloaded after import = 0

========================================================================
Received Import Request.
  Time since last request: 0.000111 seconds.
  path: Assets/Projects/MegaSuperChallengeShot/Graphics/Cute_Birds(4 in 1)Mini/B4/Animations/B4_s2_0.controller
  artifactKey: Guid(67655aac0cd0d624281b1a15ab35e577) Importer(2089858483,b0f066a214c2f5e87bad3c948f4d605d)
Start importing Assets/Projects/MegaSuperChallengeShot/Graphics/Cute_Birds(4 in 1)Mini/B4/Animations/B4_s2_0.controller using Guid(67655aac0cd0d624281b1a15ab35e577) Importer(2089858483,b0f066a214c2f5e87bad3c948f4d605d) (ScriptedImporter) -> (artifact id: 'aece3b00055138466c43c2a3157465aa') in 0.0267257 seconds
Number of updated asset objects reloaded before import = 0Number of asset objects unloaded after import = 4

========================================================================
Received Import Request.
  Time since last request: 0.000046 seconds.
  path: Assets/Projects/MegaSuperChallengeShot/Graphics/Farland Skies/Low Poly/Scripts/DotParams/SkyParamsList.cs
  artifactKey: Guid(3a2363447474ca145985743834c65d45) Importer(2089858483,b0f066a214c2f5e87bad3c948f4d605d)
Start importing Assets/Projects/MegaSuperChallengeShot/Graphics/Farland Skies/Low Poly/Scripts/DotParams/SkyParamsList.cs using Guid(3a2363447474ca145985743834c65d45) Importer(2089858483,b0f066a214c2f5e87bad3c948f4d605d) (ScriptedImporter) -> (artifact id: 'b45e7414e3a0cee0c9eb116c4ff5689c') in 0.0134026 seconds
Number of updated asset objects reloaded before import = 0Number of asset objects unloaded after import = 0

========================================================================
Received Import Request.
  Time since last request: 0.000169 seconds.
  path: Assets/Projects/MegaSuperChallengeShot/Graphics/Farland Skies/Low Poly/Textures/Moon/Moon_LP_05.png
  artifactKey: Guid(9f42eda02e710ff49b1ba615b31ee896) Importer(2089858483,b0f066a214c2f5e87bad3c948f4d605d)
Start importing Assets/Projects/MegaSuperChallengeShot/Graphics/Farland Skies/Low Poly/Textures/Moon/Moon_LP_05.png using Guid(9f42eda02e710ff49b1ba615b31ee896) Importer(2089858483,b0f066a214c2f5e87bad3c948f4d605d) (ScriptedImporter) -> (artifact id: '70e59fa482749dc89861c7db2ac4fdc2') in 0.0513665 seconds
Number of updated asset objects reloaded before import = 0Number of asset objects unloaded after import = 1

========================================================================
Received Import Request.
  Time since last request: 0.000230 seconds.
  path: Assets/Projects/MegaSuperChallengeShot/Graphics/OccaSoftware/Crosshairs/Art/Textures/Crosshair_25.png
  artifactKey: Guid(dcd5aae0341bd0642858735fe7fdc429) Importer(2089858483,b0f066a214c2f5e87bad3c948f4d605d)
Start importing Assets/Projects/MegaSuperChallengeShot/Graphics/OccaSoftware/Crosshairs/Art/Textures/Crosshair_25.png using Guid(dcd5aae0341bd0642858735fe7fdc429) Importer(2089858483,b0f066a214c2f5e87bad3c948f4d605d) (ScriptedImporter) -> (artifact id: '6ee3241e6300b674e0ec5b0b00a3f992') in 0.0337944 seconds
Number of updated asset objects reloaded before import = 0Number of asset objects unloaded after import = 3

========================================================================
Received Import Request.
  Time since last request: 0.000025 seconds.
  path: Assets/Projects/MegaSuperChallengeShot/Graphics/Farland Skies/Low Poly/Scripts/Controllers/SkyboxDayNightCycle.cs
  artifactKey: Guid(e7ff1d209b5bcba4590ee6fcae61b403) Importer(2089858483,b0f066a214c2f5e87bad3c948f4d605d)
Start importing Assets/Projects/MegaSuperChallengeShot/Graphics/Farland Skies/Low Poly/Scripts/Controllers/SkyboxDayNightCycle.cs using Guid(e7ff1d209b5bcba4590ee6fcae61b403) Importer(2089858483,b0f066a214c2f5e87bad3c948f4d605d) (ScriptedImporter) -> (artifact id: '2111740ff33934a4c08c603e0456b540') in 0.0120503 seconds
Number of updated asset objects reloaded before import = 0Number of asset objects unloaded after import = 0

========================================================================
Received Import Request.
  Time since last request: 0.000125 seconds.
  path: Assets/Projects/MegaSuperChallengeShot/Graphics/OccaSoftware/Crosshairs/Art/Textures/Crosshair_22.png
  artifactKey: Guid(56f8165bc8b0a98419e06f018a808c4c) Importer(2089858483,b0f066a214c2f5e87bad3c948f4d605d)
Start importing Assets/Projects/MegaSuperChallengeShot/Graphics/OccaSoftware/Crosshairs/Art/Textures/Crosshair_22.png using Guid(56f8165bc8b0a98419e06f018a808c4c) Importer(2089858483,b0f066a214c2f5e87bad3c948f4d605d) (ScriptedImporter) -> (artifact id: '9ab8c42e655970321dabb6469331a3b1') in 0.0287388 seconds
Number of updated asset objects reloaded before import = 0Number of asset objects unloaded after import = 3

========================================================================
Received Import Request.
  Time since last request: 0.000028 seconds.
  path: Assets/Projects/MegaSuperChallengeShot/Graphics/Farland Skies/!Core/Scripts/Demo/ObjectRotator.cs
  artifactKey: Guid(157bf597ee2e4f648aab266e25dbc387) Importer(2089858483,b0f066a214c2f5e87bad3c948f4d605d)
Start importing Assets/Projects/MegaSuperChallengeShot/Graphics/Farland Skies/!Core/Scripts/Demo/ObjectRotator.cs using Guid(157bf597ee2e4f648aab266e25dbc387) Importer(2089858483,b0f066a214c2f5e87bad3c948f4d605d) (ScriptedImporter) -> (artifact id: '0705da859b0306bd49f11f998964491c') in 0.0140302 seconds
Number of updated asset objects reloaded before import = 0Number of asset objects unloaded after import = 0

========================================================================
Received Import Request.
  Time since last request: 0.000100 seconds.
  path: Assets/Projects/MegaSuperChallengeShot/Graphics/Farland Skies/Low Poly/Textures/Clouds/Clouds_LP_03.png
  artifactKey: Guid(bf6e148d44189344992ac3145bde0764) Importer(2089858483,b0f066a214c2f5e87bad3c948f4d605d)
Start importing Assets/Projects/MegaSuperChallengeShot/Graphics/Farland Skies/Low Poly/Textures/Clouds/Clouds_LP_03.png using Guid(bf6e148d44189344992ac3145bde0764) Importer(2089858483,b0f066a214c2f5e87bad3c948f4d605d) (ScriptedImporter) -> (artifact id: 'e30cbc34fab78a8ce90ba7df5bfc9941') in 0.0468444 seconds
Number of updated asset objects reloaded before import = 0Number of asset objects unloaded after import = 1

========================================================================
Received Import Request.
  Time since last request: 0.000025 seconds.
  path: Assets/Projects/MegaSuperChallengeShot/Graphics/Farland Skies/Low Poly/Scripts/DotParams/MoonParamsList.cs
  artifactKey: Guid(807769cc6d17c3f4fbff8c01374aa431) Importer(2089858483,b0f066a214c2f5e87bad3c948f4d605d)
Start importing Assets/Projects/MegaSuperChallengeShot/Graphics/Farland Skies/Low Poly/Scripts/DotParams/MoonParamsList.cs using Guid(807769cc6d17c3f4fbff8c01374aa431) Importer(2089858483,b0f066a214c2f5e87bad3c948f4d605d) (ScriptedImporter) -> (artifact id: '5b30f5c68ec62f6cf812ce3f933443d6') in 0.0118739 seconds
Number of updated asset objects reloaded before import = 0Number of asset objects unloaded after import = 0

========================================================================
Received Import Request.
  Time since last request: 0.000125 seconds.
  path: Assets/Projects/MegaSuperChallengeShot/Graphics/Farland Skies/Low Poly/Textures/Moon/Moon_LP_02.png
  artifactKey: Guid(9e1c8edab15aa844082fcd05ad8b5d9f) Importer(2089858483,b0f066a214c2f5e87bad3c948f4d605d)
Start importing Assets/Projects/MegaSuperChallengeShot/Graphics/Farland Skies/Low Poly/Textures/Moon/Moon_LP_02.png using Guid(9e1c8edab15aa844082fcd05ad8b5d9f) Importer(2089858483,b0f066a214c2f5e87bad3c948f4d605d) (ScriptedImporter) -> (artifact id: '9943ce0d16887b56a005670aa8b80392') in 0.0327959 seconds
Number of updated asset objects reloaded before import = 0Number of asset objects unloaded after import = 1

========================================================================
Received Import Request.
  Time since last request: 0.000048 seconds.
  path: Assets/Projects/MegaSuperChallengeShot/Graphics/OccaSoftware/Crosshairs/Art/Textures/Crosshair_04.png
  artifactKey: Guid(b8e78032f8af0954784d1fe9e5a09187) Importer(2089858483,b0f066a214c2f5e87bad3c948f4d605d)
Start importing Assets/Projects/MegaSuperChallengeShot/Graphics/OccaSoftware/Crosshairs/Art/Textures/Crosshair_04.png using Guid(b8e78032f8af0954784d1fe9e5a09187) Importer(2089858483,b0f066a214c2f5e87bad3c948f4d605d) (ScriptedImporter) -> (artifact id: '816044bc5924dfba5c6dafb556feb81c') in 0.0377058 seconds
Number of updated asset objects reloaded before import = 0Number of asset objects unloaded after import = 3

========================================================================
Received Import Request.
  Time since last request: 0.000024 seconds.
  path: Assets/Projects/MegaSuperChallengeShot/Graphics/Farland Skies/!Core/Scripts/Editor/FarlandSkiesEditorUtility.cs
  artifactKey: Guid(e36b4c4f32809db4fa6475b6d8cfa494) Importer(2089858483,b0f066a214c2f5e87bad3c948f4d605d)
Start importing Assets/Projects/MegaSuperChallengeShot/Graphics/Farland Skies/!Core/Scripts/Editor/FarlandSkiesEditorUtility.cs using Guid(e36b4c4f32809db4fa6475b6d8cfa494) Importer(2089858483,b0f066a214c2f5e87bad3c948f4d605d) (ScriptedImporter) -> (artifact id: 'a1bc67e29fc44d1a7e8cb539d1ce568e') in 0.0148781 seconds
Number of updated asset objects reloaded before import = 0Number of asset objects unloaded after import = 0

========================================================================
Received Import Request.
  Time since last request: 0.000091 seconds.
  path: Assets/Projects/MegaSuperChallengeShot/Graphics/Farland Skies/Low Poly/Textures/Sun/Sun_LP_04.png
  artifactKey: Guid(392b9ab42790fff4894b86df1b854e0c) Importer(2089858483,b0f066a214c2f5e87bad3c948f4d605d)
Start importing Assets/Projects/MegaSuperChallengeShot/Graphics/Farland Skies/Low Poly/Textures/Sun/Sun_LP_04.png using Guid(392b9ab42790fff4894b86df1b854e0c) Importer(2089858483,b0f066a214c2f5e87bad3c948f4d605d) (ScriptedImporter) -> (artifact id: '3d278c0678637cd0dea7912a5e55348f') in 0.0344943 seconds
Number of updated asset objects reloaded before import = 0Number of asset objects unloaded after import = 1

========================================================================
Received Import Request.
  Time since last request: 0.000035 seconds.
  path: Assets/Projects/MegaSuperChallengeShot/Graphics/Farland Skies/Low Poly/Demo/URP/CustomizationDemo.unity
  artifactKey: Guid(c8bd0fce97c245cfa0e2f2ee6eae885c) Importer(2089858483,b0f066a214c2f5e87bad3c948f4d605d)
Start importing Assets/Projects/MegaSuperChallengeShot/Graphics/Farland Skies/Low Poly/Demo/URP/CustomizationDemo.unity using Guid(c8bd0fce97c245cfa0e2f2ee6eae885c) Importer(2089858483,b0f066a214c2f5e87bad3c948f4d605d) (ScriptedImporter) -> (artifact id: '4bd34bf1d0d55c0619753af50d302cbe') in 0.0369234 seconds
Number of updated asset objects reloaded before import = 0Number of asset objects unloaded after import = 1

========================================================================
Received Import Request.
  Time since last request: 0.000131 seconds.
  path: Assets/Projects/MegaSuperChallengeShot/Graphics/Farland Skies/Low Poly/Demo/Standart/Scripts/UI/Sliders/PropertySlider.cs
  artifactKey: Guid(a1d7a84ab057cbd41a03ef94cc9810b6) Importer(2089858483,b0f066a214c2f5e87bad3c948f4d605d)
Start importing Assets/Projects/MegaSuperChallengeShot/Graphics/Farland Skies/Low Poly/Demo/Standart/Scripts/UI/Sliders/PropertySlider.cs using Guid(a1d7a84ab057cbd41a03ef94cc9810b6) Importer(2089858483,b0f066a214c2f5e87bad3c948f4d605d) (ScriptedImporter) -> (artifact id: '6509faa8d640dd14788336eef467cdce') in 0.0179394 seconds
Number of updated asset objects reloaded before import = 0Number of asset objects unloaded after import = 0

========================================================================
Received Import Request.
  Time since last request: 0.000153 seconds.
  path: Assets/Projects/MegaSuperChallengeShot/Graphics/Farland Skies/Low Poly/Scripts/Controllers/Editor/SkyboxDayNightCycleEditor.cs
  artifactKey: Guid(83f312f715748074086f630a54ef1565) Importer(2089858483,b0f066a214c2f5e87bad3c948f4d605d)
Start importing Assets/Projects/MegaSuperChallengeShot/Graphics/Farland Skies/Low Poly/Scripts/Controllers/Editor/SkyboxDayNightCycleEditor.cs using Guid(83f312f715748074086f630a54ef1565) Importer(2089858483,b0f066a214c2f5e87bad3c948f4d605d) (ScriptedImporter) -> (artifact id: '4b7bfd6aa1ef918c786dc15e8d6584fa') in 0.0155146 seconds
Number of updated asset objects reloaded before import = 0Number of asset objects unloaded after import = 0

========================================================================
Received Import Request.
  Time since last request: 0.000125 seconds.
  path: Assets/Projects/MegaSuperChallengeShot/Graphics/Farland Skies/Low Poly/Demo/Standart/Models/Boulders/Boulder_01.fbx
  artifactKey: Guid(911c60db4ab65fd41956f1d71e9d7ded) Importer(2089858483,b0f066a214c2f5e87bad3c948f4d605d)
Start importing Assets/Projects/MegaSuperChallengeShot/Graphics/Farland Skies/Low Poly/Demo/Standart/Models/Boulders/Boulder_01.fbx using Guid(911c60db4ab65fd41956f1d71e9d7ded) Importer(2089858483,b0f066a214c2f5e87bad3c948f4d605d) (ScriptedImporter) -> (artifact id: '186a99c4b47e40e5bded821a0892d898') in 0.0492407 seconds
Number of updated asset objects reloaded before import = 0Number of asset objects unloaded after import = 8

========================================================================
Received Import Request.
  Time since last request: 0.000282 seconds.
  path: Assets/Projects/MegaSuperChallengeShot/Graphics/Farland Skies/Low Poly/Demo/Standart/Models/Plateau/Materials/Snowmat.mat
  artifactKey: Guid(3db051f3c6b00a3428fc97409dabb2d4) Importer(2089858483,b0f066a214c2f5e87bad3c948f4d605d)
Start importing Assets/Projects/MegaSuperChallengeShot/Graphics/Farland Skies/Low Poly/Demo/Standart/Models/Plateau/Materials/Snowmat.mat using Guid(3db051f3c6b00a3428fc97409dabb2d4) Importer(2089858483,b0f066a214c2f5e87bad3c948f4d605d) (ScriptedImporter) -> (artifact id: 'a69304c8d8cbade461bc6c9bdd8db341') in 0.0372493 seconds
Number of updated asset objects reloaded before import = 0Number of asset objects unloaded after import = 1

========================================================================
Received Import Request.
  Time since last request: 0.000102 seconds.
  path: Assets/Projects/MegaSuperChallengeShot/Graphics/Farland Skies/Low Poly/Demo/Standart/Scripts/UI/Sliders/TimeSlider.cs
  artifactKey: Guid(657fee730feb94e42b453e6d21936339) Importer(2089858483,b0f066a214c2f5e87bad3c948f4d605d)
Start importing Assets/Projects/MegaSuperChallengeShot/Graphics/Farland Skies/Low Poly/Demo/Standart/Scripts/UI/Sliders/TimeSlider.cs using Guid(657fee730feb94e42b453e6d21936339) Importer(2089858483,b0f066a214c2f5e87bad3c948f4d605d) (ScriptedImporter) -> (artifact id: '6a15ffb0289759fe8fddd2d541aec41a') in 0.0150611 seconds
Number of updated asset objects reloaded before import = 0Number of asset objects unloaded after import = 0

========================================================================
Received Import Request.
  Time since last request: 0.000176 seconds.
  path: Assets/Projects/MegaSuperChallengeShot/Graphics/Farland Skies/Low Poly/Demo/Standart/Scripts/UI/Buttons/ResetButton.cs
  artifactKey: Guid(89a93451ccc00bb4c98a5200b02bce80) Importer(2089858483,b0f066a214c2f5e87bad3c948f4d605d)
Start importing Assets/Projects/MegaSuperChallengeShot/Graphics/Farland Skies/Low Poly/Demo/Standart/Scripts/UI/Buttons/ResetButton.cs using Guid(89a93451ccc00bb4c98a5200b02bce80) Importer(2089858483,b0f066a214c2f5e87bad3c948f4d605d) (ScriptedImporter) -> (artifact id: 'adbfbd19a4d70b685408cd86f59d0db0') in 0.0161346 seconds
Number of updated asset objects reloaded before import = 0Number of asset objects unloaded after import = 0

========================================================================
Received Import Request.
  Time since last request: 0.000154 seconds.
  path: Assets/Projects/MegaSuperChallengeShot/Graphics/Farland Skies/Low Poly/Scripts/DotParams/Editor/SkyParamDrawer.cs
  artifactKey: Guid(aaaacad6f69325d4a94996647722a11e) Importer(2089858483,b0f066a214c2f5e87bad3c948f4d605d)
Start importing Assets/Projects/MegaSuperChallengeShot/Graphics/Farland Skies/Low Poly/Scripts/DotParams/Editor/SkyParamDrawer.cs using Guid(aaaacad6f69325d4a94996647722a11e) Importer(2089858483,b0f066a214c2f5e87bad3c948f4d605d) (ScriptedImporter) -> (artifact id: 'e17f3199327d7871e268fddbfc04eaa8') in 0.0167674 seconds
Number of updated asset objects reloaded before import = 0Number of asset objects unloaded after import = 0

========================================================================
Received Import Request.
  Time since last request: 0.000144 seconds.
  path: Assets/Projects/MegaSuperChallengeShot/Graphics/OccaSoftware/Crosshairs/Art/Textures/Crosshair_06.png
  artifactKey: Guid(b889ef0124f73fa4298de5e962dac98b) Importer(2089858483,b0f066a214c2f5e87bad3c948f4d605d)
Start importing Assets/Projects/MegaSuperChallengeShot/Graphics/OccaSoftware/Crosshairs/Art/Textures/Crosshair_06.png using Guid(b889ef0124f73fa4298de5e962dac98b) Importer(2089858483,b0f066a214c2f5e87bad3c948f4d605d) (ScriptedImporter) -> (artifact id: 'a3756b3b3d4e6307567e7b3a14c8e958') in 0.0328643 seconds
Number of updated asset objects reloaded before import = 0Number of asset objects unloaded after import = 3

========================================================================
Received Import Request.
  Time since last request: 0.000020 seconds.
  path: Assets/Projects/GravityDash/kenney_ui-pack/PNG/Yellow/Default/check_square_color_square.png
  artifactKey: Guid(d819d417ccd3a4bc8bb7c9586b554f40) Importer(2089858483,b0f066a214c2f5e87bad3c948f4d605d)
Start importing Assets/Projects/GravityDash/kenney_ui-pack/PNG/Yellow/Default/check_square_color_square.png using Guid(d819d417ccd3a4bc8bb7c9586b554f40) Importer(2089858483,b0f066a214c2f5e87bad3c948f4d605d) (ScriptedImporter) -> (artifact id: 'e7765df384b36e57d1cb796599d0972c') in 0.0286534 seconds
Number of updated asset objects reloaded before import = 0Number of asset objects unloaded after import = 3

========================================================================
Received Import Request.
  Time since last request: 0.000028 seconds.
  path: Assets/Projects/MegaSuperChallengeShot/Graphics/Farland Skies/Low Poly/Shaders/Editor/LowPolyShaderGUI.cs
  artifactKey: Guid(b3cbbf2869b0d6a45b01e2377b8f80cf) Importer(2089858483,b0f066a214c2f5e87bad3c948f4d605d)
Start importing Assets/Projects/MegaSuperChallengeShot/Graphics/Farland Skies/Low Poly/Shaders/Editor/LowPolyShaderGUI.cs using Guid(b3cbbf2869b0d6a45b01e2377b8f80cf) Importer(2089858483,b0f066a214c2f5e87bad3c948f4d605d) (ScriptedImporter) -> (artifact id: 'e8d3c196dd6f4d87cf883d8c40a4bc55') in 0.0133729 seconds
Number of updated asset objects reloaded before import = 0Number of asset objects unloaded after import = 0

========================================================================
Received Import Request.
  Time since last request: 0.000075 seconds.
  path: Assets/Projects/GravityDash/kenney_ui-pack/PNG/Yellow/Double/arrow_basic_s_small.png
  artifactKey: Guid(834f66781087d4272aa2363c3f5c55ab) Importer(2089858483,b0f066a214c2f5e87bad3c948f4d605d)
Start importing Assets/Projects/GravityDash/kenney_ui-pack/PNG/Yellow/Double/arrow_basic_s_small.png using Guid(834f66781087d4272aa2363c3f5c55ab) Importer(2089858483,b0f066a214c2f5e87bad3c948f4d605d) (ScriptedImporter) -> (artifact id: 'c09484922d093a9b263da8fbfc92a123') in 0.0343155 seconds
Number of updated asset objects reloaded before import = 0Number of asset objects unloaded after import = 3

========================================================================
Received Import Request.
  Time since last request: 0.000022 seconds.
  path: Assets/Sprites/Cainos/Third Party/Lucid Editor/Editor/Attributes/HorizontalGroupAttributeProcessor.cs
  artifactKey: Guid(ba7ac005c37994f3080a24e976c6f223) Importer(2089858483,b0f066a214c2f5e87bad3c948f4d605d)
Start importing Assets/Sprites/Cainos/Third Party/Lucid Editor/Editor/Attributes/HorizontalGroupAttributeProcessor.cs using Guid(ba7ac005c37994f3080a24e976c6f223) Importer(2089858483,b0f066a214c2f5e87bad3c948f4d605d) (ScriptedImporter) -> (artifact id: 'bdd4069b32e2fd9691e3b44572a3a498') in 0.0143288 seconds
Number of updated asset objects reloaded before import = 0Number of asset objects unloaded after import = 0

========================================================================
Received Import Request.
  Time since last request: 0.000087 seconds.
  path: Assets/Projects/MegaSuperChallengeShot/Graphics/Farland Skies/Low Poly/Textures/Stars/Stars_LP_03.png
  artifactKey: Guid(efc11ee732b3d7943ab0cd6236bdd0d1) Importer(2089858483,b0f066a214c2f5e87bad3c948f4d605d)
Start importing Assets/Projects/MegaSuperChallengeShot/Graphics/Farland Skies/Low Poly/Textures/Stars/Stars_LP_03.png using Guid(efc11ee732b3d7943ab0cd6236bdd0d1) Importer(2089858483,b0f066a214c2f5e87bad3c948f4d605d) (ScriptedImporter) -> (artifact id: '43055c5c8a274c16c391cbc8ee1d00a5') in 0.047992 seconds
Number of updated asset objects reloaded before import = 0Number of asset objects unloaded after import = 1

========================================================================
Received Import Request.
  Time since last request: 0.000029 seconds.
  path: Assets/Sprites/Cainos/Third Party/Lucid Editor/Runtime/Attributes/GUIColorAttribute.cs
  artifactKey: Guid(6f1c19d7edf314e8bbf3f7ce9acc4fc1) Importer(2089858483,b0f066a214c2f5e87bad3c948f4d605d)
Start importing Assets/Sprites/Cainos/Third Party/Lucid Editor/Runtime/Attributes/GUIColorAttribute.cs using Guid(6f1c19d7edf314e8bbf3f7ce9acc4fc1) Importer(2089858483,b0f066a214c2f5e87bad3c948f4d605d) (ScriptedImporter) -> (artifact id: 'b6c1e06dbc2a9a63b9a496e2ec8de796') in 0.0145517 seconds
Number of updated asset objects reloaded before import = 0Number of asset objects unloaded after import = 0

========================================================================
Received Import Request.
  Time since last request: 0.000132 seconds.
  path: Assets/Projects/GravityDash/kenney_ui-pack/PNG/Yellow/Double/star_outline.png
  artifactKey: Guid(c0d173a0fc0e845a5b445b7c45aae330) Importer(2089858483,b0f066a214c2f5e87bad3c948f4d605d)
Start importing Assets/Projects/GravityDash/kenney_ui-pack/PNG/Yellow/Double/star_outline.png using Guid(c0d173a0fc0e845a5b445b7c45aae330) Importer(2089858483,b0f066a214c2f5e87bad3c948f4d605d) (ScriptedImporter) -> (artifact id: 'f5ba20efb9d37ad922d2ef2dfd8da0ac') in 0.0199294 seconds
Number of updated asset objects reloaded before import = 0Number of asset objects unloaded after import = 3

========================================================================
Received Import Request.
  Time since last request: 0.000021 seconds.
  path: Assets/Sprites/Cainos/Third Party/Lucid Editor/Editor/Attributes/AssetsOnlyAttributeProcessor.cs
  artifactKey: Guid(fd9e1c6dc2e2a6f41993a36ad5dad550) Importer(2089858483,b0f066a214c2f5e87bad3c948f4d605d)
Start importing Assets/Sprites/Cainos/Third Party/Lucid Editor/Editor/Attributes/AssetsOnlyAttributeProcessor.cs using Guid(fd9e1c6dc2e2a6f41993a36ad5dad550) Importer(2089858483,b0f066a214c2f5e87bad3c948f4d605d) (ScriptedImporter) -> (artifact id: '89b3ea7280e63c9f7b911bbe9e20d180') in 0.0146158 seconds
Number of updated asset objects reloaded before import = 0Number of asset objects unloaded after import = 0

========================================================================
Received Import Request.
  Time since last request: 0.000089 seconds.
  path: Assets/Projects/GravityDash/kenney_ui-pack/PNG/Green/Double/slide_horizontal_color.png
  artifactKey: Guid(3aba215bec1d449769472e4a0200f5b5) Importer(2089858483,b0f066a214c2f5e87bad3c948f4d605d)
Start importing Assets/Projects/GravityDash/kenney_ui-pack/PNG/Green/Double/slide_horizontal_color.png using Guid(3aba215bec1d449769472e4a0200f5b5) Importer(2089858483,b0f066a214c2f5e87bad3c948f4d605d) (ScriptedImporter) -> (artifact id: '82f07ea36624ed59e81e55246a170ed6') in 0.0304366 seconds
Number of updated asset objects reloaded before import = 0Number of asset objects unloaded after import = 3

========================================================================
Received Import Request.
  Time since last request: 0.000025 seconds.
  path: Assets/Sprites/Cainos/Third Party/Lucid Editor/Runtime/Attributes/HorizontalGroupAttribute.cs
  artifactKey: Guid(987a7c71bec394997b54689b1823597a) Importer(2089858483,b0f066a214c2f5e87bad3c948f4d605d)
Start importing Assets/Sprites/Cainos/Third Party/Lucid Editor/Runtime/Attributes/HorizontalGroupAttribute.cs using Guid(987a7c71bec394997b54689b1823597a) Importer(2089858483,b0f066a214c2f5e87bad3c948f4d605d) (ScriptedImporter) -> (artifact id: 'f16eff7fa01f3d113bb9ca386fd52a02') in 0.0144709 seconds
Number of updated asset objects reloaded before import = 0Number of asset objects unloaded after import = 0

========================================================================
Received Import Request.
  Time since last request: 0.000086 seconds.
  path: Assets/Projects/GravityDash/kenney_ui-pack/PNG/Yellow/Double/slide_vertical_color_section.png
  artifactKey: Guid(b5d062415db8a4c7995a0f429cf7813a) Importer(2089858483,b0f066a214c2f5e87bad3c948f4d605d)
Start importing Assets/Projects/GravityDash/kenney_ui-pack/PNG/Yellow/Double/slide_vertical_color_section.png using Guid(b5d062415db8a4c7995a0f429cf7813a) Importer(2089858483,b0f066a214c2f5e87bad3c948f4d605d) (ScriptedImporter) -> (artifact id: 'cf34dcbb9158a0894db18443b2e3473c') in 0.0321285 seconds
Number of updated asset objects reloaded before import = 0Number of asset objects unloaded after import = 3

========================================================================
Received Import Request.
  Time since last request: 0.000023 seconds.
  path: Assets/Projects/GravityDash/kenney_ui-pack/PNG/Red/Double/button_rectangle_depth_gradient.png
  artifactKey: Guid(084a590ba9cd54d13b562c5aa00ad4a5) Importer(2089858483,b0f066a214c2f5e87bad3c948f4d605d)
Start importing Assets/Projects/GravityDash/kenney_ui-pack/PNG/Red/Double/button_rectangle_depth_gradient.png using Guid(084a590ba9cd54d13b562c5aa00ad4a5) Importer(2089858483,b0f066a214c2f5e87bad3c948f4d605d) (ScriptedImporter) -> (artifact id: '637e18225f35662cf7efe3340c0ba067') in 0.0284877 seconds
Number of updated asset objects reloaded before import = 0Number of asset objects unloaded after import = 3

========================================================================
Received Import Request.
  Time since last request: 0.000021 seconds.
  path: Assets/Projects/GravityDash/kenney_ui-pack/PNG/Blue/Double/arrow_decorative_s_small.png
  artifactKey: Guid(4997aa8ddc16c4723a4a1e822fc18d36) Importer(2089858483,b0f066a214c2f5e87bad3c948f4d605d)
Start importing Assets/Projects/GravityDash/kenney_ui-pack/PNG/Blue/Double/arrow_decorative_s_small.png using Guid(4997aa8ddc16c4723a4a1e822fc18d36) Importer(2089858483,b0f066a214c2f5e87bad3c948f4d605d) (ScriptedImporter) -> (artifact id: '4a3f90bfb99734aa1057166ea7974248') in 0.0295944 seconds
Number of updated asset objects reloaded before import = 0Number of asset objects unloaded after import = 3

========================================================================
Received Import Request.
  Time since last request: 0.000023 seconds.
  path: Assets/Projects/GravityDash/kenney_ui-pack/PNG/Yellow/Default/slide_vertical_color_section.png
  artifactKey: Guid(203298ec8a2c34dac803c4105f42698a) Importer(2089858483,b0f066a214c2f5e87bad3c948f4d605d)
Start importing Assets/Projects/GravityDash/kenney_ui-pack/PNG/Yellow/Default/slide_vertical_color_section.png using Guid(203298ec8a2c34dac803c4105f42698a) Importer(2089858483,b0f066a214c2f5e87bad3c948f4d605d) (ScriptedImporter) -> (artifact id: 'f6057c3b041994e2394a4f3e9d04bb39') in 0.0316656 seconds
Number of updated asset objects reloaded before import = 0Number of asset objects unloaded after import = 3

========================================================================
Received Import Request.
  Time since last request: 0.000049 seconds.
  path: Assets/Projects/GravityDash/kenney_new-platformer-pack-1.1/Sprites/Tiles/Default/terrain_stone_horizontal_overhang_left.png
  artifactKey: Guid(d66b088e7bbb6410d8363a09aafc855e) Importer(2089858483,b0f066a214c2f5e87bad3c948f4d605d)
Start importing Assets/Projects/GravityDash/kenney_new-platformer-pack-1.1/Sprites/Tiles/Default/terrain_stone_horizontal_overhang_left.png using Guid(d66b088e7bbb6410d8363a09aafc855e) Importer(2089858483,b0f066a214c2f5e87bad3c948f4d605d) (ScriptedImporter) -> (artifact id: '24d53ec0cff72a8b507318ac14ae5cc7') in 0.0331845 seconds
Number of updated asset objects reloaded before import = 0Number of asset objects unloaded after import = 3

========================================================================
Received Import Request.
  Time since last request: 0.000024 seconds.
  path: Assets/Projects/GravityDash/kenney_ui-pack/PNG/Green/Default/button_round_depth_line.png
  artifactKey: Guid(8993d37890fef44988adb32fe2efee68) Importer(2089858483,b0f066a214c2f5e87bad3c948f4d605d)
Start importing Assets/Projects/GravityDash/kenney_ui-pack/PNG/Green/Default/button_round_depth_line.png using Guid(8993d37890fef44988adb32fe2efee68) Importer(2089858483,b0f066a214c2f5e87bad3c948f4d605d) (ScriptedImporter) -> (artifact id: 'e0c10552bdd79a929992a0d093dd9f30') in 0.032874 seconds
Number of updated asset objects reloaded before import = 0Number of asset objects unloaded after import = 3

========================================================================
Received Import Request.
  Time since last request: 0.000036 seconds.
  path: Assets/Projects/GravityDash/kenney_new-platformer-pack-1.1/Sprites/Tiles/Double/terrain_grass_cloud_background.png
  artifactKey: Guid(d4796afb74d41425fa948e4f395c0c41) Importer(2089858483,b0f066a214c2f5e87bad3c948f4d605d)
Start importing Assets/Projects/GravityDash/kenney_new-platformer-pack-1.1/Sprites/Tiles/Double/terrain_grass_cloud_background.png using Guid(d4796afb74d41425fa948e4f395c0c41) Importer(2089858483,b0f066a214c2f5e87bad3c948f4d605d) (ScriptedImporter) -> (artifact id: '937c4e124da68516b3cf5564065b27be') in 0.0318693 seconds
Number of updated asset objects reloaded before import = 0Number of asset objects unloaded after import = 3

========================================================================
Received Import Request.
  Time since last request: 0.000026 seconds.
  path: Assets/Projects/GravityDash/kenney_ui-pack/PNG/Grey/Double/button_square_depth_gloss.png
  artifactKey: Guid(368680bfce5374c599cfb994e062f693) Importer(2089858483,b0f066a214c2f5e87bad3c948f4d605d)
Start importing Assets/Projects/GravityDash/kenney_ui-pack/PNG/Grey/Double/button_square_depth_gloss.png using Guid(368680bfce5374c599cfb994e062f693) Importer(2089858483,b0f066a214c2f5e87bad3c948f4d605d) (ScriptedImporter) -> (artifact id: 'd97850ff425f9fb50f9d55b82aa602d8') in 0.043375 seconds
Number of updated asset objects reloaded before import = 0Number of asset objects unloaded after import = 3

========================================================================
Received Import Request.
  Time since last request: 0.000036 seconds.
  path: Assets/Projects/GravityDash/kenney_ui-pack/PNG/Grey/Default/icon_square.png
  artifactKey: Guid(5565634738ddc45bfa7f33e4ebf98d16) Importer(2089858483,b0f066a214c2f5e87bad3c948f4d605d)
Start importing Assets/Projects/GravityDash/kenney_ui-pack/PNG/Grey/Default/icon_square.png using Guid(5565634738ddc45bfa7f33e4ebf98d16) Importer(2089858483,b0f066a214c2f5e87bad3c948f4d605d) (ScriptedImporter) -> (artifact id: '88aabf0d8c5be07fb723aa52a8256698') in 0.059782 seconds
Number of updated asset objects reloaded before import = 0Number of asset objects unloaded after import = 3

========================================================================
Received Import Request.
  Time since last request: 0.000031 seconds.
  path: Assets/Projects/GravityDash/kenney_ui-pack/PNG/Blue/Double/icon_square.png
  artifactKey: Guid(d8001e1aaad044329a7e01981a9b64cd) Importer(2089858483,b0f066a214c2f5e87bad3c948f4d605d)
Start importing Assets/Projects/GravityDash/kenney_ui-pack/PNG/Blue/Double/icon_square.png using Guid(d8001e1aaad044329a7e01981a9b64cd) Importer(2089858483,b0f066a214c2f5e87bad3c948f4d605d) (ScriptedImporter) -> (artifact id: 'ff0deddd2af4822e4154c92460800faa') in 0.0536644 seconds
Number of updated asset objects reloaded before import = 0Number of asset objects unloaded after import = 3

========================================================================
Received Import Request.
  Time since last request: 0.000038 seconds.
  path: Assets/Projects/GravityDash/kenney_ui-pack/PNG/Grey/Double/button_square_gloss.png
  artifactKey: Guid(2a0498c456f4a43eba24381bdcc55512) Importer(2089858483,b0f066a214c2f5e87bad3c948f4d605d)
Start importing Assets/Projects/GravityDash/kenney_ui-pack/PNG/Grey/Double/button_square_gloss.png using Guid(2a0498c456f4a43eba24381bdcc55512) Importer(2089858483,b0f066a214c2f5e87bad3c948f4d605d) (ScriptedImporter) -> (artifact id: '103f5d63a90fe7086fdcf4e0136f4f34') in 0.0319632 seconds
Number of updated asset objects reloaded before import = 0Number of asset objects unloaded after import = 3

========================================================================
Received Import Request.
  Time since last request: 0.000032 seconds.
  path: Assets/Sprites/Cainos/Third Party/Lucid Editor/Runtime/Attributes/ButtonAttribute.cs
  artifactKey: Guid(3450506bfd5c940439d2a7f9f1878f92) Importer(2089858483,b0f066a214c2f5e87bad3c948f4d605d)
Start importing Assets/Sprites/Cainos/Third Party/Lucid Editor/Runtime/Attributes/ButtonAttribute.cs using Guid(3450506bfd5c940439d2a7f9f1878f92) Importer(2089858483,b0f066a214c2f5e87bad3c948f4d605d) (ScriptedImporter) -> (artifact id: 'ba170ef816bd4780a39bc09263d8146c') in 0.0197352 seconds
Number of updated asset objects reloaded before import = 0Number of asset objects unloaded after import = 0

========================================================================
Received Import Request.
  Time since last request: 0.000144 seconds.
  path: Assets/Projects/GravityDash/kenney_ui-pack/PNG/Green/Double/check_square_grey_cross.png
  artifactKey: Guid(aa967a8537ea54850843d98959aadde9) Importer(2089858483,b0f066a214c2f5e87bad3c948f4d605d)
Start importing Assets/Projects/GravityDash/kenney_ui-pack/PNG/Green/Double/check_square_grey_cross.png using Guid(aa967a8537ea54850843d98959aadde9) Importer(2089858483,b0f066a214c2f5e87bad3c948f4d605d) (ScriptedImporter) -> (artifact id: '78e04c4fe6f115ed43cd41ba376aa94c') in 0.052542 seconds
Number of updated asset objects reloaded before import = 0Number of asset objects unloaded after import = 3

========================================================================
Received Import Request.
  Time since last request: 0.000033 seconds.
  path: Assets/Projects/MegaSuperChallengeShot/Graphics/Farland Skies/Low Poly/Skyboxes/LowPolySkybox.mat
  artifactKey: Guid(4d0e0ffc7a6c1bf44b435e0b23260f8c) Importer(2089858483,b0f066a214c2f5e87bad3c948f4d605d)
Start importing Assets/Projects/MegaSuperChallengeShot/Graphics/Farland Skies/Low Poly/Skyboxes/LowPolySkybox.mat using Guid(4d0e0ffc7a6c1bf44b435e0b23260f8c) Importer(2089858483,b0f066a214c2f5e87bad3c948f4d605d) (ScriptedImporter) -> (artifact id: 'a6efc60ff811a15139dbc8d9777090a4') in 0.0765624 seconds
Number of updated asset objects reloaded before import = 0Number of asset objects unloaded after import = 5

========================================================================
Received Import Request.
  Time since last request: 0.000037 seconds.
  path: Assets/Projects/GravityDash/kenney_ui-pack/PNG/Red/Default/button_round_gloss.png
  artifactKey: Guid(498c2458ebea44e4084fdff4b78c4536) Importer(2089858483,b0f066a214c2f5e87bad3c948f4d605d)
Start importing Assets/Projects/GravityDash/kenney_ui-pack/PNG/Red/Default/button_round_gloss.png using Guid(498c2458ebea44e4084fdff4b78c4536) Importer(2089858483,b0f066a214c2f5e87bad3c948f4d605d) (ScriptedImporter) -> (artifact id: 'c8c7343f0d234bb9ee3b88e86b4348b8') in 0.0361324 seconds
Number of updated asset objects reloaded before import = 0Number of asset objects unloaded after import = 3

========================================================================
Received Import Request.
  Time since last request: 0.000048 seconds.
  path: Assets/Projects/GravityDash/kenney_new-platformer-pack-1.1/Sprites/Tiles/Double/terrain_purple_ramp_short_b.png
  artifactKey: Guid(96e72ee72c023478ea0da6c1bc90cf3b) Importer(2089858483,b0f066a214c2f5e87bad3c948f4d605d)
Start importing Assets/Projects/GravityDash/kenney_new-platformer-pack-1.1/Sprites/Tiles/Double/terrain_purple_ramp_short_b.png using Guid(96e72ee72c023478ea0da6c1bc90cf3b) Importer(2089858483,b0f066a214c2f5e87bad3c948f4d605d) (ScriptedImporter) -> (artifact id: '67e03661365102cb6256f2f0368cf050') in 0.0330321 seconds
Number of updated asset objects reloaded before import = 0Number of asset objects unloaded after import = 3

========================================================================
Received Import Request.
  Time since last request: 0.000033 seconds.
  path: Assets/Projects/GravityDash/kenney_new-platformer-pack-1.1/Sprites/Tiles/Double/key_yellow.png
  artifactKey: Guid(47debb0434a2141e096e510d5f5df600) Importer(2089858483,b0f066a214c2f5e87bad3c948f4d605d)
Start importing Assets/Projects/GravityDash/kenney_new-platformer-pack-1.1/Sprites/Tiles/Double/key_yellow.png using Guid(47debb0434a2141e096e510d5f5df600) Importer(2089858483,b0f066a214c2f5e87bad3c948f4d605d) (ScriptedImporter) -> (artifact id: '50a5105ee925b3d83e80b877ca3d7d95') in 0.0379215 seconds
Number of updated asset objects reloaded before import = 0Number of asset objects unloaded after import = 3

========================================================================
Received Import Request.
  Time since last request: 0.000027 seconds.
  path: Assets/Projects/GravityDash/kenney_new-platformer-pack-1.1/Sprites/Tiles/Double/block_strong_exclamation_active.png
  artifactKey: Guid(2b6dc87edd83f4e12a1251bc396e780c) Importer(2089858483,b0f066a214c2f5e87bad3c948f4d605d)
Start importing Assets/Projects/GravityDash/kenney_new-platformer-pack-1.1/Sprites/Tiles/Double/block_strong_exclamation_active.png using Guid(2b6dc87edd83f4e12a1251bc396e780c) Importer(2089858483,b0f066a214c2f5e87bad3c948f4d605d) (ScriptedImporter) -> (artifact id: 'd3b411539ba37a38120655e9f27f402f') in 0.0370466 seconds
Number of updated asset objects reloaded before import = 0Number of asset objects unloaded after import = 3

========================================================================
Received Import Request.
  Time since last request: 0.000028 seconds.
  path: Assets/Projects/GravityDash/kenney_ui-pack/PNG/Yellow/Double/check_square_color_square.png
  artifactKey: Guid(a84bb674f243e418489f2b4a61dd69ad) Importer(2089858483,b0f066a214c2f5e87bad3c948f4d605d)
Start importing Assets/Projects/GravityDash/kenney_ui-pack/PNG/Yellow/Double/check_square_color_square.png using Guid(a84bb674f243e418489f2b4a61dd69ad) Importer(2089858483,b0f066a214c2f5e87bad3c948f4d605d) (ScriptedImporter) -> (artifact id: 'c065df5ed6f2f2f0afcaf99c88b5dd44') in 0.0338046 seconds
Number of updated asset objects reloaded before import = 0Number of asset objects unloaded after import = 3

========================================================================
Received Import Request.
  Time since last request: 0.000033 seconds.
  path: Assets/Projects/GravityDash/kenney_new-platformer-pack-1.1/Sprites/Tiles/Default/water.png
  artifactKey: Guid(3148d001e5b2d4f33acb6ab474d8a064) Importer(2089858483,b0f066a214c2f5e87bad3c948f4d605d)
Start importing Assets/Projects/GravityDash/kenney_new-platformer-pack-1.1/Sprites/Tiles/Default/water.png using Guid(3148d001e5b2d4f33acb6ab474d8a064) Importer(2089858483,b0f066a214c2f5e87bad3c948f4d605d) (ScriptedImporter) -> (artifact id: '2cd2db9d0213e15e80887b03d96b0797') in 0.033936 seconds
Number of updated asset objects reloaded before import = 0Number of asset objects unloaded after import = 3

========================================================================
Received Import Request.
  Time since last request: 0.000038 seconds.
  path: Assets/Projects/GravityDash/kenney_ui-pack/PNG/Green/Double/icon_outline_square.png
  artifactKey: Guid(3e897bb1f557043279e4faa43b7863a5) Importer(2089858483,b0f066a214c2f5e87bad3c948f4d605d)
Start importing Assets/Projects/GravityDash/kenney_ui-pack/PNG/Green/Double/icon_outline_square.png using Guid(3e897bb1f557043279e4faa43b7863a5) Importer(2089858483,b0f066a214c2f5e87bad3c948f4d605d) (ScriptedImporter) -> (artifact id: 'ae27c48b9723eb0edc2e3e2fd1564bd8') in 0.0358909 seconds
Number of updated asset objects reloaded before import = 0Number of asset objects unloaded after import = 3

========================================================================
Received Import Request.
  Time since last request: 0.000044 seconds.
  path: Assets/Projects/GravityDash/kenney_new-platformer-pack-1.1/Sprites/Tiles/Double/terrain_stone_block_left.png
  artifactKey: Guid(49a9d013a14e14d8481992a1fd3eb95d) Importer(2089858483,b0f066a214c2f5e87bad3c948f4d605d)
Start importing Assets/Projects/GravityDash/kenney_new-platformer-pack-1.1/Sprites/Tiles/Double/terrain_stone_block_left.png using Guid(49a9d013a14e14d8481992a1fd3eb95d) Importer(2089858483,b0f066a214c2f5e87bad3c948f4d605d) (ScriptedImporter) -> (artifact id: 'b721079278f1a6922a377edd9b059adf') in 0.0329547 seconds
Number of updated asset objects reloaded before import = 0Number of asset objects unloaded after import = 3

========================================================================
Received Import Request.
  Time since last request: 0.000029 seconds.
  path: Assets/Projects/GravityDash/kenney_ui-pack/PNG/Green/Default/button_round_gradient.png
  artifactKey: Guid(388204721ee0c409d9b1718f8c244a45) Importer(2089858483,b0f066a214c2f5e87bad3c948f4d605d)
Start importing Assets/Projects/GravityDash/kenney_ui-pack/PNG/Green/Default/button_round_gradient.png using Guid(388204721ee0c409d9b1718f8c244a45) Importer(2089858483,b0f066a214c2f5e87bad3c948f4d605d) (ScriptedImporter) -> (artifact id: 'a868db2087aa13bcf17a54e574343275') in 0.0316732 seconds
Number of updated asset objects reloaded before import = 0Number of asset objects unloaded after import = 3

========================================================================
Received Import Request.
  Time since last request: 0.000033 seconds.
  path: Assets/Projects/GravityDash/kenney_ui-pack/PNG/Green/Default/slide_hangle.png
  artifactKey: Guid(7cb64283f63f748359726695b97c5eb5) Importer(2089858483,b0f066a214c2f5e87bad3c948f4d605d)
Start importing Assets/Projects/GravityDash/kenney_ui-pack/PNG/Green/Default/slide_hangle.png using Guid(7cb64283f63f748359726695b97c5eb5) Importer(2089858483,b0f066a214c2f5e87bad3c948f4d605d) (ScriptedImporter) -> (artifact id: '2705a550a04e1d2bfa667059cde2251a') in 0.0315913 seconds
Number of updated asset objects reloaded before import = 0Number of asset objects unloaded after import = 3

========================================================================
Received Import Request.
  Time since last request: 0.000023 seconds.
  path: Assets/Projects/GravityDash/kenney_ui-pack/PNG/Blue/Double/button_rectangle_gloss.png
  artifactKey: Guid(f35ecf76b6e8e46d495e6c8c37f012b6) Importer(2089858483,b0f066a214c2f5e87bad3c948f4d605d)
Start importing Assets/Projects/GravityDash/kenney_ui-pack/PNG/Blue/Double/button_rectangle_gloss.png using Guid(f35ecf76b6e8e46d495e6c8c37f012b6) Importer(2089858483,b0f066a214c2f5e87bad3c948f4d605d) (ScriptedImporter) -> (artifact id: '115ee34eb49a60d68d219637372231a7') in 0.0328712 seconds
Number of updated asset objects reloaded before import = 0Number of asset objects unloaded after import = 3

========================================================================
Received Import Request.
  Time since last request: 0.000022 seconds.
  path: Assets/Projects/GravityDash/kenney_ui-pack/PNG/Extra/Double/input_rectangle.png
  artifactKey: Guid(cdb4307678c264c09aaf2a8c7de05b60) Importer(2089858483,b0f066a214c2f5e87bad3c948f4d605d)
Start importing Assets/Projects/GravityDash/kenney_ui-pack/PNG/Extra/Double/input_rectangle.png using Guid(cdb4307678c264c09aaf2a8c7de05b60) Importer(2089858483,b0f066a214c2f5e87bad3c948f4d605d) (ScriptedImporter) -> (artifact id: 'dff68e9ec4c1627869dc7acc821f9f77') in 0.0338125 seconds
Number of updated asset objects reloaded before import = 0Number of asset objects unloaded after import = 3

========================================================================
Received Import Request.
  Time since last request: 0.000035 seconds.
  path: Assets/Projects/GravityDash/kenney_ui-pack/PNG/Grey/Double/slide_horizontal_color_section_wide.png
  artifactKey: Guid(09916e54ac20d4a3097f1ed7173e7e10) Importer(2089858483,b0f066a214c2f5e87bad3c948f4d605d)
Start importing Assets/Projects/GravityDash/kenney_ui-pack/PNG/Grey/Double/slide_horizontal_color_section_wide.png using Guid(09916e54ac20d4a3097f1ed7173e7e10) Importer(2089858483,b0f066a214c2f5e87bad3c948f4d605d) (ScriptedImporter) -> (artifact id: '0c6b6d62c23a632b33d28c3fa38fd50c') in 0.0312121 seconds
Number of updated asset objects reloaded before import = 0Number of asset objects unloaded after import = 3

========================================================================
Received Import Request.
  Time since last request: 0.000043 seconds.
  path: Assets/Projects/GravityDash/kenney_ui-pack/PNG/Grey/Double/button_square_depth_line.png
  artifactKey: Guid(4a39ae72ee1cd4b23ad324bb08f8208d) Importer(2089858483,b0f066a214c2f5e87bad3c948f4d605d)
Start importing Assets/Projects/GravityDash/kenney_ui-pack/PNG/Grey/Double/button_square_depth_line.png using Guid(4a39ae72ee1cd4b23ad324bb08f8208d) Importer(2089858483,b0f066a214c2f5e87bad3c948f4d605d) (ScriptedImporter) -> (artifact id: 'bb4a3c26aeec93fd6cbcfb9e30b12aa8') in 0.0258919 seconds
Number of updated asset objects reloaded before import = 0Number of asset objects unloaded after import = 3

========================================================================
Received Import Request.
  Time since last request: 0.000029 seconds.
  path: Assets/Projects/GravityDash/kenney_ui-pack/PNG/Red/Double/button_square_line.png
  artifactKey: Guid(2e0b14b9e4e3044f59f5cc2f25e2bada) Importer(2089858483,b0f066a214c2f5e87bad3c948f4d605d)
Start importing Assets/Projects/GravityDash/kenney_ui-pack/PNG/Red/Double/button_square_line.png using Guid(2e0b14b9e4e3044f59f5cc2f25e2bada) Importer(2089858483,b0f066a214c2f5e87bad3c948f4d605d) (ScriptedImporter) -> (artifact id: 'c1f74bd56309d4ada71d6693c99d9483') in 0.0320988 seconds
Number of updated asset objects reloaded before import = 0Number of asset objects unloaded after import = 3

========================================================================
Received Import Request.
  Time since last request: 0.000032 seconds.
  path: Assets/Projects/GravityDash/kenney_ui-pack/PNG/Grey/Default/button_square_gloss.png
  artifactKey: Guid(faad21b54cd3a46328cbb7275ff25084) Importer(2089858483,b0f066a214c2f5e87bad3c948f4d605d)
Start importing Assets/Projects/GravityDash/kenney_ui-pack/PNG/Grey/Default/button_square_gloss.png using Guid(faad21b54cd3a46328cbb7275ff25084) Importer(2089858483,b0f066a214c2f5e87bad3c948f4d605d) (ScriptedImporter) -> (artifact id: 'fd961f47ec0c319cb3a13ab0340b7d43') in 0.0308705 seconds
Number of updated asset objects reloaded before import = 0Number of asset objects unloaded after import = 3

========================================================================
Received Import Request.
  Time since last request: 0.000045 seconds.
  path: Assets/Projects/GravityDash/kenney_ui-pack/PNG/Red/Default/button_square_depth_border.png
  artifactKey: Guid(1940dbd90010e48e5bcaee9cf4bb5cfc) Importer(2089858483,b0f066a214c2f5e87bad3c948f4d605d)
Start importing Assets/Projects/GravityDash/kenney_ui-pack/PNG/Red/Default/button_square_depth_border.png using Guid(1940dbd90010e48e5bcaee9cf4bb5cfc) Importer(2089858483,b0f066a214c2f5e87bad3c948f4d605d) (ScriptedImporter) -> (artifact id: '1bb18a676bf8a4520203d9e8c2c6ef29') in 0.0261381 seconds
Number of updated asset objects reloaded before import = 0Number of asset objects unloaded after import = 3

========================================================================
Received Import Request.
  Time since last request: 0.000022 seconds.
  path: Assets/Projects/GravityDash/kenney_ui-pack/PNG/Green/Double/button_rectangle_depth_gradient.png
  artifactKey: Guid(b828387bce6224e7bba93bf299c554fc) Importer(2089858483,b0f066a214c2f5e87bad3c948f4d605d)
Start importing Assets/Projects/GravityDash/kenney_ui-pack/PNG/Green/Double/button_rectangle_depth_gradient.png using Guid(b828387bce6224e7bba93bf299c554fc) Importer(2089858483,b0f066a214c2f5e87bad3c948f4d605d) (ScriptedImporter) -> (artifact id: '547c6eea21fe94b83c3228fe0035a6f6') in 0.028763 seconds
Number of updated asset objects reloaded before import = 0Number of asset objects unloaded after import = 3

========================================================================
Received Import Request.
  Time since last request: 0.000025 seconds.
  path: Assets/Projects/GravityDash/kenney_new-platformer-pack-1.1/Sprites/Tiles/Double/terrain_sand_block_top_left.png
  artifactKey: Guid(b9c863ae994f941e3a61df4d46a444e3) Importer(2089858483,b0f066a214c2f5e87bad3c948f4d605d)
Start importing Assets/Projects/GravityDash/kenney_new-platformer-pack-1.1/Sprites/Tiles/Double/terrain_sand_block_top_left.png using Guid(b9c863ae994f941e3a61df4d46a444e3) Importer(2089858483,b0f066a214c2f5e87bad3c948f4d605d) (ScriptedImporter) -> (artifact id: '3fe39d9a31fdf8643124753da89ad611') in 0.0300386 seconds
Number of updated asset objects reloaded before import = 0Number of asset objects unloaded after import = 3

========================================================================
Received Import Request.
  Time since last request: 0.000027 seconds.
  path: Assets/Projects/GravityDash/kenney_ui-pack/PNG/Grey/Default/check_round_color.png
  artifactKey: Guid(be051f25a7cb646679a3bca244103d2f) Importer(2089858483,b0f066a214c2f5e87bad3c948f4d605d)
Start importing Assets/Projects/GravityDash/kenney_ui-pack/PNG/Grey/Default/check_round_color.png using Guid(be051f25a7cb646679a3bca244103d2f) Importer(2089858483,b0f066a214c2f5e87bad3c948f4d605d) (ScriptedImporter) -> (artifact id: '0e325f47022510c797e516e52c2c0393') in 0.0281546 seconds
Number of updated asset objects reloaded before import = 0Number of asset objects unloaded after import = 3

========================================================================
Received Import Request.
  Time since last request: 0.000032 seconds.
  path: Assets/Projects/GravityDash/kenney_ui-pack/PNG/Yellow/Default/button_square_border.png
  artifactKey: Guid(58803b2d189944e058e1be8a5349a20e) Importer(2089858483,b0f066a214c2f5e87bad3c948f4d605d)
Start importing Assets/Projects/GravityDash/kenney_ui-pack/PNG/Yellow/Default/button_square_border.png using Guid(58803b2d189944e058e1be8a5349a20e) Importer(2089858483,b0f066a214c2f5e87bad3c948f4d605d) (ScriptedImporter) -> (artifact id: 'dc09dc11051b550784014399af3c2a0c') in 0.0285174 seconds
Number of updated asset objects reloaded before import = 0Number of asset objects unloaded after import = 3

========================================================================
Received Import Request.
  Time since last request: 0.000026 seconds.
  path: Assets/Projects/GravityDash/kenney_ui-pack/PNG/Green/Default/icon_circle.png
  artifactKey: Guid(57ec7c3c57a9a4ce59bd185794aa9537) Importer(2089858483,b0f066a214c2f5e87bad3c948f4d605d)
Start importing Assets/Projects/GravityDash/kenney_ui-pack/PNG/Green/Default/icon_circle.png using Guid(57ec7c3c57a9a4ce59bd185794aa9537) Importer(2089858483,b0f066a214c2f5e87bad3c948f4d605d) (ScriptedImporter) -> (artifact id: '4604c0786ab5895348c477e45e152670') in 0.0428982 seconds
Number of updated asset objects reloaded before import = 0Number of asset objects unloaded after import = 3

========================================================================
Received Import Request.
  Time since last request: 0.000021 seconds.
  path: Assets/Projects/GravityDash/kenney_ui-pack/PNG/Green/Default/slide_vertical_color_section.png
  artifactKey: Guid(f2ea286cb776048a0b0e4ca54ac074f3) Importer(2089858483,b0f066a214c2f5e87bad3c948f4d605d)
Start importing Assets/Projects/GravityDash/kenney_ui-pack/PNG/Green/Default/slide_vertical_color_section.png using Guid(f2ea286cb776048a0b0e4ca54ac074f3) Importer(2089858483,b0f066a214c2f5e87bad3c948f4d605d) (ScriptedImporter) -> (artifact id: 'fa7cf12f400a4d52adb2a324e34bf5de') in 0.0418941 seconds
Number of updated asset objects reloaded before import = 0Number of asset objects unloaded after import = 3

========================================================================
Received Import Request.
  Time since last request: 0.000029 seconds.
  path: Assets/Projects/GravityDash/kenney_ui-pack/PNG/Extra/Default/icon_repeat_light.png
  artifactKey: Guid(8e32ae6bf347c439cbb7299b9dbf6ea7) Importer(2089858483,b0f066a214c2f5e87bad3c948f4d605d)
Start importing Assets/Projects/GravityDash/kenney_ui-pack/PNG/Extra/Default/icon_repeat_light.png using Guid(8e32ae6bf347c439cbb7299b9dbf6ea7) Importer(2089858483,b0f066a214c2f5e87bad3c948f4d605d) (ScriptedImporter) -> (artifact id: 'dfcff2115cb2a4b015981df084f2b50f') in 0.0358819 seconds
Number of updated asset objects reloaded before import = 0Number of asset objects unloaded after import = 3

========================================================================
Received Import Request.
  Time since last request: 0.000058 seconds.
  path: Assets/Projects/GravityDash/kenney_new-platformer-pack-1.1/Sprites/Tiles/Double/terrain_sand_ramp_long_a.png
  artifactKey: Guid(bbfd1c673c9ac446282da104ee403316) Importer(2089858483,b0f066a214c2f5e87bad3c948f4d605d)
Start importing Assets/Projects/GravityDash/kenney_new-platformer-pack-1.1/Sprites/Tiles/Double/terrain_sand_ramp_long_a.png using Guid(bbfd1c673c9ac446282da104ee403316) Importer(2089858483,b0f066a214c2f5e87bad3c948f4d605d) (ScriptedImporter) -> (artifact id: '72c58b2ed063d8c7ceb410f88969c47e') in 0.0447607 seconds
Number of updated asset objects reloaded before import = 0Number of asset objects unloaded after import = 3

========================================================================
Received Import Request.
  Time since last request: 0.000024 seconds.
  path: Assets/Projects/GravityDash/kenney_ui-pack/PNG/Red/Default/button_rectangle_line.png
  artifactKey: Guid(fb8898934de944dbca9cd678821c3c45) Importer(2089858483,b0f066a214c2f5e87bad3c948f4d605d)
Start importing Assets/Projects/GravityDash/kenney_ui-pack/PNG/Red/Default/button_rectangle_line.png using Guid(fb8898934de944dbca9cd678821c3c45) Importer(2089858483,b0f066a214c2f5e87bad3c948f4d605d) (ScriptedImporter) -> (artifact id: '27695b20c683620f2603301765ff3167') in 0.0368568 seconds
Number of updated asset objects reloaded before import = 0Number of asset objects unloaded after import = 3

========================================================================
Received Import Request.
  Time since last request: 0.000045 seconds.
  path: Assets/Projects/GravityDash/kenney_ui-pack/PNG/Red/Double/button_square_depth_gradient.png
  artifactKey: Guid(ad38e6ed531244a018b7d246aa6ec8e4) Importer(2089858483,b0f066a214c2f5e87bad3c948f4d605d)
Start importing Assets/Projects/GravityDash/kenney_ui-pack/PNG/Red/Double/button_square_depth_gradient.png using Guid(ad38e6ed531244a018b7d246aa6ec8e4) Importer(2089858483,b0f066a214c2f5e87bad3c948f4d605d) (ScriptedImporter) -> (artifact id: '87b699b593b364a461505d2a8768c86b') in 0.0293146 seconds
Number of updated asset objects reloaded before import = 0Number of asset objects unloaded after import = 3

========================================================================
Received Prepare
WARNING: Shader Unsupported: 'Hidden/Universal Render Pipeline/Terrain/Lit (Base Pass)' - All subshaders removed
WARNING: Shader Did you use #pragma only_renderers and omit this platform?
WARNING: Shader If subshaders removal was intentional, you may have forgotten turning Fallback off?
WARNING: Shader Unsupported: 'Hidden/Universal Render Pipeline/Terrain/Lit (Base Pass)' - All subshaders removed
WARNING: Shader Did you use #pragma only_renderers and omit this platform?
WARNING: Shader If subshaders removal was intentional, you may have forgotten turning Fallback off?
WARNING: Shader Unsupported: 'Universal Render Pipeline/Terrain/Lit' - All subshaders removed
WARNING: Shader Did you use #pragma only_renderers and omit this platform?
WARNING: Shader If subshaders removal was intentional, you may have forgotten turning Fallback off?
WARNING: Shader Unsupported: 'Universal Render Pipeline/Terrain/Lit' - All subshaders removed
WARNING: Shader Did you use #pragma only_renderers and omit this platform?
WARNING: Shader If subshaders removal was intentional, you may have forgotten turning Fallback off?
Refreshing native plugins compatible for Editor in 3.45 ms, found 4 plugins.
Preloading 0 native plugins for Editor in 0.00 ms.
Unloading 45 Unused Serialized files (Serialized files now loaded: 0)
Unloading 8126 unused Assets / (6.5 MB). Loaded Objects now: 8790.
Memory consumption went from 160.4 MB to 153.8 MB.
Total: 30.185800 ms (FindLiveObjects: 0.746700 ms CreateObjectMapping: 0.794100 ms MarkObjects: 25.781100 ms  DeleteObjects: 2.862200 ms)

Prepare: number of updated asset objects reloaded= 0
Editor requested this worker to shutdown with reason: Scaling down because of idle timeout
AssetImportWorker is now disconnected from the server
Process exiting
Exiting without the bug reporter. Application will terminate with return code 0